ISO-10303-21;
HEADER;
FILE_DESCRIPTION(('FreeCAD Model'),'2;1');
FILE_NAME('Open CASCADE Shape Model','2026-05-28T01:09:26',('Author'),(
    ''),'Open CASCADE STEP processor 7.8','FreeCAD','Unknown');
FILE_SCHEMA(('AUTOMOTIVE_DESIGN { 1 0 10303 214 1 1 1 1 }'));
ENDSEC;
DATA;
#1 = APPLICATION_PROTOCOL_DEFINITION('international standard',
  'automotive_design',2000,#2);
#2 = APPLICATION_CONTEXT(
  'core data for automotive mechanical design processes');
#3 = SHAPE_DEFINITION_REPRESENTATION(#4,#10);
#4 = PRODUCT_DEFINITION_SHAPE('','',#5);
#5 = PRODUCT_DEFINITION('design','',#6,#9);
#6 = PRODUCT_DEFINITION_FORMATION('','',#7);
#7 = PRODUCT('cycloidalDisk2','cycloidalDisk2','',(#8));
#8 = PRODUCT_CONTEXT('',#2,'mechanical');
#9 = PRODUCT_DEFINITION_CONTEXT('part definition',#2,'design');
#10 = ADVANCED_BREP_SHAPE_REPRESENTATION('',(#11,#15),#1755);
#11 = AXIS2_PLACEMENT_3D('',#12,#13,#14);
#12 = CARTESIAN_POINT('',(0.,0.,0.));
#13 = DIRECTION('',(0.,0.,1.));
#14 = DIRECTION('',(1.,0.,-0.));
#15 = MANIFOLD_SOLID_BREP('',#16);
#16 = CLOSED_SHELL('',(#17,#185,#344,#503,#662,#821,#980,#1139,#1298,
    #1448,#1481,#1514,#1547,#1580,#1613,#1646,#1679,#1717));
#17 = ADVANCED_FACE('',(#18),#136,.F.);
#18 = FACE_BOUND('',#19,.F.);
#19 = EDGE_LOOP('',(#20,#30,#80,#88));
#20 = ORIENTED_EDGE('',*,*,#21,.T.);
#21 = EDGE_CURVE('',#22,#24,#26,.T.);
#22 = VERTEX_POINT('',#23);
#23 = CARTESIAN_POINT('',(26.496853284026,23.911699080339,0.));
#24 = VERTEX_POINT('',#25);
#25 = CARTESIAN_POINT('',(26.496853284026,23.911699080339,5.));
#26 = LINE('',#27,#28);
#27 = CARTESIAN_POINT('',(26.496853284026,23.911699080339,0.));
#28 = VECTOR('',#29,1.);
#29 = DIRECTION('',(0.,0.,1.));
#30 = ORIENTED_EDGE('',*,*,#31,.T.);
#31 = EDGE_CURVE('',#24,#32,#34,.T.);
#32 = VERTEX_POINT('',#33);
#33 = CARTESIAN_POINT('',(4.45971220921,36.634848412054,5.));
#34 = B_SPLINE_CURVE_WITH_KNOTS('',3,(#35,#36,#37,#38,#39,#40,#41,#42,
    #43,#44,#45,#46,#47,#48,#49,#50,#51,#52,#53,#54,#55,#56,#57,#58,#59,
    #60,#61,#62,#63,#64,#65,#66,#67,#68,#69,#70,#71,#72,#73,#74,#75,#76,
    #77,#78,#79),.UNSPECIFIED.,.F.,.F.,(4,1,1,1,1,1,1,1,1,1,1,1,1,1,1,1,
    1,1,1,1,1,1,1,1,1,1,1,1,1,1,1,1,1,1,1,1,1,1,1,1,1,1,4),(0.,
    0.682243031795,1.36073038675,2.031787479255,2.691905531904,
    3.33783397807,3.966685540456,4.554451155201,5.144017040623,
    5.71133018399,6.256551195988,6.781263747608,7.28892317091,
    7.785457048834,8.280047766171,8.78607405982,9.322008260957,
    9.911580910146,10.629001082897,11.399049790332,12.272210591893,
    13.213322186779,14.154433781664,15.027594583225,15.79764329066,
    16.515063463411,17.1046361126,17.640570313737,18.146596607386,
    18.641187324723,19.137721202647,19.645380625949,20.170093177569,
    20.715314189567,21.282627332934,21.872193218356,22.459958833101,
    23.088810395487,23.734738841653,24.394856894302,25.065913986807,
    25.744401341762,26.426644373557),.UNSPECIFIED.);
#35 = CARTESIAN_POINT('',(26.496853284026,23.911699080339,5.));
#36 = CARTESIAN_POINT('',(26.350655708819,24.085947085771,5.));
#37 = CARTESIAN_POINT('',(26.047500889271,24.423811255105,5.));
#38 = CARTESIAN_POINT('',(25.562191437416,24.896821612514,5.));
#39 = CARTESIAN_POINT('',(25.052990994615,25.333116010068,5.));
#40 = CARTESIAN_POINT('',(24.522689622112,25.724526513429,5.));
#41 = CARTESIAN_POINT('',(23.988713928765,26.088329649665,5.));
#42 = CARTESIAN_POINT('',(23.42315564219,26.352234308423,5.));
#43 = CARTESIAN_POINT('',(22.967000128698,26.760398407957,5.));
#44 = CARTESIAN_POINT('',(22.407273903469,26.945773058036,5.));
#45 = CARTESIAN_POINT('',(21.877268567492,27.143131691606,5.));
#46 = CARTESIAN_POINT('',(21.351624134021,27.293399348737,5.));
#47 = CARTESIAN_POINT('',(20.840302242111,27.416129945724,5.));
#48 = CARTESIAN_POINT('',(20.339631821233,27.512362511843,5.));
#49 = CARTESIAN_POINT('',(19.845831997255,27.588748988689,5.));
#50 = CARTESIAN_POINT('',(19.350562235333,27.650374765712,5.));
#51 = CARTESIAN_POINT('',(18.841535962981,27.707269221539,5.));
#52 = CARTESIAN_POINT('',(18.299955459839,27.757324830866,5.));
#53 = CARTESIAN_POINT('',(17.693676627276,27.865519717887,5.));
#54 = CARTESIAN_POINT('',(16.994204144048,27.825476952973,5.));
#55 = CARTESIAN_POINT('',(16.232852385665,28.055627448947,5.));
#56 = CARTESIAN_POINT('',(15.415488360301,28.323613089035,5.));
#57 = CARTESIAN_POINT('',(14.590478085502,28.735550965948,5.));
#58 = CARTESIAN_POINT('',(13.821224281915,29.24406188385,5.));
#59 = CARTESIAN_POINT('',(13.180459897067,29.817927073911,5.));
#60 = CARTESIAN_POINT('',(12.600467841669,30.362201789899,5.));
#61 = CARTESIAN_POINT('',(12.285409651708,30.98798411208,5.));
#62 = CARTESIAN_POINT('',(11.888570714707,31.458939539346,5.));
#63 = CARTESIAN_POINT('',(11.574431033857,31.902934208598,5.));
#64 = CARTESIAN_POINT('',(11.2706458536,32.315316663735,5.));
#65 = CARTESIAN_POINT('',(10.969641484209,32.713419970775,5.));
#66 = CARTESIAN_POINT('',(10.656588942766,33.102869924301,5.));
#67 = CARTESIAN_POINT('',(10.322913885397,33.488346944645,5.));
#68 = CARTESIAN_POINT('',(9.96096512463,33.869799394057,5.));
#69 = CARTESIAN_POINT('',(9.568007299451,34.249886998235,5.));
#70 = CARTESIAN_POINT('',(9.132087041135,34.610205766547,5.));
#71 = CARTESIAN_POINT('',(8.691684772335,35.002255571721,5.));
#72 = CARTESIAN_POINT('',(8.110126536479,35.193215784713,5.));
#73 = CARTESIAN_POINT('',(7.59879925453,35.551051298829,5.));
#74 = CARTESIAN_POINT('',(7.0167486499,35.831586246153,5.));
#75 = CARTESIAN_POINT('',(6.41262652443,36.095135454722,5.));
#76 = CARTESIAN_POINT('',(5.780184271218,36.317968775029,5.));
#77 = CARTESIAN_POINT('',(5.127890559522,36.501753910328,5.));
#78 = CARTESIAN_POINT('',(4.683714196076,36.595361600669,5.));
#79 = CARTESIAN_POINT('',(4.45971220921,36.634848412054,5.));
#80 = ORIENTED_EDGE('',*,*,#81,.F.);
#81 = EDGE_CURVE('',#82,#32,#84,.T.);
#82 = VERTEX_POINT('',#83);
#83 = CARTESIAN_POINT('',(4.45971220921,36.634848412054,0.));
#84 = LINE('',#85,#86);
#85 = CARTESIAN_POINT('',(4.45971220921,36.634848412054,0.));
#86 = VECTOR('',#87,1.);
#87 = DIRECTION('',(0.,0.,1.));
#88 = ORIENTED_EDGE('',*,*,#89,.F.);
#89 = EDGE_CURVE('',#22,#82,#90,.T.);
#90 = B_SPLINE_CURVE_WITH_KNOTS('',3,(#91,#92,#93,#94,#95,#96,#97,#98,
    #99,#100,#101,#102,#103,#104,#105,#106,#107,#108,#109,#110,#111,#112
    ,#113,#114,#115,#116,#117,#118,#119,#120,#121,#122,#123,#124,#125,
    #126,#127,#128,#129,#130,#131,#132,#133,#134,#135),.UNSPECIFIED.,.F.
  ,.F.,(4,1,1,1,1,1,1,1,1,1,1,1,1,1,1,1,1,1,1,1,1,1,1,1,1,1,1,1,1,1,1,1,
    1,1,1,1,1,1,1,1,1,1,4),(0.,0.682243031795,1.36073038675,
    2.031787479255,2.691905531904,3.33783397807,3.966685540456,
    4.554451155201,5.144017040623,5.71133018399,6.256551195988,
    6.781263747608,7.28892317091,7.785457048834,8.280047766171,
    8.78607405982,9.322008260957,9.911580910146,10.629001082897,
    11.399049790332,12.272210591893,13.213322186779,14.154433781664,
    15.027594583225,15.79764329066,16.515063463411,17.1046361126,
    17.640570313737,18.146596607386,18.641187324723,19.137721202647,
    19.645380625949,20.170093177569,20.715314189567,21.282627332934,
    21.872193218356,22.459958833101,23.088810395487,23.734738841653,
    24.394856894302,25.065913986807,25.744401341762,26.426644373557),
  .UNSPECIFIED.);
#91 = CARTESIAN_POINT('',(26.496853284026,23.911699080339,0.));
#92 = CARTESIAN_POINT('',(26.350655708819,24.085947085771,0.));
#93 = CARTESIAN_POINT('',(26.047500889271,24.423811255105,0.));
#94 = CARTESIAN_POINT('',(25.562191437416,24.896821612514,0.));
#95 = CARTESIAN_POINT('',(25.052990994615,25.333116010068,0.));
#96 = CARTESIAN_POINT('',(24.522689622112,25.724526513429,0.));
#97 = CARTESIAN_POINT('',(23.988713928765,26.088329649665,0.));
#98 = CARTESIAN_POINT('',(23.42315564219,26.352234308423,0.));
#99 = CARTESIAN_POINT('',(22.967000128698,26.760398407957,0.));
#100 = CARTESIAN_POINT('',(22.407273903469,26.945773058036,0.));
#101 = CARTESIAN_POINT('',(21.877268567492,27.143131691606,0.));
#102 = CARTESIAN_POINT('',(21.351624134021,27.293399348737,0.));
#103 = CARTESIAN_POINT('',(20.840302242111,27.416129945724,0.));
#104 = CARTESIAN_POINT('',(20.339631821233,27.512362511843,0.));
#105 = CARTESIAN_POINT('',(19.845831997255,27.588748988689,0.));
#106 = CARTESIAN_POINT('',(19.350562235333,27.650374765712,0.));
#107 = CARTESIAN_POINT('',(18.841535962981,27.707269221539,0.));
#108 = CARTESIAN_POINT('',(18.299955459839,27.757324830866,0.));
#109 = CARTESIAN_POINT('',(17.693676627276,27.865519717887,0.));
#110 = CARTESIAN_POINT('',(16.994204144048,27.825476952973,0.));
#111 = CARTESIAN_POINT('',(16.232852385665,28.055627448947,0.));
#112 = CARTESIAN_POINT('',(15.415488360301,28.323613089035,0.));
#113 = CARTESIAN_POINT('',(14.590478085502,28.735550965948,0.));
#114 = CARTESIAN_POINT('',(13.821224281915,29.24406188385,0.));
#115 = CARTESIAN_POINT('',(13.180459897067,29.817927073911,0.));
#116 = CARTESIAN_POINT('',(12.600467841669,30.362201789899,0.));
#117 = CARTESIAN_POINT('',(12.285409651708,30.98798411208,0.));
#118 = CARTESIAN_POINT('',(11.888570714707,31.458939539346,0.));
#119 = CARTESIAN_POINT('',(11.574431033857,31.902934208598,0.));
#120 = CARTESIAN_POINT('',(11.2706458536,32.315316663735,0.));
#121 = CARTESIAN_POINT('',(10.969641484209,32.713419970775,0.));
#122 = CARTESIAN_POINT('',(10.656588942766,33.102869924301,0.));
#123 = CARTESIAN_POINT('',(10.322913885397,33.488346944645,0.));
#124 = CARTESIAN_POINT('',(9.96096512463,33.869799394057,0.));
#125 = CARTESIAN_POINT('',(9.568007299451,34.249886998235,0.));
#126 = CARTESIAN_POINT('',(9.132087041135,34.610205766547,0.));
#127 = CARTESIAN_POINT('',(8.691684772335,35.002255571721,0.));
#128 = CARTESIAN_POINT('',(8.110126536479,35.193215784713,0.));
#129 = CARTESIAN_POINT('',(7.59879925453,35.551051298829,0.));
#130 = CARTESIAN_POINT('',(7.0167486499,35.831586246153,0.));
#131 = CARTESIAN_POINT('',(6.41262652443,36.095135454722,0.));
#132 = CARTESIAN_POINT('',(5.780184271218,36.317968775029,0.));
#133 = CARTESIAN_POINT('',(5.127890559522,36.501753910328,0.));
#134 = CARTESIAN_POINT('',(4.683714196076,36.595361600669,0.));
#135 = CARTESIAN_POINT('',(4.45971220921,36.634848412054,0.));
#136 = SURFACE_OF_LINEAR_EXTRUSION('',#137,#183);
#137 = B_SPLINE_CURVE_WITH_KNOTS('',3,(#138,#139,#140,#141,#142,#143,
    #144,#145,#146,#147,#148,#149,#150,#151,#152,#153,#154,#155,#156,
    #157,#158,#159,#160,#161,#162,#163,#164,#165,#166,#167,#168,#169,
    #170,#171,#172,#173,#174,#175,#176,#177,#178,#179,#180,#181,#182),
  .UNSPECIFIED.,.F.,.F.,(4,1,1,1,1,1,1,1,1,1,1,1,1,1,1,1,1,1,1,1,1,1,1,1
    ,1,1,1,1,1,1,1,1,1,1,1,1,1,1,1,1,1,1,4),(0.,0.682243031795,
    1.36073038675,2.031787479255,2.691905531904,3.33783397807,
    3.966685540456,4.554451155201,5.144017040623,5.71133018399,
    6.256551195988,6.781263747608,7.28892317091,7.785457048834,
    8.280047766171,8.78607405982,9.322008260957,9.911580910146,
    10.629001082897,11.399049790332,12.272210591893,13.213322186779,
    14.154433781664,15.027594583225,15.79764329066,16.515063463411,
    17.1046361126,17.640570313737,18.146596607386,18.641187324723,
    19.137721202647,19.645380625949,20.170093177569,20.715314189567,
    21.282627332934,21.872193218356,22.459958833101,23.088810395487,
    23.734738841653,24.394856894302,25.065913986807,25.744401341762,
    26.426644373557),.UNSPECIFIED.);
#138 = CARTESIAN_POINT('',(26.496853284026,23.911699080339,0.));
#139 = CARTESIAN_POINT('',(26.350655708819,24.085947085771,0.));
#140 = CARTESIAN_POINT('',(26.047500889271,24.423811255105,0.));
#141 = CARTESIAN_POINT('',(25.562191437416,24.896821612514,0.));
#142 = CARTESIAN_POINT('',(25.052990994615,25.333116010068,0.));
#143 = CARTESIAN_POINT('',(24.522689622112,25.724526513429,0.));
#144 = CARTESIAN_POINT('',(23.988713928765,26.088329649665,0.));
#145 = CARTESIAN_POINT('',(23.42315564219,26.352234308423,0.));
#146 = CARTESIAN_POINT('',(22.967000128698,26.760398407957,0.));
#147 = CARTESIAN_POINT('',(22.407273903469,26.945773058036,0.));
#148 = CARTESIAN_POINT('',(21.877268567492,27.143131691606,0.));
#149 = CARTESIAN_POINT('',(21.351624134021,27.293399348737,0.));
#150 = CARTESIAN_POINT('',(20.840302242111,27.416129945724,0.));
#151 = CARTESIAN_POINT('',(20.339631821233,27.512362511843,0.));
#152 = CARTESIAN_POINT('',(19.845831997255,27.588748988689,0.));
#153 = CARTESIAN_POINT('',(19.350562235333,27.650374765712,0.));
#154 = CARTESIAN_POINT('',(18.841535962981,27.707269221539,0.));
#155 = CARTESIAN_POINT('',(18.299955459839,27.757324830866,0.));
#156 = CARTESIAN_POINT('',(17.693676627276,27.865519717887,0.));
#157 = CARTESIAN_POINT('',(16.994204144048,27.825476952973,0.));
#158 = CARTESIAN_POINT('',(16.232852385665,28.055627448947,0.));
#159 = CARTESIAN_POINT('',(15.415488360301,28.323613089035,0.));
#160 = CARTESIAN_POINT('',(14.590478085502,28.735550965948,0.));
#161 = CARTESIAN_POINT('',(13.821224281915,29.24406188385,0.));
#162 = CARTESIAN_POINT('',(13.180459897067,29.817927073911,0.));
#163 = CARTESIAN_POINT('',(12.600467841669,30.362201789899,0.));
#164 = CARTESIAN_POINT('',(12.285409651708,30.98798411208,0.));
#165 = CARTESIAN_POINT('',(11.888570714707,31.458939539346,0.));
#166 = CARTESIAN_POINT('',(11.574431033857,31.902934208598,0.));
#167 = CARTESIAN_POINT('',(11.2706458536,32.315316663735,0.));
#168 = CARTESIAN_POINT('',(10.969641484209,32.713419970775,0.));
#169 = CARTESIAN_POINT('',(10.656588942766,33.102869924301,0.));
#170 = CARTESIAN_POINT('',(10.322913885397,33.488346944645,0.));
#171 = CARTESIAN_POINT('',(9.96096512463,33.869799394057,0.));
#172 = CARTESIAN_POINT('',(9.568007299451,34.249886998235,0.));
#173 = CARTESIAN_POINT('',(9.132087041135,34.610205766547,0.));
#174 = CARTESIAN_POINT('',(8.691684772335,35.002255571721,0.));
#175 = CARTESIAN_POINT('',(8.110126536479,35.193215784713,0.));
#176 = CARTESIAN_POINT('',(7.59879925453,35.551051298829,0.));
#177 = CARTESIAN_POINT('',(7.0167486499,35.831586246153,0.));
#178 = CARTESIAN_POINT('',(6.41262652443,36.095135454722,0.));
#179 = CARTESIAN_POINT('',(5.780184271218,36.317968775029,0.));
#180 = CARTESIAN_POINT('',(5.127890559522,36.501753910328,0.));
#181 = CARTESIAN_POINT('',(4.683714196076,36.595361600669,0.));
#182 = CARTESIAN_POINT('',(4.45971220921,36.634848412054,0.));
#183 = VECTOR('',#184,1.);
#184 = DIRECTION('',(-0.,-0.,-1.));
#185 = ADVANCED_FACE('',(#186),#295,.F.);
#186 = FACE_BOUND('',#187,.F.);
#187 = EDGE_LOOP('',(#188,#189,#239,#247));
#188 = ORIENTED_EDGE('',*,*,#81,.T.);
#189 = ORIENTED_EDGE('',*,*,#190,.T.);
#190 = EDGE_CURVE('',#32,#191,#193,.T.);
#191 = VERTEX_POINT('',#192);
#192 = CARTESIAN_POINT('',(-20.6,32.216145020781,5.));
#193 = B_SPLINE_CURVE_WITH_KNOTS('',3,(#194,#195,#196,#197,#198,#199,
    #200,#201,#202,#203,#204,#205,#206,#207,#208,#209,#210,#211,#212,
    #213,#214,#215,#216,#217,#218,#219,#220,#221,#222,#223,#224,#225,
    #226,#227,#228,#229,#230,#231,#232,#233,#234,#235,#236,#237,#238),
  .UNSPECIFIED.,.F.,.F.,(4,1,1,1,1,1,1,1,1,1,1,1,1,1,1,1,1,1,1,1,1,1,1,1
    ,1,1,1,1,1,1,1,1,1,1,1,1,1,1,1,1,1,1,4),(0.,0.682243031795,
    1.36073038675,2.031787479255,2.691905531904,3.33783397807,
    3.966685540456,4.554451155201,5.144017040623,5.71133018399,
    6.256551195988,6.781263747608,7.28892317091,7.785457048834,
    8.280047766171,8.78607405982,9.322008260957,9.911580910146,
    10.629001082897,11.399049790332,12.272210591893,13.213322186779,
    14.154433781664,15.027594583225,15.79764329066,16.515063463411,
    17.1046361126,17.640570313737,18.146596607386,18.641187324723,
    19.137721202647,19.645380625949,20.170093177569,20.715314189567,
    21.282627332934,21.872193218356,22.459958833101,23.088810395487,
    23.734738841653,24.394856894302,25.065913986807,25.744401341762,
    26.426644373557),.UNSPECIFIED.);
#194 = CARTESIAN_POINT('',(4.45971220921,36.634848412054,5.));
#195 = CARTESIAN_POINT('',(4.235713910221,36.674356138431,5.));
#196 = CARTESIAN_POINT('',(3.786308943497,36.738310946056,5.));
#197 = CARTESIAN_POINT('',(3.110495137714,36.78870699937,5.));
#198 = CARTESIAN_POINT('',(2.439980335149,36.795620162701,5.));
#199 = CARTESIAN_POINT('',(1.782152093703,36.754586852135,5.));
#200 = CARTESIAN_POINT('',(1.139254832716,36.69004326348,5.));
#201 = CARTESIAN_POINT('',(0.536377405238,36.528672101668,5.));
#202 = CARTESIAN_POINT('',(-7.542081697033E-02,36.548132829835,5.));
#203 = CARTESIAN_POINT('',(-0.623352509696,36.330352968029,5.));
#204 = CARTESIAN_POINT('',(-1.156219836468,36.140857589544,5.));
#205 = CARTESIAN_POINT('',(-1.655477021925,35.918091564333,5.));
#206 = CARTESIAN_POINT('',(-2.12606202294,35.683437279474,5.));
#207 = CARTESIAN_POINT('',(-2.571454917837,35.43533095892,5.));
#208 = CARTESIAN_POINT('',(-2.998827809873,35.176437986519,5.));
#209 = CARTESIAN_POINT('',(-3.417838744746,34.905292804144,5.));
#210 = CARTESIAN_POINT('',(-3.844346543349,34.621680705002,5.));
#211 = CARTESIAN_POINT('',(-4.291396403753,34.311904289306,5.));
#212 = CARTESIAN_POINT('',(-4.825379267227,34.005077859696,5.));
#213 = CARTESIAN_POINT('',(-5.335467282974,33.524791076611,5.));
#214 = CARTESIAN_POINT('',(-6.066634453917,33.211709108231,5.));
#215 = CARTESIAN_POINT('',(-6.865029472575,32.891606550549,5.));
#216 = CARTESIAN_POINT('',(-7.761812572341,32.676862889564,5.));
#217 = CARTESIAN_POINT('',(-8.677959691345,32.571938038838,5.));
#218 = CARTESIAN_POINT('',(-9.537687121508,32.599668871475,5.));
#219 = CARTESIAN_POINT('',(-10.3318398563,32.643795786261,5.));
#220 = CARTESIAN_POINT('',(-10.97543355503,32.920657355932,5.));
#221 = CARTESIAN_POINT('',(-11.5821541309,33.026346992201,5.));
#222 = CARTESIAN_POINT('',(-12.10819335994,33.164541546795,5.));
#223 = CARTESIAN_POINT('',(-12.60598064179,33.285175485117,5.));
#224 = CARTESIAN_POINT('',(-13.09245923946,33.396658432155,5.));
#225 = CARTESIAN_POINT('',(-13.58260500395,33.493768110106,5.));
#226 = CARTESIAN_POINT('',(-14.08599477996,33.574578446953,5.));
#227 = CARTESIAN_POINT('',(-14.608456525,33.634131797376,5.));
#228 = CARTESIAN_POINT('',(-15.15379528592,33.672707373302,5.));
#229 = CARTESIAN_POINT('',(-15.71933801726,33.668523422661,5.));
#230 = CARTESIAN_POINT('',(-16.30871048515,33.685765875678,5.));
#231 = CARTESIAN_POINT('',(-16.87695679893,33.458231457378,5.));
#232 = CARTESIAN_POINT('',(-17.49866845667,33.403674523186,5.));
#233 = CARTESIAN_POINT('',(-18.12486947618,33.244441843818,5.));
#234 = CARTESIAN_POINT('',(-18.75706003917,33.05801003354,5.));
#235 = CARTESIAN_POINT('',(-19.38477341016,32.822184216097,5.));
#236 = CARTESIAN_POINT('',(-20.0025941911,32.543685481966,5.));
#237 = CARTESIAN_POINT('',(-20.4030228896,32.329882070046,5.));
#238 = CARTESIAN_POINT('',(-20.6,32.216145020781,5.));
#239 = ORIENTED_EDGE('',*,*,#240,.F.);
#240 = EDGE_CURVE('',#241,#191,#243,.T.);
#241 = VERTEX_POINT('',#242);
#242 = CARTESIAN_POINT('',(-20.6,32.216145020781,0.));
#243 = LINE('',#244,#245);
#244 = CARTESIAN_POINT('',(-20.6,32.216145020781,0.));
#245 = VECTOR('',#246,1.);
#246 = DIRECTION('',(0.,0.,1.));
#247 = ORIENTED_EDGE('',*,*,#248,.F.);
#248 = EDGE_CURVE('',#82,#241,#249,.T.);
#249 = B_SPLINE_CURVE_WITH_KNOTS('',3,(#250,#251,#252,#253,#254,#255,
    #256,#257,#258,#259,#260,#261,#262,#263,#264,#265,#266,#267,#268,
    #269,#270,#271,#272,#273,#274,#275,#276,#277,#278,#279,#280,#281,
    #282,#283,#284,#285,#286,#287,#288,#289,#290,#291,#292,#293,#294),
  .UNSPECIFIED.,.F.,.F.,(4,1,1,1,1,1,1,1,1,1,1,1,1,1,1,1,1,1,1,1,1,1,1,1
    ,1,1,1,1,1,1,1,1,1,1,1,1,1,1,1,1,1,1,4),(0.,0.682243031795,
    1.36073038675,2.031787479255,2.691905531904,3.33783397807,
    3.966685540456,4.554451155201,5.144017040623,5.71133018399,
    6.256551195988,6.781263747608,7.28892317091,7.785457048834,
    8.280047766171,8.78607405982,9.322008260957,9.911580910146,
    10.629001082897,11.399049790332,12.272210591893,13.213322186779,
    14.154433781664,15.027594583225,15.79764329066,16.515063463411,
    17.1046361126,17.640570313737,18.146596607386,18.641187324723,
    19.137721202647,19.645380625949,20.170093177569,20.715314189567,
    21.282627332934,21.872193218356,22.459958833101,23.088810395487,
    23.734738841653,24.394856894302,25.065913986807,25.744401341762,
    26.426644373557),.UNSPECIFIED.);
#250 = CARTESIAN_POINT('',(4.45971220921,36.634848412054,0.));
#251 = CARTESIAN_POINT('',(4.235713910221,36.674356138431,0.));
#252 = CARTESIAN_POINT('',(3.786308943497,36.738310946056,0.));
#253 = CARTESIAN_POINT('',(3.110495137714,36.78870699937,0.));
#254 = CARTESIAN_POINT('',(2.439980335149,36.795620162701,0.));
#255 = CARTESIAN_POINT('',(1.782152093703,36.754586852135,0.));
#256 = CARTESIAN_POINT('',(1.139254832716,36.69004326348,0.));
#257 = CARTESIAN_POINT('',(0.536377405238,36.528672101668,0.));
#258 = CARTESIAN_POINT('',(-7.542081697033E-02,36.548132829835,0.));
#259 = CARTESIAN_POINT('',(-0.623352509696,36.330352968029,0.));
#260 = CARTESIAN_POINT('',(-1.156219836468,36.140857589544,0.));
#261 = CARTESIAN_POINT('',(-1.655477021925,35.918091564333,0.));
#262 = CARTESIAN_POINT('',(-2.12606202294,35.683437279474,0.));
#263 = CARTESIAN_POINT('',(-2.571454917837,35.43533095892,0.));
#264 = CARTESIAN_POINT('',(-2.998827809873,35.176437986519,0.));
#265 = CARTESIAN_POINT('',(-3.417838744746,34.905292804144,0.));
#266 = CARTESIAN_POINT('',(-3.844346543349,34.621680705002,0.));
#267 = CARTESIAN_POINT('',(-4.291396403753,34.311904289306,0.));
#268 = CARTESIAN_POINT('',(-4.825379267227,34.005077859696,0.));
#269 = CARTESIAN_POINT('',(-5.335467282974,33.524791076611,0.));
#270 = CARTESIAN_POINT('',(-6.066634453917,33.211709108231,0.));
#271 = CARTESIAN_POINT('',(-6.865029472575,32.891606550549,0.));
#272 = CARTESIAN_POINT('',(-7.761812572341,32.676862889564,0.));
#273 = CARTESIAN_POINT('',(-8.677959691345,32.571938038838,0.));
#274 = CARTESIAN_POINT('',(-9.537687121508,32.599668871475,0.));
#275 = CARTESIAN_POINT('',(-10.3318398563,32.643795786261,0.));
#276 = CARTESIAN_POINT('',(-10.97543355503,32.920657355932,0.));
#277 = CARTESIAN_POINT('',(-11.5821541309,33.026346992201,0.));
#278 = CARTESIAN_POINT('',(-12.10819335994,33.164541546795,0.));
#279 = CARTESIAN_POINT('',(-12.60598064179,33.285175485117,0.));
#280 = CARTESIAN_POINT('',(-13.09245923946,33.396658432155,0.));
#281 = CARTESIAN_POINT('',(-13.58260500395,33.493768110106,0.));
#282 = CARTESIAN_POINT('',(-14.08599477996,33.574578446953,0.));
#283 = CARTESIAN_POINT('',(-14.608456525,33.634131797376,0.));
#284 = CARTESIAN_POINT('',(-15.15379528592,33.672707373302,0.));
#285 = CARTESIAN_POINT('',(-15.71933801726,33.668523422661,0.));
#286 = CARTESIAN_POINT('',(-16.30871048515,33.685765875678,0.));
#287 = CARTESIAN_POINT('',(-16.87695679893,33.458231457378,0.));
#288 = CARTESIAN_POINT('',(-17.49866845667,33.403674523186,0.));
#289 = CARTESIAN_POINT('',(-18.12486947618,33.244441843818,0.));
#290 = CARTESIAN_POINT('',(-18.75706003917,33.05801003354,0.));
#291 = CARTESIAN_POINT('',(-19.38477341016,32.822184216097,0.));
#292 = CARTESIAN_POINT('',(-20.0025941911,32.543685481966,0.));
#293 = CARTESIAN_POINT('',(-20.4030228896,32.329882070046,0.));
#294 = CARTESIAN_POINT('',(-20.6,32.216145020781,0.));
#295 = SURFACE_OF_LINEAR_EXTRUSION('',#296,#342);
#296 = B_SPLINE_CURVE_WITH_KNOTS('',3,(#297,#298,#299,#300,#301,#302,
    #303,#304,#305,#306,#307,#308,#309,#310,#311,#312,#313,#314,#315,
    #316,#317,#318,#319,#320,#321,#322,#323,#324,#325,#326,#327,#328,
    #329,#330,#331,#332,#333,#334,#335,#336,#337,#338,#339,#340,#341),
  .UNSPECIFIED.,.F.,.F.,(4,1,1,1,1,1,1,1,1,1,1,1,1,1,1,1,1,1,1,1,1,1,1,1
    ,1,1,1,1,1,1,1,1,1,1,1,1,1,1,1,1,1,1,4),(0.,0.682243031795,
    1.36073038675,2.031787479255,2.691905531904,3.33783397807,
    3.966685540456,4.554451155201,5.144017040623,5.71133018399,
    6.256551195988,6.781263747608,7.28892317091,7.785457048834,
    8.280047766171,8.78607405982,9.322008260957,9.911580910146,
    10.629001082897,11.399049790332,12.272210591893,13.213322186779,
    14.154433781664,15.027594583225,15.79764329066,16.515063463411,
    17.1046361126,17.640570313737,18.146596607386,18.641187324723,
    19.137721202647,19.645380625949,20.170093177569,20.715314189567,
    21.282627332934,21.872193218356,22.459958833101,23.088810395487,
    23.734738841653,24.394856894302,25.065913986807,25.744401341762,
    26.426644373557),.UNSPECIFIED.);
#297 = CARTESIAN_POINT('',(4.45971220921,36.634848412054,0.));
#298 = CARTESIAN_POINT('',(4.235713910221,36.674356138431,0.));
#299 = CARTESIAN_POINT('',(3.786308943497,36.738310946056,0.));
#300 = CARTESIAN_POINT('',(3.110495137714,36.78870699937,0.));
#301 = CARTESIAN_POINT('',(2.439980335149,36.795620162701,0.));
#302 = CARTESIAN_POINT('',(1.782152093703,36.754586852135,0.));
#303 = CARTESIAN_POINT('',(1.139254832716,36.69004326348,0.));
#304 = CARTESIAN_POINT('',(0.536377405238,36.528672101668,0.));
#305 = CARTESIAN_POINT('',(-7.542081697033E-02,36.548132829835,0.));
#306 = CARTESIAN_POINT('',(-0.623352509696,36.330352968029,0.));
#307 = CARTESIAN_POINT('',(-1.156219836468,36.140857589544,0.));
#308 = CARTESIAN_POINT('',(-1.655477021925,35.918091564333,0.));
#309 = CARTESIAN_POINT('',(-2.12606202294,35.683437279474,0.));
#310 = CARTESIAN_POINT('',(-2.571454917837,35.43533095892,0.));
#311 = CARTESIAN_POINT('',(-2.998827809873,35.176437986519,0.));
#312 = CARTESIAN_POINT('',(-3.417838744746,34.905292804144,0.));
#313 = CARTESIAN_POINT('',(-3.844346543349,34.621680705002,0.));
#314 = CARTESIAN_POINT('',(-4.291396403753,34.311904289306,0.));
#315 = CARTESIAN_POINT('',(-4.825379267227,34.005077859696,0.));
#316 = CARTESIAN_POINT('',(-5.335467282974,33.524791076611,0.));
#317 = CARTESIAN_POINT('',(-6.066634453917,33.211709108231,0.));
#318 = CARTESIAN_POINT('',(-6.865029472575,32.891606550549,0.));
#319 = CARTESIAN_POINT('',(-7.761812572341,32.676862889564,0.));
#320 = CARTESIAN_POINT('',(-8.677959691345,32.571938038838,0.));
#321 = CARTESIAN_POINT('',(-9.537687121508,32.599668871475,0.));
#322 = CARTESIAN_POINT('',(-10.3318398563,32.643795786261,0.));
#323 = CARTESIAN_POINT('',(-10.97543355503,32.920657355932,0.));
#324 = CARTESIAN_POINT('',(-11.5821541309,33.026346992201,0.));
#325 = CARTESIAN_POINT('',(-12.10819335994,33.164541546795,0.));
#326 = CARTESIAN_POINT('',(-12.60598064179,33.285175485117,0.));
#327 = CARTESIAN_POINT('',(-13.09245923946,33.396658432155,0.));
#328 = CARTESIAN_POINT('',(-13.58260500395,33.493768110106,0.));
#329 = CARTESIAN_POINT('',(-14.08599477996,33.574578446953,0.));
#330 = CARTESIAN_POINT('',(-14.608456525,33.634131797376,0.));
#331 = CARTESIAN_POINT('',(-15.15379528592,33.672707373302,0.));
#332 = CARTESIAN_POINT('',(-15.71933801726,33.668523422661,0.));
#333 = CARTESIAN_POINT('',(-16.30871048515,33.685765875678,0.));
#334 = CARTESIAN_POINT('',(-16.87695679893,33.458231457378,0.));
#335 = CARTESIAN_POINT('',(-17.49866845667,33.403674523186,0.));
#336 = CARTESIAN_POINT('',(-18.12486947618,33.244441843818,0.));
#337 = CARTESIAN_POINT('',(-18.75706003917,33.05801003354,0.));
#338 = CARTESIAN_POINT('',(-19.38477341016,32.822184216097,0.));
#339 = CARTESIAN_POINT('',(-20.0025941911,32.543685481966,0.));
#340 = CARTESIAN_POINT('',(-20.4030228896,32.329882070046,0.));
#341 = CARTESIAN_POINT('',(-20.6,32.216145020781,0.));
#342 = VECTOR('',#343,1.);
#343 = DIRECTION('',(-0.,-0.,-1.));
#344 = ADVANCED_FACE('',(#345),#454,.F.);
#345 = FACE_BOUND('',#346,.F.);
#346 = EDGE_LOOP('',(#347,#348,#398,#406));
#347 = ORIENTED_EDGE('',*,*,#240,.T.);
#348 = ORIENTED_EDGE('',*,*,#349,.T.);
#349 = EDGE_CURVE('',#191,#350,#352,.T.);
#350 = VERTEX_POINT('',#351);
#351 = CARTESIAN_POINT('',(-36.95656549323,12.723149331715,5.));
#352 = B_SPLINE_CURVE_WITH_KNOTS('',3,(#353,#354,#355,#356,#357,#358,
    #359,#360,#361,#362,#363,#364,#365,#366,#367,#368,#369,#370,#371,
    #372,#373,#374,#375,#376,#377,#378,#379,#380,#381,#382,#383,#384,
    #385,#386,#387,#388,#389,#390,#391,#392,#393,#394,#395,#396,#397),
  .UNSPECIFIED.,.F.,.F.,(4,1,1,1,1,1,1,1,1,1,1,1,1,1,1,1,1,1,1,1,1,1,1,1
    ,1,1,1,1,1,1,1,1,1,1,1,1,1,1,1,1,1,1,4),(0.,0.682243031795,
    1.36073038675,2.031787479255,2.691905531904,3.33783397807,
    3.966685540456,4.554451155201,5.144017040623,5.71133018399,
    6.256551195988,6.781263747608,7.28892317091,7.785457048834,
    8.280047766171,8.78607405982,9.322008260957,9.911580910146,
    10.629001082897,11.399049790332,12.272210591893,13.213322186779,
    14.154433781664,15.027594583225,15.79764329066,16.515063463411,
    17.1046361126,17.640570313737,18.146596607386,18.641187324723,
    19.137721202647,19.645380625949,20.170093177569,20.715314189567,
    21.282627332934,21.872193218356,22.459958833101,23.088810395487,
    23.734738841653,24.394856894302,25.065913986807,25.744401341762,
    26.426644373557),.UNSPECIFIED.);
#353 = CARTESIAN_POINT('',(-20.6,32.216145020781,5.));
#354 = CARTESIAN_POINT('',(-20.79698772921,32.102426363851,5.));
#355 = CARTESIAN_POINT('',(-21.1823612646,31.862546644501,5.));
#356 = CARTESIAN_POINT('',(-21.73245863375,31.466747520286,5.));
#357 = CARTESIAN_POINT('',(-22.25054646801,31.041044703439,5.));
#358 = CARTESIAN_POINT('',(-22.72809643328,30.586767520994,5.));
#359 = CARTESIAN_POINT('',(-23.17909648849,30.124077869902,5.));
#360 = CARTESIAN_POINT('',(-23.53720000832,29.612938247574,5.));
#361 = CARTESIAN_POINT('',(-24.01837375169,29.234589713382,5.));
#362 = CARTESIAN_POINT('',(-24.2981275833,28.715556957383,5.));
#363 = CARTESIAN_POINT('',(-24.58452235651,28.227874560442,5.));
#364 = CARTESIAN_POINT('',(-24.82378430825,27.736309551855,5.));
#365 = CARTESIAN_POINT('',(-25.03344046643,27.254067732928,5.));
#366 = CARTESIAN_POINT('',(-25.21515154983,26.777714230482,5.));
#367 = CARTESIAN_POINT('',(-25.37612498402,26.304680707895,5.));
#368 = CARTESIAN_POINT('',(-25.52281721863,25.827636410399,5.));
#369 = CARTESIAN_POINT('',(-25.66723880441,25.336223009474,5.));
#370 = CARTESIAN_POINT('',(-25.81057842399,24.811562396441,5.));
#371 = CARTESIAN_POINT('',(-26.022408802,24.233282146609,5.));
#372 = CARTESIAN_POINT('',(-26.1044364987,23.537482868952,5.));
#373 = CARTESIAN_POINT('',(-26.4632978369,22.827662968742,5.));
#374 = CARTESIAN_POINT('',(-26.86914594645,22.069251757572,5.));
#375 = CARTESIAN_POINT('',(-27.41808709217,21.328307504274,5.));
#376 = CARTESIAN_POINT('',(-28.05245210777,20.659042388685,5.));
#377 = CARTESIAN_POINT('',(-28.72886656386,20.127663299113,5.));
#378 = CARTESIAN_POINT('',(-29.36558708742,19.650994938853,5.));
#379 = CARTESIAN_POINT('',(-30.03657165055,19.449389150592,5.));
#380 = CARTESIAN_POINT('',(-30.56928256488,19.140359640444,5.));
#381 = CARTESIAN_POINT('',(-31.06108174057,18.908091312423,5.));
#382 = CARTESIAN_POINT('',(-31.51995092255,18.680530773492,5.));
#383 = CARTESIAN_POINT('',(-31.96427500603,18.453229250616,5.));
#384 = CARTESIAN_POINT('',(-32.40216934301,18.212559955425,5.));
#385 = CARTESIAN_POINT('',(-32.8397321669,17.950891554056,5.));
#386 = CARTESIAN_POINT('',(-33.2782412392,17.660680130966,5.));
#387 = CARTESIAN_POINT('',(-33.72079086886,17.339693737943,5.));
#388 = CARTESIAN_POINT('',(-34.15133234392,16.972964785355,5.));
#389 = CARTESIAN_POINT('',(-34.61390108304,16.607331950819,5.));
#390 = CARTESIAN_POINT('',(-34.90294670917,16.067768784313,5.));
#391 = CARTESIAN_POINT('',(-35.34413694848,15.626347197655,5.));
#392 = CARTESIAN_POINT('',(-35.7214819664,15.101853631944,5.));
#393 = CARTESIAN_POINT('',(-36.08593197647,14.552674318808,5.));
#394 = CARTESIAN_POINT('',(-36.41520240269,13.968534884508,5.));
#395 = CARTESIAN_POINT('',(-36.70946504316,13.358064933815,5.));
#396 = CARTESIAN_POINT('',(-36.87878103842,12.936891412232,5.));
#397 = CARTESIAN_POINT('',(-36.95656549323,12.723149331715,5.));
#398 = ORIENTED_EDGE('',*,*,#399,.F.);
#399 = EDGE_CURVE('',#400,#350,#402,.T.);
#400 = VERTEX_POINT('',#401);
#401 = CARTESIAN_POINT('',(-36.95656549323,12.723149331715,0.));
#402 = LINE('',#403,#404);
#403 = CARTESIAN_POINT('',(-36.95656549323,12.723149331715,0.));
#404 = VECTOR('',#405,1.);
#405 = DIRECTION('',(0.,0.,1.));
#406 = ORIENTED_EDGE('',*,*,#407,.F.);
#407 = EDGE_CURVE('',#241,#400,#408,.T.);
#408 = B_SPLINE_CURVE_WITH_KNOTS('',3,(#409,#410,#411,#412,#413,#414,
    #415,#416,#417,#418,#419,#420,#421,#422,#423,#424,#425,#426,#427,
    #428,#429,#430,#431,#432,#433,#434,#435,#436,#437,#438,#439,#440,
    #441,#442,#443,#444,#445,#446,#447,#448,#449,#450,#451,#452,#453),
  .UNSPECIFIED.,.F.,.F.,(4,1,1,1,1,1,1,1,1,1,1,1,1,1,1,1,1,1,1,1,1,1,1,1
    ,1,1,1,1,1,1,1,1,1,1,1,1,1,1,1,1,1,1,4),(0.,0.682243031795,
    1.36073038675,2.031787479255,2.691905531904,3.33783397807,
    3.966685540456,4.554451155201,5.144017040623,5.71133018399,
    6.256551195988,6.781263747608,7.28892317091,7.785457048834,
    8.280047766171,8.78607405982,9.322008260957,9.911580910146,
    10.629001082897,11.399049790332,12.272210591893,13.213322186779,
    14.154433781664,15.027594583225,15.79764329066,16.515063463411,
    17.1046361126,17.640570313737,18.146596607386,18.641187324723,
    19.137721202647,19.645380625949,20.170093177569,20.715314189567,
    21.282627332934,21.872193218356,22.459958833101,23.088810395487,
    23.734738841653,24.394856894302,25.065913986807,25.744401341762,
    26.426644373557),.UNSPECIFIED.);
#409 = CARTESIAN_POINT('',(-20.6,32.216145020781,0.));
#410 = CARTESIAN_POINT('',(-20.79698772921,32.102426363851,0.));
#411 = CARTESIAN_POINT('',(-21.1823612646,31.862546644501,0.));
#412 = CARTESIAN_POINT('',(-21.73245863375,31.466747520286,0.));
#413 = CARTESIAN_POINT('',(-22.25054646801,31.041044703439,0.));
#414 = CARTESIAN_POINT('',(-22.72809643328,30.586767520994,0.));
#415 = CARTESIAN_POINT('',(-23.17909648849,30.124077869902,0.));
#416 = CARTESIAN_POINT('',(-23.53720000832,29.612938247574,0.));
#417 = CARTESIAN_POINT('',(-24.01837375169,29.234589713382,0.));
#418 = CARTESIAN_POINT('',(-24.2981275833,28.715556957383,0.));
#419 = CARTESIAN_POINT('',(-24.58452235651,28.227874560442,0.));
#420 = CARTESIAN_POINT('',(-24.82378430825,27.736309551855,0.));
#421 = CARTESIAN_POINT('',(-25.03344046643,27.254067732928,0.));
#422 = CARTESIAN_POINT('',(-25.21515154983,26.777714230482,0.));
#423 = CARTESIAN_POINT('',(-25.37612498402,26.304680707895,0.));
#424 = CARTESIAN_POINT('',(-25.52281721863,25.827636410399,0.));
#425 = CARTESIAN_POINT('',(-25.66723880441,25.336223009474,0.));
#426 = CARTESIAN_POINT('',(-25.81057842399,24.811562396441,0.));
#427 = CARTESIAN_POINT('',(-26.022408802,24.233282146609,0.));
#428 = CARTESIAN_POINT('',(-26.1044364987,23.537482868952,0.));
#429 = CARTESIAN_POINT('',(-26.4632978369,22.827662968742,0.));
#430 = CARTESIAN_POINT('',(-26.86914594645,22.069251757572,0.));
#431 = CARTESIAN_POINT('',(-27.41808709217,21.328307504274,0.));
#432 = CARTESIAN_POINT('',(-28.05245210777,20.659042388685,0.));
#433 = CARTESIAN_POINT('',(-28.72886656386,20.127663299113,0.));
#434 = CARTESIAN_POINT('',(-29.36558708742,19.650994938853,0.));
#435 = CARTESIAN_POINT('',(-30.03657165055,19.449389150592,0.));
#436 = CARTESIAN_POINT('',(-30.56928256488,19.140359640444,0.));
#437 = CARTESIAN_POINT('',(-31.06108174057,18.908091312423,0.));
#438 = CARTESIAN_POINT('',(-31.51995092255,18.680530773492,0.));
#439 = CARTESIAN_POINT('',(-31.96427500603,18.453229250616,0.));
#440 = CARTESIAN_POINT('',(-32.40216934301,18.212559955425,0.));
#441 = CARTESIAN_POINT('',(-32.8397321669,17.950891554056,0.));
#442 = CARTESIAN_POINT('',(-33.2782412392,17.660680130966,0.));
#443 = CARTESIAN_POINT('',(-33.72079086886,17.339693737943,0.));
#444 = CARTESIAN_POINT('',(-34.15133234392,16.972964785355,0.));
#445 = CARTESIAN_POINT('',(-34.61390108304,16.607331950819,0.));
#446 = CARTESIAN_POINT('',(-34.90294670917,16.067768784313,0.));
#447 = CARTESIAN_POINT('',(-35.34413694848,15.626347197655,0.));
#448 = CARTESIAN_POINT('',(-35.7214819664,15.101853631944,0.));
#449 = CARTESIAN_POINT('',(-36.08593197647,14.552674318808,0.));
#450 = CARTESIAN_POINT('',(-36.41520240269,13.968534884508,0.));
#451 = CARTESIAN_POINT('',(-36.70946504316,13.358064933815,0.));
#452 = CARTESIAN_POINT('',(-36.87878103842,12.936891412232,0.));
#453 = CARTESIAN_POINT('',(-36.95656549323,12.723149331715,0.));
#454 = SURFACE_OF_LINEAR_EXTRUSION('',#455,#501);
#455 = B_SPLINE_CURVE_WITH_KNOTS('',3,(#456,#457,#458,#459,#460,#461,
    #462,#463,#464,#465,#466,#467,#468,#469,#470,#471,#472,#473,#474,
    #475,#476,#477,#478,#479,#480,#481,#482,#483,#484,#485,#486,#487,
    #488,#489,#490,#491,#492,#493,#494,#495,#496,#497,#498,#499,#500),
  .UNSPECIFIED.,.F.,.F.,(4,1,1,1,1,1,1,1,1,1,1,1,1,1,1,1,1,1,1,1,1,1,1,1
    ,1,1,1,1,1,1,1,1,1,1,1,1,1,1,1,1,1,1,4),(0.,0.682243031795,
    1.36073038675,2.031787479255,2.691905531904,3.33783397807,
    3.966685540456,4.554451155201,5.144017040623,5.71133018399,
    6.256551195988,6.781263747608,7.28892317091,7.785457048834,
    8.280047766171,8.78607405982,9.322008260957,9.911580910146,
    10.629001082897,11.399049790332,12.272210591893,13.213322186779,
    14.154433781664,15.027594583225,15.79764329066,16.515063463411,
    17.1046361126,17.640570313737,18.146596607386,18.641187324723,
    19.137721202647,19.645380625949,20.170093177569,20.715314189567,
    21.282627332934,21.872193218356,22.459958833101,23.088810395487,
    23.734738841653,24.394856894302,25.065913986807,25.744401341762,
    26.426644373557),.UNSPECIFIED.);
#456 = CARTESIAN_POINT('',(-20.6,32.216145020781,0.));
#457 = CARTESIAN_POINT('',(-20.79698772921,32.102426363851,0.));
#458 = CARTESIAN_POINT('',(-21.1823612646,31.862546644501,0.));
#459 = CARTESIAN_POINT('',(-21.73245863375,31.466747520286,0.));
#460 = CARTESIAN_POINT('',(-22.25054646801,31.041044703439,0.));
#461 = CARTESIAN_POINT('',(-22.72809643328,30.586767520994,0.));
#462 = CARTESIAN_POINT('',(-23.17909648849,30.124077869902,0.));
#463 = CARTESIAN_POINT('',(-23.53720000832,29.612938247574,0.));
#464 = CARTESIAN_POINT('',(-24.01837375169,29.234589713382,0.));
#465 = CARTESIAN_POINT('',(-24.2981275833,28.715556957383,0.));
#466 = CARTESIAN_POINT('',(-24.58452235651,28.227874560442,0.));
#467 = CARTESIAN_POINT('',(-24.82378430825,27.736309551855,0.));
#468 = CARTESIAN_POINT('',(-25.03344046643,27.254067732928,0.));
#469 = CARTESIAN_POINT('',(-25.21515154983,26.777714230482,0.));
#470 = CARTESIAN_POINT('',(-25.37612498402,26.304680707895,0.));
#471 = CARTESIAN_POINT('',(-25.52281721863,25.827636410399,0.));
#472 = CARTESIAN_POINT('',(-25.66723880441,25.336223009474,0.));
#473 = CARTESIAN_POINT('',(-25.81057842399,24.811562396441,0.));
#474 = CARTESIAN_POINT('',(-26.022408802,24.233282146609,0.));
#475 = CARTESIAN_POINT('',(-26.1044364987,23.537482868952,0.));
#476 = CARTESIAN_POINT('',(-26.4632978369,22.827662968742,0.));
#477 = CARTESIAN_POINT('',(-26.86914594645,22.069251757572,0.));
#478 = CARTESIAN_POINT('',(-27.41808709217,21.328307504274,0.));
#479 = CARTESIAN_POINT('',(-28.05245210777,20.659042388685,0.));
#480 = CARTESIAN_POINT('',(-28.72886656386,20.127663299113,0.));
#481 = CARTESIAN_POINT('',(-29.36558708742,19.650994938853,0.));
#482 = CARTESIAN_POINT('',(-30.03657165055,19.449389150592,0.));
#483 = CARTESIAN_POINT('',(-30.56928256488,19.140359640444,0.));
#484 = CARTESIAN_POINT('',(-31.06108174057,18.908091312423,0.));
#485 = CARTESIAN_POINT('',(-31.51995092255,18.680530773492,0.));
#486 = CARTESIAN_POINT('',(-31.96427500603,18.453229250616,0.));
#487 = CARTESIAN_POINT('',(-32.40216934301,18.212559955425,0.));
#488 = CARTESIAN_POINT('',(-32.8397321669,17.950891554056,0.));
#489 = CARTESIAN_POINT('',(-33.2782412392,17.660680130966,0.));
#490 = CARTESIAN_POINT('',(-33.72079086886,17.339693737943,0.));
#491 = CARTESIAN_POINT('',(-34.15133234392,16.972964785355,0.));
#492 = CARTESIAN_POINT('',(-34.61390108304,16.607331950819,0.));
#493 = CARTESIAN_POINT('',(-34.90294670917,16.067768784313,0.));
#494 = CARTESIAN_POINT('',(-35.34413694848,15.626347197655,0.));
#495 = CARTESIAN_POINT('',(-35.7214819664,15.101853631944,0.));
#496 = CARTESIAN_POINT('',(-36.08593197647,14.552674318808,0.));
#497 = CARTESIAN_POINT('',(-36.41520240269,13.968534884508,0.));
#498 = CARTESIAN_POINT('',(-36.70946504316,13.358064933815,0.));
#499 = CARTESIAN_POINT('',(-36.87878103842,12.936891412232,0.));
#500 = CARTESIAN_POINT('',(-36.95656549323,12.723149331715,0.));
#501 = VECTOR('',#502,1.);
#502 = DIRECTION('',(-0.,-0.,-1.));
#503 = ADVANCED_FACE('',(#504),#613,.F.);
#504 = FACE_BOUND('',#505,.F.);
#505 = EDGE_LOOP('',(#506,#507,#557,#565));
#506 = ORIENTED_EDGE('',*,*,#399,.T.);
#507 = ORIENTED_EDGE('',*,*,#508,.T.);
#508 = EDGE_CURVE('',#350,#509,#511,.T.);
#509 = VERTEX_POINT('',#510);
#510 = CARTESIAN_POINT('',(-36.95656549323,-12.72314933171,5.));
#511 = B_SPLINE_CURVE_WITH_KNOTS('',3,(#512,#513,#514,#515,#516,#517,
    #518,#519,#520,#521,#522,#523,#524,#525,#526,#527,#528,#529,#530,
    #531,#532,#533,#534,#535,#536,#537,#538,#539,#540,#541,#542,#543,
    #544,#545,#546,#547,#548,#549,#550,#551,#552,#553,#554,#555,#556),
  .UNSPECIFIED.,.F.,.F.,(4,1,1,1,1,1,1,1,1,1,1,1,1,1,1,1,1,1,1,1,1,1,1,1
    ,1,1,1,1,1,1,1,1,1,1,1,1,1,1,1,1,1,1,4),(0.,0.682243031795,
    1.36073038675,2.031787479255,2.691905531904,3.33783397807,
    3.966685540456,4.554451155201,5.144017040623,5.71133018399,
    6.256551195988,6.781263747608,7.28892317091,7.785457048834,
    8.280047766171,8.78607405982,9.322008260957,9.911580910146,
    10.629001082897,11.399049790332,12.272210591893,13.213322186779,
    14.154433781664,15.027594583225,15.79764329066,16.515063463411,
    17.1046361126,17.640570313737,18.146596607386,18.641187324723,
    19.137721202647,19.645380625949,20.170093177569,20.715314189567,
    21.282627332934,21.872193218356,22.459958833101,23.088810395487,
    23.734738841653,24.394856894302,25.065913986807,25.744401341762,
    26.426644373557),.UNSPECIFIED.);
#512 = CARTESIAN_POINT('',(-36.95656549323,12.723149331715,5.));
#513 = CARTESIAN_POINT('',(-37.03436990489,12.509414514898,5.));
#514 = CARTESIAN_POINT('',(-37.17539144879,12.077942655223,5.));
#515 = CARTESIAN_POINT('',(-37.34237570863,11.421147162515,5.));
#516 = CARTESIAN_POINT('',(-37.46561751904,10.762019444654,5.));
#517 = CARTESIAN_POINT('',(-37.53943827201,10.107059732724,5.));
#518 = CARTESIAN_POINT('',(-37.58751318329,9.462721649164,5.));
#519 = CARTESIAN_POINT('',(-37.53328217866,8.840981476291,5.));
#520 = CARTESIAN_POINT('',(-37.65868490103,8.241857163763,5.));
#521 = CARTESIAN_POINT('',(-37.5393609446,7.664432708511,5.));
#522 = CARTESIAN_POINT('',(-37.44527586694,7.106755306629,5.));
#523 = CARTESIAN_POINT('',(-37.31258925865,6.576400045319,5.));
#524 = CARTESIAN_POINT('',(-37.1632161275,6.072216998921,5.));
#525 = CARTESIAN_POINT('',(-36.99622076399,5.590507412458,5.));
#526 = CARTESIAN_POINT('',(-36.81547348146,5.124670982086,5.));
#527 = CARTESIAN_POINT('',(-36.62120808893,4.664941898023,5.));
#528 = CARTESIAN_POINT('',(-36.41596699683,4.195664987059,5.));
#529 = CARTESIAN_POINT('',(-36.18852617454,3.70161470848,5.));
#530 = CARTESIAN_POINT('',(-35.97908627898,3.122464394193,5.));
#531 = CARTESIAN_POINT('',(-35.59467198571,2.536724836927,5.));
#532 = CARTESIAN_POINT('',(-35.41331228273,1.762299624964,5.));
#533 = CARTESIAN_POINT('',(-35.23671264221,0.920448794815,5.));
#534 = CARTESIAN_POINT('',(-35.180956171,8.437694987151E-15,5.));
#535 = CARTESIAN_POINT('',(-35.23671264221,-0.920448794815,5.));
#536 = CARTESIAN_POINT('',(-35.41331228273,-1.762299624964,5.));
#537 = CARTESIAN_POINT('',(-35.59467198571,-2.536724836927,5.));
#538 = CARTESIAN_POINT('',(-35.97908627898,-3.122464394193,5.));
#539 = CARTESIAN_POINT('',(-36.18852617454,-3.70161470848,5.));
#540 = CARTESIAN_POINT('',(-36.41596699683,-4.195664987059,5.));
#541 = CARTESIAN_POINT('',(-36.62120808893,-4.664941898023,5.));
#542 = CARTESIAN_POINT('',(-36.81547348146,-5.124670982086,5.));
#543 = CARTESIAN_POINT('',(-36.99622076399,-5.590507412458,5.));
#544 = CARTESIAN_POINT('',(-37.1632161275,-6.072216998921,5.));
#545 = CARTESIAN_POINT('',(-37.31258925865,-6.576400045319,5.));
#546 = CARTESIAN_POINT('',(-37.44527586694,-7.106755306629,5.));
#547 = CARTESIAN_POINT('',(-37.5393609446,-7.664432708511,5.));
#548 = CARTESIAN_POINT('',(-37.65868490103,-8.241857163763,5.));
#549 = CARTESIAN_POINT('',(-37.53328217866,-8.840981476291,5.));
#550 = CARTESIAN_POINT('',(-37.58751318329,-9.462721649164,5.));
#551 = CARTESIAN_POINT('',(-37.53943827201,-10.10705973272,5.));
#552 = CARTESIAN_POINT('',(-37.46561751904,-10.76201944465,5.));
#553 = CARTESIAN_POINT('',(-37.34237570863,-11.42114716251,5.));
#554 = CARTESIAN_POINT('',(-37.17539144879,-12.07794265522,5.));
#555 = CARTESIAN_POINT('',(-37.03436990489,-12.50941451489,5.));
#556 = CARTESIAN_POINT('',(-36.95656549323,-12.72314933171,5.));
#557 = ORIENTED_EDGE('',*,*,#558,.F.);
#558 = EDGE_CURVE('',#559,#509,#561,.T.);
#559 = VERTEX_POINT('',#560);
#560 = CARTESIAN_POINT('',(-36.95656549323,-12.72314933171,0.));
#561 = LINE('',#562,#563);
#562 = CARTESIAN_POINT('',(-36.95656549323,-12.72314933171,0.));
#563 = VECTOR('',#564,1.);
#564 = DIRECTION('',(0.,0.,1.));
#565 = ORIENTED_EDGE('',*,*,#566,.F.);
#566 = EDGE_CURVE('',#400,#559,#567,.T.);
#567 = B_SPLINE_CURVE_WITH_KNOTS('',3,(#568,#569,#570,#571,#572,#573,
    #574,#575,#576,#577,#578,#579,#580,#581,#582,#583,#584,#585,#586,
    #587,#588,#589,#590,#591,#592,#593,#594,#595,#596,#597,#598,#599,
    #600,#601,#602,#603,#604,#605,#606,#607,#608,#609,#610,#611,#612),
  .UNSPECIFIED.,.F.,.F.,(4,1,1,1,1,1,1,1,1,1,1,1,1,1,1,1,1,1,1,1,1,1,1,1
    ,1,1,1,1,1,1,1,1,1,1,1,1,1,1,1,1,1,1,4),(0.,0.682243031795,
    1.36073038675,2.031787479255,2.691905531904,3.33783397807,
    3.966685540456,4.554451155201,5.144017040623,5.71133018399,
    6.256551195988,6.781263747608,7.28892317091,7.785457048834,
    8.280047766171,8.78607405982,9.322008260957,9.911580910146,
    10.629001082897,11.399049790332,12.272210591893,13.213322186779,
    14.154433781664,15.027594583225,15.79764329066,16.515063463411,
    17.1046361126,17.640570313737,18.146596607386,18.641187324723,
    19.137721202647,19.645380625949,20.170093177569,20.715314189567,
    21.282627332934,21.872193218356,22.459958833101,23.088810395487,
    23.734738841653,24.394856894302,25.065913986807,25.744401341762,
    26.426644373557),.UNSPECIFIED.);
#568 = CARTESIAN_POINT('',(-36.95656549323,12.723149331715,0.));
#569 = CARTESIAN_POINT('',(-37.03436990489,12.509414514898,0.));
#570 = CARTESIAN_POINT('',(-37.17539144879,12.077942655223,0.));
#571 = CARTESIAN_POINT('',(-37.34237570863,11.421147162515,0.));
#572 = CARTESIAN_POINT('',(-37.46561751904,10.762019444654,0.));
#573 = CARTESIAN_POINT('',(-37.53943827201,10.107059732724,0.));
#574 = CARTESIAN_POINT('',(-37.58751318329,9.462721649164,0.));
#575 = CARTESIAN_POINT('',(-37.53328217866,8.840981476291,0.));
#576 = CARTESIAN_POINT('',(-37.65868490103,8.241857163763,0.));
#577 = CARTESIAN_POINT('',(-37.5393609446,7.664432708511,0.));
#578 = CARTESIAN_POINT('',(-37.44527586694,7.106755306629,0.));
#579 = CARTESIAN_POINT('',(-37.31258925865,6.576400045319,0.));
#580 = CARTESIAN_POINT('',(-37.1632161275,6.072216998921,0.));
#581 = CARTESIAN_POINT('',(-36.99622076399,5.590507412458,0.));
#582 = CARTESIAN_POINT('',(-36.81547348146,5.124670982086,0.));
#583 = CARTESIAN_POINT('',(-36.62120808893,4.664941898023,0.));
#584 = CARTESIAN_POINT('',(-36.41596699683,4.195664987059,0.));
#585 = CARTESIAN_POINT('',(-36.18852617454,3.70161470848,0.));
#586 = CARTESIAN_POINT('',(-35.97908627898,3.122464394193,0.));
#587 = CARTESIAN_POINT('',(-35.59467198571,2.536724836927,0.));
#588 = CARTESIAN_POINT('',(-35.41331228273,1.762299624964,0.));
#589 = CARTESIAN_POINT('',(-35.23671264221,0.920448794815,0.));
#590 = CARTESIAN_POINT('',(-35.180956171,8.437694987151E-15,0.));
#591 = CARTESIAN_POINT('',(-35.23671264221,-0.920448794815,0.));
#592 = CARTESIAN_POINT('',(-35.41331228273,-1.762299624964,0.));
#593 = CARTESIAN_POINT('',(-35.59467198571,-2.536724836927,0.));
#594 = CARTESIAN_POINT('',(-35.97908627898,-3.122464394193,0.));
#595 = CARTESIAN_POINT('',(-36.18852617454,-3.70161470848,0.));
#596 = CARTESIAN_POINT('',(-36.41596699683,-4.195664987059,0.));
#597 = CARTESIAN_POINT('',(-36.62120808893,-4.664941898023,0.));
#598 = CARTESIAN_POINT('',(-36.81547348146,-5.124670982086,0.));
#599 = CARTESIAN_POINT('',(-36.99622076399,-5.590507412458,0.));
#600 = CARTESIAN_POINT('',(-37.1632161275,-6.072216998921,0.));
#601 = CARTESIAN_POINT('',(-37.31258925865,-6.576400045319,0.));
#602 = CARTESIAN_POINT('',(-37.44527586694,-7.106755306629,0.));
#603 = CARTESIAN_POINT('',(-37.5393609446,-7.664432708511,0.));
#604 = CARTESIAN_POINT('',(-37.65868490103,-8.241857163763,0.));
#605 = CARTESIAN_POINT('',(-37.53328217866,-8.840981476291,0.));
#606 = CARTESIAN_POINT('',(-37.58751318329,-9.462721649164,0.));
#607 = CARTESIAN_POINT('',(-37.53943827201,-10.10705973272,0.));
#608 = CARTESIAN_POINT('',(-37.46561751904,-10.76201944465,0.));
#609 = CARTESIAN_POINT('',(-37.34237570863,-11.42114716251,0.));
#610 = CARTESIAN_POINT('',(-37.17539144879,-12.07794265522,0.));
#611 = CARTESIAN_POINT('',(-37.03436990489,-12.50941451489,0.));
#612 = CARTESIAN_POINT('',(-36.95656549323,-12.72314933171,0.));
#613 = SURFACE_OF_LINEAR_EXTRUSION('',#614,#660);
#614 = B_SPLINE_CURVE_WITH_KNOTS('',3,(#615,#616,#617,#618,#619,#620,
    #621,#622,#623,#624,#625,#626,#627,#628,#629,#630,#631,#632,#633,
    #634,#635,#636,#637,#638,#639,#640,#641,#642,#643,#644,#645,#646,
    #647,#648,#649,#650,#651,#652,#653,#654,#655,#656,#657,#658,#659),
  .UNSPECIFIED.,.F.,.F.,(4,1,1,1,1,1,1,1,1,1,1,1,1,1,1,1,1,1,1,1,1,1,1,1
    ,1,1,1,1,1,1,1,1,1,1,1,1,1,1,1,1,1,1,4),(0.,0.682243031795,
    1.36073038675,2.031787479255,2.691905531904,3.33783397807,
    3.966685540456,4.554451155201,5.144017040623,5.71133018399,
    6.256551195988,6.781263747608,7.28892317091,7.785457048834,
    8.280047766171,8.78607405982,9.322008260957,9.911580910146,
    10.629001082897,11.399049790332,12.272210591893,13.213322186779,
    14.154433781664,15.027594583225,15.79764329066,16.515063463411,
    17.1046361126,17.640570313737,18.146596607386,18.641187324723,
    19.137721202647,19.645380625949,20.170093177569,20.715314189567,
    21.282627332934,21.872193218356,22.459958833101,23.088810395487,
    23.734738841653,24.394856894302,25.065913986807,25.744401341762,
    26.426644373557),.UNSPECIFIED.);
#615 = CARTESIAN_POINT('',(-36.95656549323,12.723149331715,0.));
#616 = CARTESIAN_POINT('',(-37.03436990489,12.509414514898,0.));
#617 = CARTESIAN_POINT('',(-37.17539144879,12.077942655223,0.));
#618 = CARTESIAN_POINT('',(-37.34237570863,11.421147162515,0.));
#619 = CARTESIAN_POINT('',(-37.46561751904,10.762019444654,0.));
#620 = CARTESIAN_POINT('',(-37.53943827201,10.107059732724,0.));
#621 = CARTESIAN_POINT('',(-37.58751318329,9.462721649164,0.));
#622 = CARTESIAN_POINT('',(-37.53328217866,8.840981476291,0.));
#623 = CARTESIAN_POINT('',(-37.65868490103,8.241857163763,0.));
#624 = CARTESIAN_POINT('',(-37.5393609446,7.664432708511,0.));
#625 = CARTESIAN_POINT('',(-37.44527586694,7.106755306629,0.));
#626 = CARTESIAN_POINT('',(-37.31258925865,6.576400045319,0.));
#627 = CARTESIAN_POINT('',(-37.1632161275,6.072216998921,0.));
#628 = CARTESIAN_POINT('',(-36.99622076399,5.590507412458,0.));
#629 = CARTESIAN_POINT('',(-36.81547348146,5.124670982086,0.));
#630 = CARTESIAN_POINT('',(-36.62120808893,4.664941898023,0.));
#631 = CARTESIAN_POINT('',(-36.41596699683,4.195664987059,0.));
#632 = CARTESIAN_POINT('',(-36.18852617454,3.70161470848,0.));
#633 = CARTESIAN_POINT('',(-35.97908627898,3.122464394193,0.));
#634 = CARTESIAN_POINT('',(-35.59467198571,2.536724836927,0.));
#635 = CARTESIAN_POINT('',(-35.41331228273,1.762299624964,0.));
#636 = CARTESIAN_POINT('',(-35.23671264221,0.920448794815,0.));
#637 = CARTESIAN_POINT('',(-35.180956171,8.437694987151E-15,0.));
#638 = CARTESIAN_POINT('',(-35.23671264221,-0.920448794815,0.));
#639 = CARTESIAN_POINT('',(-35.41331228273,-1.762299624964,0.));
#640 = CARTESIAN_POINT('',(-35.59467198571,-2.536724836927,0.));
#641 = CARTESIAN_POINT('',(-35.97908627898,-3.122464394193,0.));
#642 = CARTESIAN_POINT('',(-36.18852617454,-3.70161470848,0.));
#643 = CARTESIAN_POINT('',(-36.41596699683,-4.195664987059,0.));
#644 = CARTESIAN_POINT('',(-36.62120808893,-4.664941898023,0.));
#645 = CARTESIAN_POINT('',(-36.81547348146,-5.124670982086,0.));
#646 = CARTESIAN_POINT('',(-36.99622076399,-5.590507412458,0.));
#647 = CARTESIAN_POINT('',(-37.1632161275,-6.072216998921,0.));
#648 = CARTESIAN_POINT('',(-37.31258925865,-6.576400045319,0.));
#649 = CARTESIAN_POINT('',(-37.44527586694,-7.106755306629,0.));
#650 = CARTESIAN_POINT('',(-37.5393609446,-7.664432708511,0.));
#651 = CARTESIAN_POINT('',(-37.65868490103,-8.241857163763,0.));
#652 = CARTESIAN_POINT('',(-37.53328217866,-8.840981476291,0.));
#653 = CARTESIAN_POINT('',(-37.58751318329,-9.462721649164,0.));
#654 = CARTESIAN_POINT('',(-37.53943827201,-10.10705973272,0.));
#655 = CARTESIAN_POINT('',(-37.46561751904,-10.76201944465,0.));
#656 = CARTESIAN_POINT('',(-37.34237570863,-11.42114716251,0.));
#657 = CARTESIAN_POINT('',(-37.17539144879,-12.07794265522,0.));
#658 = CARTESIAN_POINT('',(-37.03436990489,-12.50941451489,0.));
#659 = CARTESIAN_POINT('',(-36.95656549323,-12.72314933171,0.));
#660 = VECTOR('',#661,1.);
#661 = DIRECTION('',(-0.,-0.,-1.));
#662 = ADVANCED_FACE('',(#663),#772,.F.);
#663 = FACE_BOUND('',#664,.F.);
#664 = EDGE_LOOP('',(#665,#666,#716,#724));
#665 = ORIENTED_EDGE('',*,*,#558,.T.);
#666 = ORIENTED_EDGE('',*,*,#667,.T.);
#667 = EDGE_CURVE('',#509,#668,#670,.T.);
#668 = VERTEX_POINT('',#669);
#669 = CARTESIAN_POINT('',(-20.6,-32.21614502078,5.));
#670 = B_SPLINE_CURVE_WITH_KNOTS('',3,(#671,#672,#673,#674,#675,#676,
    #677,#678,#679,#680,#681,#682,#683,#684,#685,#686,#687,#688,#689,
    #690,#691,#692,#693,#694,#695,#696,#697,#698,#699,#700,#701,#702,
    #703,#704,#705,#706,#707,#708,#709,#710,#711,#712,#713,#714,#715),
  .UNSPECIFIED.,.F.,.F.,(4,1,1,1,1,1,1,1,1,1,1,1,1,1,1,1,1,1,1,1,1,1,1,1
    ,1,1,1,1,1,1,1,1,1,1,1,1,1,1,1,1,1,1,4),(0.,0.682243031795,
    1.36073038675,2.031787479255,2.691905531904,3.33783397807,
    3.966685540456,4.554451155201,5.144017040623,5.71133018399,
    6.256551195988,6.781263747608,7.28892317091,7.785457048834,
    8.280047766171,8.78607405982,9.322008260957,9.911580910146,
    10.629001082897,11.399049790332,12.272210591893,13.213322186779,
    14.154433781664,15.027594583225,15.79764329066,16.515063463411,
    17.1046361126,17.640570313737,18.146596607386,18.641187324723,
    19.137721202647,19.645380625949,20.170093177569,20.715314189567,
    21.282627332934,21.872193218356,22.459958833101,23.088810395487,
    23.734738841653,24.394856894302,25.065913986807,25.744401341762,
    26.426644373557),.UNSPECIFIED.);
#671 = CARTESIAN_POINT('',(-36.95656549323,-12.72314933171,5.));
#672 = CARTESIAN_POINT('',(-36.87878103842,-12.93689141223,5.));
#673 = CARTESIAN_POINT('',(-36.70946504316,-13.35806493381,5.));
#674 = CARTESIAN_POINT('',(-36.41520240269,-13.9685348845,5.));
#675 = CARTESIAN_POINT('',(-36.08593197647,-14.5526743188,5.));
#676 = CARTESIAN_POINT('',(-35.7214819664,-15.10185363194,5.));
#677 = CARTESIAN_POINT('',(-35.34413694848,-15.62634719765,5.));
#678 = CARTESIAN_POINT('',(-34.90294670917,-16.06776878431,5.));
#679 = CARTESIAN_POINT('',(-34.61390108304,-16.60733195081,5.));
#680 = CARTESIAN_POINT('',(-34.15133234392,-16.97296478535,5.));
#681 = CARTESIAN_POINT('',(-33.72079086886,-17.33969373794,5.));
#682 = CARTESIAN_POINT('',(-33.2782412392,-17.66068013096,5.));
#683 = CARTESIAN_POINT('',(-32.8397321669,-17.95089155405,5.));
#684 = CARTESIAN_POINT('',(-32.40216934301,-18.21255995542,5.));
#685 = CARTESIAN_POINT('',(-31.96427500603,-18.45322925061,5.));
#686 = CARTESIAN_POINT('',(-31.51995092255,-18.68053077349,5.));
#687 = CARTESIAN_POINT('',(-31.06108174057,-18.90809131242,5.));
#688 = CARTESIAN_POINT('',(-30.56928256488,-19.14035964044,5.));
#689 = CARTESIAN_POINT('',(-30.03657165055,-19.44938915059,5.));
#690 = CARTESIAN_POINT('',(-29.36558708742,-19.65099493885,5.));
#691 = CARTESIAN_POINT('',(-28.72886656386,-20.12766329911,5.));
#692 = CARTESIAN_POINT('',(-28.05245210777,-20.65904238868,5.));
#693 = CARTESIAN_POINT('',(-27.41808709217,-21.32830750427,5.));
#694 = CARTESIAN_POINT('',(-26.86914594645,-22.06925175757,5.));
#695 = CARTESIAN_POINT('',(-26.4632978369,-22.82766296874,5.));
#696 = CARTESIAN_POINT('',(-26.1044364987,-23.53748286895,5.));
#697 = CARTESIAN_POINT('',(-26.022408802,-24.2332821466,5.));
#698 = CARTESIAN_POINT('',(-25.81057842399,-24.81156239644,5.));
#699 = CARTESIAN_POINT('',(-25.66723880441,-25.33622300947,5.));
#700 = CARTESIAN_POINT('',(-25.52281721863,-25.82763641039,5.));
#701 = CARTESIAN_POINT('',(-25.37612498402,-26.30468070789,5.));
#702 = CARTESIAN_POINT('',(-25.21515154983,-26.77771423048,5.));
#703 = CARTESIAN_POINT('',(-25.03344046643,-27.25406773292,5.));
#704 = CARTESIAN_POINT('',(-24.82378430825,-27.73630955185,5.));
#705 = CARTESIAN_POINT('',(-24.58452235651,-28.22787456044,5.));
#706 = CARTESIAN_POINT('',(-24.2981275833,-28.71555695738,5.));
#707 = CARTESIAN_POINT('',(-24.01837375169,-29.23458971338,5.));
#708 = CARTESIAN_POINT('',(-23.53720000832,-29.61293824757,5.));
#709 = CARTESIAN_POINT('',(-23.17909648849,-30.1240778699,5.));
#710 = CARTESIAN_POINT('',(-22.72809643328,-30.58676752099,5.));
#711 = CARTESIAN_POINT('',(-22.25054646801,-31.04104470343,5.));
#712 = CARTESIAN_POINT('',(-21.73245863375,-31.46674752028,5.));
#713 = CARTESIAN_POINT('',(-21.1823612646,-31.8625466445,5.));
#714 = CARTESIAN_POINT('',(-20.79698772921,-32.10242636385,5.));
#715 = CARTESIAN_POINT('',(-20.6,-32.21614502078,5.));
#716 = ORIENTED_EDGE('',*,*,#717,.F.);
#717 = EDGE_CURVE('',#718,#668,#720,.T.);
#718 = VERTEX_POINT('',#719);
#719 = CARTESIAN_POINT('',(-20.6,-32.21614502078,0.));
#720 = LINE('',#721,#722);
#721 = CARTESIAN_POINT('',(-20.6,-32.21614502078,0.));
#722 = VECTOR('',#723,1.);
#723 = DIRECTION('',(0.,0.,1.));
#724 = ORIENTED_EDGE('',*,*,#725,.F.);
#725 = EDGE_CURVE('',#559,#718,#726,.T.);
#726 = B_SPLINE_CURVE_WITH_KNOTS('',3,(#727,#728,#729,#730,#731,#732,
    #733,#734,#735,#736,#737,#738,#739,#740,#741,#742,#743,#744,#745,
    #746,#747,#748,#749,#750,#751,#752,#753,#754,#755,#756,#757,#758,
    #759,#760,#761,#762,#763,#764,#765,#766,#767,#768,#769,#770,#771),
  .UNSPECIFIED.,.F.,.F.,(4,1,1,1,1,1,1,1,1,1,1,1,1,1,1,1,1,1,1,1,1,1,1,1
    ,1,1,1,1,1,1,1,1,1,1,1,1,1,1,1,1,1,1,4),(0.,0.682243031795,
    1.36073038675,2.031787479255,2.691905531904,3.33783397807,
    3.966685540456,4.554451155201,5.144017040623,5.71133018399,
    6.256551195988,6.781263747608,7.28892317091,7.785457048834,
    8.280047766171,8.78607405982,9.322008260957,9.911580910146,
    10.629001082897,11.399049790332,12.272210591893,13.213322186779,
    14.154433781664,15.027594583225,15.79764329066,16.515063463411,
    17.1046361126,17.640570313737,18.146596607386,18.641187324723,
    19.137721202647,19.645380625949,20.170093177569,20.715314189567,
    21.282627332934,21.872193218356,22.459958833101,23.088810395487,
    23.734738841653,24.394856894302,25.065913986807,25.744401341762,
    26.426644373557),.UNSPECIFIED.);
#727 = CARTESIAN_POINT('',(-36.95656549323,-12.72314933171,0.));
#728 = CARTESIAN_POINT('',(-36.87878103842,-12.93689141223,0.));
#729 = CARTESIAN_POINT('',(-36.70946504316,-13.35806493381,0.));
#730 = CARTESIAN_POINT('',(-36.41520240269,-13.9685348845,0.));
#731 = CARTESIAN_POINT('',(-36.08593197647,-14.5526743188,0.));
#732 = CARTESIAN_POINT('',(-35.7214819664,-15.10185363194,0.));
#733 = CARTESIAN_POINT('',(-35.34413694848,-15.62634719765,0.));
#734 = CARTESIAN_POINT('',(-34.90294670917,-16.06776878431,0.));
#735 = CARTESIAN_POINT('',(-34.61390108304,-16.60733195081,0.));
#736 = CARTESIAN_POINT('',(-34.15133234392,-16.97296478535,0.));
#737 = CARTESIAN_POINT('',(-33.72079086886,-17.33969373794,0.));
#738 = CARTESIAN_POINT('',(-33.2782412392,-17.66068013096,0.));
#739 = CARTESIAN_POINT('',(-32.8397321669,-17.95089155405,0.));
#740 = CARTESIAN_POINT('',(-32.40216934301,-18.21255995542,0.));
#741 = CARTESIAN_POINT('',(-31.96427500603,-18.45322925061,0.));
#742 = CARTESIAN_POINT('',(-31.51995092255,-18.68053077349,0.));
#743 = CARTESIAN_POINT('',(-31.06108174057,-18.90809131242,0.));
#744 = CARTESIAN_POINT('',(-30.56928256488,-19.14035964044,0.));
#745 = CARTESIAN_POINT('',(-30.03657165055,-19.44938915059,0.));
#746 = CARTESIAN_POINT('',(-29.36558708742,-19.65099493885,0.));
#747 = CARTESIAN_POINT('',(-28.72886656386,-20.12766329911,0.));
#748 = CARTESIAN_POINT('',(-28.05245210777,-20.65904238868,0.));
#749 = CARTESIAN_POINT('',(-27.41808709217,-21.32830750427,0.));
#750 = CARTESIAN_POINT('',(-26.86914594645,-22.06925175757,0.));
#751 = CARTESIAN_POINT('',(-26.4632978369,-22.82766296874,0.));
#752 = CARTESIAN_POINT('',(-26.1044364987,-23.53748286895,0.));
#753 = CARTESIAN_POINT('',(-26.022408802,-24.2332821466,0.));
#754 = CARTESIAN_POINT('',(-25.81057842399,-24.81156239644,0.));
#755 = CARTESIAN_POINT('',(-25.66723880441,-25.33622300947,0.));
#756 = CARTESIAN_POINT('',(-25.52281721863,-25.82763641039,0.));
#757 = CARTESIAN_POINT('',(-25.37612498402,-26.30468070789,0.));
#758 = CARTESIAN_POINT('',(-25.21515154983,-26.77771423048,0.));
#759 = CARTESIAN_POINT('',(-25.03344046643,-27.25406773292,0.));
#760 = CARTESIAN_POINT('',(-24.82378430825,-27.73630955185,0.));
#761 = CARTESIAN_POINT('',(-24.58452235651,-28.22787456044,0.));
#762 = CARTESIAN_POINT('',(-24.2981275833,-28.71555695738,0.));
#763 = CARTESIAN_POINT('',(-24.01837375169,-29.23458971338,0.));
#764 = CARTESIAN_POINT('',(-23.53720000832,-29.61293824757,0.));
#765 = CARTESIAN_POINT('',(-23.17909648849,-30.1240778699,0.));
#766 = CARTESIAN_POINT('',(-22.72809643328,-30.58676752099,0.));
#767 = CARTESIAN_POINT('',(-22.25054646801,-31.04104470343,0.));
#768 = CARTESIAN_POINT('',(-21.73245863375,-31.46674752028,0.));
#769 = CARTESIAN_POINT('',(-21.1823612646,-31.8625466445,0.));
#770 = CARTESIAN_POINT('',(-20.79698772921,-32.10242636385,0.));
#771 = CARTESIAN_POINT('',(-20.6,-32.21614502078,0.));
#772 = SURFACE_OF_LINEAR_EXTRUSION('',#773,#819);
#773 = B_SPLINE_CURVE_WITH_KNOTS('',3,(#774,#775,#776,#777,#778,#779,
    #780,#781,#782,#783,#784,#785,#786,#787,#788,#789,#790,#791,#792,
    #793,#794,#795,#796,#797,#798,#799,#800,#801,#802,#803,#804,#805,
    #806,#807,#808,#809,#810,#811,#812,#813,#814,#815,#816,#817,#818),
  .UNSPECIFIED.,.F.,.F.,(4,1,1,1,1,1,1,1,1,1,1,1,1,1,1,1,1,1,1,1,1,1,1,1
    ,1,1,1,1,1,1,1,1,1,1,1,1,1,1,1,1,1,1,4),(0.,0.682243031795,
    1.36073038675,2.031787479255,2.691905531904,3.33783397807,
    3.966685540456,4.554451155201,5.144017040623,5.71133018399,
    6.256551195988,6.781263747608,7.28892317091,7.785457048834,
    8.280047766171,8.78607405982,9.322008260957,9.911580910146,
    10.629001082897,11.399049790332,12.272210591893,13.213322186779,
    14.154433781664,15.027594583225,15.79764329066,16.515063463411,
    17.1046361126,17.640570313737,18.146596607386,18.641187324723,
    19.137721202647,19.645380625949,20.170093177569,20.715314189567,
    21.282627332934,21.872193218356,22.459958833101,23.088810395487,
    23.734738841653,24.394856894302,25.065913986807,25.744401341762,
    26.426644373557),.UNSPECIFIED.);
#774 = CARTESIAN_POINT('',(-36.95656549323,-12.72314933171,0.));
#775 = CARTESIAN_POINT('',(-36.87878103842,-12.93689141223,0.));
#776 = CARTESIAN_POINT('',(-36.70946504316,-13.35806493381,0.));
#777 = CARTESIAN_POINT('',(-36.41520240269,-13.9685348845,0.));
#778 = CARTESIAN_POINT('',(-36.08593197647,-14.5526743188,0.));
#779 = CARTESIAN_POINT('',(-35.7214819664,-15.10185363194,0.));
#780 = CARTESIAN_POINT('',(-35.34413694848,-15.62634719765,0.));
#781 = CARTESIAN_POINT('',(-34.90294670917,-16.06776878431,0.));
#782 = CARTESIAN_POINT('',(-34.61390108304,-16.60733195081,0.));
#783 = CARTESIAN_POINT('',(-34.15133234392,-16.97296478535,0.));
#784 = CARTESIAN_POINT('',(-33.72079086886,-17.33969373794,0.));
#785 = CARTESIAN_POINT('',(-33.2782412392,-17.66068013096,0.));
#786 = CARTESIAN_POINT('',(-32.8397321669,-17.95089155405,0.));
#787 = CARTESIAN_POINT('',(-32.40216934301,-18.21255995542,0.));
#788 = CARTESIAN_POINT('',(-31.96427500603,-18.45322925061,0.));
#789 = CARTESIAN_POINT('',(-31.51995092255,-18.68053077349,0.));
#790 = CARTESIAN_POINT('',(-31.06108174057,-18.90809131242,0.));
#791 = CARTESIAN_POINT('',(-30.56928256488,-19.14035964044,0.));
#792 = CARTESIAN_POINT('',(-30.03657165055,-19.44938915059,0.));
#793 = CARTESIAN_POINT('',(-29.36558708742,-19.65099493885,0.));
#794 = CARTESIAN_POINT('',(-28.72886656386,-20.12766329911,0.));
#795 = CARTESIAN_POINT('',(-28.05245210777,-20.65904238868,0.));
#796 = CARTESIAN_POINT('',(-27.41808709217,-21.32830750427,0.));
#797 = CARTESIAN_POINT('',(-26.86914594645,-22.06925175757,0.));
#798 = CARTESIAN_POINT('',(-26.4632978369,-22.82766296874,0.));
#799 = CARTESIAN_POINT('',(-26.1044364987,-23.53748286895,0.));
#800 = CARTESIAN_POINT('',(-26.022408802,-24.2332821466,0.));
#801 = CARTESIAN_POINT('',(-25.81057842399,-24.81156239644,0.));
#802 = CARTESIAN_POINT('',(-25.66723880441,-25.33622300947,0.));
#803 = CARTESIAN_POINT('',(-25.52281721863,-25.82763641039,0.));
#804 = CARTESIAN_POINT('',(-25.37612498402,-26.30468070789,0.));
#805 = CARTESIAN_POINT('',(-25.21515154983,-26.77771423048,0.));
#806 = CARTESIAN_POINT('',(-25.03344046643,-27.25406773292,0.));
#807 = CARTESIAN_POINT('',(-24.82378430825,-27.73630955185,0.));
#808 = CARTESIAN_POINT('',(-24.58452235651,-28.22787456044,0.));
#809 = CARTESIAN_POINT('',(-24.2981275833,-28.71555695738,0.));
#810 = CARTESIAN_POINT('',(-24.01837375169,-29.23458971338,0.));
#811 = CARTESIAN_POINT('',(-23.53720000832,-29.61293824757,0.));
#812 = CARTESIAN_POINT('',(-23.17909648849,-30.1240778699,0.));
#813 = CARTESIAN_POINT('',(-22.72809643328,-30.58676752099,0.));
#814 = CARTESIAN_POINT('',(-22.25054646801,-31.04104470343,0.));
#815 = CARTESIAN_POINT('',(-21.73245863375,-31.46674752028,0.));
#816 = CARTESIAN_POINT('',(-21.1823612646,-31.8625466445,0.));
#817 = CARTESIAN_POINT('',(-20.79698772921,-32.10242636385,0.));
#818 = CARTESIAN_POINT('',(-20.6,-32.21614502078,0.));
#819 = VECTOR('',#820,1.);
#820 = DIRECTION('',(-0.,-0.,-1.));
#821 = ADVANCED_FACE('',(#822),#931,.F.);
#822 = FACE_BOUND('',#823,.F.);
#823 = EDGE_LOOP('',(#824,#825,#875,#883));
#824 = ORIENTED_EDGE('',*,*,#717,.T.);
#825 = ORIENTED_EDGE('',*,*,#826,.T.);
#826 = EDGE_CURVE('',#668,#827,#829,.T.);
#827 = VERTEX_POINT('',#828);
#828 = CARTESIAN_POINT('',(4.45971220921,-36.63484841205,5.));
#829 = B_SPLINE_CURVE_WITH_KNOTS('',3,(#830,#831,#832,#833,#834,#835,
    #836,#837,#838,#839,#840,#841,#842,#843,#844,#845,#846,#847,#848,
    #849,#850,#851,#852,#853,#854,#855,#856,#857,#858,#859,#860,#861,
    #862,#863,#864,#865,#866,#867,#868,#869,#870,#871,#872,#873,#874),
  .UNSPECIFIED.,.F.,.F.,(4,1,1,1,1,1,1,1,1,1,1,1,1,1,1,1,1,1,1,1,1,1,1,1
    ,1,1,1,1,1,1,1,1,1,1,1,1,1,1,1,1,1,1,4),(0.,0.682243031795,
    1.36073038675,2.031787479255,2.691905531904,3.33783397807,
    3.966685540456,4.554451155201,5.144017040623,5.71133018399,
    6.256551195988,6.781263747608,7.28892317091,7.785457048834,
    8.280047766171,8.78607405982,9.322008260957,9.911580910146,
    10.629001082897,11.399049790332,12.272210591893,13.213322186779,
    14.154433781664,15.027594583225,15.79764329066,16.515063463411,
    17.1046361126,17.640570313737,18.146596607386,18.641187324723,
    19.137721202647,19.645380625949,20.170093177569,20.715314189567,
    21.282627332934,21.872193218356,22.459958833101,23.088810395487,
    23.734738841653,24.394856894302,25.065913986807,25.744401341762,
    26.426644373557),.UNSPECIFIED.);
#830 = CARTESIAN_POINT('',(-20.6,-32.21614502078,5.));
#831 = CARTESIAN_POINT('',(-20.4030228896,-32.32988207004,5.));
#832 = CARTESIAN_POINT('',(-20.0025941911,-32.54368548196,5.));
#833 = CARTESIAN_POINT('',(-19.38477341016,-32.82218421609,5.));
#834 = CARTESIAN_POINT('',(-18.75706003917,-33.05801003354,5.));
#835 = CARTESIAN_POINT('',(-18.12486947618,-33.24444184381,5.));
#836 = CARTESIAN_POINT('',(-17.49866845667,-33.40367452318,5.));
#837 = CARTESIAN_POINT('',(-16.87695679893,-33.45823145737,5.));
#838 = CARTESIAN_POINT('',(-16.30871048515,-33.68576587567,5.));
#839 = CARTESIAN_POINT('',(-15.71933801726,-33.66852342266,5.));
#840 = CARTESIAN_POINT('',(-15.15379528592,-33.6727073733,5.));
#841 = CARTESIAN_POINT('',(-14.608456525,-33.63413179737,5.));
#842 = CARTESIAN_POINT('',(-14.08599477996,-33.57457844695,5.));
#843 = CARTESIAN_POINT('',(-13.58260500395,-33.4937681101,5.));
#844 = CARTESIAN_POINT('',(-13.09245923946,-33.39665843215,5.));
#845 = CARTESIAN_POINT('',(-12.60598064179,-33.28517548511,5.));
#846 = CARTESIAN_POINT('',(-12.10819335994,-33.16454154679,5.));
#847 = CARTESIAN_POINT('',(-11.5821541309,-33.0263469922,5.));
#848 = CARTESIAN_POINT('',(-10.97543355503,-32.92065735593,5.));
#849 = CARTESIAN_POINT('',(-10.3318398563,-32.64379578626,5.));
#850 = CARTESIAN_POINT('',(-9.537687121508,-32.59966887147,5.));
#851 = CARTESIAN_POINT('',(-8.677959691345,-32.57193803883,5.));
#852 = CARTESIAN_POINT('',(-7.761812572341,-32.67686288956,5.));
#853 = CARTESIAN_POINT('',(-6.865029472576,-32.89160655054,5.));
#854 = CARTESIAN_POINT('',(-6.066634453917,-33.21170910823,5.));
#855 = CARTESIAN_POINT('',(-5.335467282974,-33.52479107661,5.));
#856 = CARTESIAN_POINT('',(-4.825379267227,-34.00507785969,5.));
#857 = CARTESIAN_POINT('',(-4.291396403753,-34.3119042893,5.));
#858 = CARTESIAN_POINT('',(-3.844346543349,-34.621680705,5.));
#859 = CARTESIAN_POINT('',(-3.417838744746,-34.90529280414,5.));
#860 = CARTESIAN_POINT('',(-2.998827809873,-35.17643798651,5.));
#861 = CARTESIAN_POINT('',(-2.571454917837,-35.43533095892,5.));
#862 = CARTESIAN_POINT('',(-2.12606202294,-35.68343727947,5.));
#863 = CARTESIAN_POINT('',(-1.655477021925,-35.91809156433,5.));
#864 = CARTESIAN_POINT('',(-1.156219836468,-36.14085758954,5.));
#865 = CARTESIAN_POINT('',(-0.623352509696,-36.33035296802,5.));
#866 = CARTESIAN_POINT('',(-7.542081697033E-02,-36.54813282983,5.));
#867 = CARTESIAN_POINT('',(0.536377405238,-36.52867210166,5.));
#868 = CARTESIAN_POINT('',(1.139254832716,-36.69004326348,5.));
#869 = CARTESIAN_POINT('',(1.782152093703,-36.75458685213,5.));
#870 = CARTESIAN_POINT('',(2.439980335149,-36.7956201627,5.));
#871 = CARTESIAN_POINT('',(3.110495137714,-36.78870699937,5.));
#872 = CARTESIAN_POINT('',(3.786308943497,-36.73831094605,5.));
#873 = CARTESIAN_POINT('',(4.235713910221,-36.67435613843,5.));
#874 = CARTESIAN_POINT('',(4.45971220921,-36.63484841205,5.));
#875 = ORIENTED_EDGE('',*,*,#876,.F.);
#876 = EDGE_CURVE('',#877,#827,#879,.T.);
#877 = VERTEX_POINT('',#878);
#878 = CARTESIAN_POINT('',(4.45971220921,-36.63484841205,0.));
#879 = LINE('',#880,#881);
#880 = CARTESIAN_POINT('',(4.45971220921,-36.63484841205,0.));
#881 = VECTOR('',#882,1.);
#882 = DIRECTION('',(0.,0.,1.));
#883 = ORIENTED_EDGE('',*,*,#884,.F.);
#884 = EDGE_CURVE('',#718,#877,#885,.T.);
#885 = B_SPLINE_CURVE_WITH_KNOTS('',3,(#886,#887,#888,#889,#890,#891,
    #892,#893,#894,#895,#896,#897,#898,#899,#900,#901,#902,#903,#904,
    #905,#906,#907,#908,#909,#910,#911,#912,#913,#914,#915,#916,#917,
    #918,#919,#920,#921,#922,#923,#924,#925,#926,#927,#928,#929,#930),
  .UNSPECIFIED.,.F.,.F.,(4,1,1,1,1,1,1,1,1,1,1,1,1,1,1,1,1,1,1,1,1,1,1,1
    ,1,1,1,1,1,1,1,1,1,1,1,1,1,1,1,1,1,1,4),(0.,0.682243031795,
    1.36073038675,2.031787479255,2.691905531904,3.33783397807,
    3.966685540456,4.554451155201,5.144017040623,5.71133018399,
    6.256551195988,6.781263747608,7.28892317091,7.785457048834,
    8.280047766171,8.78607405982,9.322008260957,9.911580910146,
    10.629001082897,11.399049790332,12.272210591893,13.213322186779,
    14.154433781664,15.027594583225,15.79764329066,16.515063463411,
    17.1046361126,17.640570313737,18.146596607386,18.641187324723,
    19.137721202647,19.645380625949,20.170093177569,20.715314189567,
    21.282627332934,21.872193218356,22.459958833101,23.088810395487,
    23.734738841653,24.394856894302,25.065913986807,25.744401341762,
    26.426644373557),.UNSPECIFIED.);
#886 = CARTESIAN_POINT('',(-20.6,-32.21614502078,0.));
#887 = CARTESIAN_POINT('',(-20.4030228896,-32.32988207004,0.));
#888 = CARTESIAN_POINT('',(-20.0025941911,-32.54368548196,0.));
#889 = CARTESIAN_POINT('',(-19.38477341016,-32.82218421609,0.));
#890 = CARTESIAN_POINT('',(-18.75706003917,-33.05801003354,0.));
#891 = CARTESIAN_POINT('',(-18.12486947618,-33.24444184381,0.));
#892 = CARTESIAN_POINT('',(-17.49866845667,-33.40367452318,0.));
#893 = CARTESIAN_POINT('',(-16.87695679893,-33.45823145737,0.));
#894 = CARTESIAN_POINT('',(-16.30871048515,-33.68576587567,0.));
#895 = CARTESIAN_POINT('',(-15.71933801726,-33.66852342266,0.));
#896 = CARTESIAN_POINT('',(-15.15379528592,-33.6727073733,0.));
#897 = CARTESIAN_POINT('',(-14.608456525,-33.63413179737,0.));
#898 = CARTESIAN_POINT('',(-14.08599477996,-33.57457844695,0.));
#899 = CARTESIAN_POINT('',(-13.58260500395,-33.4937681101,0.));
#900 = CARTESIAN_POINT('',(-13.09245923946,-33.39665843215,0.));
#901 = CARTESIAN_POINT('',(-12.60598064179,-33.28517548511,0.));
#902 = CARTESIAN_POINT('',(-12.10819335994,-33.16454154679,0.));
#903 = CARTESIAN_POINT('',(-11.5821541309,-33.0263469922,0.));
#904 = CARTESIAN_POINT('',(-10.97543355503,-32.92065735593,0.));
#905 = CARTESIAN_POINT('',(-10.3318398563,-32.64379578626,0.));
#906 = CARTESIAN_POINT('',(-9.537687121508,-32.59966887147,0.));
#907 = CARTESIAN_POINT('',(-8.677959691345,-32.57193803883,0.));
#908 = CARTESIAN_POINT('',(-7.761812572341,-32.67686288956,0.));
#909 = CARTESIAN_POINT('',(-6.865029472576,-32.89160655054,0.));
#910 = CARTESIAN_POINT('',(-6.066634453917,-33.21170910823,0.));
#911 = CARTESIAN_POINT('',(-5.335467282974,-33.52479107661,0.));
#912 = CARTESIAN_POINT('',(-4.825379267227,-34.00507785969,0.));
#913 = CARTESIAN_POINT('',(-4.291396403753,-34.3119042893,0.));
#914 = CARTESIAN_POINT('',(-3.844346543349,-34.621680705,0.));
#915 = CARTESIAN_POINT('',(-3.417838744746,-34.90529280414,0.));
#916 = CARTESIAN_POINT('',(-2.998827809873,-35.17643798651,0.));
#917 = CARTESIAN_POINT('',(-2.571454917837,-35.43533095892,0.));
#918 = CARTESIAN_POINT('',(-2.12606202294,-35.68343727947,0.));
#919 = CARTESIAN_POINT('',(-1.655477021925,-35.91809156433,0.));
#920 = CARTESIAN_POINT('',(-1.156219836468,-36.14085758954,0.));
#921 = CARTESIAN_POINT('',(-0.623352509696,-36.33035296802,0.));
#922 = CARTESIAN_POINT('',(-7.542081697033E-02,-36.54813282983,0.));
#923 = CARTESIAN_POINT('',(0.536377405238,-36.52867210166,0.));
#924 = CARTESIAN_POINT('',(1.139254832716,-36.69004326348,0.));
#925 = CARTESIAN_POINT('',(1.782152093703,-36.75458685213,0.));
#926 = CARTESIAN_POINT('',(2.439980335149,-36.7956201627,0.));
#927 = CARTESIAN_POINT('',(3.110495137714,-36.78870699937,0.));
#928 = CARTESIAN_POINT('',(3.786308943497,-36.73831094605,0.));
#929 = CARTESIAN_POINT('',(4.235713910221,-36.67435613843,0.));
#930 = CARTESIAN_POINT('',(4.45971220921,-36.63484841205,0.));
#931 = SURFACE_OF_LINEAR_EXTRUSION('',#932,#978);
#932 = B_SPLINE_CURVE_WITH_KNOTS('',3,(#933,#934,#935,#936,#937,#938,
    #939,#940,#941,#942,#943,#944,#945,#946,#947,#948,#949,#950,#951,
    #952,#953,#954,#955,#956,#957,#958,#959,#960,#961,#962,#963,#964,
    #965,#966,#967,#968,#969,#970,#971,#972,#973,#974,#975,#976,#977),
  .UNSPECIFIED.,.F.,.F.,(4,1,1,1,1,1,1,1,1,1,1,1,1,1,1,1,1,1,1,1,1,1,1,1
    ,1,1,1,1,1,1,1,1,1,1,1,1,1,1,1,1,1,1,4),(0.,0.682243031795,
    1.36073038675,2.031787479255,2.691905531904,3.33783397807,
    3.966685540456,4.554451155201,5.144017040623,5.71133018399,
    6.256551195988,6.781263747608,7.28892317091,7.785457048834,
    8.280047766171,8.78607405982,9.322008260957,9.911580910146,
    10.629001082897,11.399049790332,12.272210591893,13.213322186779,
    14.154433781664,15.027594583225,15.79764329066,16.515063463411,
    17.1046361126,17.640570313737,18.146596607386,18.641187324723,
    19.137721202647,19.645380625949,20.170093177569,20.715314189567,
    21.282627332934,21.872193218356,22.459958833101,23.088810395487,
    23.734738841653,24.394856894302,25.065913986807,25.744401341762,
    26.426644373557),.UNSPECIFIED.);
#933 = CARTESIAN_POINT('',(-20.6,-32.21614502078,0.));
#934 = CARTESIAN_POINT('',(-20.4030228896,-32.32988207004,0.));
#935 = CARTESIAN_POINT('',(-20.0025941911,-32.54368548196,0.));
#936 = CARTESIAN_POINT('',(-19.38477341016,-32.82218421609,0.));
#937 = CARTESIAN_POINT('',(-18.75706003917,-33.05801003354,0.));
#938 = CARTESIAN_POINT('',(-18.12486947618,-33.24444184381,0.));
#939 = CARTESIAN_POINT('',(-17.49866845667,-33.40367452318,0.));
#940 = CARTESIAN_POINT('',(-16.87695679893,-33.45823145737,0.));
#941 = CARTESIAN_POINT('',(-16.30871048515,-33.68576587567,0.));
#942 = CARTESIAN_POINT('',(-15.71933801726,-33.66852342266,0.));
#943 = CARTESIAN_POINT('',(-15.15379528592,-33.6727073733,0.));
#944 = CARTESIAN_POINT('',(-14.608456525,-33.63413179737,0.));
#945 = CARTESIAN_POINT('',(-14.08599477996,-33.57457844695,0.));
#946 = CARTESIAN_POINT('',(-13.58260500395,-33.4937681101,0.));
#947 = CARTESIAN_POINT('',(-13.09245923946,-33.39665843215,0.));
#948 = CARTESIAN_POINT('',(-12.60598064179,-33.28517548511,0.));
#949 = CARTESIAN_POINT('',(-12.10819335994,-33.16454154679,0.));
#950 = CARTESIAN_POINT('',(-11.5821541309,-33.0263469922,0.));
#951 = CARTESIAN_POINT('',(-10.97543355503,-32.92065735593,0.));
#952 = CARTESIAN_POINT('',(-10.3318398563,-32.64379578626,0.));
#953 = CARTESIAN_POINT('',(-9.537687121508,-32.59966887147,0.));
#954 = CARTESIAN_POINT('',(-8.677959691345,-32.57193803883,0.));
#955 = CARTESIAN_POINT('',(-7.761812572341,-32.67686288956,0.));
#956 = CARTESIAN_POINT('',(-6.865029472576,-32.89160655054,0.));
#957 = CARTESIAN_POINT('',(-6.066634453917,-33.21170910823,0.));
#958 = CARTESIAN_POINT('',(-5.335467282974,-33.52479107661,0.));
#959 = CARTESIAN_POINT('',(-4.825379267227,-34.00507785969,0.));
#960 = CARTESIAN_POINT('',(-4.291396403753,-34.3119042893,0.));
#961 = CARTESIAN_POINT('',(-3.844346543349,-34.621680705,0.));
#962 = CARTESIAN_POINT('',(-3.417838744746,-34.90529280414,0.));
#963 = CARTESIAN_POINT('',(-2.998827809873,-35.17643798651,0.));
#964 = CARTESIAN_POINT('',(-2.571454917837,-35.43533095892,0.));
#965 = CARTESIAN_POINT('',(-2.12606202294,-35.68343727947,0.));
#966 = CARTESIAN_POINT('',(-1.655477021925,-35.91809156433,0.));
#967 = CARTESIAN_POINT('',(-1.156219836468,-36.14085758954,0.));
#968 = CARTESIAN_POINT('',(-0.623352509696,-36.33035296802,0.));
#969 = CARTESIAN_POINT('',(-7.542081697033E-02,-36.54813282983,0.));
#970 = CARTESIAN_POINT('',(0.536377405238,-36.52867210166,0.));
#971 = CARTESIAN_POINT('',(1.139254832716,-36.69004326348,0.));
#972 = CARTESIAN_POINT('',(1.782152093703,-36.75458685213,0.));
#973 = CARTESIAN_POINT('',(2.439980335149,-36.7956201627,0.));
#974 = CARTESIAN_POINT('',(3.110495137714,-36.78870699937,0.));
#975 = CARTESIAN_POINT('',(3.786308943497,-36.73831094605,0.));
#976 = CARTESIAN_POINT('',(4.235713910221,-36.67435613843,0.));
#977 = CARTESIAN_POINT('',(4.45971220921,-36.63484841205,0.));
#978 = VECTOR('',#979,1.);
#979 = DIRECTION('',(-0.,-0.,-1.));
#980 = ADVANCED_FACE('',(#981),#1090,.F.);
#981 = FACE_BOUND('',#982,.F.);
#982 = EDGE_LOOP('',(#983,#984,#1034,#1042));
#983 = ORIENTED_EDGE('',*,*,#876,.T.);
#984 = ORIENTED_EDGE('',*,*,#985,.T.);
#985 = EDGE_CURVE('',#827,#986,#988,.T.);
#986 = VERTEX_POINT('',#987);
#987 = CARTESIAN_POINT('',(26.496853284026,-23.91169908033,5.));
#988 = B_SPLINE_CURVE_WITH_KNOTS('',3,(#989,#990,#991,#992,#993,#994,
    #995,#996,#997,#998,#999,#1000,#1001,#1002,#1003,#1004,#1005,#1006,
    #1007,#1008,#1009,#1010,#1011,#1012,#1013,#1014,#1015,#1016,#1017,
    #1018,#1019,#1020,#1021,#1022,#1023,#1024,#1025,#1026,#1027,#1028,
    #1029,#1030,#1031,#1032,#1033),.UNSPECIFIED.,.F.,.F.,(4,1,1,1,1,1,1,
    1,1,1,1,1,1,1,1,1,1,1,1,1,1,1,1,1,1,1,1,1,1,1,1,1,1,1,1,1,1,1,1,1,1,
    1,4),(0.,0.682243031795,1.36073038675,2.031787479255,2.691905531904,
    3.33783397807,3.966685540456,4.554451155201,5.144017040623,
    5.71133018399,6.256551195988,6.781263747608,7.28892317091,
    7.785457048834,8.280047766171,8.78607405982,9.322008260957,
    9.911580910146,10.629001082897,11.399049790332,12.272210591893,
    13.213322186779,14.154433781664,15.027594583225,15.79764329066,
    16.515063463411,17.1046361126,17.640570313737,18.146596607386,
    18.641187324723,19.137721202647,19.645380625949,20.170093177569,
    20.715314189567,21.282627332934,21.872193218356,22.459958833101,
    23.088810395487,23.734738841653,24.394856894302,25.065913986807,
    25.744401341762,26.426644373557),.UNSPECIFIED.);
#989 = CARTESIAN_POINT('',(4.45971220921,-36.63484841205,5.));
#990 = CARTESIAN_POINT('',(4.683714196076,-36.59536160066,5.));
#991 = CARTESIAN_POINT('',(5.127890559522,-36.50175391032,5.));
#992 = CARTESIAN_POINT('',(5.780184271218,-36.31796877502,5.));
#993 = CARTESIAN_POINT('',(6.41262652443,-36.09513545472,5.));
#994 = CARTESIAN_POINT('',(7.0167486499,-35.83158624615,5.));
#995 = CARTESIAN_POINT('',(7.59879925453,-35.55105129882,5.));
#996 = CARTESIAN_POINT('',(8.110126536479,-35.19321578471,5.));
#997 = CARTESIAN_POINT('',(8.691684772335,-35.00225557172,5.));
#998 = CARTESIAN_POINT('',(9.132087041135,-34.61020576654,5.));
#999 = CARTESIAN_POINT('',(9.568007299451,-34.24988699823,5.));
#1000 = CARTESIAN_POINT('',(9.96096512463,-33.86979939405,5.));
#1001 = CARTESIAN_POINT('',(10.322913885397,-33.48834694464,5.));
#1002 = CARTESIAN_POINT('',(10.656588942766,-33.1028699243,5.));
#1003 = CARTESIAN_POINT('',(10.969641484209,-32.71341997077,5.));
#1004 = CARTESIAN_POINT('',(11.2706458536,-32.31531666373,5.));
#1005 = CARTESIAN_POINT('',(11.574431033857,-31.90293420859,5.));
#1006 = CARTESIAN_POINT('',(11.888570714707,-31.45893953934,5.));
#1007 = CARTESIAN_POINT('',(12.285409651708,-30.98798411208,5.));
#1008 = CARTESIAN_POINT('',(12.600467841669,-30.36220178989,5.));
#1009 = CARTESIAN_POINT('',(13.180459897067,-29.81792707391,5.));
#1010 = CARTESIAN_POINT('',(13.821224281915,-29.24406188385,5.));
#1011 = CARTESIAN_POINT('',(14.590478085502,-28.73555096594,5.));
#1012 = CARTESIAN_POINT('',(15.415488360301,-28.32361308903,5.));
#1013 = CARTESIAN_POINT('',(16.232852385665,-28.05562744894,5.));
#1014 = CARTESIAN_POINT('',(16.994204144048,-27.82547695297,5.));
#1015 = CARTESIAN_POINT('',(17.693676627276,-27.86551971788,5.));
#1016 = CARTESIAN_POINT('',(18.299955459839,-27.75732483086,5.));
#1017 = CARTESIAN_POINT('',(18.841535962981,-27.70726922153,5.));
#1018 = CARTESIAN_POINT('',(19.350562235333,-27.65037476571,5.));
#1019 = CARTESIAN_POINT('',(19.845831997255,-27.58874898868,5.));
#1020 = CARTESIAN_POINT('',(20.339631821233,-27.51236251184,5.));
#1021 = CARTESIAN_POINT('',(20.840302242111,-27.41612994572,5.));
#1022 = CARTESIAN_POINT('',(21.351624134021,-27.29339934873,5.));
#1023 = CARTESIAN_POINT('',(21.877268567492,-27.1431316916,5.));
#1024 = CARTESIAN_POINT('',(22.407273903469,-26.94577305803,5.));
#1025 = CARTESIAN_POINT('',(22.967000128698,-26.76039840795,5.));
#1026 = CARTESIAN_POINT('',(23.42315564219,-26.35223430842,5.));
#1027 = CARTESIAN_POINT('',(23.988713928765,-26.08832964966,5.));
#1028 = CARTESIAN_POINT('',(24.522689622112,-25.72452651342,5.));
#1029 = CARTESIAN_POINT('',(25.052990994615,-25.33311601006,5.));
#1030 = CARTESIAN_POINT('',(25.562191437416,-24.89682161251,5.));
#1031 = CARTESIAN_POINT('',(26.047500889271,-24.4238112551,5.));
#1032 = CARTESIAN_POINT('',(26.350655708819,-24.08594708577,5.));
#1033 = CARTESIAN_POINT('',(26.496853284026,-23.91169908033,5.));
#1034 = ORIENTED_EDGE('',*,*,#1035,.F.);
#1035 = EDGE_CURVE('',#1036,#986,#1038,.T.);
#1036 = VERTEX_POINT('',#1037);
#1037 = CARTESIAN_POINT('',(26.496853284026,-23.91169908033,0.));
#1038 = LINE('',#1039,#1040);
#1039 = CARTESIAN_POINT('',(26.496853284026,-23.91169908033,0.));
#1040 = VECTOR('',#1041,1.);
#1041 = DIRECTION('',(0.,0.,1.));
#1042 = ORIENTED_EDGE('',*,*,#1043,.F.);
#1043 = EDGE_CURVE('',#877,#1036,#1044,.T.);
#1044 = B_SPLINE_CURVE_WITH_KNOTS('',3,(#1045,#1046,#1047,#1048,#1049,
    #1050,#1051,#1052,#1053,#1054,#1055,#1056,#1057,#1058,#1059,#1060,
    #1061,#1062,#1063,#1064,#1065,#1066,#1067,#1068,#1069,#1070,#1071,
    #1072,#1073,#1074,#1075,#1076,#1077,#1078,#1079,#1080,#1081,#1082,
    #1083,#1084,#1085,#1086,#1087,#1088,#1089),.UNSPECIFIED.,.F.,.F.,(4,
    1,1,1,1,1,1,1,1,1,1,1,1,1,1,1,1,1,1,1,1,1,1,1,1,1,1,1,1,1,1,1,1,1,1,
    1,1,1,1,1,1,1,4),(0.,0.682243031795,1.36073038675,2.031787479255,
    2.691905531904,3.33783397807,3.966685540456,4.554451155201,
    5.144017040623,5.71133018399,6.256551195988,6.781263747608,
    7.28892317091,7.785457048834,8.280047766171,8.78607405982,
    9.322008260957,9.911580910146,10.629001082897,11.399049790332,
    12.272210591893,13.213322186779,14.154433781664,15.027594583225,
    15.79764329066,16.515063463411,17.1046361126,17.640570313737,
    18.146596607386,18.641187324723,19.137721202647,19.645380625949,
    20.170093177569,20.715314189567,21.282627332934,21.872193218356,
    22.459958833101,23.088810395487,23.734738841653,24.394856894302,
    25.065913986807,25.744401341762,26.426644373557),.UNSPECIFIED.);
#1045 = CARTESIAN_POINT('',(4.45971220921,-36.63484841205,0.));
#1046 = CARTESIAN_POINT('',(4.683714196076,-36.59536160066,0.));
#1047 = CARTESIAN_POINT('',(5.127890559522,-36.50175391032,0.));
#1048 = CARTESIAN_POINT('',(5.780184271218,-36.31796877502,0.));
#1049 = CARTESIAN_POINT('',(6.41262652443,-36.09513545472,0.));
#1050 = CARTESIAN_POINT('',(7.0167486499,-35.83158624615,0.));
#1051 = CARTESIAN_POINT('',(7.59879925453,-35.55105129882,0.));
#1052 = CARTESIAN_POINT('',(8.110126536479,-35.19321578471,0.));
#1053 = CARTESIAN_POINT('',(8.691684772335,-35.00225557172,0.));
#1054 = CARTESIAN_POINT('',(9.132087041135,-34.61020576654,0.));
#1055 = CARTESIAN_POINT('',(9.568007299451,-34.24988699823,0.));
#1056 = CARTESIAN_POINT('',(9.96096512463,-33.86979939405,0.));
#1057 = CARTESIAN_POINT('',(10.322913885397,-33.48834694464,0.));
#1058 = CARTESIAN_POINT('',(10.656588942766,-33.1028699243,0.));
#1059 = CARTESIAN_POINT('',(10.969641484209,-32.71341997077,0.));
#1060 = CARTESIAN_POINT('',(11.2706458536,-32.31531666373,0.));
#1061 = CARTESIAN_POINT('',(11.574431033857,-31.90293420859,0.));
#1062 = CARTESIAN_POINT('',(11.888570714707,-31.45893953934,0.));
#1063 = CARTESIAN_POINT('',(12.285409651708,-30.98798411208,0.));
#1064 = CARTESIAN_POINT('',(12.600467841669,-30.36220178989,0.));
#1065 = CARTESIAN_POINT('',(13.180459897067,-29.81792707391,0.));
#1066 = CARTESIAN_POINT('',(13.821224281915,-29.24406188385,0.));
#1067 = CARTESIAN_POINT('',(14.590478085502,-28.73555096594,0.));
#1068 = CARTESIAN_POINT('',(15.415488360301,-28.32361308903,0.));
#1069 = CARTESIAN_POINT('',(16.232852385665,-28.05562744894,0.));
#1070 = CARTESIAN_POINT('',(16.994204144048,-27.82547695297,0.));
#1071 = CARTESIAN_POINT('',(17.693676627276,-27.86551971788,0.));
#1072 = CARTESIAN_POINT('',(18.299955459839,-27.75732483086,0.));
#1073 = CARTESIAN_POINT('',(18.841535962981,-27.70726922153,0.));
#1074 = CARTESIAN_POINT('',(19.350562235333,-27.65037476571,0.));
#1075 = CARTESIAN_POINT('',(19.845831997255,-27.58874898868,0.));
#1076 = CARTESIAN_POINT('',(20.339631821233,-27.51236251184,0.));
#1077 = CARTESIAN_POINT('',(20.840302242111,-27.41612994572,0.));
#1078 = CARTESIAN_POINT('',(21.351624134021,-27.29339934873,0.));
#1079 = CARTESIAN_POINT('',(21.877268567492,-27.1431316916,0.));
#1080 = CARTESIAN_POINT('',(22.407273903469,-26.94577305803,0.));
#1081 = CARTESIAN_POINT('',(22.967000128698,-26.76039840795,0.));
#1082 = CARTESIAN_POINT('',(23.42315564219,-26.35223430842,0.));
#1083 = CARTESIAN_POINT('',(23.988713928765,-26.08832964966,0.));
#1084 = CARTESIAN_POINT('',(24.522689622112,-25.72452651342,0.));
#1085 = CARTESIAN_POINT('',(25.052990994615,-25.33311601006,0.));
#1086 = CARTESIAN_POINT('',(25.562191437416,-24.89682161251,0.));
#1087 = CARTESIAN_POINT('',(26.047500889271,-24.4238112551,0.));
#1088 = CARTESIAN_POINT('',(26.350655708819,-24.08594708577,0.));
#1089 = CARTESIAN_POINT('',(26.496853284026,-23.91169908033,0.));
#1090 = SURFACE_OF_LINEAR_EXTRUSION('',#1091,#1137);
#1091 = B_SPLINE_CURVE_WITH_KNOTS('',3,(#1092,#1093,#1094,#1095,#1096,
    #1097,#1098,#1099,#1100,#1101,#1102,#1103,#1104,#1105,#1106,#1107,
    #1108,#1109,#1110,#1111,#1112,#1113,#1114,#1115,#1116,#1117,#1118,
    #1119,#1120,#1121,#1122,#1123,#1124,#1125,#1126,#1127,#1128,#1129,
    #1130,#1131,#1132,#1133,#1134,#1135,#1136),.UNSPECIFIED.,.F.,.F.,(4,
    1,1,1,1,1,1,1,1,1,1,1,1,1,1,1,1,1,1,1,1,1,1,1,1,1,1,1,1,1,1,1,1,1,1,
    1,1,1,1,1,1,1,4),(0.,0.682243031795,1.36073038675,2.031787479255,
    2.691905531904,3.33783397807,3.966685540456,4.554451155201,
    5.144017040623,5.71133018399,6.256551195988,6.781263747608,
    7.28892317091,7.785457048834,8.280047766171,8.78607405982,
    9.322008260957,9.911580910146,10.629001082897,11.399049790332,
    12.272210591893,13.213322186779,14.154433781664,15.027594583225,
    15.79764329066,16.515063463411,17.1046361126,17.640570313737,
    18.146596607386,18.641187324723,19.137721202647,19.645380625949,
    20.170093177569,20.715314189567,21.282627332934,21.872193218356,
    22.459958833101,23.088810395487,23.734738841653,24.394856894302,
    25.065913986807,25.744401341762,26.426644373557),.UNSPECIFIED.);
#1092 = CARTESIAN_POINT('',(4.45971220921,-36.63484841205,0.));
#1093 = CARTESIAN_POINT('',(4.683714196076,-36.59536160066,0.));
#1094 = CARTESIAN_POINT('',(5.127890559522,-36.50175391032,0.));
#1095 = CARTESIAN_POINT('',(5.780184271218,-36.31796877502,0.));
#1096 = CARTESIAN_POINT('',(6.41262652443,-36.09513545472,0.));
#1097 = CARTESIAN_POINT('',(7.0167486499,-35.83158624615,0.));
#1098 = CARTESIAN_POINT('',(7.59879925453,-35.55105129882,0.));
#1099 = CARTESIAN_POINT('',(8.110126536479,-35.19321578471,0.));
#1100 = CARTESIAN_POINT('',(8.691684772335,-35.00225557172,0.));
#1101 = CARTESIAN_POINT('',(9.132087041135,-34.61020576654,0.));
#1102 = CARTESIAN_POINT('',(9.568007299451,-34.24988699823,0.));
#1103 = CARTESIAN_POINT('',(9.96096512463,-33.86979939405,0.));
#1104 = CARTESIAN_POINT('',(10.322913885397,-33.48834694464,0.));
#1105 = CARTESIAN_POINT('',(10.656588942766,-33.1028699243,0.));
#1106 = CARTESIAN_POINT('',(10.969641484209,-32.71341997077,0.));
#1107 = CARTESIAN_POINT('',(11.2706458536,-32.31531666373,0.));
#1108 = CARTESIAN_POINT('',(11.574431033857,-31.90293420859,0.));
#1109 = CARTESIAN_POINT('',(11.888570714707,-31.45893953934,0.));
#1110 = CARTESIAN_POINT('',(12.285409651708,-30.98798411208,0.));
#1111 = CARTESIAN_POINT('',(12.600467841669,-30.36220178989,0.));
#1112 = CARTESIAN_POINT('',(13.180459897067,-29.81792707391,0.));
#1113 = CARTESIAN_POINT('',(13.821224281915,-29.24406188385,0.));
#1114 = CARTESIAN_POINT('',(14.590478085502,-28.73555096594,0.));
#1115 = CARTESIAN_POINT('',(15.415488360301,-28.32361308903,0.));
#1116 = CARTESIAN_POINT('',(16.232852385665,-28.05562744894,0.));
#1117 = CARTESIAN_POINT('',(16.994204144048,-27.82547695297,0.));
#1118 = CARTESIAN_POINT('',(17.693676627276,-27.86551971788,0.));
#1119 = CARTESIAN_POINT('',(18.299955459839,-27.75732483086,0.));
#1120 = CARTESIAN_POINT('',(18.841535962981,-27.70726922153,0.));
#1121 = CARTESIAN_POINT('',(19.350562235333,-27.65037476571,0.));
#1122 = CARTESIAN_POINT('',(19.845831997255,-27.58874898868,0.));
#1123 = CARTESIAN_POINT('',(20.339631821233,-27.51236251184,0.));
#1124 = CARTESIAN_POINT('',(20.840302242111,-27.41612994572,0.));
#1125 = CARTESIAN_POINT('',(21.351624134021,-27.29339934873,0.));
#1126 = CARTESIAN_POINT('',(21.877268567492,-27.1431316916,0.));
#1127 = CARTESIAN_POINT('',(22.407273903469,-26.94577305803,0.));
#1128 = CARTESIAN_POINT('',(22.967000128698,-26.76039840795,0.));
#1129 = CARTESIAN_POINT('',(23.42315564219,-26.35223430842,0.));
#1130 = CARTESIAN_POINT('',(23.988713928765,-26.08832964966,0.));
#1131 = CARTESIAN_POINT('',(24.522689622112,-25.72452651342,0.));
#1132 = CARTESIAN_POINT('',(25.052990994615,-25.33311601006,0.));
#1133 = CARTESIAN_POINT('',(25.562191437416,-24.89682161251,0.));
#1134 = CARTESIAN_POINT('',(26.047500889271,-24.4238112551,0.));
#1135 = CARTESIAN_POINT('',(26.350655708819,-24.08594708577,0.));
#1136 = CARTESIAN_POINT('',(26.496853284026,-23.91169908033,0.));
#1137 = VECTOR('',#1138,1.);
#1138 = DIRECTION('',(-0.,-0.,-1.));
#1139 = ADVANCED_FACE('',(#1140),#1249,.F.);
#1140 = FACE_BOUND('',#1141,.F.);
#1141 = EDGE_LOOP('',(#1142,#1143,#1193,#1201));
#1142 = ORIENTED_EDGE('',*,*,#1035,.T.);
#1143 = ORIENTED_EDGE('',*,*,#1144,.T.);
#1144 = EDGE_CURVE('',#986,#1145,#1147,.T.);
#1145 = VERTEX_POINT('',#1146);
#1146 = CARTESIAN_POINT('',(35.2,-8.215650382853E-15,5.));
#1147 = B_SPLINE_CURVE_WITH_KNOTS('',3,(#1148,#1149,#1150,#1151,#1152,
    #1153,#1154,#1155,#1156,#1157,#1158,#1159,#1160,#1161,#1162,#1163,
    #1164,#1165,#1166,#1167,#1168,#1169,#1170,#1171,#1172,#1173,#1174,
    #1175,#1176,#1177,#1178,#1179,#1180,#1181,#1182,#1183,#1184,#1185,
    #1186,#1187,#1188,#1189,#1190,#1191,#1192),.UNSPECIFIED.,.F.,.F.,(4,
    1,1,1,1,1,1,1,1,1,1,1,1,1,1,1,1,1,1,1,1,1,1,1,1,1,1,1,1,1,1,1,1,1,1,
    1,1,1,1,1,1,1,4),(0.,0.682243031795,1.36073038675,2.031787479255,
    2.691905531904,3.33783397807,3.966685540456,4.554451155201,
    5.144017040623,5.71133018399,6.256551195988,6.781263747608,
    7.28892317091,7.785457048834,8.280047766171,8.78607405982,
    9.322008260957,9.911580910146,10.629001082897,11.399049790332,
    12.272210591893,13.213322186779,14.154433781664,15.027594583225,
    15.79764329066,16.515063463411,17.1046361126,17.640570313737,
    18.146596607386,18.641187324723,19.137721202647,19.645380625949,
    20.170093177569,20.715314189567,21.282627332934,21.872193218356,
    22.459958833101,23.088810395487,23.734738841653,24.394856894302,
    25.065913986807,25.744401341762,26.426644373557),.UNSPECIFIED.);
#1148 = CARTESIAN_POINT('',(26.496853284026,-23.91169908033,5.));
#1149 = CARTESIAN_POINT('',(26.643067128209,-23.73746472619,5.));
#1150 = CARTESIAN_POINT('',(26.923156099668,-23.38024601224,5.));
#1151 = CARTESIAN_POINT('',(27.30470726498,-22.82017211486,5.));
#1152 = CARTESIAN_POINT('',(27.645951641327,-22.24294584389,5.));
#1153 = CARTESIAN_POINT('',(27.939329872699,-21.65273322019,5.));
#1154 = CARTESIAN_POINT('',(28.204882115766,-21.06369606582,5.));
#1155 = CARTESIAN_POINT('',(28.366569303938,-20.46090331735,5.));
#1156 = CARTESIAN_POINT('',(28.68932190001,-19.94080087901,5.));
#1157 = CARTESIAN_POINT('',(28.774684853616,-19.35738818267,5.));
#1158 = CARTESIAN_POINT('',(28.877010705334,-18.8011638516,5.));
#1159 = CARTESIAN_POINT('',(28.933718261131,-18.25741143336,5.));
#1160 = CARTESIAN_POINT('',(28.965794189844,-17.73254572541,5.));
#1161 = CARTESIAN_POINT('',(28.973624260853,-17.22277100349,5.));
#1162 = CARTESIAN_POINT('',(28.96310281591,-16.7232087359,5.));
#1163 = CARTESIAN_POINT('',(28.937789667296,-16.22476203065,5.));
#1164 = CARTESIAN_POINT('',(28.90542828392,-15.71358939257,5.));
#1165 = CARTESIAN_POINT('',(28.860678968636,-15.17154464886,5.));
#1166 = CARTESIAN_POINT('',(28.861950917778,-14.5556887091,5.));
#1167 = CARTESIAN_POINT('',(28.701054370398,-13.87379613775,5.));
#1168 = CARTESIAN_POINT('',(28.795501017786,-13.08404580911,5.));
#1169 = CARTESIAN_POINT('',(28.917481580346,-12.23256416186,5.));
#1170 = CARTESIAN_POINT('',(29.179899664514,-11.34855538529,5.));
#1171 = CARTESIAN_POINT('',(29.547105637799,-10.50268628126,5.));
#1172 = CARTESIAN_POINT('',(30.000984958412,-9.772005902733,5.));
#1173 = CARTESIAN_POINT('',(30.436276355005,-9.106312917309,5.));
#1174 = CARTESIAN_POINT('',(30.99784235704,-8.687375209323,5.));
#1175 = CARTESIAN_POINT('',(31.392732554898,-8.21478459576,5.));
#1176 = CARTESIAN_POINT('',(31.775432164361,-7.828318537321,5.));
#1177 = CARTESIAN_POINT('',(32.128797860432,-7.457539074717,5.));
#1178 = CARTESIAN_POINT('',(32.46858422349,-7.09197772426,5.));
#1179 = CARTESIAN_POINT('',(32.797756553797,-6.716053879624,5.));
#1180 = CARTESIAN_POINT('',(33.119435246395,-6.320510714025,5.));
#1181 = CARTESIAN_POINT('',(33.432240833265,-5.897822245521,5.));
#1182 = CARTESIAN_POINT('',(33.738317642442,-5.44483281286,5.));
#1183 = CARTESIAN_POINT('',(34.017465600566,-4.952966465278,5.));
#1184 = CARTESIAN_POINT('',(34.327084236851,-4.451176162296,5.));
#1185 = CARTESIAN_POINT('',(34.414156807259,-3.845293209804,5.));
#1186 = CARTESIAN_POINT('',(34.677764945162,-3.279596653284,5.));
#1187 = CARTESIAN_POINT('',(34.852965909473,-2.657674322824,5.));
#1188 = CARTESIAN_POINT('',(35.007606507196,-2.016965330101,5.));
#1189 = CARTESIAN_POINT('',(35.117232043914,-1.355436695811,5.));
#1190 = CARTESIAN_POINT('',(35.184955455705,-0.681138837464,5.));
#1191 = CARTESIAN_POINT('',(35.20001061882,-0.227455706195,5.));
#1192 = CARTESIAN_POINT('',(35.2,-7.771561172376E-15,5.));
#1193 = ORIENTED_EDGE('',*,*,#1194,.F.);
#1194 = EDGE_CURVE('',#1195,#1145,#1197,.T.);
#1195 = VERTEX_POINT('',#1196);
#1196 = CARTESIAN_POINT('',(35.2,-8.215650382853E-15,0.));
#1197 = LINE('',#1198,#1199);
#1198 = CARTESIAN_POINT('',(35.2,-8.215650382853E-15,0.));
#1199 = VECTOR('',#1200,1.);
#1200 = DIRECTION('',(0.,0.,1.));
#1201 = ORIENTED_EDGE('',*,*,#1202,.F.);
#1202 = EDGE_CURVE('',#1036,#1195,#1203,.T.);
#1203 = B_SPLINE_CURVE_WITH_KNOTS('',3,(#1204,#1205,#1206,#1207,#1208,
    #1209,#1210,#1211,#1212,#1213,#1214,#1215,#1216,#1217,#1218,#1219,
    #1220,#1221,#1222,#1223,#1224,#1225,#1226,#1227,#1228,#1229,#1230,
    #1231,#1232,#1233,#1234,#1235,#1236,#1237,#1238,#1239,#1240,#1241,
    #1242,#1243,#1244,#1245,#1246,#1247,#1248),.UNSPECIFIED.,.F.,.F.,(4,
    1,1,1,1,1,1,1,1,1,1,1,1,1,1,1,1,1,1,1,1,1,1,1,1,1,1,1,1,1,1,1,1,1,1,
    1,1,1,1,1,1,1,4),(0.,0.682243031795,1.36073038675,2.031787479255,
    2.691905531904,3.33783397807,3.966685540456,4.554451155201,
    5.144017040623,5.71133018399,6.256551195988,6.781263747608,
    7.28892317091,7.785457048834,8.280047766171,8.78607405982,
    9.322008260957,9.911580910146,10.629001082897,11.399049790332,
    12.272210591893,13.213322186779,14.154433781664,15.027594583225,
    15.79764329066,16.515063463411,17.1046361126,17.640570313737,
    18.146596607386,18.641187324723,19.137721202647,19.645380625949,
    20.170093177569,20.715314189567,21.282627332934,21.872193218356,
    22.459958833101,23.088810395487,23.734738841653,24.394856894302,
    25.065913986807,25.744401341762,26.426644373557),.UNSPECIFIED.);
#1204 = CARTESIAN_POINT('',(26.496853284026,-23.91169908033,0.));
#1205 = CARTESIAN_POINT('',(26.643067128209,-23.73746472619,0.));
#1206 = CARTESIAN_POINT('',(26.923156099668,-23.38024601224,0.));
#1207 = CARTESIAN_POINT('',(27.30470726498,-22.82017211486,0.));
#1208 = CARTESIAN_POINT('',(27.645951641327,-22.24294584389,0.));
#1209 = CARTESIAN_POINT('',(27.939329872699,-21.65273322019,0.));
#1210 = CARTESIAN_POINT('',(28.204882115766,-21.06369606582,0.));
#1211 = CARTESIAN_POINT('',(28.366569303938,-20.46090331735,0.));
#1212 = CARTESIAN_POINT('',(28.68932190001,-19.94080087901,0.));
#1213 = CARTESIAN_POINT('',(28.774684853616,-19.35738818267,0.));
#1214 = CARTESIAN_POINT('',(28.877010705334,-18.8011638516,0.));
#1215 = CARTESIAN_POINT('',(28.933718261131,-18.25741143336,0.));
#1216 = CARTESIAN_POINT('',(28.965794189844,-17.73254572541,0.));
#1217 = CARTESIAN_POINT('',(28.973624260853,-17.22277100349,0.));
#1218 = CARTESIAN_POINT('',(28.96310281591,-16.7232087359,0.));
#1219 = CARTESIAN_POINT('',(28.937789667296,-16.22476203065,0.));
#1220 = CARTESIAN_POINT('',(28.90542828392,-15.71358939257,0.));
#1221 = CARTESIAN_POINT('',(28.860678968636,-15.17154464886,0.));
#1222 = CARTESIAN_POINT('',(28.861950917778,-14.5556887091,0.));
#1223 = CARTESIAN_POINT('',(28.701054370398,-13.87379613775,0.));
#1224 = CARTESIAN_POINT('',(28.795501017786,-13.08404580911,0.));
#1225 = CARTESIAN_POINT('',(28.917481580346,-12.23256416186,0.));
#1226 = CARTESIAN_POINT('',(29.179899664514,-11.34855538529,0.));
#1227 = CARTESIAN_POINT('',(29.547105637799,-10.50268628126,0.));
#1228 = CARTESIAN_POINT('',(30.000984958412,-9.772005902733,0.));
#1229 = CARTESIAN_POINT('',(30.436276355005,-9.106312917309,0.));
#1230 = CARTESIAN_POINT('',(30.99784235704,-8.687375209323,0.));
#1231 = CARTESIAN_POINT('',(31.392732554898,-8.21478459576,0.));
#1232 = CARTESIAN_POINT('',(31.775432164361,-7.828318537321,0.));
#1233 = CARTESIAN_POINT('',(32.128797860432,-7.457539074717,0.));
#1234 = CARTESIAN_POINT('',(32.46858422349,-7.09197772426,0.));
#1235 = CARTESIAN_POINT('',(32.797756553797,-6.716053879624,0.));
#1236 = CARTESIAN_POINT('',(33.119435246395,-6.320510714025,0.));
#1237 = CARTESIAN_POINT('',(33.432240833265,-5.897822245521,0.));
#1238 = CARTESIAN_POINT('',(33.738317642442,-5.44483281286,0.));
#1239 = CARTESIAN_POINT('',(34.017465600566,-4.952966465278,0.));
#1240 = CARTESIAN_POINT('',(34.327084236851,-4.451176162296,0.));
#1241 = CARTESIAN_POINT('',(34.414156807259,-3.845293209804,0.));
#1242 = CARTESIAN_POINT('',(34.677764945162,-3.279596653284,0.));
#1243 = CARTESIAN_POINT('',(34.852965909473,-2.657674322824,0.));
#1244 = CARTESIAN_POINT('',(35.007606507196,-2.016965330101,0.));
#1245 = CARTESIAN_POINT('',(35.117232043914,-1.355436695811,0.));
#1246 = CARTESIAN_POINT('',(35.184955455705,-0.681138837464,0.));
#1247 = CARTESIAN_POINT('',(35.20001061882,-0.227455706195,0.));
#1248 = CARTESIAN_POINT('',(35.2,-7.771561172376E-15,0.));
#1249 = SURFACE_OF_LINEAR_EXTRUSION('',#1250,#1296);
#1250 = B_SPLINE_CURVE_WITH_KNOTS('',3,(#1251,#1252,#1253,#1254,#1255,
    #1256,#1257,#1258,#1259,#1260,#1261,#1262,#1263,#1264,#1265,#1266,
    #1267,#1268,#1269,#1270,#1271,#1272,#1273,#1274,#1275,#1276,#1277,
    #1278,#1279,#1280,#1281,#1282,#1283,#1284,#1285,#1286,#1287,#1288,
    #1289,#1290,#1291,#1292,#1293,#1294,#1295),.UNSPECIFIED.,.F.,.F.,(4,
    1,1,1,1,1,1,1,1,1,1,1,1,1,1,1,1,1,1,1,1,1,1,1,1,1,1,1,1,1,1,1,1,1,1,
    1,1,1,1,1,1,1,4),(0.,0.682243031795,1.36073038675,2.031787479255,
    2.691905531904,3.33783397807,3.966685540456,4.554451155201,
    5.144017040623,5.71133018399,6.256551195988,6.781263747608,
    7.28892317091,7.785457048834,8.280047766171,8.78607405982,
    9.322008260957,9.911580910146,10.629001082897,11.399049790332,
    12.272210591893,13.213322186779,14.154433781664,15.027594583225,
    15.79764329066,16.515063463411,17.1046361126,17.640570313737,
    18.146596607386,18.641187324723,19.137721202647,19.645380625949,
    20.170093177569,20.715314189567,21.282627332934,21.872193218356,
    22.459958833101,23.088810395487,23.734738841653,24.394856894302,
    25.065913986807,25.744401341762,26.426644373557),.UNSPECIFIED.);
#1251 = CARTESIAN_POINT('',(26.496853284026,-23.91169908033,0.));
#1252 = CARTESIAN_POINT('',(26.643067128209,-23.73746472619,0.));
#1253 = CARTESIAN_POINT('',(26.923156099668,-23.38024601224,0.));
#1254 = CARTESIAN_POINT('',(27.30470726498,-22.82017211486,0.));
#1255 = CARTESIAN_POINT('',(27.645951641327,-22.24294584389,0.));
#1256 = CARTESIAN_POINT('',(27.939329872699,-21.65273322019,0.));
#1257 = CARTESIAN_POINT('',(28.204882115766,-21.06369606582,0.));
#1258 = CARTESIAN_POINT('',(28.366569303938,-20.46090331735,0.));
#1259 = CARTESIAN_POINT('',(28.68932190001,-19.94080087901,0.));
#1260 = CARTESIAN_POINT('',(28.774684853616,-19.35738818267,0.));
#1261 = CARTESIAN_POINT('',(28.877010705334,-18.8011638516,0.));
#1262 = CARTESIAN_POINT('',(28.933718261131,-18.25741143336,0.));
#1263 = CARTESIAN_POINT('',(28.965794189844,-17.73254572541,0.));
#1264 = CARTESIAN_POINT('',(28.973624260853,-17.22277100349,0.));
#1265 = CARTESIAN_POINT('',(28.96310281591,-16.7232087359,0.));
#1266 = CARTESIAN_POINT('',(28.937789667296,-16.22476203065,0.));
#1267 = CARTESIAN_POINT('',(28.90542828392,-15.71358939257,0.));
#1268 = CARTESIAN_POINT('',(28.860678968636,-15.17154464886,0.));
#1269 = CARTESIAN_POINT('',(28.861950917778,-14.5556887091,0.));
#1270 = CARTESIAN_POINT('',(28.701054370398,-13.87379613775,0.));
#1271 = CARTESIAN_POINT('',(28.795501017786,-13.08404580911,0.));
#1272 = CARTESIAN_POINT('',(28.917481580346,-12.23256416186,0.));
#1273 = CARTESIAN_POINT('',(29.179899664514,-11.34855538529,0.));
#1274 = CARTESIAN_POINT('',(29.547105637799,-10.50268628126,0.));
#1275 = CARTESIAN_POINT('',(30.000984958412,-9.772005902733,0.));
#1276 = CARTESIAN_POINT('',(30.436276355005,-9.106312917309,0.));
#1277 = CARTESIAN_POINT('',(30.99784235704,-8.687375209323,0.));
#1278 = CARTESIAN_POINT('',(31.392732554898,-8.21478459576,0.));
#1279 = CARTESIAN_POINT('',(31.775432164361,-7.828318537321,0.));
#1280 = CARTESIAN_POINT('',(32.128797860432,-7.457539074717,0.));
#1281 = CARTESIAN_POINT('',(32.46858422349,-7.09197772426,0.));
#1282 = CARTESIAN_POINT('',(32.797756553797,-6.716053879624,0.));
#1283 = CARTESIAN_POINT('',(33.119435246395,-6.320510714025,0.));
#1284 = CARTESIAN_POINT('',(33.432240833265,-5.897822245521,0.));
#1285 = CARTESIAN_POINT('',(33.738317642442,-5.44483281286,0.));
#1286 = CARTESIAN_POINT('',(34.017465600566,-4.952966465278,0.));
#1287 = CARTESIAN_POINT('',(34.327084236851,-4.451176162296,0.));
#1288 = CARTESIAN_POINT('',(34.414156807259,-3.845293209804,0.));
#1289 = CARTESIAN_POINT('',(34.677764945162,-3.279596653284,0.));
#1290 = CARTESIAN_POINT('',(34.852965909473,-2.657674322824,0.));
#1291 = CARTESIAN_POINT('',(35.007606507196,-2.016965330101,0.));
#1292 = CARTESIAN_POINT('',(35.117232043914,-1.355436695811,0.));
#1293 = CARTESIAN_POINT('',(35.184955455705,-0.681138837464,0.));
#1294 = CARTESIAN_POINT('',(35.20001061882,-0.227455706195,0.));
#1295 = CARTESIAN_POINT('',(35.2,-7.771561172376E-15,0.));
#1296 = VECTOR('',#1297,1.);
#1297 = DIRECTION('',(-0.,-0.,-1.));
#1298 = ADVANCED_FACE('',(#1299),#1399,.F.);
#1299 = FACE_BOUND('',#1300,.F.);
#1300 = EDGE_LOOP('',(#1301,#1302,#1350,#1351));
#1301 = ORIENTED_EDGE('',*,*,#1194,.T.);
#1302 = ORIENTED_EDGE('',*,*,#1303,.T.);
#1303 = EDGE_CURVE('',#1145,#24,#1304,.T.);
#1304 = B_SPLINE_CURVE_WITH_KNOTS('',3,(#1305,#1306,#1307,#1308,#1309,
    #1310,#1311,#1312,#1313,#1314,#1315,#1316,#1317,#1318,#1319,#1320,
    #1321,#1322,#1323,#1324,#1325,#1326,#1327,#1328,#1329,#1330,#1331,
    #1332,#1333,#1334,#1335,#1336,#1337,#1338,#1339,#1340,#1341,#1342,
    #1343,#1344,#1345,#1346,#1347,#1348,#1349),.UNSPECIFIED.,.F.,.F.,(4,
    1,1,1,1,1,1,1,1,1,1,1,1,1,1,1,1,1,1,1,1,1,1,1,1,1,1,1,1,1,1,1,1,1,1,
    1,1,1,1,1,1,1,4),(0.,0.682243031795,1.36073038675,2.031787479255,
    2.691905531904,3.33783397807,3.966685540456,4.554451155201,
    5.144017040623,5.71133018399,6.256551195988,6.781263747608,
    7.28892317091,7.785457048834,8.280047766171,8.78607405982,
    9.322008260957,9.911580910146,10.629001082897,11.399049790332,
    12.272210591893,13.213322186779,14.154433781664,15.027594583225,
    15.79764329066,16.515063463411,17.1046361126,17.640570313737,
    18.146596607386,18.641187324723,19.137721202647,19.645380625949,
    20.170093177569,20.715314189567,21.282627332934,21.872193218356,
    22.459958833101,23.088810395487,23.734738841653,24.394856894302,
    25.065913986807,25.744401341762,26.426644373557),.UNSPECIFIED.);
#1305 = CARTESIAN_POINT('',(35.2,-8.659739592076E-15,5.));
#1306 = CARTESIAN_POINT('',(35.20001061882,0.227455706195,5.));
#1307 = CARTESIAN_POINT('',(35.184955455705,0.681138837464,5.));
#1308 = CARTESIAN_POINT('',(35.117232043914,1.355436695811,5.));
#1309 = CARTESIAN_POINT('',(35.007606507196,2.016965330101,5.));
#1310 = CARTESIAN_POINT('',(34.852965909473,2.657674322824,5.));
#1311 = CARTESIAN_POINT('',(34.677764945162,3.279596653284,5.));
#1312 = CARTESIAN_POINT('',(34.414156807259,3.845293209804,5.));
#1313 = CARTESIAN_POINT('',(34.327084236851,4.451176162296,5.));
#1314 = CARTESIAN_POINT('',(34.017465600566,4.952966465278,5.));
#1315 = CARTESIAN_POINT('',(33.738317642442,5.44483281286,5.));
#1316 = CARTESIAN_POINT('',(33.432240833265,5.897822245521,5.));
#1317 = CARTESIAN_POINT('',(33.119435246395,6.320510714025,5.));
#1318 = CARTESIAN_POINT('',(32.797756553797,6.716053879624,5.));
#1319 = CARTESIAN_POINT('',(32.46858422349,7.09197772426,5.));
#1320 = CARTESIAN_POINT('',(32.128797860432,7.457539074717,5.));
#1321 = CARTESIAN_POINT('',(31.775432164361,7.828318537321,5.));
#1322 = CARTESIAN_POINT('',(31.392732554898,8.21478459576,5.));
#1323 = CARTESIAN_POINT('',(30.99784235704,8.687375209323,5.));
#1324 = CARTESIAN_POINT('',(30.436276355005,9.106312917309,5.));
#1325 = CARTESIAN_POINT('',(30.000984958412,9.772005902733,5.));
#1326 = CARTESIAN_POINT('',(29.547105637799,10.502686281266,5.));
#1327 = CARTESIAN_POINT('',(29.179899664514,11.34855538529,5.));
#1328 = CARTESIAN_POINT('',(28.917481580346,12.232564161864,5.));
#1329 = CARTESIAN_POINT('',(28.795501017786,13.084045809118,5.));
#1330 = CARTESIAN_POINT('',(28.701054370398,13.873796137758,5.));
#1331 = CARTESIAN_POINT('',(28.861950917778,14.555688709103,5.));
#1332 = CARTESIAN_POINT('',(28.860678968636,15.171544648863,5.));
#1333 = CARTESIAN_POINT('',(28.90542828392,15.713589392579,5.));
#1334 = CARTESIAN_POINT('',(28.937789667296,16.224762030652,5.));
#1335 = CARTESIAN_POINT('',(28.96310281591,16.723208735903,5.));
#1336 = CARTESIAN_POINT('',(28.973624260853,17.222771003496,5.));
#1337 = CARTESIAN_POINT('',(28.965794189843,17.732545725418,5.));
#1338 = CARTESIAN_POINT('',(28.933718261131,18.257411433367,5.));
#1339 = CARTESIAN_POINT('',(28.877010705334,18.8011638516,5.));
#1340 = CARTESIAN_POINT('',(28.774684853616,19.357388182674,5.));
#1341 = CARTESIAN_POINT('',(28.689321900011,19.940800879016,5.));
#1342 = CARTESIAN_POINT('',(28.366569303938,20.460903317355,5.));
#1343 = CARTESIAN_POINT('',(28.204882115766,21.063696065825,5.));
#1344 = CARTESIAN_POINT('',(27.939329872699,21.652733220191,5.));
#1345 = CARTESIAN_POINT('',(27.645951641327,22.242945843893,5.));
#1346 = CARTESIAN_POINT('',(27.30470726498,22.820172114862,5.));
#1347 = CARTESIAN_POINT('',(26.923156099668,23.380246012241,5.));
#1348 = CARTESIAN_POINT('',(26.643067128209,23.737464726199,5.));
#1349 = CARTESIAN_POINT('',(26.496853284026,23.911699080339,5.));
#1350 = ORIENTED_EDGE('',*,*,#21,.F.);
#1351 = ORIENTED_EDGE('',*,*,#1352,.F.);
#1352 = EDGE_CURVE('',#1195,#22,#1353,.T.);
#1353 = B_SPLINE_CURVE_WITH_KNOTS('',3,(#1354,#1355,#1356,#1357,#1358,
    #1359,#1360,#1361,#1362,#1363,#1364,#1365,#1366,#1367,#1368,#1369,
    #1370,#1371,#1372,#1373,#1374,#1375,#1376,#1377,#1378,#1379,#1380,
    #1381,#1382,#1383,#1384,#1385,#1386,#1387,#1388,#1389,#1390,#1391,
    #1392,#1393,#1394,#1395,#1396,#1397,#1398),.UNSPECIFIED.,.F.,.F.,(4,
    1,1,1,1,1,1,1,1,1,1,1,1,1,1,1,1,1,1,1,1,1,1,1,1,1,1,1,1,1,1,1,1,1,1,
    1,1,1,1,1,1,1,4),(0.,0.682243031795,1.36073038675,2.031787479255,
    2.691905531904,3.33783397807,3.966685540456,4.554451155201,
    5.144017040623,5.71133018399,6.256551195988,6.781263747608,
    7.28892317091,7.785457048834,8.280047766171,8.78607405982,
    9.322008260957,9.911580910146,10.629001082897,11.399049790332,
    12.272210591893,13.213322186779,14.154433781664,15.027594583225,
    15.79764329066,16.515063463411,17.1046361126,17.640570313737,
    18.146596607386,18.641187324723,19.137721202647,19.645380625949,
    20.170093177569,20.715314189567,21.282627332934,21.872193218356,
    22.459958833101,23.088810395487,23.734738841653,24.394856894302,
    25.065913986807,25.744401341762,26.426644373557),.UNSPECIFIED.);
#1354 = CARTESIAN_POINT('',(35.2,-8.659739592076E-15,0.));
#1355 = CARTESIAN_POINT('',(35.20001061882,0.227455706195,0.));
#1356 = CARTESIAN_POINT('',(35.184955455705,0.681138837464,0.));
#1357 = CARTESIAN_POINT('',(35.117232043914,1.355436695811,0.));
#1358 = CARTESIAN_POINT('',(35.007606507196,2.016965330101,0.));
#1359 = CARTESIAN_POINT('',(34.852965909473,2.657674322824,0.));
#1360 = CARTESIAN_POINT('',(34.677764945162,3.279596653284,0.));
#1361 = CARTESIAN_POINT('',(34.414156807259,3.845293209804,0.));
#1362 = CARTESIAN_POINT('',(34.327084236851,4.451176162296,0.));
#1363 = CARTESIAN_POINT('',(34.017465600566,4.952966465278,0.));
#1364 = CARTESIAN_POINT('',(33.738317642442,5.44483281286,0.));
#1365 = CARTESIAN_POINT('',(33.432240833265,5.897822245521,0.));
#1366 = CARTESIAN_POINT('',(33.119435246395,6.320510714025,0.));
#1367 = CARTESIAN_POINT('',(32.797756553797,6.716053879624,0.));
#1368 = CARTESIAN_POINT('',(32.46858422349,7.09197772426,0.));
#1369 = CARTESIAN_POINT('',(32.128797860432,7.457539074717,0.));
#1370 = CARTESIAN_POINT('',(31.775432164361,7.828318537321,0.));
#1371 = CARTESIAN_POINT('',(31.392732554898,8.21478459576,0.));
#1372 = CARTESIAN_POINT('',(30.99784235704,8.687375209323,0.));
#1373 = CARTESIAN_POINT('',(30.436276355005,9.106312917309,0.));
#1374 = CARTESIAN_POINT('',(30.000984958412,9.772005902733,0.));
#1375 = CARTESIAN_POINT('',(29.547105637799,10.502686281266,0.));
#1376 = CARTESIAN_POINT('',(29.179899664514,11.34855538529,0.));
#1377 = CARTESIAN_POINT('',(28.917481580346,12.232564161864,0.));
#1378 = CARTESIAN_POINT('',(28.795501017786,13.084045809118,0.));
#1379 = CARTESIAN_POINT('',(28.701054370398,13.873796137758,0.));
#1380 = CARTESIAN_POINT('',(28.861950917778,14.555688709103,0.));
#1381 = CARTESIAN_POINT('',(28.860678968636,15.171544648863,0.));
#1382 = CARTESIAN_POINT('',(28.90542828392,15.713589392579,0.));
#1383 = CARTESIAN_POINT('',(28.937789667296,16.224762030652,0.));
#1384 = CARTESIAN_POINT('',(28.96310281591,16.723208735903,0.));
#1385 = CARTESIAN_POINT('',(28.973624260853,17.222771003496,0.));
#1386 = CARTESIAN_POINT('',(28.965794189843,17.732545725418,0.));
#1387 = CARTESIAN_POINT('',(28.933718261131,18.257411433367,0.));
#1388 = CARTESIAN_POINT('',(28.877010705334,18.8011638516,0.));
#1389 = CARTESIAN_POINT('',(28.774684853616,19.357388182674,0.));
#1390 = CARTESIAN_POINT('',(28.689321900011,19.940800879016,0.));
#1391 = CARTESIAN_POINT('',(28.366569303938,20.460903317355,0.));
#1392 = CARTESIAN_POINT('',(28.204882115766,21.063696065825,0.));
#1393 = CARTESIAN_POINT('',(27.939329872699,21.652733220191,0.));
#1394 = CARTESIAN_POINT('',(27.645951641327,22.242945843893,0.));
#1395 = CARTESIAN_POINT('',(27.30470726498,22.820172114862,0.));
#1396 = CARTESIAN_POINT('',(26.923156099668,23.380246012241,0.));
#1397 = CARTESIAN_POINT('',(26.643067128209,23.737464726199,0.));
#1398 = CARTESIAN_POINT('',(26.496853284026,23.911699080339,0.));
#1399 = SURFACE_OF_LINEAR_EXTRUSION('',#1400,#1446);
#1400 = B_SPLINE_CURVE_WITH_KNOTS('',3,(#1401,#1402,#1403,#1404,#1405,
    #1406,#1407,#1408,#1409,#1410,#1411,#1412,#1413,#1414,#1415,#1416,
    #1417,#1418,#1419,#1420,#1421,#1422,#1423,#1424,#1425,#1426,#1427,
    #1428,#1429,#1430,#1431,#1432,#1433,#1434,#1435,#1436,#1437,#1438,
    #1439,#1440,#1441,#1442,#1443,#1444,#1445),.UNSPECIFIED.,.F.,.F.,(4,
    1,1,1,1,1,1,1,1,1,1,1,1,1,1,1,1,1,1,1,1,1,1,1,1,1,1,1,1,1,1,1,1,1,1,
    1,1,1,1,1,1,1,4),(0.,0.682243031795,1.36073038675,2.031787479255,
    2.691905531904,3.33783397807,3.966685540456,4.554451155201,
    5.144017040623,5.71133018399,6.256551195988,6.781263747608,
    7.28892317091,7.785457048834,8.280047766171,8.78607405982,
    9.322008260957,9.911580910146,10.629001082897,11.399049790332,
    12.272210591893,13.213322186779,14.154433781664,15.027594583225,
    15.79764329066,16.515063463411,17.1046361126,17.640570313737,
    18.146596607386,18.641187324723,19.137721202647,19.645380625949,
    20.170093177569,20.715314189567,21.282627332934,21.872193218356,
    22.459958833101,23.088810395487,23.734738841653,24.394856894302,
    25.065913986807,25.744401341762,26.426644373557),.UNSPECIFIED.);
#1401 = CARTESIAN_POINT('',(35.2,-8.659739592076E-15,0.));
#1402 = CARTESIAN_POINT('',(35.20001061882,0.227455706195,0.));
#1403 = CARTESIAN_POINT('',(35.184955455705,0.681138837464,0.));
#1404 = CARTESIAN_POINT('',(35.117232043914,1.355436695811,0.));
#1405 = CARTESIAN_POINT('',(35.007606507196,2.016965330101,0.));
#1406 = CARTESIAN_POINT('',(34.852965909473,2.657674322824,0.));
#1407 = CARTESIAN_POINT('',(34.677764945162,3.279596653284,0.));
#1408 = CARTESIAN_POINT('',(34.414156807259,3.845293209804,0.));
#1409 = CARTESIAN_POINT('',(34.327084236851,4.451176162296,0.));
#1410 = CARTESIAN_POINT('',(34.017465600566,4.952966465278,0.));
#1411 = CARTESIAN_POINT('',(33.738317642442,5.44483281286,0.));
#1412 = CARTESIAN_POINT('',(33.432240833265,5.897822245521,0.));
#1413 = CARTESIAN_POINT('',(33.119435246395,6.320510714025,0.));
#1414 = CARTESIAN_POINT('',(32.797756553797,6.716053879624,0.));
#1415 = CARTESIAN_POINT('',(32.46858422349,7.09197772426,0.));
#1416 = CARTESIAN_POINT('',(32.128797860432,7.457539074717,0.));
#1417 = CARTESIAN_POINT('',(31.775432164361,7.828318537321,0.));
#1418 = CARTESIAN_POINT('',(31.392732554898,8.21478459576,0.));
#1419 = CARTESIAN_POINT('',(30.99784235704,8.687375209323,0.));
#1420 = CARTESIAN_POINT('',(30.436276355005,9.106312917309,0.));
#1421 = CARTESIAN_POINT('',(30.000984958412,9.772005902733,0.));
#1422 = CARTESIAN_POINT('',(29.547105637799,10.502686281266,0.));
#1423 = CARTESIAN_POINT('',(29.179899664514,11.34855538529,0.));
#1424 = CARTESIAN_POINT('',(28.917481580346,12.232564161864,0.));
#1425 = CARTESIAN_POINT('',(28.795501017786,13.084045809118,0.));
#1426 = CARTESIAN_POINT('',(28.701054370398,13.873796137758,0.));
#1427 = CARTESIAN_POINT('',(28.861950917778,14.555688709103,0.));
#1428 = CARTESIAN_POINT('',(28.860678968636,15.171544648863,0.));
#1429 = CARTESIAN_POINT('',(28.90542828392,15.713589392579,0.));
#1430 = CARTESIAN_POINT('',(28.937789667296,16.224762030652,0.));
#1431 = CARTESIAN_POINT('',(28.96310281591,16.723208735903,0.));
#1432 = CARTESIAN_POINT('',(28.973624260853,17.222771003496,0.));
#1433 = CARTESIAN_POINT('',(28.965794189843,17.732545725418,0.));
#1434 = CARTESIAN_POINT('',(28.933718261131,18.257411433367,0.));
#1435 = CARTESIAN_POINT('',(28.877010705334,18.8011638516,0.));
#1436 = CARTESIAN_POINT('',(28.774684853616,19.357388182674,0.));
#1437 = CARTESIAN_POINT('',(28.689321900011,19.940800879016,0.));
#1438 = CARTESIAN_POINT('',(28.366569303938,20.460903317355,0.));
#1439 = CARTESIAN_POINT('',(28.204882115766,21.063696065825,0.));
#1440 = CARTESIAN_POINT('',(27.939329872699,21.652733220191,0.));
#1441 = CARTESIAN_POINT('',(27.645951641327,22.242945843893,0.));
#1442 = CARTESIAN_POINT('',(27.30470726498,22.820172114862,0.));
#1443 = CARTESIAN_POINT('',(26.923156099668,23.380246012241,0.));
#1444 = CARTESIAN_POINT('',(26.643067128209,23.737464726199,0.));
#1445 = CARTESIAN_POINT('',(26.496853284026,23.911699080339,0.));
#1446 = VECTOR('',#1447,1.);
#1447 = DIRECTION('',(-0.,-0.,-1.));
#1448 = ADVANCED_FACE('',(#1449),#1476,.F.);
#1449 = FACE_BOUND('',#1450,.T.);
#1450 = EDGE_LOOP('',(#1451,#1461,#1468,#1469));
#1451 = ORIENTED_EDGE('',*,*,#1452,.T.);
#1452 = EDGE_CURVE('',#1453,#1455,#1457,.T.);
#1453 = VERTEX_POINT('',#1454);
#1454 = CARTESIAN_POINT('',(-7.5,21.650635094611,0.));
#1455 = VERTEX_POINT('',#1456);
#1456 = CARTESIAN_POINT('',(-7.5,21.650635094611,5.));
#1457 = LINE('',#1458,#1459);
#1458 = CARTESIAN_POINT('',(-7.5,21.650635094611,0.));
#1459 = VECTOR('',#1460,1.);
#1460 = DIRECTION('',(0.,0.,1.));
#1461 = ORIENTED_EDGE('',*,*,#1462,.T.);
#1462 = EDGE_CURVE('',#1455,#1455,#1463,.T.);
#1463 = CIRCLE('',#1464,7.);
#1464 = AXIS2_PLACEMENT_3D('',#1465,#1466,#1467);
#1465 = CARTESIAN_POINT('',(-14.5,21.650635094611,5.));
#1466 = DIRECTION('',(0.,0.,1.));
#1467 = DIRECTION('',(1.,0.,0.));
#1468 = ORIENTED_EDGE('',*,*,#1452,.F.);
#1469 = ORIENTED_EDGE('',*,*,#1470,.F.);
#1470 = EDGE_CURVE('',#1453,#1453,#1471,.T.);
#1471 = CIRCLE('',#1472,7.);
#1472 = AXIS2_PLACEMENT_3D('',#1473,#1474,#1475);
#1473 = CARTESIAN_POINT('',(-14.5,21.650635094611,0.));
#1474 = DIRECTION('',(0.,0.,1.));
#1475 = DIRECTION('',(1.,0.,0.));
#1476 = CYLINDRICAL_SURFACE('',#1477,7.);
#1477 = AXIS2_PLACEMENT_3D('',#1478,#1479,#1480);
#1478 = CARTESIAN_POINT('',(-14.5,21.650635094611,0.));
#1479 = DIRECTION('',(-0.,-0.,-1.));
#1480 = DIRECTION('',(1.,0.,0.));
#1481 = ADVANCED_FACE('',(#1482),#1509,.F.);
#1482 = FACE_BOUND('',#1483,.T.);
#1483 = EDGE_LOOP('',(#1484,#1494,#1501,#1502));
#1484 = ORIENTED_EDGE('',*,*,#1485,.T.);
#1485 = EDGE_CURVE('',#1486,#1488,#1490,.T.);
#1486 = VERTEX_POINT('',#1487);
#1487 = CARTESIAN_POINT('',(17.5,21.650635094611,0.));
#1488 = VERTEX_POINT('',#1489);
#1489 = CARTESIAN_POINT('',(17.5,21.650635094611,5.));
#1490 = LINE('',#1491,#1492);
#1491 = CARTESIAN_POINT('',(17.5,21.650635094611,0.));
#1492 = VECTOR('',#1493,1.);
#1493 = DIRECTION('',(0.,0.,1.));
#1494 = ORIENTED_EDGE('',*,*,#1495,.T.);
#1495 = EDGE_CURVE('',#1488,#1488,#1496,.T.);
#1496 = CIRCLE('',#1497,7.);
#1497 = AXIS2_PLACEMENT_3D('',#1498,#1499,#1500);
#1498 = CARTESIAN_POINT('',(10.5,21.650635094611,5.));
#1499 = DIRECTION('',(0.,0.,1.));
#1500 = DIRECTION('',(1.,0.,0.));
#1501 = ORIENTED_EDGE('',*,*,#1485,.F.);
#1502 = ORIENTED_EDGE('',*,*,#1503,.F.);
#1503 = EDGE_CURVE('',#1486,#1486,#1504,.T.);
#1504 = CIRCLE('',#1505,7.);
#1505 = AXIS2_PLACEMENT_3D('',#1506,#1507,#1508);
#1506 = CARTESIAN_POINT('',(10.5,21.650635094611,0.));
#1507 = DIRECTION('',(0.,0.,1.));
#1508 = DIRECTION('',(1.,0.,0.));
#1509 = CYLINDRICAL_SURFACE('',#1510,7.);
#1510 = AXIS2_PLACEMENT_3D('',#1511,#1512,#1513);
#1511 = CARTESIAN_POINT('',(10.5,21.650635094611,0.));
#1512 = DIRECTION('',(-0.,-0.,-1.));
#1513 = DIRECTION('',(1.,0.,0.));
#1514 = ADVANCED_FACE('',(#1515),#1542,.F.);
#1515 = FACE_BOUND('',#1516,.T.);
#1516 = EDGE_LOOP('',(#1517,#1527,#1534,#1535));
#1517 = ORIENTED_EDGE('',*,*,#1518,.T.);
#1518 = EDGE_CURVE('',#1519,#1521,#1523,.T.);
#1519 = VERTEX_POINT('',#1520);
#1520 = CARTESIAN_POINT('',(30.,0.,0.));
#1521 = VERTEX_POINT('',#1522);
#1522 = CARTESIAN_POINT('',(30.,0.,5.));
#1523 = LINE('',#1524,#1525);
#1524 = CARTESIAN_POINT('',(30.,0.,0.));
#1525 = VECTOR('',#1526,1.);
#1526 = DIRECTION('',(0.,0.,1.));
#1527 = ORIENTED_EDGE('',*,*,#1528,.T.);
#1528 = EDGE_CURVE('',#1521,#1521,#1529,.T.);
#1529 = CIRCLE('',#1530,7.);
#1530 = AXIS2_PLACEMENT_3D('',#1531,#1532,#1533);
#1531 = CARTESIAN_POINT('',(23.,0.,5.));
#1532 = DIRECTION('',(0.,0.,1.));
#1533 = DIRECTION('',(1.,0.,0.));
#1534 = ORIENTED_EDGE('',*,*,#1518,.F.);
#1535 = ORIENTED_EDGE('',*,*,#1536,.F.);
#1536 = EDGE_CURVE('',#1519,#1519,#1537,.T.);
#1537 = CIRCLE('',#1538,7.);
#1538 = AXIS2_PLACEMENT_3D('',#1539,#1540,#1541);
#1539 = CARTESIAN_POINT('',(23.,0.,0.));
#1540 = DIRECTION('',(0.,0.,1.));
#1541 = DIRECTION('',(1.,0.,0.));
#1542 = CYLINDRICAL_SURFACE('',#1543,7.);
#1543 = AXIS2_PLACEMENT_3D('',#1544,#1545,#1546);
#1544 = CARTESIAN_POINT('',(23.,0.,0.));
#1545 = DIRECTION('',(-0.,-0.,-1.));
#1546 = DIRECTION('',(1.,0.,0.));
#1547 = ADVANCED_FACE('',(#1548),#1575,.F.);
#1548 = FACE_BOUND('',#1549,.T.);
#1549 = EDGE_LOOP('',(#1550,#1560,#1567,#1568));
#1550 = ORIENTED_EDGE('',*,*,#1551,.T.);
#1551 = EDGE_CURVE('',#1552,#1554,#1556,.T.);
#1552 = VERTEX_POINT('',#1553);
#1553 = CARTESIAN_POINT('',(17.5,-21.65063509461,0.));
#1554 = VERTEX_POINT('',#1555);
#1555 = CARTESIAN_POINT('',(17.5,-21.65063509461,5.));
#1556 = LINE('',#1557,#1558);
#1557 = CARTESIAN_POINT('',(17.5,-21.65063509461,0.));
#1558 = VECTOR('',#1559,1.);
#1559 = DIRECTION('',(0.,0.,1.));
#1560 = ORIENTED_EDGE('',*,*,#1561,.T.);
#1561 = EDGE_CURVE('',#1554,#1554,#1562,.T.);
#1562 = CIRCLE('',#1563,7.);
#1563 = AXIS2_PLACEMENT_3D('',#1564,#1565,#1566);
#1564 = CARTESIAN_POINT('',(10.5,-21.65063509461,5.));
#1565 = DIRECTION('',(0.,0.,1.));
#1566 = DIRECTION('',(1.,0.,0.));
#1567 = ORIENTED_EDGE('',*,*,#1551,.F.);
#1568 = ORIENTED_EDGE('',*,*,#1569,.F.);
#1569 = EDGE_CURVE('',#1552,#1552,#1570,.T.);
#1570 = CIRCLE('',#1571,7.);
#1571 = AXIS2_PLACEMENT_3D('',#1572,#1573,#1574);
#1572 = CARTESIAN_POINT('',(10.5,-21.65063509461,0.));
#1573 = DIRECTION('',(0.,0.,1.));
#1574 = DIRECTION('',(1.,0.,0.));
#1575 = CYLINDRICAL_SURFACE('',#1576,7.);
#1576 = AXIS2_PLACEMENT_3D('',#1577,#1578,#1579);
#1577 = CARTESIAN_POINT('',(10.5,-21.65063509461,0.));
#1578 = DIRECTION('',(-0.,-0.,-1.));
#1579 = DIRECTION('',(1.,0.,0.));
#1580 = ADVANCED_FACE('',(#1581),#1608,.F.);
#1581 = FACE_BOUND('',#1582,.T.);
#1582 = EDGE_LOOP('',(#1583,#1593,#1600,#1601));
#1583 = ORIENTED_EDGE('',*,*,#1584,.T.);
#1584 = EDGE_CURVE('',#1585,#1587,#1589,.T.);
#1585 = VERTEX_POINT('',#1586);
#1586 = CARTESIAN_POINT('',(-7.5,-21.65063509461,0.));
#1587 = VERTEX_POINT('',#1588);
#1588 = CARTESIAN_POINT('',(-7.5,-21.65063509461,5.));
#1589 = LINE('',#1590,#1591);
#1590 = CARTESIAN_POINT('',(-7.5,-21.65063509461,0.));
#1591 = VECTOR('',#1592,1.);
#1592 = DIRECTION('',(0.,0.,1.));
#1593 = ORIENTED_EDGE('',*,*,#1594,.T.);
#1594 = EDGE_CURVE('',#1587,#1587,#1595,.T.);
#1595 = CIRCLE('',#1596,7.);
#1596 = AXIS2_PLACEMENT_3D('',#1597,#1598,#1599);
#1597 = CARTESIAN_POINT('',(-14.5,-21.65063509461,5.));
#1598 = DIRECTION('',(0.,0.,1.));
#1599 = DIRECTION('',(1.,0.,0.));
#1600 = ORIENTED_EDGE('',*,*,#1584,.F.);
#1601 = ORIENTED_EDGE('',*,*,#1602,.F.);
#1602 = EDGE_CURVE('',#1585,#1585,#1603,.T.);
#1603 = CIRCLE('',#1604,7.);
#1604 = AXIS2_PLACEMENT_3D('',#1605,#1606,#1607);
#1605 = CARTESIAN_POINT('',(-14.5,-21.65063509461,0.));
#1606 = DIRECTION('',(0.,0.,1.));
#1607 = DIRECTION('',(1.,0.,0.));
#1608 = CYLINDRICAL_SURFACE('',#1609,7.);
#1609 = AXIS2_PLACEMENT_3D('',#1610,#1611,#1612);
#1610 = CARTESIAN_POINT('',(-14.5,-21.65063509461,0.));
#1611 = DIRECTION('',(-0.,-0.,-1.));
#1612 = DIRECTION('',(1.,0.,0.));
#1613 = ADVANCED_FACE('',(#1614),#1641,.F.);
#1614 = FACE_BOUND('',#1615,.T.);
#1615 = EDGE_LOOP('',(#1616,#1626,#1633,#1634));
#1616 = ORIENTED_EDGE('',*,*,#1617,.T.);
#1617 = EDGE_CURVE('',#1618,#1620,#1622,.T.);
#1618 = VERTEX_POINT('',#1619);
#1619 = CARTESIAN_POINT('',(-20.,0.,0.));
#1620 = VERTEX_POINT('',#1621);
#1621 = CARTESIAN_POINT('',(-20.,0.,5.));
#1622 = LINE('',#1623,#1624);
#1623 = CARTESIAN_POINT('',(-20.,0.,0.));
#1624 = VECTOR('',#1625,1.);
#1625 = DIRECTION('',(0.,0.,1.));
#1626 = ORIENTED_EDGE('',*,*,#1627,.T.);
#1627 = EDGE_CURVE('',#1620,#1620,#1628,.T.);
#1628 = CIRCLE('',#1629,7.);
#1629 = AXIS2_PLACEMENT_3D('',#1630,#1631,#1632);
#1630 = CARTESIAN_POINT('',(-27.,0.,5.));
#1631 = DIRECTION('',(0.,0.,1.));
#1632 = DIRECTION('',(1.,0.,0.));
#1633 = ORIENTED_EDGE('',*,*,#1617,.F.);
#1634 = ORIENTED_EDGE('',*,*,#1635,.F.);
#1635 = EDGE_CURVE('',#1618,#1618,#1636,.T.);
#1636 = CIRCLE('',#1637,7.);
#1637 = AXIS2_PLACEMENT_3D('',#1638,#1639,#1640);
#1638 = CARTESIAN_POINT('',(-27.,0.,0.));
#1639 = DIRECTION('',(0.,0.,1.));
#1640 = DIRECTION('',(1.,0.,0.));
#1641 = CYLINDRICAL_SURFACE('',#1642,7.);
#1642 = AXIS2_PLACEMENT_3D('',#1643,#1644,#1645);
#1643 = CARTESIAN_POINT('',(-27.,0.,0.));
#1644 = DIRECTION('',(-0.,-0.,-1.));
#1645 = DIRECTION('',(1.,0.,0.));
#1646 = ADVANCED_FACE('',(#1647),#1674,.F.);
#1647 = FACE_BOUND('',#1648,.T.);
#1648 = EDGE_LOOP('',(#1649,#1659,#1666,#1667));
#1649 = ORIENTED_EDGE('',*,*,#1650,.T.);
#1650 = EDGE_CURVE('',#1651,#1653,#1655,.T.);
#1651 = VERTEX_POINT('',#1652);
#1652 = CARTESIAN_POINT('',(4.8,0.,0.));
#1653 = VERTEX_POINT('',#1654);
#1654 = CARTESIAN_POINT('',(4.8,0.,5.));
#1655 = LINE('',#1656,#1657);
#1656 = CARTESIAN_POINT('',(4.8,0.,0.));
#1657 = VECTOR('',#1658,1.);
#1658 = DIRECTION('',(0.,0.,1.));
#1659 = ORIENTED_EDGE('',*,*,#1660,.T.);
#1660 = EDGE_CURVE('',#1653,#1653,#1661,.T.);
#1661 = CIRCLE('',#1662,6.8);
#1662 = AXIS2_PLACEMENT_3D('',#1663,#1664,#1665);
#1663 = CARTESIAN_POINT('',(-2.,0.,5.));
#1664 = DIRECTION('',(0.,0.,1.));
#1665 = DIRECTION('',(1.,0.,0.));
#1666 = ORIENTED_EDGE('',*,*,#1650,.F.);
#1667 = ORIENTED_EDGE('',*,*,#1668,.F.);
#1668 = EDGE_CURVE('',#1651,#1651,#1669,.T.);
#1669 = CIRCLE('',#1670,6.8);
#1670 = AXIS2_PLACEMENT_3D('',#1671,#1672,#1673);
#1671 = CARTESIAN_POINT('',(-2.,0.,0.));
#1672 = DIRECTION('',(0.,0.,1.));
#1673 = DIRECTION('',(1.,0.,0.));
#1674 = CYLINDRICAL_SURFACE('',#1675,6.8);
#1675 = AXIS2_PLACEMENT_3D('',#1676,#1677,#1678);
#1676 = CARTESIAN_POINT('',(-2.,0.,0.));
#1677 = DIRECTION('',(-0.,-0.,-1.));
#1678 = DIRECTION('',(1.,0.,0.));
#1679 = ADVANCED_FACE('',(#1680,#1691,#1694,#1697,#1700,#1703,#1706,
    #1709),#1712,.F.);
#1680 = FACE_BOUND('',#1681,.F.);
#1681 = EDGE_LOOP('',(#1682,#1683,#1684,#1685,#1686,#1687,#1688,#1689,
    #1690));
#1682 = ORIENTED_EDGE('',*,*,#89,.T.);
#1683 = ORIENTED_EDGE('',*,*,#248,.T.);
#1684 = ORIENTED_EDGE('',*,*,#407,.T.);
#1685 = ORIENTED_EDGE('',*,*,#566,.T.);
#1686 = ORIENTED_EDGE('',*,*,#725,.T.);
#1687 = ORIENTED_EDGE('',*,*,#884,.T.);
#1688 = ORIENTED_EDGE('',*,*,#1043,.T.);
#1689 = ORIENTED_EDGE('',*,*,#1202,.T.);
#1690 = ORIENTED_EDGE('',*,*,#1352,.T.);
#1691 = FACE_BOUND('',#1692,.T.);
#1692 = EDGE_LOOP('',(#1693));
#1693 = ORIENTED_EDGE('',*,*,#1470,.T.);
#1694 = FACE_BOUND('',#1695,.T.);
#1695 = EDGE_LOOP('',(#1696));
#1696 = ORIENTED_EDGE('',*,*,#1503,.T.);
#1697 = FACE_BOUND('',#1698,.T.);
#1698 = EDGE_LOOP('',(#1699));
#1699 = ORIENTED_EDGE('',*,*,#1536,.T.);
#1700 = FACE_BOUND('',#1701,.T.);
#1701 = EDGE_LOOP('',(#1702));
#1702 = ORIENTED_EDGE('',*,*,#1569,.T.);
#1703 = FACE_BOUND('',#1704,.T.);
#1704 = EDGE_LOOP('',(#1705));
#1705 = ORIENTED_EDGE('',*,*,#1602,.T.);
#1706 = FACE_BOUND('',#1707,.T.);
#1707 = EDGE_LOOP('',(#1708));
#1708 = ORIENTED_EDGE('',*,*,#1635,.T.);
#1709 = FACE_BOUND('',#1710,.T.);
#1710 = EDGE_LOOP('',(#1711));
#1711 = ORIENTED_EDGE('',*,*,#1668,.T.);
#1712 = PLANE('',#1713);
#1713 = AXIS2_PLACEMENT_3D('',#1714,#1715,#1716);
#1714 = CARTESIAN_POINT('',(-2.,-1.90832079855E-15,0.));
#1715 = DIRECTION('',(0.,0.,1.));
#1716 = DIRECTION('',(1.,0.,0.));
#1717 = ADVANCED_FACE('',(#1718,#1729,#1732,#1735,#1738,#1741,#1744,
    #1747),#1750,.T.);
#1718 = FACE_BOUND('',#1719,.T.);
#1719 = EDGE_LOOP('',(#1720,#1721,#1722,#1723,#1724,#1725,#1726,#1727,
    #1728));
#1720 = ORIENTED_EDGE('',*,*,#31,.T.);
#1721 = ORIENTED_EDGE('',*,*,#190,.T.);
#1722 = ORIENTED_EDGE('',*,*,#349,.T.);
#1723 = ORIENTED_EDGE('',*,*,#508,.T.);
#1724 = ORIENTED_EDGE('',*,*,#667,.T.);
#1725 = ORIENTED_EDGE('',*,*,#826,.T.);
#1726 = ORIENTED_EDGE('',*,*,#985,.T.);
#1727 = ORIENTED_EDGE('',*,*,#1144,.T.);
#1728 = ORIENTED_EDGE('',*,*,#1303,.T.);
#1729 = FACE_BOUND('',#1730,.F.);
#1730 = EDGE_LOOP('',(#1731));
#1731 = ORIENTED_EDGE('',*,*,#1462,.T.);
#1732 = FACE_BOUND('',#1733,.F.);
#1733 = EDGE_LOOP('',(#1734));
#1734 = ORIENTED_EDGE('',*,*,#1495,.T.);
#1735 = FACE_BOUND('',#1736,.F.);
#1736 = EDGE_LOOP('',(#1737));
#1737 = ORIENTED_EDGE('',*,*,#1528,.T.);
#1738 = FACE_BOUND('',#1739,.F.);
#1739 = EDGE_LOOP('',(#1740));
#1740 = ORIENTED_EDGE('',*,*,#1561,.T.);
#1741 = FACE_BOUND('',#1742,.F.);
#1742 = EDGE_LOOP('',(#1743));
#1743 = ORIENTED_EDGE('',*,*,#1594,.T.);
#1744 = FACE_BOUND('',#1745,.F.);
#1745 = EDGE_LOOP('',(#1746));
#1746 = ORIENTED_EDGE('',*,*,#1627,.T.);
#1747 = FACE_BOUND('',#1748,.F.);
#1748 = EDGE_LOOP('',(#1749));
#1749 = ORIENTED_EDGE('',*,*,#1660,.T.);
#1750 = PLANE('',#1751);
#1751 = AXIS2_PLACEMENT_3D('',#1752,#1753,#1754);
#1752 = CARTESIAN_POINT('',(-2.,-1.90832079855E-15,5.));
#1753 = DIRECTION('',(0.,0.,1.));
#1754 = DIRECTION('',(1.,0.,0.));
#1755 = ( GEOMETRIC_REPRESENTATION_CONTEXT(3) 
GLOBAL_UNCERTAINTY_ASSIGNED_CONTEXT((#1759)) 
GLOBAL_UNIT_ASSIGNED_CONTEXT((#1756,#1757,#1758)) REPRESENTATION_CONTEXT
('Context #1','3D Context with UNIT and UNCERTAINTY') );
#1756 = ( LENGTH_UNIT() NAMED_UNIT(*) SI_UNIT(.MILLI.,.METRE.) );
#1757 = ( NAMED_UNIT(*) PLANE_ANGLE_UNIT() SI_UNIT($,.RADIAN.) );
#1758 = ( NAMED_UNIT(*) SI_UNIT($,.STERADIAN.) SOLID_ANGLE_UNIT() );
#1759 = UNCERTAINTY_MEASURE_WITH_UNIT(LENGTH_MEASURE(1.E-07),#1756,
  'distance_accuracy_value','confusion accuracy');
#1760 = PRODUCT_RELATED_PRODUCT_CATEGORY('part',$,(#7));
ENDSEC;
END-ISO-10303-21;
