ISO-10303-21;
HEADER;
FILE_DESCRIPTION(('FreeCAD Model'),'2;1');
FILE_NAME('Open CASCADE Shape Model','2026-05-28T01:09:26',('Author'),(
    ''),'Open CASCADE STEP processor 7.8','FreeCAD','Unknown');
FILE_SCHEMA(('AUTOMOTIVE_DESIGN { 1 0 10303 214 1 1 1 1 }'));
ENDSEC;
DATA;
#1 = APPLICATION_PROTOCOL_DEFINITION('international standard',
  'automotive_design',2000,#2);
#2 = APPLICATION_CONTEXT(
  'core data for automotive mechanical design processes');
#3 = SHAPE_DEFINITION_REPRESENTATION(#4,#10);
#4 = PRODUCT_DEFINITION_SHAPE('','',#5);
#5 = PRODUCT_DEFINITION('design','',#6,#9);
#6 = PRODUCT_DEFINITION_FORMATION('','',#7);
#7 = PRODUCT('CycloidalReducer','CycloidalReducer','',(#8));
#8 = PRODUCT_CONTEXT('',#2,'mechanical');
#9 = PRODUCT_DEFINITION_CONTEXT('part definition',#2,'design');
#10 = SHAPE_REPRESENTATION('',(#11,#15,#19,#23,#27,#31,#35,#39),#43);
#11 = AXIS2_PLACEMENT_3D('',#12,#13,#14);
#12 = CARTESIAN_POINT('',(0.,0.,0.));
#13 = DIRECTION('',(0.,0.,1.));
#14 = DIRECTION('',(1.,0.,-0.));
#15 = AXIS2_PLACEMENT_3D('',#16,#17,#18);
#16 = CARTESIAN_POINT('',(0.,0.,0.));
#17 = DIRECTION('',(0.,0.,1.));
#18 = DIRECTION('',(1.,0.,0.));
#19 = AXIS2_PLACEMENT_3D('',#20,#21,#22);
#20 = CARTESIAN_POINT('',(0.,0.,5.));
#21 = DIRECTION('',(0.,0.,1.));
#22 = DIRECTION('',(1.,0.,0.));
#23 = AXIS2_PLACEMENT_3D('',#24,#25,#26);
#24 = CARTESIAN_POINT('',(0.,0.,5.));
#25 = DIRECTION('',(0.,0.,1.));
#26 = DIRECTION('',(-1.,1.224646799147E-16,0.));
#27 = AXIS2_PLACEMENT_3D('',#28,#29,#30);
#28 = CARTESIAN_POINT('',(0.,0.,10.));
#29 = DIRECTION('',(0.,0.,1.));
#30 = DIRECTION('',(-1.,1.224646799147E-16,0.));
#31 = AXIS2_PLACEMENT_3D('',#32,#33,#34);
#32 = CARTESIAN_POINT('',(0.,0.,15.));
#33 = DIRECTION('',(0.,0.,1.));
#34 = DIRECTION('',(1.,0.,0.));
#35 = AXIS2_PLACEMENT_3D('',#36,#37,#38);
#36 = CARTESIAN_POINT('',(0.,0.,15.));
#37 = DIRECTION('',(0.,0.,1.));
#38 = DIRECTION('',(-1.,1.224646799147E-16,0.));
#39 = AXIS2_PLACEMENT_3D('',#40,#41,#42);
#40 = CARTESIAN_POINT('',(0.,0.,20.));
#41 = DIRECTION('',(0.,0.,1.));
#42 = DIRECTION('',(1.,0.,0.));
#43 = ( GEOMETRIC_REPRESENTATION_CONTEXT(3) 
GLOBAL_UNCERTAINTY_ASSIGNED_CONTEXT((#47)) GLOBAL_UNIT_ASSIGNED_CONTEXT(
(#44,#45,#46)) REPRESENTATION_CONTEXT('Context #1',
  '3D Context with UNIT and UNCERTAINTY') );
#44 = ( LENGTH_UNIT() NAMED_UNIT(*) SI_UNIT(.MILLI.,.METRE.) );
#45 = ( NAMED_UNIT(*) PLANE_ANGLE_UNIT() SI_UNIT($,.RADIAN.) );
#46 = ( NAMED_UNIT(*) SI_UNIT($,.STERADIAN.) SOLID_ANGLE_UNIT() );
#47 = UNCERTAINTY_MEASURE_WITH_UNIT(LENGTH_MEASURE(1.E-06),#44,
  'distance_accuracy_value','confusion accuracy');
#48 = PRODUCT_RELATED_PRODUCT_CATEGORY('part',$,(#7));
#49 = SHAPE_DEFINITION_REPRESENTATION(#50,#56);
#50 = PRODUCT_DEFINITION_SHAPE('','',#51);
#51 = PRODUCT_DEFINITION('design','',#52,#55);
#52 = PRODUCT_DEFINITION_FORMATION('','',#53);
#53 = PRODUCT('pinDisk','pinDisk','',(#54));
#54 = PRODUCT_CONTEXT('',#2,'mechanical');
#55 = PRODUCT_DEFINITION_CONTEXT('part definition',#2,'design');
#56 = ADVANCED_BREP_SHAPE_REPRESENTATION('',(#11,#57),#1543);
#57 = MANIFOLD_SOLID_BREP('',#58);
#58 = CLOSED_SHELL('',(#59,#197,#221,#246,#271,#296,#321,#346,#371,#396,
    #421,#446,#471,#496,#516,#536,#556,#576,#596,#616,#636,#656,#676,
    #696,#716,#741,#766,#791,#816,#841,#866,#891,#916,#941,#966,#991,
    #1000,#1009,#1018,#1027,#1036,#1045,#1054,#1063,#1072,#1081,#1203,
    #1228,#1237,#1262,#1271,#1296,#1305,#1330,#1339,#1364,#1373,#1398,
    #1407,#1432,#1441,#1466,#1475,#1500,#1509,#1534));
#59 = ADVANCED_FACE('',(#60,#71,#82,#93,#104,#115,#126,#137,#148,#159,
    #170,#181),#192,.T.);
#60 = FACE_BOUND('',#61,.T.);
#61 = EDGE_LOOP('',(#62));
#62 = ORIENTED_EDGE('',*,*,#63,.T.);
#63 = EDGE_CURVE('',#64,#64,#66,.T.);
#64 = VERTEX_POINT('',#65);
#65 = CARTESIAN_POINT('',(47.5,0.,10.));
#66 = CIRCLE('',#67,47.5);
#67 = AXIS2_PLACEMENT_3D('',#68,#69,#70);
#68 = CARTESIAN_POINT('',(0.,0.,10.));
#69 = DIRECTION('',(0.,0.,1.));
#70 = DIRECTION('',(1.,0.,0.));
#71 = FACE_BOUND('',#72,.T.);
#72 = EDGE_LOOP('',(#73));
#73 = ORIENTED_EDGE('',*,*,#74,.T.);
#74 = EDGE_CURVE('',#75,#75,#77,.T.);
#75 = VERTEX_POINT('',#76);
#76 = CARTESIAN_POINT('',(-29.04371009806,-21.1014905573,10.));
#77 = CIRCLE('',#78,4.7);
#78 = AXIS2_PLACEMENT_3D('',#79,#80,#81);
#79 = CARTESIAN_POINT('',(-32.84608997162,-23.86408124307,10.));
#80 = DIRECTION('',(0.,0.,-1.));
#81 = DIRECTION('',(0.809016994375,0.587785252292,0.));
#82 = FACE_BOUND('',#83,.T.);
#83 = EDGE_LOOP('',(#84));
#84 = ORIENTED_EDGE('',*,*,#85,.T.);
#85 = EDGE_CURVE('',#86,#86,#88,.T.);
#86 = VERTEX_POINT('',#87);
#87 = CARTESIAN_POINT('',(-11.09371009806,-34.14292893499,10.));
#88 = CIRCLE('',#89,4.7);
#89 = AXIS2_PLACEMENT_3D('',#90,#91,#92);
#90 = CARTESIAN_POINT('',(-12.54608997162,-38.61289456158,10.));
#91 = DIRECTION('',(0.,0.,-1.));
#92 = DIRECTION('',(0.309016994375,0.951056516295,0.));
#93 = FACE_BOUND('',#94,.T.);
#94 = EDGE_LOOP('',(#95));
#95 = ORIENTED_EDGE('',*,*,#96,.T.);
#96 = EDGE_CURVE('',#97,#97,#99,.T.);
#97 = VERTEX_POINT('',#98);
#98 = CARTESIAN_POINT('',(11.093710098061,-34.14292893499,10.));
#99 = CIRCLE('',#100,4.7);
#100 = AXIS2_PLACEMENT_3D('',#101,#102,#103);
#101 = CARTESIAN_POINT('',(12.546089971623,-38.61289456158,10.));
#102 = DIRECTION('',(0.,0.,-1.));
#103 = DIRECTION('',(-0.309016994375,0.951056516295,0.));
#104 = FACE_BOUND('',#105,.T.);
#105 = EDGE_LOOP('',(#106));
#106 = ORIENTED_EDGE('',*,*,#107,.T.);
#107 = EDGE_CURVE('',#108,#108,#110,.T.);
#108 = VERTEX_POINT('',#109);
#109 = CARTESIAN_POINT('',(29.043710098061,-21.1014905573,10.));
#110 = CIRCLE('',#111,4.7);
#111 = AXIS2_PLACEMENT_3D('',#112,#113,#114);
#112 = CARTESIAN_POINT('',(32.846089971623,-23.86408124307,10.));
#113 = DIRECTION('',(0.,0.,-1.));
#114 = DIRECTION('',(-0.809016994375,0.587785252292,0.));
#115 = FACE_BOUND('',#116,.T.);
#116 = EDGE_LOOP('',(#117));
#117 = ORIENTED_EDGE('',*,*,#118,.T.);
#118 = EDGE_CURVE('',#119,#119,#121,.T.);
#119 = VERTEX_POINT('',#120);
#120 = CARTESIAN_POINT('',(35.9,-4.396482008939E-15,10.));
#121 = CIRCLE('',#122,4.7);
#122 = AXIS2_PLACEMENT_3D('',#123,#124,#125);
#123 = CARTESIAN_POINT('',(40.6,-4.972066004538E-15,10.));
#124 = DIRECTION('',(0.,0.,-1.));
#125 = DIRECTION('',(-1.,1.224646799147E-16,0.));
#126 = FACE_BOUND('',#127,.T.);
#127 = EDGE_LOOP('',(#128));
#128 = ORIENTED_EDGE('',*,*,#129,.T.);
#129 = EDGE_CURVE('',#130,#130,#132,.T.);
#130 = VERTEX_POINT('',#131);
#131 = CARTESIAN_POINT('',(-35.9,0.,10.));
#132 = CIRCLE('',#133,4.7);
#133 = AXIS2_PLACEMENT_3D('',#134,#135,#136);
#134 = CARTESIAN_POINT('',(-40.6,0.,10.));
#135 = DIRECTION('',(0.,0.,-1.));
#136 = DIRECTION('',(1.,0.,0.));
#137 = FACE_BOUND('',#138,.T.);
#138 = EDGE_LOOP('',(#139));
#139 = ORIENTED_EDGE('',*,*,#140,.T.);
#140 = EDGE_CURVE('',#141,#141,#143,.T.);
#141 = VERTEX_POINT('',#142);
#142 = CARTESIAN_POINT('',(-29.04371009806,21.1014905573,10.));
#143 = CIRCLE('',#144,4.7);
#144 = AXIS2_PLACEMENT_3D('',#145,#146,#147);
#145 = CARTESIAN_POINT('',(-32.84608997162,23.864081243074,10.));
#146 = DIRECTION('',(0.,-0.,-1.));
#147 = DIRECTION('',(0.809016994375,-0.587785252292,0.));
#148 = FACE_BOUND('',#149,.T.);
#149 = EDGE_LOOP('',(#150));
#150 = ORIENTED_EDGE('',*,*,#151,.T.);
#151 = EDGE_CURVE('',#152,#152,#154,.T.);
#152 = VERTEX_POINT('',#153);
#153 = CARTESIAN_POINT('',(-11.09371009806,34.142928934996,10.));
#154 = CIRCLE('',#155,4.7);
#155 = AXIS2_PLACEMENT_3D('',#156,#157,#158);
#156 = CARTESIAN_POINT('',(-12.54608997162,38.612894561583,10.));
#157 = DIRECTION('',(0.,-0.,-1.));
#158 = DIRECTION('',(0.309016994375,-0.951056516295,0.));
#159 = FACE_BOUND('',#160,.T.);
#160 = EDGE_LOOP('',(#161));
#161 = ORIENTED_EDGE('',*,*,#162,.F.);
#162 = EDGE_CURVE('',#163,#163,#165,.T.);
#163 = VERTEX_POINT('',#164);
#164 = CARTESIAN_POINT('',(34.208915126443,0.,10.));
#165 = CIRCLE('',#166,34.208915126443);
#166 = AXIS2_PLACEMENT_3D('',#167,#168,#169);
#167 = CARTESIAN_POINT('',(0.,0.,10.));
#168 = DIRECTION('',(0.,0.,1.));
#169 = DIRECTION('',(1.,0.,0.));
#170 = FACE_BOUND('',#171,.T.);
#171 = EDGE_LOOP('',(#172));
#172 = ORIENTED_EDGE('',*,*,#173,.T.);
#173 = EDGE_CURVE('',#174,#174,#176,.T.);
#174 = VERTEX_POINT('',#175);
#175 = CARTESIAN_POINT('',(11.093710098061,34.142928934996,10.));
#176 = CIRCLE('',#177,4.7);
#177 = AXIS2_PLACEMENT_3D('',#178,#179,#180);
#178 = CARTESIAN_POINT('',(12.546089971623,38.612894561583,10.));
#179 = DIRECTION('',(0.,0.,-1.));
#180 = DIRECTION('',(-0.309016994375,-0.951056516295,-0.));
#181 = FACE_BOUND('',#182,.T.);
#182 = EDGE_LOOP('',(#183));
#183 = ORIENTED_EDGE('',*,*,#184,.T.);
#184 = EDGE_CURVE('',#185,#185,#187,.T.);
#185 = VERTEX_POINT('',#186);
#186 = CARTESIAN_POINT('',(29.043710098061,21.1014905573,10.));
#187 = CIRCLE('',#188,4.7);
#188 = AXIS2_PLACEMENT_3D('',#189,#190,#191);
#189 = CARTESIAN_POINT('',(32.846089971623,23.864081243074,10.));
#190 = DIRECTION('',(0.,0.,-1.));
#191 = DIRECTION('',(-0.809016994375,-0.587785252292,-0.));
#192 = PLANE('',#193);
#193 = AXIS2_PLACEMENT_3D('',#194,#195,#196);
#194 = CARTESIAN_POINT('',(-1.606608685486E-15,2.628563599171E-15,10.));
#195 = DIRECTION('',(0.,0.,1.));
#196 = DIRECTION('',(1.,0.,0.));
#197 = ADVANCED_FACE('',(#198),#216,.T.);
#198 = FACE_BOUND('',#199,.F.);
#199 = EDGE_LOOP('',(#200,#209,#214,#215));
#200 = ORIENTED_EDGE('',*,*,#201,.F.);
#201 = EDGE_CURVE('',#202,#202,#204,.T.);
#202 = VERTEX_POINT('',#203);
#203 = CARTESIAN_POINT('',(47.5,0.,0.));
#204 = CIRCLE('',#205,47.5);
#205 = AXIS2_PLACEMENT_3D('',#206,#207,#208);
#206 = CARTESIAN_POINT('',(0.,0.,0.));
#207 = DIRECTION('',(0.,0.,1.));
#208 = DIRECTION('',(1.,0.,0.));
#209 = ORIENTED_EDGE('',*,*,#210,.F.);
#210 = EDGE_CURVE('',#64,#202,#211,.T.);
#211 = B_SPLINE_CURVE_WITH_KNOTS('',1,(#212,#213),.UNSPECIFIED.,.F.,.F.,
  (2,2),(-10.,0.),.PIECEWISE_BEZIER_KNOTS.);
#212 = CARTESIAN_POINT('',(47.5,-1.16341445919E-14,10.));
#213 = CARTESIAN_POINT('',(47.5,-1.16341445919E-14,0.));
#214 = ORIENTED_EDGE('',*,*,#63,.T.);
#215 = ORIENTED_EDGE('',*,*,#210,.T.);
#216 = CYLINDRICAL_SURFACE('',#217,47.5);
#217 = AXIS2_PLACEMENT_3D('',#218,#219,#220);
#218 = CARTESIAN_POINT('',(0.,0.,0.));
#219 = DIRECTION('',(-0.,-0.,-1.));
#220 = DIRECTION('',(1.,0.,0.));
#221 = ADVANCED_FACE('',(#222),#241,.T.);
#222 = FACE_BOUND('',#223,.F.);
#223 = EDGE_LOOP('',(#224,#225,#233,#240));
#224 = ORIENTED_EDGE('',*,*,#74,.T.);
#225 = ORIENTED_EDGE('',*,*,#226,.T.);
#226 = EDGE_CURVE('',#75,#227,#229,.T.);
#227 = VERTEX_POINT('',#228);
#228 = CARTESIAN_POINT('',(-29.04371009806,-21.1014905573,25.));
#229 = LINE('',#230,#231);
#230 = CARTESIAN_POINT('',(-29.04371009806,-21.1014905573,0.));
#231 = VECTOR('',#232,1.);
#232 = DIRECTION('',(0.,0.,1.));
#233 = ORIENTED_EDGE('',*,*,#234,.T.);
#234 = EDGE_CURVE('',#227,#227,#235,.T.);
#235 = CIRCLE('',#236,4.7);
#236 = AXIS2_PLACEMENT_3D('',#237,#238,#239);
#237 = CARTESIAN_POINT('',(-32.84608997162,-23.86408124307,25.));
#238 = DIRECTION('',(0.,-0.,1.));
#239 = DIRECTION('',(0.809016994375,0.587785252292,0.));
#240 = ORIENTED_EDGE('',*,*,#226,.F.);
#241 = CYLINDRICAL_SURFACE('',#242,4.7);
#242 = AXIS2_PLACEMENT_3D('',#243,#244,#245);
#243 = CARTESIAN_POINT('',(-32.84608997162,-23.86408124307,0.));
#244 = DIRECTION('',(0.,-0.,-1.));
#245 = DIRECTION('',(0.809016994375,0.587785252292,0.));
#246 = ADVANCED_FACE('',(#247),#266,.T.);
#247 = FACE_BOUND('',#248,.F.);
#248 = EDGE_LOOP('',(#249,#250,#258,#265));
#249 = ORIENTED_EDGE('',*,*,#85,.T.);
#250 = ORIENTED_EDGE('',*,*,#251,.T.);
#251 = EDGE_CURVE('',#86,#252,#254,.T.);
#252 = VERTEX_POINT('',#253);
#253 = CARTESIAN_POINT('',(-11.09371009806,-34.14292893499,25.));
#254 = LINE('',#255,#256);
#255 = CARTESIAN_POINT('',(-11.09371009806,-34.14292893499,0.));
#256 = VECTOR('',#257,1.);
#257 = DIRECTION('',(0.,0.,1.));
#258 = ORIENTED_EDGE('',*,*,#259,.T.);
#259 = EDGE_CURVE('',#252,#252,#260,.T.);
#260 = CIRCLE('',#261,4.7);
#261 = AXIS2_PLACEMENT_3D('',#262,#263,#264);
#262 = CARTESIAN_POINT('',(-12.54608997162,-38.61289456158,25.));
#263 = DIRECTION('',(0.,-0.,1.));
#264 = DIRECTION('',(0.309016994375,0.951056516295,0.));
#265 = ORIENTED_EDGE('',*,*,#251,.F.);
#266 = CYLINDRICAL_SURFACE('',#267,4.7);
#267 = AXIS2_PLACEMENT_3D('',#268,#269,#270);
#268 = CARTESIAN_POINT('',(-12.54608997162,-38.61289456158,0.));
#269 = DIRECTION('',(0.,0.,-1.));
#270 = DIRECTION('',(0.309016994375,0.951056516295,0.));
#271 = ADVANCED_FACE('',(#272),#291,.T.);
#272 = FACE_BOUND('',#273,.F.);
#273 = EDGE_LOOP('',(#274,#275,#283,#290));
#274 = ORIENTED_EDGE('',*,*,#96,.T.);
#275 = ORIENTED_EDGE('',*,*,#276,.T.);
#276 = EDGE_CURVE('',#97,#277,#279,.T.);
#277 = VERTEX_POINT('',#278);
#278 = CARTESIAN_POINT('',(11.093710098061,-34.14292893499,25.));
#279 = LINE('',#280,#281);
#280 = CARTESIAN_POINT('',(11.093710098061,-34.14292893499,0.));
#281 = VECTOR('',#282,1.);
#282 = DIRECTION('',(0.,0.,1.));
#283 = ORIENTED_EDGE('',*,*,#284,.T.);
#284 = EDGE_CURVE('',#277,#277,#285,.T.);
#285 = CIRCLE('',#286,4.7);
#286 = AXIS2_PLACEMENT_3D('',#287,#288,#289);
#287 = CARTESIAN_POINT('',(12.546089971623,-38.61289456158,25.));
#288 = DIRECTION('',(0.,0.,1.));
#289 = DIRECTION('',(-0.309016994375,0.951056516295,0.));
#290 = ORIENTED_EDGE('',*,*,#276,.F.);
#291 = CYLINDRICAL_SURFACE('',#292,4.7);
#292 = AXIS2_PLACEMENT_3D('',#293,#294,#295);
#293 = CARTESIAN_POINT('',(12.546089971623,-38.61289456158,0.));
#294 = DIRECTION('',(-0.,0.,-1.));
#295 = DIRECTION('',(-0.309016994375,0.951056516295,0.));
#296 = ADVANCED_FACE('',(#297),#316,.T.);
#297 = FACE_BOUND('',#298,.F.);
#298 = EDGE_LOOP('',(#299,#300,#308,#315));
#299 = ORIENTED_EDGE('',*,*,#107,.T.);
#300 = ORIENTED_EDGE('',*,*,#301,.T.);
#301 = EDGE_CURVE('',#108,#302,#304,.T.);
#302 = VERTEX_POINT('',#303);
#303 = CARTESIAN_POINT('',(29.043710098061,-21.1014905573,25.));
#304 = LINE('',#305,#306);
#305 = CARTESIAN_POINT('',(29.043710098061,-21.1014905573,0.));
#306 = VECTOR('',#307,1.);
#307 = DIRECTION('',(0.,0.,1.));
#308 = ORIENTED_EDGE('',*,*,#309,.T.);
#309 = EDGE_CURVE('',#302,#302,#310,.T.);
#310 = CIRCLE('',#311,4.7);
#311 = AXIS2_PLACEMENT_3D('',#312,#313,#314);
#312 = CARTESIAN_POINT('',(32.846089971623,-23.86408124307,25.));
#313 = DIRECTION('',(0.,0.,1.));
#314 = DIRECTION('',(-0.809016994375,0.587785252292,0.));
#315 = ORIENTED_EDGE('',*,*,#301,.F.);
#316 = CYLINDRICAL_SURFACE('',#317,4.7);
#317 = AXIS2_PLACEMENT_3D('',#318,#319,#320);
#318 = CARTESIAN_POINT('',(32.846089971623,-23.86408124307,0.));
#319 = DIRECTION('',(0.,0.,-1.));
#320 = DIRECTION('',(-0.809016994375,0.587785252292,0.));
#321 = ADVANCED_FACE('',(#322),#341,.T.);
#322 = FACE_BOUND('',#323,.F.);
#323 = EDGE_LOOP('',(#324,#325,#333,#340));
#324 = ORIENTED_EDGE('',*,*,#118,.T.);
#325 = ORIENTED_EDGE('',*,*,#326,.T.);
#326 = EDGE_CURVE('',#119,#327,#329,.T.);
#327 = VERTEX_POINT('',#328);
#328 = CARTESIAN_POINT('',(35.9,-4.396482008939E-15,25.));
#329 = LINE('',#330,#331);
#330 = CARTESIAN_POINT('',(35.9,-4.396482008939E-15,0.));
#331 = VECTOR('',#332,1.);
#332 = DIRECTION('',(0.,0.,1.));
#333 = ORIENTED_EDGE('',*,*,#334,.T.);
#334 = EDGE_CURVE('',#327,#327,#335,.T.);
#335 = CIRCLE('',#336,4.7);
#336 = AXIS2_PLACEMENT_3D('',#337,#338,#339);
#337 = CARTESIAN_POINT('',(40.6,-4.972066004538E-15,25.));
#338 = DIRECTION('',(0.,0.,1.));
#339 = DIRECTION('',(-1.,1.224646799147E-16,0.));
#340 = ORIENTED_EDGE('',*,*,#326,.F.);
#341 = CYLINDRICAL_SURFACE('',#342,4.7);
#342 = AXIS2_PLACEMENT_3D('',#343,#344,#345);
#343 = CARTESIAN_POINT('',(40.6,-4.972066004538E-15,0.));
#344 = DIRECTION('',(0.,0.,-1.));
#345 = DIRECTION('',(-1.,1.224646799147E-16,0.));
#346 = ADVANCED_FACE('',(#347),#366,.T.);
#347 = FACE_BOUND('',#348,.F.);
#348 = EDGE_LOOP('',(#349,#350,#358,#365));
#349 = ORIENTED_EDGE('',*,*,#129,.T.);
#350 = ORIENTED_EDGE('',*,*,#351,.T.);
#351 = EDGE_CURVE('',#130,#352,#354,.T.);
#352 = VERTEX_POINT('',#353);
#353 = CARTESIAN_POINT('',(-35.9,0.,25.));
#354 = LINE('',#355,#356);
#355 = CARTESIAN_POINT('',(-35.9,0.,0.));
#356 = VECTOR('',#357,1.);
#357 = DIRECTION('',(0.,0.,1.));
#358 = ORIENTED_EDGE('',*,*,#359,.T.);
#359 = EDGE_CURVE('',#352,#352,#360,.T.);
#360 = CIRCLE('',#361,4.7);
#361 = AXIS2_PLACEMENT_3D('',#362,#363,#364);
#362 = CARTESIAN_POINT('',(-40.6,0.,25.));
#363 = DIRECTION('',(0.,0.,1.));
#364 = DIRECTION('',(1.,0.,0.));
#365 = ORIENTED_EDGE('',*,*,#351,.F.);
#366 = CYLINDRICAL_SURFACE('',#367,4.7);
#367 = AXIS2_PLACEMENT_3D('',#368,#369,#370);
#368 = CARTESIAN_POINT('',(-40.6,0.,0.));
#369 = DIRECTION('',(-0.,-0.,-1.));
#370 = DIRECTION('',(1.,0.,0.));
#371 = ADVANCED_FACE('',(#372),#391,.T.);
#372 = FACE_BOUND('',#373,.F.);
#373 = EDGE_LOOP('',(#374,#375,#383,#390));
#374 = ORIENTED_EDGE('',*,*,#140,.T.);
#375 = ORIENTED_EDGE('',*,*,#376,.T.);
#376 = EDGE_CURVE('',#141,#377,#379,.T.);
#377 = VERTEX_POINT('',#378);
#378 = CARTESIAN_POINT('',(-29.04371009806,21.1014905573,25.));
#379 = LINE('',#380,#381);
#380 = CARTESIAN_POINT('',(-29.04371009806,21.1014905573,0.));
#381 = VECTOR('',#382,1.);
#382 = DIRECTION('',(0.,0.,1.));
#383 = ORIENTED_EDGE('',*,*,#384,.T.);
#384 = EDGE_CURVE('',#377,#377,#385,.T.);
#385 = CIRCLE('',#386,4.7);
#386 = AXIS2_PLACEMENT_3D('',#387,#388,#389);
#387 = CARTESIAN_POINT('',(-32.84608997162,23.864081243074,25.));
#388 = DIRECTION('',(-0.,0.,1.));
#389 = DIRECTION('',(0.809016994375,-0.587785252292,0.));
#390 = ORIENTED_EDGE('',*,*,#376,.F.);
#391 = CYLINDRICAL_SURFACE('',#392,4.7);
#392 = AXIS2_PLACEMENT_3D('',#393,#394,#395);
#393 = CARTESIAN_POINT('',(-32.84608997162,23.864081243074,0.));
#394 = DIRECTION('',(0.,0.,-1.));
#395 = DIRECTION('',(0.809016994375,-0.587785252292,0.));
#396 = ADVANCED_FACE('',(#397),#416,.T.);
#397 = FACE_BOUND('',#398,.F.);
#398 = EDGE_LOOP('',(#399,#400,#408,#415));
#399 = ORIENTED_EDGE('',*,*,#151,.T.);
#400 = ORIENTED_EDGE('',*,*,#401,.T.);
#401 = EDGE_CURVE('',#152,#402,#404,.T.);
#402 = VERTEX_POINT('',#403);
#403 = CARTESIAN_POINT('',(-11.09371009806,34.142928934996,25.));
#404 = LINE('',#405,#406);
#405 = CARTESIAN_POINT('',(-11.09371009806,34.142928934996,0.));
#406 = VECTOR('',#407,1.);
#407 = DIRECTION('',(0.,0.,1.));
#408 = ORIENTED_EDGE('',*,*,#409,.T.);
#409 = EDGE_CURVE('',#402,#402,#410,.T.);
#410 = CIRCLE('',#411,4.7);
#411 = AXIS2_PLACEMENT_3D('',#412,#413,#414);
#412 = CARTESIAN_POINT('',(-12.54608997162,38.612894561583,25.));
#413 = DIRECTION('',(-0.,0.,1.));
#414 = DIRECTION('',(0.309016994375,-0.951056516295,0.));
#415 = ORIENTED_EDGE('',*,*,#401,.F.);
#416 = CYLINDRICAL_SURFACE('',#417,4.7);
#417 = AXIS2_PLACEMENT_3D('',#418,#419,#420);
#418 = CARTESIAN_POINT('',(-12.54608997162,38.612894561583,0.));
#419 = DIRECTION('',(0.,0.,-1.));
#420 = DIRECTION('',(0.309016994375,-0.951056516295,0.));
#421 = ADVANCED_FACE('',(#422),#441,.F.);
#422 = FACE_BOUND('',#423,.T.);
#423 = EDGE_LOOP('',(#424,#433,#439,#440));
#424 = ORIENTED_EDGE('',*,*,#425,.T.);
#425 = EDGE_CURVE('',#426,#426,#428,.T.);
#426 = VERTEX_POINT('',#427);
#427 = CARTESIAN_POINT('',(34.208915126443,0.,5.));
#428 = CIRCLE('',#429,34.208915126443);
#429 = AXIS2_PLACEMENT_3D('',#430,#431,#432);
#430 = CARTESIAN_POINT('',(0.,0.,5.));
#431 = DIRECTION('',(0.,0.,-1.));
#432 = DIRECTION('',(1.,0.,0.));
#433 = ORIENTED_EDGE('',*,*,#434,.T.);
#434 = EDGE_CURVE('',#426,#163,#435,.T.);
#435 = LINE('',#436,#437);
#436 = CARTESIAN_POINT('',(34.208915126443,0.,0.));
#437 = VECTOR('',#438,1.);
#438 = DIRECTION('',(0.,0.,1.));
#439 = ORIENTED_EDGE('',*,*,#162,.T.);
#440 = ORIENTED_EDGE('',*,*,#434,.F.);
#441 = CYLINDRICAL_SURFACE('',#442,34.208915126443);
#442 = AXIS2_PLACEMENT_3D('',#443,#444,#445);
#443 = CARTESIAN_POINT('',(0.,0.,0.));
#444 = DIRECTION('',(-0.,-0.,-1.));
#445 = DIRECTION('',(1.,0.,0.));
#446 = ADVANCED_FACE('',(#447),#466,.T.);
#447 = FACE_BOUND('',#448,.F.);
#448 = EDGE_LOOP('',(#449,#450,#458,#465));
#449 = ORIENTED_EDGE('',*,*,#173,.T.);
#450 = ORIENTED_EDGE('',*,*,#451,.T.);
#451 = EDGE_CURVE('',#174,#452,#454,.T.);
#452 = VERTEX_POINT('',#453);
#453 = CARTESIAN_POINT('',(11.093710098061,34.142928934996,25.));
#454 = LINE('',#455,#456);
#455 = CARTESIAN_POINT('',(11.093710098061,34.142928934996,0.));
#456 = VECTOR('',#457,1.);
#457 = DIRECTION('',(0.,0.,1.));
#458 = ORIENTED_EDGE('',*,*,#459,.T.);
#459 = EDGE_CURVE('',#452,#452,#460,.T.);
#460 = CIRCLE('',#461,4.7);
#461 = AXIS2_PLACEMENT_3D('',#462,#463,#464);
#462 = CARTESIAN_POINT('',(12.546089971623,38.612894561583,25.));
#463 = DIRECTION('',(0.,0.,1.));
#464 = DIRECTION('',(-0.309016994375,-0.951056516295,0.));
#465 = ORIENTED_EDGE('',*,*,#451,.F.);
#466 = CYLINDRICAL_SURFACE('',#467,4.7);
#467 = AXIS2_PLACEMENT_3D('',#468,#469,#470);
#468 = CARTESIAN_POINT('',(12.546089971623,38.612894561583,0.));
#469 = DIRECTION('',(0.,-0.,-1.));
#470 = DIRECTION('',(-0.309016994375,-0.951056516295,0.));
#471 = ADVANCED_FACE('',(#472),#491,.T.);
#472 = FACE_BOUND('',#473,.F.);
#473 = EDGE_LOOP('',(#474,#475,#483,#490));
#474 = ORIENTED_EDGE('',*,*,#184,.T.);
#475 = ORIENTED_EDGE('',*,*,#476,.T.);
#476 = EDGE_CURVE('',#185,#477,#479,.T.);
#477 = VERTEX_POINT('',#478);
#478 = CARTESIAN_POINT('',(29.043710098061,21.1014905573,25.));
#479 = LINE('',#480,#481);
#480 = CARTESIAN_POINT('',(29.043710098061,21.1014905573,0.));
#481 = VECTOR('',#482,1.);
#482 = DIRECTION('',(0.,0.,1.));
#483 = ORIENTED_EDGE('',*,*,#484,.T.);
#484 = EDGE_CURVE('',#477,#477,#485,.T.);
#485 = CIRCLE('',#486,4.7);
#486 = AXIS2_PLACEMENT_3D('',#487,#488,#489);
#487 = CARTESIAN_POINT('',(32.846089971623,23.864081243074,25.));
#488 = DIRECTION('',(0.,0.,1.));
#489 = DIRECTION('',(-0.809016994375,-0.587785252292,0.));
#490 = ORIENTED_EDGE('',*,*,#476,.F.);
#491 = CYLINDRICAL_SURFACE('',#492,4.7);
#492 = AXIS2_PLACEMENT_3D('',#493,#494,#495);
#493 = CARTESIAN_POINT('',(32.846089971623,23.864081243074,0.));
#494 = DIRECTION('',(0.,-0.,-1.));
#495 = DIRECTION('',(-0.809016994375,-0.587785252292,0.));
#496 = ADVANCED_FACE('',(#497,#500),#511,.T.);
#497 = FACE_BOUND('',#498,.T.);
#498 = EDGE_LOOP('',(#499));
#499 = ORIENTED_EDGE('',*,*,#234,.T.);
#500 = FACE_BOUND('',#501,.T.);
#501 = EDGE_LOOP('',(#502));
#502 = ORIENTED_EDGE('',*,*,#503,.T.);
#503 = EDGE_CURVE('',#504,#504,#506,.T.);
#504 = VERTEX_POINT('',#505);
#505 = CARTESIAN_POINT('',(-31.89549500323,-23.17343357163,25.));
#506 = CIRCLE('',#507,1.175);
#507 = AXIS2_PLACEMENT_3D('',#508,#509,#510);
#508 = CARTESIAN_POINT('',(-32.84608997162,-23.86408124307,25.));
#509 = DIRECTION('',(0.,0.,-1.));
#510 = DIRECTION('',(0.809016994375,0.587785252292,0.));
#511 = PLANE('',#512);
#512 = AXIS2_PLACEMENT_3D('',#513,#514,#515);
#513 = CARTESIAN_POINT('',(-32.84608997162,-23.86408124307,25.));
#514 = DIRECTION('',(0.,0.,1.));
#515 = DIRECTION('',(0.809016994375,0.587785252292,0.));
#516 = ADVANCED_FACE('',(#517,#520),#531,.T.);
#517 = FACE_BOUND('',#518,.T.);
#518 = EDGE_LOOP('',(#519));
#519 = ORIENTED_EDGE('',*,*,#259,.T.);
#520 = FACE_BOUND('',#521,.T.);
#521 = EDGE_LOOP('',(#522));
#522 = ORIENTED_EDGE('',*,*,#523,.T.);
#523 = EDGE_CURVE('',#524,#524,#526,.T.);
#524 = VERTEX_POINT('',#525);
#525 = CARTESIAN_POINT('',(-12.18299500323,-37.49540315493,25.));
#526 = CIRCLE('',#527,1.175);
#527 = AXIS2_PLACEMENT_3D('',#528,#529,#530);
#528 = CARTESIAN_POINT('',(-12.54608997162,-38.61289456158,25.));
#529 = DIRECTION('',(0.,0.,-1.));
#530 = DIRECTION('',(0.309016994375,0.951056516295,0.));
#531 = PLANE('',#532);
#532 = AXIS2_PLACEMENT_3D('',#533,#534,#535);
#533 = CARTESIAN_POINT('',(-12.54608997162,-38.61289456158,25.));
#534 = DIRECTION('',(0.,0.,1.));
#535 = DIRECTION('',(0.309016994375,0.951056516295,0.));
#536 = ADVANCED_FACE('',(#537,#540),#551,.T.);
#537 = FACE_BOUND('',#538,.T.);
#538 = EDGE_LOOP('',(#539));
#539 = ORIENTED_EDGE('',*,*,#284,.T.);
#540 = FACE_BOUND('',#541,.T.);
#541 = EDGE_LOOP('',(#542));
#542 = ORIENTED_EDGE('',*,*,#543,.T.);
#543 = EDGE_CURVE('',#544,#544,#546,.T.);
#544 = VERTEX_POINT('',#545);
#545 = CARTESIAN_POINT('',(12.182995003232,-37.49540315493,25.));
#546 = CIRCLE('',#547,1.175);
#547 = AXIS2_PLACEMENT_3D('',#548,#549,#550);
#548 = CARTESIAN_POINT('',(12.546089971623,-38.61289456158,25.));
#549 = DIRECTION('',(0.,0.,-1.));
#550 = DIRECTION('',(-0.309016994375,0.951056516295,0.));
#551 = PLANE('',#552);
#552 = AXIS2_PLACEMENT_3D('',#553,#554,#555);
#553 = CARTESIAN_POINT('',(12.546089971623,-38.61289456158,25.));
#554 = DIRECTION('',(0.,0.,1.));
#555 = DIRECTION('',(-0.309016994375,0.951056516295,0.));
#556 = ADVANCED_FACE('',(#557,#560),#571,.T.);
#557 = FACE_BOUND('',#558,.T.);
#558 = EDGE_LOOP('',(#559));
#559 = ORIENTED_EDGE('',*,*,#309,.T.);
#560 = FACE_BOUND('',#561,.T.);
#561 = EDGE_LOOP('',(#562));
#562 = ORIENTED_EDGE('',*,*,#563,.T.);
#563 = EDGE_CURVE('',#564,#564,#566,.T.);
#564 = VERTEX_POINT('',#565);
#565 = CARTESIAN_POINT('',(31.895495003232,-23.17343357163,25.));
#566 = CIRCLE('',#567,1.175);
#567 = AXIS2_PLACEMENT_3D('',#568,#569,#570);
#568 = CARTESIAN_POINT('',(32.846089971623,-23.86408124307,25.));
#569 = DIRECTION('',(0.,0.,-1.));
#570 = DIRECTION('',(-0.809016994375,0.587785252292,0.));
#571 = PLANE('',#572);
#572 = AXIS2_PLACEMENT_3D('',#573,#574,#575);
#573 = CARTESIAN_POINT('',(32.846089971623,-23.86408124307,25.));
#574 = DIRECTION('',(0.,0.,1.));
#575 = DIRECTION('',(-0.809016994375,0.587785252292,0.));
#576 = ADVANCED_FACE('',(#577,#580),#591,.T.);
#577 = FACE_BOUND('',#578,.T.);
#578 = EDGE_LOOP('',(#579));
#579 = ORIENTED_EDGE('',*,*,#334,.T.);
#580 = FACE_BOUND('',#581,.T.);
#581 = EDGE_LOOP('',(#582));
#582 = ORIENTED_EDGE('',*,*,#583,.T.);
#583 = EDGE_CURVE('',#584,#584,#586,.T.);
#584 = VERTEX_POINT('',#585);
#585 = CARTESIAN_POINT('',(39.425,-4.828170005638E-15,25.));
#586 = CIRCLE('',#587,1.175);
#587 = AXIS2_PLACEMENT_3D('',#588,#589,#590);
#588 = CARTESIAN_POINT('',(40.6,-4.972066004538E-15,25.));
#589 = DIRECTION('',(0.,0.,-1.));
#590 = DIRECTION('',(-1.,1.224646799147E-16,0.));
#591 = PLANE('',#592);
#592 = AXIS2_PLACEMENT_3D('',#593,#594,#595);
#593 = CARTESIAN_POINT('',(40.6,-5.362094090774E-15,25.));
#594 = DIRECTION('',(0.,0.,1.));
#595 = DIRECTION('',(-1.,1.224646799147E-16,0.));
#596 = ADVANCED_FACE('',(#597,#600),#611,.T.);
#597 = FACE_BOUND('',#598,.T.);
#598 = EDGE_LOOP('',(#599));
#599 = ORIENTED_EDGE('',*,*,#359,.T.);
#600 = FACE_BOUND('',#601,.T.);
#601 = EDGE_LOOP('',(#602));
#602 = ORIENTED_EDGE('',*,*,#603,.T.);
#603 = EDGE_CURVE('',#604,#604,#606,.T.);
#604 = VERTEX_POINT('',#605);
#605 = CARTESIAN_POINT('',(-39.425,0.,25.));
#606 = CIRCLE('',#607,1.175);
#607 = AXIS2_PLACEMENT_3D('',#608,#609,#610);
#608 = CARTESIAN_POINT('',(-40.6,0.,25.));
#609 = DIRECTION('',(0.,0.,-1.));
#610 = DIRECTION('',(1.,0.,0.));
#611 = PLANE('',#612);
#612 = AXIS2_PLACEMENT_3D('',#613,#614,#615);
#613 = CARTESIAN_POINT('',(-40.6,3.900280862355E-16,25.));
#614 = DIRECTION('',(0.,0.,1.));
#615 = DIRECTION('',(1.,0.,0.));
#616 = ADVANCED_FACE('',(#617,#620),#631,.T.);
#617 = FACE_BOUND('',#618,.T.);
#618 = EDGE_LOOP('',(#619));
#619 = ORIENTED_EDGE('',*,*,#384,.T.);
#620 = FACE_BOUND('',#621,.T.);
#621 = EDGE_LOOP('',(#622));
#622 = ORIENTED_EDGE('',*,*,#623,.T.);
#623 = EDGE_CURVE('',#624,#624,#626,.T.);
#624 = VERTEX_POINT('',#625);
#625 = CARTESIAN_POINT('',(-31.89549500323,23.173433571631,25.));
#626 = CIRCLE('',#627,1.175);
#627 = AXIS2_PLACEMENT_3D('',#628,#629,#630);
#628 = CARTESIAN_POINT('',(-32.84608997162,23.864081243074,25.));
#629 = DIRECTION('',(0.,-0.,-1.));
#630 = DIRECTION('',(0.809016994375,-0.587785252292,0.));
#631 = PLANE('',#632);
#632 = AXIS2_PLACEMENT_3D('',#633,#634,#635);
#633 = CARTESIAN_POINT('',(-32.84608997162,23.864081243074,25.));
#634 = DIRECTION('',(0.,0.,1.));
#635 = DIRECTION('',(0.809016994375,-0.587785252292,0.));
#636 = ADVANCED_FACE('',(#637,#640),#651,.T.);
#637 = FACE_BOUND('',#638,.T.);
#638 = EDGE_LOOP('',(#639));
#639 = ORIENTED_EDGE('',*,*,#409,.T.);
#640 = FACE_BOUND('',#641,.T.);
#641 = EDGE_LOOP('',(#642));
#642 = ORIENTED_EDGE('',*,*,#643,.T.);
#643 = EDGE_CURVE('',#644,#644,#646,.T.);
#644 = VERTEX_POINT('',#645);
#645 = CARTESIAN_POINT('',(-12.18299500323,37.495403154936,25.));
#646 = CIRCLE('',#647,1.175);
#647 = AXIS2_PLACEMENT_3D('',#648,#649,#650);
#648 = CARTESIAN_POINT('',(-12.54608997162,38.612894561583,25.));
#649 = DIRECTION('',(0.,-0.,-1.));
#650 = DIRECTION('',(0.309016994375,-0.951056516295,0.));
#651 = PLANE('',#652);
#652 = AXIS2_PLACEMENT_3D('',#653,#654,#655);
#653 = CARTESIAN_POINT('',(-12.54608997162,38.612894561583,25.));
#654 = DIRECTION('',(0.,0.,1.));
#655 = DIRECTION('',(0.309016994375,-0.951056516295,0.));
#656 = ADVANCED_FACE('',(#657,#660),#671,.T.);
#657 = FACE_BOUND('',#658,.T.);
#658 = EDGE_LOOP('',(#659));
#659 = ORIENTED_EDGE('',*,*,#425,.F.);
#660 = FACE_BOUND('',#661,.T.);
#661 = EDGE_LOOP('',(#662));
#662 = ORIENTED_EDGE('',*,*,#663,.F.);
#663 = EDGE_CURVE('',#664,#664,#666,.T.);
#664 = VERTEX_POINT('',#665);
#665 = CARTESIAN_POINT('',(6.8,0.,5.));
#666 = CIRCLE('',#667,6.8);
#667 = AXIS2_PLACEMENT_3D('',#668,#669,#670);
#668 = CARTESIAN_POINT('',(0.,0.,5.));
#669 = DIRECTION('',(0.,0.,1.));
#670 = DIRECTION('',(1.,0.,0.));
#671 = PLANE('',#672);
#672 = AXIS2_PLACEMENT_3D('',#673,#674,#675);
#673 = CARTESIAN_POINT('',(-1.611715809991E-15,3.138947712002E-15,5.));
#674 = DIRECTION('',(0.,0.,1.));
#675 = DIRECTION('',(1.,0.,0.));
#676 = ADVANCED_FACE('',(#677,#680),#691,.T.);
#677 = FACE_BOUND('',#678,.T.);
#678 = EDGE_LOOP('',(#679));
#679 = ORIENTED_EDGE('',*,*,#459,.T.);
#680 = FACE_BOUND('',#681,.T.);
#681 = EDGE_LOOP('',(#682));
#682 = ORIENTED_EDGE('',*,*,#683,.T.);
#683 = EDGE_CURVE('',#684,#684,#686,.T.);
#684 = VERTEX_POINT('',#685);
#685 = CARTESIAN_POINT('',(12.182995003232,37.495403154936,25.));
#686 = CIRCLE('',#687,1.175);
#687 = AXIS2_PLACEMENT_3D('',#688,#689,#690);
#688 = CARTESIAN_POINT('',(12.546089971623,38.612894561583,25.));
#689 = DIRECTION('',(0.,0.,-1.));
#690 = DIRECTION('',(-0.309016994375,-0.951056516295,-0.));
#691 = PLANE('',#692);
#692 = AXIS2_PLACEMENT_3D('',#693,#694,#695);
#693 = CARTESIAN_POINT('',(12.546089971623,38.612894561583,25.));
#694 = DIRECTION('',(0.,0.,1.));
#695 = DIRECTION('',(-0.309016994375,-0.951056516295,0.));
#696 = ADVANCED_FACE('',(#697,#700),#711,.T.);
#697 = FACE_BOUND('',#698,.T.);
#698 = EDGE_LOOP('',(#699));
#699 = ORIENTED_EDGE('',*,*,#484,.T.);
#700 = FACE_BOUND('',#701,.T.);
#701 = EDGE_LOOP('',(#702));
#702 = ORIENTED_EDGE('',*,*,#703,.T.);
#703 = EDGE_CURVE('',#704,#704,#706,.T.);
#704 = VERTEX_POINT('',#705);
#705 = CARTESIAN_POINT('',(31.895495003232,23.173433571631,25.));
#706 = CIRCLE('',#707,1.175);
#707 = AXIS2_PLACEMENT_3D('',#708,#709,#710);
#708 = CARTESIAN_POINT('',(32.846089971623,23.864081243074,25.));
#709 = DIRECTION('',(0.,0.,-1.));
#710 = DIRECTION('',(-0.809016994375,-0.587785252292,-0.));
#711 = PLANE('',#712);
#712 = AXIS2_PLACEMENT_3D('',#713,#714,#715);
#713 = CARTESIAN_POINT('',(32.846089971623,23.864081243074,25.));
#714 = DIRECTION('',(0.,0.,1.));
#715 = DIRECTION('',(-0.809016994375,-0.587785252292,0.));
#716 = ADVANCED_FACE('',(#717),#736,.F.);
#717 = FACE_BOUND('',#718,.T.);
#718 = EDGE_LOOP('',(#719,#727,#728,#729));
#719 = ORIENTED_EDGE('',*,*,#720,.T.);
#720 = EDGE_CURVE('',#721,#664,#723,.T.);
#721 = VERTEX_POINT('',#722);
#722 = CARTESIAN_POINT('',(6.8,0.,0.));
#723 = LINE('',#724,#725);
#724 = CARTESIAN_POINT('',(6.8,0.,0.));
#725 = VECTOR('',#726,1.);
#726 = DIRECTION('',(0.,0.,1.));
#727 = ORIENTED_EDGE('',*,*,#663,.T.);
#728 = ORIENTED_EDGE('',*,*,#720,.F.);
#729 = ORIENTED_EDGE('',*,*,#730,.F.);
#730 = EDGE_CURVE('',#721,#721,#731,.T.);
#731 = CIRCLE('',#732,6.8);
#732 = AXIS2_PLACEMENT_3D('',#733,#734,#735);
#733 = CARTESIAN_POINT('',(0.,0.,0.));
#734 = DIRECTION('',(0.,0.,1.));
#735 = DIRECTION('',(1.,0.,0.));
#736 = CYLINDRICAL_SURFACE('',#737,6.8);
#737 = AXIS2_PLACEMENT_3D('',#738,#739,#740);
#738 = CARTESIAN_POINT('',(0.,0.,0.));
#739 = DIRECTION('',(-0.,-0.,-1.));
#740 = DIRECTION('',(1.,0.,0.));
#741 = ADVANCED_FACE('',(#742),#761,.T.);
#742 = FACE_BOUND('',#743,.F.);
#743 = EDGE_LOOP('',(#744,#745,#753,#760));
#744 = ORIENTED_EDGE('',*,*,#503,.T.);
#745 = ORIENTED_EDGE('',*,*,#746,.T.);
#746 = EDGE_CURVE('',#504,#747,#749,.T.);
#747 = VERTEX_POINT('',#748);
#748 = CARTESIAN_POINT('',(-31.89549500323,-23.17343357163,30.));
#749 = LINE('',#750,#751);
#750 = CARTESIAN_POINT('',(-31.89549500323,-23.17343357163,0.));
#751 = VECTOR('',#752,1.);
#752 = DIRECTION('',(0.,0.,1.));
#753 = ORIENTED_EDGE('',*,*,#754,.T.);
#754 = EDGE_CURVE('',#747,#747,#755,.T.);
#755 = CIRCLE('',#756,1.175);
#756 = AXIS2_PLACEMENT_3D('',#757,#758,#759);
#757 = CARTESIAN_POINT('',(-32.84608997162,-23.86408124307,30.));
#758 = DIRECTION('',(0.,-0.,1.));
#759 = DIRECTION('',(0.809016994375,0.587785252292,0.));
#760 = ORIENTED_EDGE('',*,*,#746,.F.);
#761 = CYLINDRICAL_SURFACE('',#762,1.175);
#762 = AXIS2_PLACEMENT_3D('',#763,#764,#765);
#763 = CARTESIAN_POINT('',(-32.84608997162,-23.86408124307,0.));
#764 = DIRECTION('',(0.,-0.,-1.));
#765 = DIRECTION('',(0.809016994375,0.587785252292,0.));
#766 = ADVANCED_FACE('',(#767),#786,.T.);
#767 = FACE_BOUND('',#768,.F.);
#768 = EDGE_LOOP('',(#769,#770,#778,#785));
#769 = ORIENTED_EDGE('',*,*,#523,.T.);
#770 = ORIENTED_EDGE('',*,*,#771,.T.);
#771 = EDGE_CURVE('',#524,#772,#774,.T.);
#772 = VERTEX_POINT('',#773);
#773 = CARTESIAN_POINT('',(-12.18299500323,-37.49540315493,30.));
#774 = LINE('',#775,#776);
#775 = CARTESIAN_POINT('',(-12.18299500323,-37.49540315493,0.));
#776 = VECTOR('',#777,1.);
#777 = DIRECTION('',(0.,0.,1.));
#778 = ORIENTED_EDGE('',*,*,#779,.T.);
#779 = EDGE_CURVE('',#772,#772,#780,.T.);
#780 = CIRCLE('',#781,1.175);
#781 = AXIS2_PLACEMENT_3D('',#782,#783,#784);
#782 = CARTESIAN_POINT('',(-12.54608997162,-38.61289456158,30.));
#783 = DIRECTION('',(0.,-0.,1.));
#784 = DIRECTION('',(0.309016994375,0.951056516295,0.));
#785 = ORIENTED_EDGE('',*,*,#771,.F.);
#786 = CYLINDRICAL_SURFACE('',#787,1.175);
#787 = AXIS2_PLACEMENT_3D('',#788,#789,#790);
#788 = CARTESIAN_POINT('',(-12.54608997162,-38.61289456158,0.));
#789 = DIRECTION('',(0.,0.,-1.));
#790 = DIRECTION('',(0.309016994375,0.951056516295,0.));
#791 = ADVANCED_FACE('',(#792),#811,.T.);
#792 = FACE_BOUND('',#793,.F.);
#793 = EDGE_LOOP('',(#794,#795,#803,#810));
#794 = ORIENTED_EDGE('',*,*,#543,.T.);
#795 = ORIENTED_EDGE('',*,*,#796,.T.);
#796 = EDGE_CURVE('',#544,#797,#799,.T.);
#797 = VERTEX_POINT('',#798);
#798 = CARTESIAN_POINT('',(12.182995003232,-37.49540315493,30.));
#799 = LINE('',#800,#801);
#800 = CARTESIAN_POINT('',(12.182995003232,-37.49540315493,0.));
#801 = VECTOR('',#802,1.);
#802 = DIRECTION('',(0.,0.,1.));
#803 = ORIENTED_EDGE('',*,*,#804,.T.);
#804 = EDGE_CURVE('',#797,#797,#805,.T.);
#805 = CIRCLE('',#806,1.175);
#806 = AXIS2_PLACEMENT_3D('',#807,#808,#809);
#807 = CARTESIAN_POINT('',(12.546089971623,-38.61289456158,30.));
#808 = DIRECTION('',(0.,0.,1.));
#809 = DIRECTION('',(-0.309016994375,0.951056516295,0.));
#810 = ORIENTED_EDGE('',*,*,#796,.F.);
#811 = CYLINDRICAL_SURFACE('',#812,1.175);
#812 = AXIS2_PLACEMENT_3D('',#813,#814,#815);
#813 = CARTESIAN_POINT('',(12.546089971623,-38.61289456158,0.));
#814 = DIRECTION('',(-0.,0.,-1.));
#815 = DIRECTION('',(-0.309016994375,0.951056516295,0.));
#816 = ADVANCED_FACE('',(#817),#836,.T.);
#817 = FACE_BOUND('',#818,.F.);
#818 = EDGE_LOOP('',(#819,#820,#828,#835));
#819 = ORIENTED_EDGE('',*,*,#563,.T.);
#820 = ORIENTED_EDGE('',*,*,#821,.T.);
#821 = EDGE_CURVE('',#564,#822,#824,.T.);
#822 = VERTEX_POINT('',#823);
#823 = CARTESIAN_POINT('',(31.895495003232,-23.17343357163,30.));
#824 = LINE('',#825,#826);
#825 = CARTESIAN_POINT('',(31.895495003232,-23.17343357163,0.));
#826 = VECTOR('',#827,1.);
#827 = DIRECTION('',(0.,0.,1.));
#828 = ORIENTED_EDGE('',*,*,#829,.T.);
#829 = EDGE_CURVE('',#822,#822,#830,.T.);
#830 = CIRCLE('',#831,1.175);
#831 = AXIS2_PLACEMENT_3D('',#832,#833,#834);
#832 = CARTESIAN_POINT('',(32.846089971623,-23.86408124307,30.));
#833 = DIRECTION('',(0.,0.,1.));
#834 = DIRECTION('',(-0.809016994375,0.587785252292,0.));
#835 = ORIENTED_EDGE('',*,*,#821,.F.);
#836 = CYLINDRICAL_SURFACE('',#837,1.175);
#837 = AXIS2_PLACEMENT_3D('',#838,#839,#840);
#838 = CARTESIAN_POINT('',(32.846089971623,-23.86408124307,0.));
#839 = DIRECTION('',(0.,0.,-1.));
#840 = DIRECTION('',(-0.809016994375,0.587785252292,0.));
#841 = ADVANCED_FACE('',(#842),#861,.T.);
#842 = FACE_BOUND('',#843,.F.);
#843 = EDGE_LOOP('',(#844,#845,#853,#860));
#844 = ORIENTED_EDGE('',*,*,#583,.T.);
#845 = ORIENTED_EDGE('',*,*,#846,.T.);
#846 = EDGE_CURVE('',#584,#847,#849,.T.);
#847 = VERTEX_POINT('',#848);
#848 = CARTESIAN_POINT('',(39.425,-4.828170005638E-15,30.));
#849 = LINE('',#850,#851);
#850 = CARTESIAN_POINT('',(39.425,-4.828170005638E-15,0.));
#851 = VECTOR('',#852,1.);
#852 = DIRECTION('',(0.,0.,1.));
#853 = ORIENTED_EDGE('',*,*,#854,.T.);
#854 = EDGE_CURVE('',#847,#847,#855,.T.);
#855 = CIRCLE('',#856,1.175);
#856 = AXIS2_PLACEMENT_3D('',#857,#858,#859);
#857 = CARTESIAN_POINT('',(40.6,-4.972066004538E-15,30.));
#858 = DIRECTION('',(0.,0.,1.));
#859 = DIRECTION('',(-1.,1.224646799147E-16,0.));
#860 = ORIENTED_EDGE('',*,*,#846,.F.);
#861 = CYLINDRICAL_SURFACE('',#862,1.175);
#862 = AXIS2_PLACEMENT_3D('',#863,#864,#865);
#863 = CARTESIAN_POINT('',(40.6,-4.972066004538E-15,0.));
#864 = DIRECTION('',(0.,0.,-1.));
#865 = DIRECTION('',(-1.,1.224646799147E-16,0.));
#866 = ADVANCED_FACE('',(#867),#886,.T.);
#867 = FACE_BOUND('',#868,.F.);
#868 = EDGE_LOOP('',(#869,#870,#878,#885));
#869 = ORIENTED_EDGE('',*,*,#603,.T.);
#870 = ORIENTED_EDGE('',*,*,#871,.T.);
#871 = EDGE_CURVE('',#604,#872,#874,.T.);
#872 = VERTEX_POINT('',#873);
#873 = CARTESIAN_POINT('',(-39.425,0.,30.));
#874 = LINE('',#875,#876);
#875 = CARTESIAN_POINT('',(-39.425,0.,0.));
#876 = VECTOR('',#877,1.);
#877 = DIRECTION('',(0.,0.,1.));
#878 = ORIENTED_EDGE('',*,*,#879,.T.);
#879 = EDGE_CURVE('',#872,#872,#880,.T.);
#880 = CIRCLE('',#881,1.175);
#881 = AXIS2_PLACEMENT_3D('',#882,#883,#884);
#882 = CARTESIAN_POINT('',(-40.6,0.,30.));
#883 = DIRECTION('',(0.,0.,1.));
#884 = DIRECTION('',(1.,0.,0.));
#885 = ORIENTED_EDGE('',*,*,#871,.F.);
#886 = CYLINDRICAL_SURFACE('',#887,1.175);
#887 = AXIS2_PLACEMENT_3D('',#888,#889,#890);
#888 = CARTESIAN_POINT('',(-40.6,0.,0.));
#889 = DIRECTION('',(-0.,-0.,-1.));
#890 = DIRECTION('',(1.,0.,0.));
#891 = ADVANCED_FACE('',(#892),#911,.T.);
#892 = FACE_BOUND('',#893,.F.);
#893 = EDGE_LOOP('',(#894,#895,#903,#910));
#894 = ORIENTED_EDGE('',*,*,#623,.T.);
#895 = ORIENTED_EDGE('',*,*,#896,.T.);
#896 = EDGE_CURVE('',#624,#897,#899,.T.);
#897 = VERTEX_POINT('',#898);
#898 = CARTESIAN_POINT('',(-31.89549500323,23.173433571631,30.));
#899 = LINE('',#900,#901);
#900 = CARTESIAN_POINT('',(-31.89549500323,23.173433571631,0.));
#901 = VECTOR('',#902,1.);
#902 = DIRECTION('',(0.,0.,1.));
#903 = ORIENTED_EDGE('',*,*,#904,.T.);
#904 = EDGE_CURVE('',#897,#897,#905,.T.);
#905 = CIRCLE('',#906,1.175);
#906 = AXIS2_PLACEMENT_3D('',#907,#908,#909);
#907 = CARTESIAN_POINT('',(-32.84608997162,23.864081243074,30.));
#908 = DIRECTION('',(-0.,0.,1.));
#909 = DIRECTION('',(0.809016994375,-0.587785252292,0.));
#910 = ORIENTED_EDGE('',*,*,#896,.F.);
#911 = CYLINDRICAL_SURFACE('',#912,1.175);
#912 = AXIS2_PLACEMENT_3D('',#913,#914,#915);
#913 = CARTESIAN_POINT('',(-32.84608997162,23.864081243074,0.));
#914 = DIRECTION('',(0.,0.,-1.));
#915 = DIRECTION('',(0.809016994375,-0.587785252292,0.));
#916 = ADVANCED_FACE('',(#917),#936,.T.);
#917 = FACE_BOUND('',#918,.F.);
#918 = EDGE_LOOP('',(#919,#920,#928,#935));
#919 = ORIENTED_EDGE('',*,*,#643,.T.);
#920 = ORIENTED_EDGE('',*,*,#921,.T.);
#921 = EDGE_CURVE('',#644,#922,#924,.T.);
#922 = VERTEX_POINT('',#923);
#923 = CARTESIAN_POINT('',(-12.18299500323,37.495403154936,30.));
#924 = LINE('',#925,#926);
#925 = CARTESIAN_POINT('',(-12.18299500323,37.495403154936,0.));
#926 = VECTOR('',#927,1.);
#927 = DIRECTION('',(0.,0.,1.));
#928 = ORIENTED_EDGE('',*,*,#929,.T.);
#929 = EDGE_CURVE('',#922,#922,#930,.T.);
#930 = CIRCLE('',#931,1.175);
#931 = AXIS2_PLACEMENT_3D('',#932,#933,#934);
#932 = CARTESIAN_POINT('',(-12.54608997162,38.612894561583,30.));
#933 = DIRECTION('',(-0.,0.,1.));
#934 = DIRECTION('',(0.309016994375,-0.951056516295,0.));
#935 = ORIENTED_EDGE('',*,*,#921,.F.);
#936 = CYLINDRICAL_SURFACE('',#937,1.175);
#937 = AXIS2_PLACEMENT_3D('',#938,#939,#940);
#938 = CARTESIAN_POINT('',(-12.54608997162,38.612894561583,0.));
#939 = DIRECTION('',(0.,0.,-1.));
#940 = DIRECTION('',(0.309016994375,-0.951056516295,0.));
#941 = ADVANCED_FACE('',(#942),#961,.T.);
#942 = FACE_BOUND('',#943,.F.);
#943 = EDGE_LOOP('',(#944,#945,#953,#960));
#944 = ORIENTED_EDGE('',*,*,#683,.T.);
#945 = ORIENTED_EDGE('',*,*,#946,.T.);
#946 = EDGE_CURVE('',#684,#947,#949,.T.);
#947 = VERTEX_POINT('',#948);
#948 = CARTESIAN_POINT('',(12.182995003232,37.495403154936,30.));
#949 = LINE('',#950,#951);
#950 = CARTESIAN_POINT('',(12.182995003232,37.495403154936,0.));
#951 = VECTOR('',#952,1.);
#952 = DIRECTION('',(0.,0.,1.));
#953 = ORIENTED_EDGE('',*,*,#954,.T.);
#954 = EDGE_CURVE('',#947,#947,#955,.T.);
#955 = CIRCLE('',#956,1.175);
#956 = AXIS2_PLACEMENT_3D('',#957,#958,#959);
#957 = CARTESIAN_POINT('',(12.546089971623,38.612894561583,30.));
#958 = DIRECTION('',(0.,0.,1.));
#959 = DIRECTION('',(-0.309016994375,-0.951056516295,0.));
#960 = ORIENTED_EDGE('',*,*,#946,.F.);
#961 = CYLINDRICAL_SURFACE('',#962,1.175);
#962 = AXIS2_PLACEMENT_3D('',#963,#964,#965);
#963 = CARTESIAN_POINT('',(12.546089971623,38.612894561583,0.));
#964 = DIRECTION('',(0.,-0.,-1.));
#965 = DIRECTION('',(-0.309016994375,-0.951056516295,0.));
#966 = ADVANCED_FACE('',(#967),#986,.T.);
#967 = FACE_BOUND('',#968,.F.);
#968 = EDGE_LOOP('',(#969,#970,#978,#985));
#969 = ORIENTED_EDGE('',*,*,#703,.T.);
#970 = ORIENTED_EDGE('',*,*,#971,.T.);
#971 = EDGE_CURVE('',#704,#972,#974,.T.);
#972 = VERTEX_POINT('',#973);
#973 = CARTESIAN_POINT('',(31.895495003232,23.173433571631,30.));
#974 = LINE('',#975,#976);
#975 = CARTESIAN_POINT('',(31.895495003232,23.173433571631,0.));
#976 = VECTOR('',#977,1.);
#977 = DIRECTION('',(0.,0.,1.));
#978 = ORIENTED_EDGE('',*,*,#979,.T.);
#979 = EDGE_CURVE('',#972,#972,#980,.T.);
#980 = CIRCLE('',#981,1.175);
#981 = AXIS2_PLACEMENT_3D('',#982,#983,#984);
#982 = CARTESIAN_POINT('',(32.846089971623,23.864081243074,30.));
#983 = DIRECTION('',(0.,0.,1.));
#984 = DIRECTION('',(-0.809016994375,-0.587785252292,0.));
#985 = ORIENTED_EDGE('',*,*,#971,.F.);
#986 = CYLINDRICAL_SURFACE('',#987,1.175);
#987 = AXIS2_PLACEMENT_3D('',#988,#989,#990);
#988 = CARTESIAN_POINT('',(32.846089971623,23.864081243074,0.));
#989 = DIRECTION('',(0.,-0.,-1.));
#990 = DIRECTION('',(-0.809016994375,-0.587785252292,0.));
#991 = ADVANCED_FACE('',(#992),#995,.T.);
#992 = FACE_BOUND('',#993,.T.);
#993 = EDGE_LOOP('',(#994));
#994 = ORIENTED_EDGE('',*,*,#754,.T.);
#995 = PLANE('',#996);
#996 = AXIS2_PLACEMENT_3D('',#997,#998,#999);
#997 = CARTESIAN_POINT('',(-32.84608997162,-23.86408124307,30.));
#998 = DIRECTION('',(0.,0.,1.));
#999 = DIRECTION('',(0.809016994375,0.587785252292,0.));
#1000 = ADVANCED_FACE('',(#1001),#1004,.T.);
#1001 = FACE_BOUND('',#1002,.T.);
#1002 = EDGE_LOOP('',(#1003));
#1003 = ORIENTED_EDGE('',*,*,#779,.T.);
#1004 = PLANE('',#1005);
#1005 = AXIS2_PLACEMENT_3D('',#1006,#1007,#1008);
#1006 = CARTESIAN_POINT('',(-12.54608997162,-38.61289456158,30.));
#1007 = DIRECTION('',(0.,0.,1.));
#1008 = DIRECTION('',(0.309016994375,0.951056516295,0.));
#1009 = ADVANCED_FACE('',(#1010),#1013,.T.);
#1010 = FACE_BOUND('',#1011,.T.);
#1011 = EDGE_LOOP('',(#1012));
#1012 = ORIENTED_EDGE('',*,*,#804,.T.);
#1013 = PLANE('',#1014);
#1014 = AXIS2_PLACEMENT_3D('',#1015,#1016,#1017);
#1015 = CARTESIAN_POINT('',(12.546089971623,-38.61289456158,30.));
#1016 = DIRECTION('',(0.,0.,1.));
#1017 = DIRECTION('',(-0.309016994375,0.951056516295,0.));
#1018 = ADVANCED_FACE('',(#1019),#1022,.T.);
#1019 = FACE_BOUND('',#1020,.T.);
#1020 = EDGE_LOOP('',(#1021));
#1021 = ORIENTED_EDGE('',*,*,#829,.T.);
#1022 = PLANE('',#1023);
#1023 = AXIS2_PLACEMENT_3D('',#1024,#1025,#1026);
#1024 = CARTESIAN_POINT('',(32.846089971623,-23.86408124307,30.));
#1025 = DIRECTION('',(0.,0.,1.));
#1026 = DIRECTION('',(-0.809016994375,0.587785252292,0.));
#1027 = ADVANCED_FACE('',(#1028),#1031,.T.);
#1028 = FACE_BOUND('',#1029,.T.);
#1029 = EDGE_LOOP('',(#1030));
#1030 = ORIENTED_EDGE('',*,*,#854,.T.);
#1031 = PLANE('',#1032);
#1032 = AXIS2_PLACEMENT_3D('',#1033,#1034,#1035);
#1033 = CARTESIAN_POINT('',(40.6,-4.996836848834E-15,30.));
#1034 = DIRECTION('',(0.,0.,1.));
#1035 = DIRECTION('',(-1.,1.224646799147E-16,0.));
#1036 = ADVANCED_FACE('',(#1037),#1040,.T.);
#1037 = FACE_BOUND('',#1038,.T.);
#1038 = EDGE_LOOP('',(#1039));
#1039 = ORIENTED_EDGE('',*,*,#879,.T.);
#1040 = PLANE('',#1041);
#1041 = AXIS2_PLACEMENT_3D('',#1042,#1043,#1044);
#1042 = CARTESIAN_POINT('',(-40.6,2.477084429613E-17,30.));
#1043 = DIRECTION('',(0.,0.,1.));
#1044 = DIRECTION('',(1.,0.,0.));
#1045 = ADVANCED_FACE('',(#1046),#1049,.T.);
#1046 = FACE_BOUND('',#1047,.T.);
#1047 = EDGE_LOOP('',(#1048));
#1048 = ORIENTED_EDGE('',*,*,#904,.T.);
#1049 = PLANE('',#1050);
#1050 = AXIS2_PLACEMENT_3D('',#1051,#1052,#1053);
#1051 = CARTESIAN_POINT('',(-32.84608997162,23.864081243074,30.));
#1052 = DIRECTION('',(0.,0.,1.));
#1053 = DIRECTION('',(0.809016994375,-0.587785252292,0.));
#1054 = ADVANCED_FACE('',(#1055),#1058,.T.);
#1055 = FACE_BOUND('',#1056,.T.);
#1056 = EDGE_LOOP('',(#1057));
#1057 = ORIENTED_EDGE('',*,*,#929,.T.);
#1058 = PLANE('',#1059);
#1059 = AXIS2_PLACEMENT_3D('',#1060,#1061,#1062);
#1060 = CARTESIAN_POINT('',(-12.54608997162,38.612894561583,30.));
#1061 = DIRECTION('',(0.,0.,1.));
#1062 = DIRECTION('',(0.309016994375,-0.951056516295,0.));
#1063 = ADVANCED_FACE('',(#1064),#1067,.T.);
#1064 = FACE_BOUND('',#1065,.T.);
#1065 = EDGE_LOOP('',(#1066));
#1066 = ORIENTED_EDGE('',*,*,#954,.T.);
#1067 = PLANE('',#1068);
#1068 = AXIS2_PLACEMENT_3D('',#1069,#1070,#1071);
#1069 = CARTESIAN_POINT('',(12.546089971623,38.612894561583,30.));
#1070 = DIRECTION('',(0.,0.,1.));
#1071 = DIRECTION('',(-0.309016994375,-0.951056516295,0.));
#1072 = ADVANCED_FACE('',(#1073),#1076,.T.);
#1073 = FACE_BOUND('',#1074,.T.);
#1074 = EDGE_LOOP('',(#1075));
#1075 = ORIENTED_EDGE('',*,*,#979,.T.);
#1076 = PLANE('',#1077);
#1077 = AXIS2_PLACEMENT_3D('',#1078,#1079,#1080);
#1078 = CARTESIAN_POINT('',(32.846089971623,23.864081243074,30.));
#1079 = DIRECTION('',(0.,0.,1.));
#1080 = DIRECTION('',(-0.809016994375,-0.587785252292,0.));
#1081 = ADVANCED_FACE('',(#1082,#1085,#1088,#1099,#1110,#1121,#1132,
    #1143,#1154,#1165,#1176,#1187),#1198,.T.);
#1082 = FACE_BOUND('',#1083,.T.);
#1083 = EDGE_LOOP('',(#1084));
#1084 = ORIENTED_EDGE('',*,*,#201,.F.);
#1085 = FACE_BOUND('',#1086,.T.);
#1086 = EDGE_LOOP('',(#1087));
#1087 = ORIENTED_EDGE('',*,*,#730,.T.);
#1088 = FACE_BOUND('',#1089,.T.);
#1089 = EDGE_LOOP('',(#1090));
#1090 = ORIENTED_EDGE('',*,*,#1091,.T.);
#1091 = EDGE_CURVE('',#1092,#1092,#1094,.T.);
#1092 = VERTEX_POINT('',#1093);
#1093 = CARTESIAN_POINT('',(31.65278990492,-22.99709799594,0.));
#1094 = CIRCLE('',#1095,1.475);
#1095 = AXIS2_PLACEMENT_3D('',#1096,#1097,#1098);
#1096 = CARTESIAN_POINT('',(32.846089971623,-23.86408124307,0.));
#1097 = DIRECTION('',(0.,0.,1.));
#1098 = DIRECTION('',(-0.809016994375,0.587785252292,0.));
#1099 = FACE_BOUND('',#1100,.T.);
#1100 = EDGE_LOOP('',(#1101));
#1101 = ORIENTED_EDGE('',*,*,#1102,.T.);
#1102 = EDGE_CURVE('',#1103,#1103,#1105,.T.);
#1103 = VERTEX_POINT('',#1104);
#1104 = CARTESIAN_POINT('',(-31.65278990492,-22.99709799594,0.));
#1105 = CIRCLE('',#1106,1.475);
#1106 = AXIS2_PLACEMENT_3D('',#1107,#1108,#1109);
#1107 = CARTESIAN_POINT('',(-32.84608997162,-23.86408124307,0.));
#1108 = DIRECTION('',(0.,-0.,1.));
#1109 = DIRECTION('',(0.809016994375,0.587785252292,0.));
#1110 = FACE_BOUND('',#1111,.T.);
#1111 = EDGE_LOOP('',(#1112));
#1112 = ORIENTED_EDGE('',*,*,#1113,.T.);
#1113 = EDGE_CURVE('',#1114,#1114,#1116,.T.);
#1114 = VERTEX_POINT('',#1115);
#1115 = CARTESIAN_POINT('',(31.65278990492,22.997097995943,0.));
#1116 = CIRCLE('',#1117,1.475);
#1117 = AXIS2_PLACEMENT_3D('',#1118,#1119,#1120);
#1118 = CARTESIAN_POINT('',(32.846089971623,23.864081243074,0.));
#1119 = DIRECTION('',(0.,0.,1.));
#1120 = DIRECTION('',(-0.809016994375,-0.587785252292,0.));
#1121 = FACE_BOUND('',#1122,.T.);
#1122 = EDGE_LOOP('',(#1123));
#1123 = ORIENTED_EDGE('',*,*,#1124,.T.);
#1124 = EDGE_CURVE('',#1125,#1125,#1127,.T.);
#1125 = VERTEX_POINT('',#1126);
#1126 = CARTESIAN_POINT('',(-31.65278990492,22.997097995943,0.));
#1127 = CIRCLE('',#1128,1.475);
#1128 = AXIS2_PLACEMENT_3D('',#1129,#1130,#1131);
#1129 = CARTESIAN_POINT('',(-32.84608997162,23.864081243074,0.));
#1130 = DIRECTION('',(-0.,0.,1.));
#1131 = DIRECTION('',(0.809016994375,-0.587785252292,0.));
#1132 = FACE_BOUND('',#1133,.T.);
#1133 = EDGE_LOOP('',(#1134));
#1134 = ORIENTED_EDGE('',*,*,#1135,.T.);
#1135 = EDGE_CURVE('',#1136,#1136,#1138,.T.);
#1136 = VERTEX_POINT('',#1137);
#1137 = CARTESIAN_POINT('',(-39.125,0.,0.));
#1138 = CIRCLE('',#1139,1.475);
#1139 = AXIS2_PLACEMENT_3D('',#1140,#1141,#1142);
#1140 = CARTESIAN_POINT('',(-40.6,0.,0.));
#1141 = DIRECTION('',(0.,0.,1.));
#1142 = DIRECTION('',(1.,0.,0.));
#1143 = FACE_BOUND('',#1144,.T.);
#1144 = EDGE_LOOP('',(#1145));
#1145 = ORIENTED_EDGE('',*,*,#1146,.T.);
#1146 = EDGE_CURVE('',#1147,#1147,#1149,.T.);
#1147 = VERTEX_POINT('',#1148);
#1148 = CARTESIAN_POINT('',(39.125,-4.791430601664E-15,0.));
#1149 = CIRCLE('',#1150,1.475);
#1150 = AXIS2_PLACEMENT_3D('',#1151,#1152,#1153);
#1151 = CARTESIAN_POINT('',(40.6,-4.972066004538E-15,0.));
#1152 = DIRECTION('',(0.,0.,1.));
#1153 = DIRECTION('',(-1.,1.224646799147E-16,0.));
#1154 = FACE_BOUND('',#1155,.T.);
#1155 = EDGE_LOOP('',(#1156));
#1156 = ORIENTED_EDGE('',*,*,#1157,.T.);
#1157 = EDGE_CURVE('',#1158,#1158,#1160,.T.);
#1158 = VERTEX_POINT('',#1159);
#1159 = CARTESIAN_POINT('',(12.09028990492,-37.21008620004,0.));
#1160 = CIRCLE('',#1161,1.475);
#1161 = AXIS2_PLACEMENT_3D('',#1162,#1163,#1164);
#1162 = CARTESIAN_POINT('',(12.546089971623,-38.61289456158,0.));
#1163 = DIRECTION('',(0.,0.,1.));
#1164 = DIRECTION('',(-0.309016994375,0.951056516295,0.));
#1165 = FACE_BOUND('',#1166,.T.);
#1166 = EDGE_LOOP('',(#1167));
#1167 = ORIENTED_EDGE('',*,*,#1168,.T.);
#1168 = EDGE_CURVE('',#1169,#1169,#1171,.T.);
#1169 = VERTEX_POINT('',#1170);
#1170 = CARTESIAN_POINT('',(-12.09028990492,-37.21008620004,0.));
#1171 = CIRCLE('',#1172,1.475);
#1172 = AXIS2_PLACEMENT_3D('',#1173,#1174,#1175);
#1173 = CARTESIAN_POINT('',(-12.54608997162,-38.61289456158,0.));
#1174 = DIRECTION('',(0.,-0.,1.));
#1175 = DIRECTION('',(0.309016994375,0.951056516295,0.));
#1176 = FACE_BOUND('',#1177,.T.);
#1177 = EDGE_LOOP('',(#1178));
#1178 = ORIENTED_EDGE('',*,*,#1179,.T.);
#1179 = EDGE_CURVE('',#1180,#1180,#1182,.T.);
#1180 = VERTEX_POINT('',#1181);
#1181 = CARTESIAN_POINT('',(12.09028990492,37.210086200048,0.));
#1182 = CIRCLE('',#1183,1.475);
#1183 = AXIS2_PLACEMENT_3D('',#1184,#1185,#1186);
#1184 = CARTESIAN_POINT('',(12.546089971623,38.612894561583,0.));
#1185 = DIRECTION('',(0.,0.,1.));
#1186 = DIRECTION('',(-0.309016994375,-0.951056516295,0.));
#1187 = FACE_BOUND('',#1188,.T.);
#1188 = EDGE_LOOP('',(#1189));
#1189 = ORIENTED_EDGE('',*,*,#1190,.T.);
#1190 = EDGE_CURVE('',#1191,#1191,#1193,.T.);
#1191 = VERTEX_POINT('',#1192);
#1192 = CARTESIAN_POINT('',(-12.09028990492,37.210086200048,0.));
#1193 = CIRCLE('',#1194,1.475);
#1194 = AXIS2_PLACEMENT_3D('',#1195,#1196,#1197);
#1195 = CARTESIAN_POINT('',(-12.54608997162,38.612894561583,0.));
#1196 = DIRECTION('',(-0.,0.,1.));
#1197 = DIRECTION('',(0.309016994375,-0.951056516295,0.));
#1198 = PLANE('',#1199);
#1199 = AXIS2_PLACEMENT_3D('',#1200,#1201,#1202);
#1200 = CARTESIAN_POINT('',(-1.842445652264E-15,3.588312858141E-15,0.));
#1201 = DIRECTION('',(-0.,-0.,-1.));
#1202 = DIRECTION('',(-1.,0.,0.));
#1203 = ADVANCED_FACE('',(#1204),#1223,.F.);
#1204 = FACE_BOUND('',#1205,.T.);
#1205 = EDGE_LOOP('',(#1206,#1214,#1221,#1222));
#1206 = ORIENTED_EDGE('',*,*,#1207,.T.);
#1207 = EDGE_CURVE('',#1092,#1208,#1210,.T.);
#1208 = VERTEX_POINT('',#1209);
#1209 = CARTESIAN_POINT('',(31.65278990492,-22.99709799594,15.));
#1210 = LINE('',#1211,#1212);
#1211 = CARTESIAN_POINT('',(31.65278990492,-22.99709799594,0.));
#1212 = VECTOR('',#1213,1.);
#1213 = DIRECTION('',(0.,0.,1.));
#1214 = ORIENTED_EDGE('',*,*,#1215,.T.);
#1215 = EDGE_CURVE('',#1208,#1208,#1216,.T.);
#1216 = CIRCLE('',#1217,1.475);
#1217 = AXIS2_PLACEMENT_3D('',#1218,#1219,#1220);
#1218 = CARTESIAN_POINT('',(32.846089971623,-23.86408124307,15.));
#1219 = DIRECTION('',(0.,0.,1.));
#1220 = DIRECTION('',(-0.809016994375,0.587785252292,0.));
#1221 = ORIENTED_EDGE('',*,*,#1207,.F.);
#1222 = ORIENTED_EDGE('',*,*,#1091,.F.);
#1223 = CYLINDRICAL_SURFACE('',#1224,1.475);
#1224 = AXIS2_PLACEMENT_3D('',#1225,#1226,#1227);
#1225 = CARTESIAN_POINT('',(32.846089971623,-23.86408124307,0.));
#1226 = DIRECTION('',(0.,0.,-1.));
#1227 = DIRECTION('',(-0.809016994375,0.587785252292,0.));
#1228 = ADVANCED_FACE('',(#1229),#1232,.F.);
#1229 = FACE_BOUND('',#1230,.F.);
#1230 = EDGE_LOOP('',(#1231));
#1231 = ORIENTED_EDGE('',*,*,#1215,.T.);
#1232 = PLANE('',#1233);
#1233 = AXIS2_PLACEMENT_3D('',#1234,#1235,#1236);
#1234 = CARTESIAN_POINT('',(32.846089971623,-23.86408124307,15.));
#1235 = DIRECTION('',(0.,0.,1.));
#1236 = DIRECTION('',(-0.809016994375,0.587785252292,0.));
#1237 = ADVANCED_FACE('',(#1238),#1257,.F.);
#1238 = FACE_BOUND('',#1239,.T.);
#1239 = EDGE_LOOP('',(#1240,#1248,#1255,#1256));
#1240 = ORIENTED_EDGE('',*,*,#1241,.T.);
#1241 = EDGE_CURVE('',#1103,#1242,#1244,.T.);
#1242 = VERTEX_POINT('',#1243);
#1243 = CARTESIAN_POINT('',(-31.65278990492,-22.99709799594,15.));
#1244 = LINE('',#1245,#1246);
#1245 = CARTESIAN_POINT('',(-31.65278990492,-22.99709799594,0.));
#1246 = VECTOR('',#1247,1.);
#1247 = DIRECTION('',(0.,0.,1.));
#1248 = ORIENTED_EDGE('',*,*,#1249,.T.);
#1249 = EDGE_CURVE('',#1242,#1242,#1250,.T.);
#1250 = CIRCLE('',#1251,1.475);
#1251 = AXIS2_PLACEMENT_3D('',#1252,#1253,#1254);
#1252 = CARTESIAN_POINT('',(-32.84608997162,-23.86408124307,15.));
#1253 = DIRECTION('',(0.,-0.,1.));
#1254 = DIRECTION('',(0.809016994375,0.587785252292,0.));
#1255 = ORIENTED_EDGE('',*,*,#1241,.F.);
#1256 = ORIENTED_EDGE('',*,*,#1102,.F.);
#1257 = CYLINDRICAL_SURFACE('',#1258,1.475);
#1258 = AXIS2_PLACEMENT_3D('',#1259,#1260,#1261);
#1259 = CARTESIAN_POINT('',(-32.84608997162,-23.86408124307,0.));
#1260 = DIRECTION('',(0.,-0.,-1.));
#1261 = DIRECTION('',(0.809016994375,0.587785252292,0.));
#1262 = ADVANCED_FACE('',(#1263),#1266,.F.);
#1263 = FACE_BOUND('',#1264,.F.);
#1264 = EDGE_LOOP('',(#1265));
#1265 = ORIENTED_EDGE('',*,*,#1249,.T.);
#1266 = PLANE('',#1267);
#1267 = AXIS2_PLACEMENT_3D('',#1268,#1269,#1270);
#1268 = CARTESIAN_POINT('',(-32.84608997162,-23.86408124307,15.));
#1269 = DIRECTION('',(0.,0.,1.));
#1270 = DIRECTION('',(0.809016994375,0.587785252292,0.));
#1271 = ADVANCED_FACE('',(#1272),#1291,.F.);
#1272 = FACE_BOUND('',#1273,.T.);
#1273 = EDGE_LOOP('',(#1274,#1282,#1289,#1290));
#1274 = ORIENTED_EDGE('',*,*,#1275,.T.);
#1275 = EDGE_CURVE('',#1114,#1276,#1278,.T.);
#1276 = VERTEX_POINT('',#1277);
#1277 = CARTESIAN_POINT('',(31.65278990492,22.997097995943,15.));
#1278 = LINE('',#1279,#1280);
#1279 = CARTESIAN_POINT('',(31.65278990492,22.997097995943,0.));
#1280 = VECTOR('',#1281,1.);
#1281 = DIRECTION('',(0.,0.,1.));
#1282 = ORIENTED_EDGE('',*,*,#1283,.T.);
#1283 = EDGE_CURVE('',#1276,#1276,#1284,.T.);
#1284 = CIRCLE('',#1285,1.475);
#1285 = AXIS2_PLACEMENT_3D('',#1286,#1287,#1288);
#1286 = CARTESIAN_POINT('',(32.846089971623,23.864081243074,15.));
#1287 = DIRECTION('',(0.,0.,1.));
#1288 = DIRECTION('',(-0.809016994375,-0.587785252292,0.));
#1289 = ORIENTED_EDGE('',*,*,#1275,.F.);
#1290 = ORIENTED_EDGE('',*,*,#1113,.F.);
#1291 = CYLINDRICAL_SURFACE('',#1292,1.475);
#1292 = AXIS2_PLACEMENT_3D('',#1293,#1294,#1295);
#1293 = CARTESIAN_POINT('',(32.846089971623,23.864081243074,0.));
#1294 = DIRECTION('',(0.,-0.,-1.));
#1295 = DIRECTION('',(-0.809016994375,-0.587785252292,0.));
#1296 = ADVANCED_FACE('',(#1297),#1300,.F.);
#1297 = FACE_BOUND('',#1298,.F.);
#1298 = EDGE_LOOP('',(#1299));
#1299 = ORIENTED_EDGE('',*,*,#1283,.T.);
#1300 = PLANE('',#1301);
#1301 = AXIS2_PLACEMENT_3D('',#1302,#1303,#1304);
#1302 = CARTESIAN_POINT('',(32.846089971623,23.864081243074,15.));
#1303 = DIRECTION('',(0.,0.,1.));
#1304 = DIRECTION('',(-0.809016994375,-0.587785252292,0.));
#1305 = ADVANCED_FACE('',(#1306),#1325,.F.);
#1306 = FACE_BOUND('',#1307,.T.);
#1307 = EDGE_LOOP('',(#1308,#1316,#1323,#1324));
#1308 = ORIENTED_EDGE('',*,*,#1309,.T.);
#1309 = EDGE_CURVE('',#1125,#1310,#1312,.T.);
#1310 = VERTEX_POINT('',#1311);
#1311 = CARTESIAN_POINT('',(-31.65278990492,22.997097995943,15.));
#1312 = LINE('',#1313,#1314);
#1313 = CARTESIAN_POINT('',(-31.65278990492,22.997097995943,0.));
#1314 = VECTOR('',#1315,1.);
#1315 = DIRECTION('',(0.,0.,1.));
#1316 = ORIENTED_EDGE('',*,*,#1317,.T.);
#1317 = EDGE_CURVE('',#1310,#1310,#1318,.T.);
#1318 = CIRCLE('',#1319,1.475);
#1319 = AXIS2_PLACEMENT_3D('',#1320,#1321,#1322);
#1320 = CARTESIAN_POINT('',(-32.84608997162,23.864081243074,15.));
#1321 = DIRECTION('',(-0.,0.,1.));
#1322 = DIRECTION('',(0.809016994375,-0.587785252292,0.));
#1323 = ORIENTED_EDGE('',*,*,#1309,.F.);
#1324 = ORIENTED_EDGE('',*,*,#1124,.F.);
#1325 = CYLINDRICAL_SURFACE('',#1326,1.475);
#1326 = AXIS2_PLACEMENT_3D('',#1327,#1328,#1329);
#1327 = CARTESIAN_POINT('',(-32.84608997162,23.864081243074,0.));
#1328 = DIRECTION('',(0.,0.,-1.));
#1329 = DIRECTION('',(0.809016994375,-0.587785252292,0.));
#1330 = ADVANCED_FACE('',(#1331),#1334,.F.);
#1331 = FACE_BOUND('',#1332,.F.);
#1332 = EDGE_LOOP('',(#1333));
#1333 = ORIENTED_EDGE('',*,*,#1317,.T.);
#1334 = PLANE('',#1335);
#1335 = AXIS2_PLACEMENT_3D('',#1336,#1337,#1338);
#1336 = CARTESIAN_POINT('',(-32.84608997162,23.864081243074,15.));
#1337 = DIRECTION('',(0.,0.,1.));
#1338 = DIRECTION('',(0.809016994375,-0.587785252292,0.));
#1339 = ADVANCED_FACE('',(#1340),#1359,.F.);
#1340 = FACE_BOUND('',#1341,.T.);
#1341 = EDGE_LOOP('',(#1342,#1350,#1357,#1358));
#1342 = ORIENTED_EDGE('',*,*,#1343,.T.);
#1343 = EDGE_CURVE('',#1136,#1344,#1346,.T.);
#1344 = VERTEX_POINT('',#1345);
#1345 = CARTESIAN_POINT('',(-39.125,0.,15.));
#1346 = LINE('',#1347,#1348);
#1347 = CARTESIAN_POINT('',(-39.125,0.,0.));
#1348 = VECTOR('',#1349,1.);
#1349 = DIRECTION('',(0.,0.,1.));
#1350 = ORIENTED_EDGE('',*,*,#1351,.T.);
#1351 = EDGE_CURVE('',#1344,#1344,#1352,.T.);
#1352 = CIRCLE('',#1353,1.475);
#1353 = AXIS2_PLACEMENT_3D('',#1354,#1355,#1356);
#1354 = CARTESIAN_POINT('',(-40.6,0.,15.));
#1355 = DIRECTION('',(0.,0.,1.));
#1356 = DIRECTION('',(1.,0.,0.));
#1357 = ORIENTED_EDGE('',*,*,#1343,.F.);
#1358 = ORIENTED_EDGE('',*,*,#1135,.F.);
#1359 = CYLINDRICAL_SURFACE('',#1360,1.475);
#1360 = AXIS2_PLACEMENT_3D('',#1361,#1362,#1363);
#1361 = CARTESIAN_POINT('',(-40.6,0.,0.));
#1362 = DIRECTION('',(-0.,-0.,-1.));
#1363 = DIRECTION('',(1.,0.,0.));
#1364 = ADVANCED_FACE('',(#1365),#1368,.F.);
#1365 = FACE_BOUND('',#1366,.F.);
#1366 = EDGE_LOOP('',(#1367));
#1367 = ORIENTED_EDGE('',*,*,#1351,.T.);
#1368 = PLANE('',#1369);
#1369 = AXIS2_PLACEMENT_3D('',#1370,#1371,#1372);
#1370 = CARTESIAN_POINT('',(-40.6,-3.499236934452E-16,15.));
#1371 = DIRECTION('',(0.,0.,1.));
#1372 = DIRECTION('',(1.,0.,0.));
#1373 = ADVANCED_FACE('',(#1374),#1393,.F.);
#1374 = FACE_BOUND('',#1375,.T.);
#1375 = EDGE_LOOP('',(#1376,#1384,#1391,#1392));
#1376 = ORIENTED_EDGE('',*,*,#1377,.T.);
#1377 = EDGE_CURVE('',#1147,#1378,#1380,.T.);
#1378 = VERTEX_POINT('',#1379);
#1379 = CARTESIAN_POINT('',(39.125,-4.791430601664E-15,15.));
#1380 = LINE('',#1381,#1382);
#1381 = CARTESIAN_POINT('',(39.125,-4.791430601664E-15,0.));
#1382 = VECTOR('',#1383,1.);
#1383 = DIRECTION('',(0.,0.,1.));
#1384 = ORIENTED_EDGE('',*,*,#1385,.T.);
#1385 = EDGE_CURVE('',#1378,#1378,#1386,.T.);
#1386 = CIRCLE('',#1387,1.475);
#1387 = AXIS2_PLACEMENT_3D('',#1388,#1389,#1390);
#1388 = CARTESIAN_POINT('',(40.6,-4.972066004538E-15,15.));
#1389 = DIRECTION('',(0.,0.,1.));
#1390 = DIRECTION('',(-1.,1.224646799147E-16,0.));
#1391 = ORIENTED_EDGE('',*,*,#1377,.F.);
#1392 = ORIENTED_EDGE('',*,*,#1146,.F.);
#1393 = CYLINDRICAL_SURFACE('',#1394,1.475);
#1394 = AXIS2_PLACEMENT_3D('',#1395,#1396,#1397);
#1395 = CARTESIAN_POINT('',(40.6,-4.972066004538E-15,0.));
#1396 = DIRECTION('',(0.,0.,-1.));
#1397 = DIRECTION('',(-1.,1.224646799147E-16,0.));
#1398 = ADVANCED_FACE('',(#1399),#1402,.F.);
#1399 = FACE_BOUND('',#1400,.F.);
#1400 = EDGE_LOOP('',(#1401));
#1401 = ORIENTED_EDGE('',*,*,#1385,.T.);
#1402 = PLANE('',#1403);
#1403 = AXIS2_PLACEMENT_3D('',#1404,#1405,#1406);
#1404 = CARTESIAN_POINT('',(40.6,-4.622142311093E-15,15.));
#1405 = DIRECTION('',(0.,0.,1.));
#1406 = DIRECTION('',(-1.,1.224646799147E-16,0.));
#1407 = ADVANCED_FACE('',(#1408),#1427,.F.);
#1408 = FACE_BOUND('',#1409,.T.);
#1409 = EDGE_LOOP('',(#1410,#1418,#1425,#1426));
#1410 = ORIENTED_EDGE('',*,*,#1411,.T.);
#1411 = EDGE_CURVE('',#1158,#1412,#1414,.T.);
#1412 = VERTEX_POINT('',#1413);
#1413 = CARTESIAN_POINT('',(12.09028990492,-37.21008620004,15.));
#1414 = LINE('',#1415,#1416);
#1415 = CARTESIAN_POINT('',(12.09028990492,-37.21008620004,0.));
#1416 = VECTOR('',#1417,1.);
#1417 = DIRECTION('',(0.,0.,1.));
#1418 = ORIENTED_EDGE('',*,*,#1419,.T.);
#1419 = EDGE_CURVE('',#1412,#1412,#1420,.T.);
#1420 = CIRCLE('',#1421,1.475);
#1421 = AXIS2_PLACEMENT_3D('',#1422,#1423,#1424);
#1422 = CARTESIAN_POINT('',(12.546089971623,-38.61289456158,15.));
#1423 = DIRECTION('',(0.,0.,1.));
#1424 = DIRECTION('',(-0.309016994375,0.951056516295,0.));
#1425 = ORIENTED_EDGE('',*,*,#1411,.F.);
#1426 = ORIENTED_EDGE('',*,*,#1157,.F.);
#1427 = CYLINDRICAL_SURFACE('',#1428,1.475);
#1428 = AXIS2_PLACEMENT_3D('',#1429,#1430,#1431);
#1429 = CARTESIAN_POINT('',(12.546089971623,-38.61289456158,0.));
#1430 = DIRECTION('',(-0.,0.,-1.));
#1431 = DIRECTION('',(-0.309016994375,0.951056516295,0.));
#1432 = ADVANCED_FACE('',(#1433),#1436,.F.);
#1433 = FACE_BOUND('',#1434,.F.);
#1434 = EDGE_LOOP('',(#1435));
#1435 = ORIENTED_EDGE('',*,*,#1419,.T.);
#1436 = PLANE('',#1437);
#1437 = AXIS2_PLACEMENT_3D('',#1438,#1439,#1440);
#1438 = CARTESIAN_POINT('',(12.546089971623,-38.61289456158,15.));
#1439 = DIRECTION('',(0.,0.,1.));
#1440 = DIRECTION('',(-0.309016994375,0.951056516295,0.));
#1441 = ADVANCED_FACE('',(#1442),#1461,.F.);
#1442 = FACE_BOUND('',#1443,.T.);
#1443 = EDGE_LOOP('',(#1444,#1452,#1459,#1460));
#1444 = ORIENTED_EDGE('',*,*,#1445,.T.);
#1445 = EDGE_CURVE('',#1169,#1446,#1448,.T.);
#1446 = VERTEX_POINT('',#1447);
#1447 = CARTESIAN_POINT('',(-12.09028990492,-37.21008620004,15.));
#1448 = LINE('',#1449,#1450);
#1449 = CARTESIAN_POINT('',(-12.09028990492,-37.21008620004,0.));
#1450 = VECTOR('',#1451,1.);
#1451 = DIRECTION('',(0.,0.,1.));
#1452 = ORIENTED_EDGE('',*,*,#1453,.T.);
#1453 = EDGE_CURVE('',#1446,#1446,#1454,.T.);
#1454 = CIRCLE('',#1455,1.475);
#1455 = AXIS2_PLACEMENT_3D('',#1456,#1457,#1458);
#1456 = CARTESIAN_POINT('',(-12.54608997162,-38.61289456158,15.));
#1457 = DIRECTION('',(0.,-0.,1.));
#1458 = DIRECTION('',(0.309016994375,0.951056516295,0.));
#1459 = ORIENTED_EDGE('',*,*,#1445,.F.);
#1460 = ORIENTED_EDGE('',*,*,#1168,.F.);
#1461 = CYLINDRICAL_SURFACE('',#1462,1.475);
#1462 = AXIS2_PLACEMENT_3D('',#1463,#1464,#1465);
#1463 = CARTESIAN_POINT('',(-12.54608997162,-38.61289456158,0.));
#1464 = DIRECTION('',(0.,0.,-1.));
#1465 = DIRECTION('',(0.309016994375,0.951056516295,0.));
#1466 = ADVANCED_FACE('',(#1467),#1470,.F.);
#1467 = FACE_BOUND('',#1468,.F.);
#1468 = EDGE_LOOP('',(#1469));
#1469 = ORIENTED_EDGE('',*,*,#1453,.T.);
#1470 = PLANE('',#1471);
#1471 = AXIS2_PLACEMENT_3D('',#1472,#1473,#1474);
#1472 = CARTESIAN_POINT('',(-12.54608997162,-38.61289456158,15.));
#1473 = DIRECTION('',(0.,0.,1.));
#1474 = DIRECTION('',(0.309016994375,0.951056516295,0.));
#1475 = ADVANCED_FACE('',(#1476),#1495,.F.);
#1476 = FACE_BOUND('',#1477,.T.);
#1477 = EDGE_LOOP('',(#1478,#1486,#1493,#1494));
#1478 = ORIENTED_EDGE('',*,*,#1479,.T.);
#1479 = EDGE_CURVE('',#1180,#1480,#1482,.T.);
#1480 = VERTEX_POINT('',#1481);
#1481 = CARTESIAN_POINT('',(12.09028990492,37.210086200048,15.));
#1482 = LINE('',#1483,#1484);
#1483 = CARTESIAN_POINT('',(12.09028990492,37.210086200048,0.));
#1484 = VECTOR('',#1485,1.);
#1485 = DIRECTION('',(0.,0.,1.));
#1486 = ORIENTED_EDGE('',*,*,#1487,.T.);
#1487 = EDGE_CURVE('',#1480,#1480,#1488,.T.);
#1488 = CIRCLE('',#1489,1.475);
#1489 = AXIS2_PLACEMENT_3D('',#1490,#1491,#1492);
#1490 = CARTESIAN_POINT('',(12.546089971623,38.612894561583,15.));
#1491 = DIRECTION('',(0.,0.,1.));
#1492 = DIRECTION('',(-0.309016994375,-0.951056516295,0.));
#1493 = ORIENTED_EDGE('',*,*,#1479,.F.);
#1494 = ORIENTED_EDGE('',*,*,#1179,.F.);
#1495 = CYLINDRICAL_SURFACE('',#1496,1.475);
#1496 = AXIS2_PLACEMENT_3D('',#1497,#1498,#1499);
#1497 = CARTESIAN_POINT('',(12.546089971623,38.612894561583,0.));
#1498 = DIRECTION('',(0.,-0.,-1.));
#1499 = DIRECTION('',(-0.309016994375,-0.951056516295,0.));
#1500 = ADVANCED_FACE('',(#1501),#1504,.F.);
#1501 = FACE_BOUND('',#1502,.F.);
#1502 = EDGE_LOOP('',(#1503));
#1503 = ORIENTED_EDGE('',*,*,#1487,.T.);
#1504 = PLANE('',#1505);
#1505 = AXIS2_PLACEMENT_3D('',#1506,#1507,#1508);
#1506 = CARTESIAN_POINT('',(12.546089971623,38.612894561583,15.));
#1507 = DIRECTION('',(0.,0.,1.));
#1508 = DIRECTION('',(-0.309016994375,-0.951056516295,0.));
#1509 = ADVANCED_FACE('',(#1510),#1529,.F.);
#1510 = FACE_BOUND('',#1511,.T.);
#1511 = EDGE_LOOP('',(#1512,#1520,#1527,#1528));
#1512 = ORIENTED_EDGE('',*,*,#1513,.T.);
#1513 = EDGE_CURVE('',#1191,#1514,#1516,.T.);
#1514 = VERTEX_POINT('',#1515);
#1515 = CARTESIAN_POINT('',(-12.09028990492,37.210086200048,15.));
#1516 = LINE('',#1517,#1518);
#1517 = CARTESIAN_POINT('',(-12.09028990492,37.210086200048,0.));
#1518 = VECTOR('',#1519,1.);
#1519 = DIRECTION('',(0.,0.,1.));
#1520 = ORIENTED_EDGE('',*,*,#1521,.T.);
#1521 = EDGE_CURVE('',#1514,#1514,#1522,.T.);
#1522 = CIRCLE('',#1523,1.475);
#1523 = AXIS2_PLACEMENT_3D('',#1524,#1525,#1526);
#1524 = CARTESIAN_POINT('',(-12.54608997162,38.612894561583,15.));
#1525 = DIRECTION('',(-0.,0.,1.));
#1526 = DIRECTION('',(0.309016994375,-0.951056516295,0.));
#1527 = ORIENTED_EDGE('',*,*,#1513,.F.);
#1528 = ORIENTED_EDGE('',*,*,#1190,.F.);
#1529 = CYLINDRICAL_SURFACE('',#1530,1.475);
#1530 = AXIS2_PLACEMENT_3D('',#1531,#1532,#1533);
#1531 = CARTESIAN_POINT('',(-12.54608997162,38.612894561583,0.));
#1532 = DIRECTION('',(0.,0.,-1.));
#1533 = DIRECTION('',(0.309016994375,-0.951056516295,0.));
#1534 = ADVANCED_FACE('',(#1535),#1538,.F.);
#1535 = FACE_BOUND('',#1536,.F.);
#1536 = EDGE_LOOP('',(#1537));
#1537 = ORIENTED_EDGE('',*,*,#1521,.T.);
#1538 = PLANE('',#1539);
#1539 = AXIS2_PLACEMENT_3D('',#1540,#1541,#1542);
#1540 = CARTESIAN_POINT('',(-12.54608997162,38.612894561583,15.));
#1541 = DIRECTION('',(0.,0.,1.));
#1542 = DIRECTION('',(0.309016994375,-0.951056516295,0.));
#1543 = ( GEOMETRIC_REPRESENTATION_CONTEXT(3) 
GLOBAL_UNCERTAINTY_ASSIGNED_CONTEXT((#1547)) 
GLOBAL_UNIT_ASSIGNED_CONTEXT((#1544,#1545,#1546)) REPRESENTATION_CONTEXT
('Context #1','3D Context with UNIT and UNCERTAINTY') );
#1544 = ( LENGTH_UNIT() NAMED_UNIT(*) SI_UNIT(.MILLI.,.METRE.) );
#1545 = ( NAMED_UNIT(*) PLANE_ANGLE_UNIT() SI_UNIT($,.RADIAN.) );
#1546 = ( NAMED_UNIT(*) SI_UNIT($,.STERADIAN.) SOLID_ANGLE_UNIT() );
#1547 = UNCERTAINTY_MEASURE_WITH_UNIT(LENGTH_MEASURE(2.E-07),#1544,
  'distance_accuracy_value','confusion accuracy');
#1548 = CONTEXT_DEPENDENT_SHAPE_REPRESENTATION(#1549,#1551);
#1549 = ( REPRESENTATION_RELATIONSHIP('','',#56,#10) 
REPRESENTATION_RELATIONSHIP_WITH_TRANSFORMATION(#1550) 
SHAPE_REPRESENTATION_RELATIONSHIP() );
#1550 = ITEM_DEFINED_TRANSFORMATION('','',#11,#15);
#1551 = PRODUCT_DEFINITION_SHAPE('Placement','Placement of an item',
  #1552);
#1552 = NEXT_ASSEMBLY_USAGE_OCCURRENCE('1','pinDisk','',#5,#51,$);
#1553 = PRODUCT_RELATED_PRODUCT_CATEGORY('part',$,(#53));
#1554 = SHAPE_DEFINITION_REPRESENTATION(#1555,#1561);
#1555 = PRODUCT_DEFINITION_SHAPE('','',#1556);
#1556 = PRODUCT_DEFINITION('design','',#1557,#1560);
#1557 = PRODUCT_DEFINITION_FORMATION('','',#1558);
#1558 = PRODUCT('driverDisk','driverDisk','',(#1559));
#1559 = PRODUCT_CONTEXT('',#2,'mechanical');
#1560 = PRODUCT_DEFINITION_CONTEXT('part definition',#2,'design');
#1561 = ADVANCED_BREP_SHAPE_REPRESENTATION('',(#11,#1562),#1924);
#1562 = MANIFOLD_SOLID_BREP('',#1563);
#1563 = CLOSED_SHELL('',(#1564,#1597,#1683,#1708,#1733,#1758,#1783,#1808
    ,#1833,#1858,#1867,#1876,#1885,#1894,#1903,#1912));
#1564 = ADVANCED_FACE('',(#1565),#1592,.T.);
#1565 = FACE_BOUND('',#1566,.F.);
#1566 = EDGE_LOOP('',(#1567,#1577,#1584,#1585));
#1567 = ORIENTED_EDGE('',*,*,#1568,.T.);
#1568 = EDGE_CURVE('',#1569,#1571,#1573,.T.);
#1569 = VERTEX_POINT('',#1570);
#1570 = CARTESIAN_POINT('',(33.908915126443,0.,0.));
#1571 = VERTEX_POINT('',#1572);
#1572 = CARTESIAN_POINT('',(33.908915126443,0.,5.));
#1573 = LINE('',#1574,#1575);
#1574 = CARTESIAN_POINT('',(33.908915126443,0.,0.));
#1575 = VECTOR('',#1576,1.);
#1576 = DIRECTION('',(0.,0.,1.));
#1577 = ORIENTED_EDGE('',*,*,#1578,.T.);
#1578 = EDGE_CURVE('',#1571,#1571,#1579,.T.);
#1579 = CIRCLE('',#1580,33.908915126443);
#1580 = AXIS2_PLACEMENT_3D('',#1581,#1582,#1583);
#1581 = CARTESIAN_POINT('',(0.,0.,5.));
#1582 = DIRECTION('',(0.,0.,1.));
#1583 = DIRECTION('',(1.,0.,0.));
#1584 = ORIENTED_EDGE('',*,*,#1568,.F.);
#1585 = ORIENTED_EDGE('',*,*,#1586,.F.);
#1586 = EDGE_CURVE('',#1569,#1569,#1587,.T.);
#1587 = CIRCLE('',#1588,33.908915126443);
#1588 = AXIS2_PLACEMENT_3D('',#1589,#1590,#1591);
#1589 = CARTESIAN_POINT('',(0.,0.,0.));
#1590 = DIRECTION('',(0.,0.,1.));
#1591 = DIRECTION('',(1.,0.,0.));
#1592 = CYLINDRICAL_SURFACE('',#1593,33.908915126443);
#1593 = AXIS2_PLACEMENT_3D('',#1594,#1595,#1596);
#1594 = CARTESIAN_POINT('',(0.,0.,0.));
#1595 = DIRECTION('',(-0.,-0.,-1.));
#1596 = DIRECTION('',(1.,0.,0.));
#1597 = ADVANCED_FACE('',(#1598,#1601,#1612,#1623,#1634,#1645,#1656,
    #1667),#1678,.T.);
#1598 = FACE_BOUND('',#1599,.T.);
#1599 = EDGE_LOOP('',(#1600));
#1600 = ORIENTED_EDGE('',*,*,#1578,.T.);
#1601 = FACE_BOUND('',#1602,.T.);
#1602 = EDGE_LOOP('',(#1603));
#1603 = ORIENTED_EDGE('',*,*,#1604,.T.);
#1604 = EDGE_CURVE('',#1605,#1605,#1607,.T.);
#1605 = VERTEX_POINT('',#1606);
#1606 = CARTESIAN_POINT('',(-10.,-17.32050807568,5.));
#1607 = CIRCLE('',#1608,5.);
#1608 = AXIS2_PLACEMENT_3D('',#1609,#1610,#1611);
#1609 = CARTESIAN_POINT('',(-12.5,-21.65063509461,5.));
#1610 = DIRECTION('',(0.,0.,-1.));
#1611 = DIRECTION('',(0.5,0.866025403784,0.));
#1612 = FACE_BOUND('',#1613,.T.);
#1613 = EDGE_LOOP('',(#1614));
#1614 = ORIENTED_EDGE('',*,*,#1615,.T.);
#1615 = EDGE_CURVE('',#1616,#1616,#1618,.T.);
#1616 = VERTEX_POINT('',#1617);
#1617 = CARTESIAN_POINT('',(-20.,0.,5.));
#1618 = CIRCLE('',#1619,5.);
#1619 = AXIS2_PLACEMENT_3D('',#1620,#1621,#1622);
#1620 = CARTESIAN_POINT('',(-25.,0.,5.));
#1621 = DIRECTION('',(0.,0.,-1.));
#1622 = DIRECTION('',(1.,0.,0.));
#1623 = FACE_BOUND('',#1624,.T.);
#1624 = EDGE_LOOP('',(#1625));
#1625 = ORIENTED_EDGE('',*,*,#1626,.T.);
#1626 = EDGE_CURVE('',#1627,#1627,#1629,.T.);
#1627 = VERTEX_POINT('',#1628);
#1628 = CARTESIAN_POINT('',(10.,-17.32050807568,5.));
#1629 = CIRCLE('',#1630,5.);
#1630 = AXIS2_PLACEMENT_3D('',#1631,#1632,#1633);
#1631 = CARTESIAN_POINT('',(12.5,-21.65063509461,5.));
#1632 = DIRECTION('',(0.,0.,-1.));
#1633 = DIRECTION('',(-0.5,0.866025403784,0.));
#1634 = FACE_BOUND('',#1635,.T.);
#1635 = EDGE_LOOP('',(#1636));
#1636 = ORIENTED_EDGE('',*,*,#1637,.F.);
#1637 = EDGE_CURVE('',#1638,#1638,#1640,.T.);
#1638 = VERTEX_POINT('',#1639);
#1639 = CARTESIAN_POINT('',(7.65,0.,5.));
#1640 = CIRCLE('',#1641,7.65);
#1641 = AXIS2_PLACEMENT_3D('',#1642,#1643,#1644);
#1642 = CARTESIAN_POINT('',(0.,0.,5.));
#1643 = DIRECTION('',(0.,0.,1.));
#1644 = DIRECTION('',(1.,0.,0.));
#1645 = FACE_BOUND('',#1646,.T.);
#1646 = EDGE_LOOP('',(#1647));
#1647 = ORIENTED_EDGE('',*,*,#1648,.T.);
#1648 = EDGE_CURVE('',#1649,#1649,#1651,.T.);
#1649 = VERTEX_POINT('',#1650);
#1650 = CARTESIAN_POINT('',(20.,-2.449293598295E-15,5.));
#1651 = CIRCLE('',#1652,5.);
#1652 = AXIS2_PLACEMENT_3D('',#1653,#1654,#1655);
#1653 = CARTESIAN_POINT('',(25.,-3.061616997868E-15,5.));
#1654 = DIRECTION('',(0.,0.,-1.));
#1655 = DIRECTION('',(-1.,1.224646799147E-16,0.));
#1656 = FACE_BOUND('',#1657,.T.);
#1657 = EDGE_LOOP('',(#1658));
#1658 = ORIENTED_EDGE('',*,*,#1659,.T.);
#1659 = EDGE_CURVE('',#1660,#1660,#1662,.T.);
#1660 = VERTEX_POINT('',#1661);
#1661 = CARTESIAN_POINT('',(-10.,17.320508075689,5.));
#1662 = CIRCLE('',#1663,5.);
#1663 = AXIS2_PLACEMENT_3D('',#1664,#1665,#1666);
#1664 = CARTESIAN_POINT('',(-12.5,21.650635094611,5.));
#1665 = DIRECTION('',(0.,-0.,-1.));
#1666 = DIRECTION('',(0.5,-0.866025403784,0.));
#1667 = FACE_BOUND('',#1668,.T.);
#1668 = EDGE_LOOP('',(#1669));
#1669 = ORIENTED_EDGE('',*,*,#1670,.T.);
#1670 = EDGE_CURVE('',#1671,#1671,#1673,.T.);
#1671 = VERTEX_POINT('',#1672);
#1672 = CARTESIAN_POINT('',(10.,17.320508075689,5.));
#1673 = CIRCLE('',#1674,5.);
#1674 = AXIS2_PLACEMENT_3D('',#1675,#1676,#1677);
#1675 = CARTESIAN_POINT('',(12.5,21.650635094611,5.));
#1676 = DIRECTION('',(0.,0.,-1.));
#1677 = DIRECTION('',(-0.5,-0.866025403784,-0.));
#1678 = PLANE('',#1679);
#1679 = AXIS2_PLACEMENT_3D('',#1680,#1681,#1682);
#1680 = CARTESIAN_POINT('',(-6.251694116461E-16,9.954327337939E-16,5.));
#1681 = DIRECTION('',(0.,0.,1.));
#1682 = DIRECTION('',(1.,0.,0.));
#1683 = ADVANCED_FACE('',(#1684),#1703,.F.);
#1684 = FACE_BOUND('',#1685,.T.);
#1685 = EDGE_LOOP('',(#1686,#1694,#1695,#1696));
#1686 = ORIENTED_EDGE('',*,*,#1687,.T.);
#1687 = EDGE_CURVE('',#1688,#1638,#1690,.T.);
#1688 = VERTEX_POINT('',#1689);
#1689 = CARTESIAN_POINT('',(7.65,0.,0.));
#1690 = LINE('',#1691,#1692);
#1691 = CARTESIAN_POINT('',(7.65,0.,0.));
#1692 = VECTOR('',#1693,1.);
#1693 = DIRECTION('',(0.,0.,1.));
#1694 = ORIENTED_EDGE('',*,*,#1637,.T.);
#1695 = ORIENTED_EDGE('',*,*,#1687,.F.);
#1696 = ORIENTED_EDGE('',*,*,#1697,.F.);
#1697 = EDGE_CURVE('',#1688,#1688,#1698,.T.);
#1698 = CIRCLE('',#1699,7.65);
#1699 = AXIS2_PLACEMENT_3D('',#1700,#1701,#1702);
#1700 = CARTESIAN_POINT('',(0.,0.,0.));
#1701 = DIRECTION('',(0.,0.,1.));
#1702 = DIRECTION('',(1.,0.,0.));
#1703 = CYLINDRICAL_SURFACE('',#1704,7.65);
#1704 = AXIS2_PLACEMENT_3D('',#1705,#1706,#1707);
#1705 = CARTESIAN_POINT('',(0.,0.,0.));
#1706 = DIRECTION('',(-0.,-0.,-1.));
#1707 = DIRECTION('',(1.,0.,0.));
#1708 = ADVANCED_FACE('',(#1709),#1728,.T.);
#1709 = FACE_BOUND('',#1710,.F.);
#1710 = EDGE_LOOP('',(#1711,#1712,#1720,#1727));
#1711 = ORIENTED_EDGE('',*,*,#1604,.T.);
#1712 = ORIENTED_EDGE('',*,*,#1713,.T.);
#1713 = EDGE_CURVE('',#1605,#1714,#1716,.T.);
#1714 = VERTEX_POINT('',#1715);
#1715 = CARTESIAN_POINT('',(-10.,-17.32050807568,20.));
#1716 = LINE('',#1717,#1718);
#1717 = CARTESIAN_POINT('',(-10.,-17.32050807568,0.));
#1718 = VECTOR('',#1719,1.);
#1719 = DIRECTION('',(0.,0.,1.));
#1720 = ORIENTED_EDGE('',*,*,#1721,.T.);
#1721 = EDGE_CURVE('',#1714,#1714,#1722,.T.);
#1722 = CIRCLE('',#1723,5.);
#1723 = AXIS2_PLACEMENT_3D('',#1724,#1725,#1726);
#1724 = CARTESIAN_POINT('',(-12.5,-21.65063509461,20.));
#1725 = DIRECTION('',(0.,-0.,1.));
#1726 = DIRECTION('',(0.5,0.866025403784,0.));
#1727 = ORIENTED_EDGE('',*,*,#1713,.F.);
#1728 = CYLINDRICAL_SURFACE('',#1729,5.);
#1729 = AXIS2_PLACEMENT_3D('',#1730,#1731,#1732);
#1730 = CARTESIAN_POINT('',(-12.5,-21.65063509461,0.));
#1731 = DIRECTION('',(0.,-0.,-1.));
#1732 = DIRECTION('',(0.5,0.866025403784,0.));
#1733 = ADVANCED_FACE('',(#1734),#1753,.T.);
#1734 = FACE_BOUND('',#1735,.F.);
#1735 = EDGE_LOOP('',(#1736,#1737,#1745,#1752));
#1736 = ORIENTED_EDGE('',*,*,#1615,.T.);
#1737 = ORIENTED_EDGE('',*,*,#1738,.T.);
#1738 = EDGE_CURVE('',#1616,#1739,#1741,.T.);
#1739 = VERTEX_POINT('',#1740);
#1740 = CARTESIAN_POINT('',(-20.,0.,20.));
#1741 = LINE('',#1742,#1743);
#1742 = CARTESIAN_POINT('',(-20.,0.,0.));
#1743 = VECTOR('',#1744,1.);
#1744 = DIRECTION('',(0.,0.,1.));
#1745 = ORIENTED_EDGE('',*,*,#1746,.T.);
#1746 = EDGE_CURVE('',#1739,#1739,#1747,.T.);
#1747 = CIRCLE('',#1748,5.);
#1748 = AXIS2_PLACEMENT_3D('',#1749,#1750,#1751);
#1749 = CARTESIAN_POINT('',(-25.,0.,20.));
#1750 = DIRECTION('',(0.,0.,1.));
#1751 = DIRECTION('',(1.,0.,0.));
#1752 = ORIENTED_EDGE('',*,*,#1738,.F.);
#1753 = CYLINDRICAL_SURFACE('',#1754,5.);
#1754 = AXIS2_PLACEMENT_3D('',#1755,#1756,#1757);
#1755 = CARTESIAN_POINT('',(-25.,0.,0.));
#1756 = DIRECTION('',(-0.,-0.,-1.));
#1757 = DIRECTION('',(1.,0.,0.));
#1758 = ADVANCED_FACE('',(#1759),#1778,.T.);
#1759 = FACE_BOUND('',#1760,.F.);
#1760 = EDGE_LOOP('',(#1761,#1762,#1770,#1777));
#1761 = ORIENTED_EDGE('',*,*,#1626,.T.);
#1762 = ORIENTED_EDGE('',*,*,#1763,.T.);
#1763 = EDGE_CURVE('',#1627,#1764,#1766,.T.);
#1764 = VERTEX_POINT('',#1765);
#1765 = CARTESIAN_POINT('',(10.,-17.32050807568,20.));
#1766 = LINE('',#1767,#1768);
#1767 = CARTESIAN_POINT('',(10.,-17.32050807568,0.));
#1768 = VECTOR('',#1769,1.);
#1769 = DIRECTION('',(0.,0.,1.));
#1770 = ORIENTED_EDGE('',*,*,#1771,.T.);
#1771 = EDGE_CURVE('',#1764,#1764,#1772,.T.);
#1772 = CIRCLE('',#1773,5.);
#1773 = AXIS2_PLACEMENT_3D('',#1774,#1775,#1776);
#1774 = CARTESIAN_POINT('',(12.5,-21.65063509461,20.));
#1775 = DIRECTION('',(0.,0.,1.));
#1776 = DIRECTION('',(-0.5,0.866025403784,0.));
#1777 = ORIENTED_EDGE('',*,*,#1763,.F.);
#1778 = CYLINDRICAL_SURFACE('',#1779,5.);
#1779 = AXIS2_PLACEMENT_3D('',#1780,#1781,#1782);
#1780 = CARTESIAN_POINT('',(12.5,-21.65063509461,0.));
#1781 = DIRECTION('',(-0.,0.,-1.));
#1782 = DIRECTION('',(-0.5,0.866025403784,0.));
#1783 = ADVANCED_FACE('',(#1784),#1803,.T.);
#1784 = FACE_BOUND('',#1785,.F.);
#1785 = EDGE_LOOP('',(#1786,#1787,#1795,#1802));
#1786 = ORIENTED_EDGE('',*,*,#1648,.T.);
#1787 = ORIENTED_EDGE('',*,*,#1788,.T.);
#1788 = EDGE_CURVE('',#1649,#1789,#1791,.T.);
#1789 = VERTEX_POINT('',#1790);
#1790 = CARTESIAN_POINT('',(20.,-2.449293598295E-15,20.));
#1791 = LINE('',#1792,#1793);
#1792 = CARTESIAN_POINT('',(20.,-2.449293598295E-15,0.));
#1793 = VECTOR('',#1794,1.);
#1794 = DIRECTION('',(0.,0.,1.));
#1795 = ORIENTED_EDGE('',*,*,#1796,.T.);
#1796 = EDGE_CURVE('',#1789,#1789,#1797,.T.);
#1797 = CIRCLE('',#1798,5.);
#1798 = AXIS2_PLACEMENT_3D('',#1799,#1800,#1801);
#1799 = CARTESIAN_POINT('',(25.,-3.061616997868E-15,20.));
#1800 = DIRECTION('',(0.,0.,1.));
#1801 = DIRECTION('',(-1.,1.224646799147E-16,0.));
#1802 = ORIENTED_EDGE('',*,*,#1788,.F.);
#1803 = CYLINDRICAL_SURFACE('',#1804,5.);
#1804 = AXIS2_PLACEMENT_3D('',#1805,#1806,#1807);
#1805 = CARTESIAN_POINT('',(25.,-3.061616997868E-15,0.));
#1806 = DIRECTION('',(0.,0.,-1.));
#1807 = DIRECTION('',(-1.,1.224646799147E-16,0.));
#1808 = ADVANCED_FACE('',(#1809),#1828,.T.);
#1809 = FACE_BOUND('',#1810,.F.);
#1810 = EDGE_LOOP('',(#1811,#1812,#1820,#1827));
#1811 = ORIENTED_EDGE('',*,*,#1659,.T.);
#1812 = ORIENTED_EDGE('',*,*,#1813,.T.);
#1813 = EDGE_CURVE('',#1660,#1814,#1816,.T.);
#1814 = VERTEX_POINT('',#1815);
#1815 = CARTESIAN_POINT('',(-10.,17.320508075689,20.));
#1816 = LINE('',#1817,#1818);
#1817 = CARTESIAN_POINT('',(-10.,17.320508075689,0.));
#1818 = VECTOR('',#1819,1.);
#1819 = DIRECTION('',(0.,0.,1.));
#1820 = ORIENTED_EDGE('',*,*,#1821,.T.);
#1821 = EDGE_CURVE('',#1814,#1814,#1822,.T.);
#1822 = CIRCLE('',#1823,5.);
#1823 = AXIS2_PLACEMENT_3D('',#1824,#1825,#1826);
#1824 = CARTESIAN_POINT('',(-12.5,21.650635094611,20.));
#1825 = DIRECTION('',(-0.,0.,1.));
#1826 = DIRECTION('',(0.5,-0.866025403784,0.));
#1827 = ORIENTED_EDGE('',*,*,#1813,.F.);
#1828 = CYLINDRICAL_SURFACE('',#1829,5.);
#1829 = AXIS2_PLACEMENT_3D('',#1830,#1831,#1832);
#1830 = CARTESIAN_POINT('',(-12.5,21.650635094611,0.));
#1831 = DIRECTION('',(0.,0.,-1.));
#1832 = DIRECTION('',(0.5,-0.866025403784,0.));
#1833 = ADVANCED_FACE('',(#1834),#1853,.T.);
#1834 = FACE_BOUND('',#1835,.F.);
#1835 = EDGE_LOOP('',(#1836,#1837,#1845,#1852));
#1836 = ORIENTED_EDGE('',*,*,#1670,.T.);
#1837 = ORIENTED_EDGE('',*,*,#1838,.T.);
#1838 = EDGE_CURVE('',#1671,#1839,#1841,.T.);
#1839 = VERTEX_POINT('',#1840);
#1840 = CARTESIAN_POINT('',(10.,17.320508075689,20.));
#1841 = LINE('',#1842,#1843);
#1842 = CARTESIAN_POINT('',(10.,17.320508075689,0.));
#1843 = VECTOR('',#1844,1.);
#1844 = DIRECTION('',(0.,0.,1.));
#1845 = ORIENTED_EDGE('',*,*,#1846,.T.);
#1846 = EDGE_CURVE('',#1839,#1839,#1847,.T.);
#1847 = CIRCLE('',#1848,5.);
#1848 = AXIS2_PLACEMENT_3D('',#1849,#1850,#1851);
#1849 = CARTESIAN_POINT('',(12.5,21.650635094611,20.));
#1850 = DIRECTION('',(0.,0.,1.));
#1851 = DIRECTION('',(-0.5,-0.866025403784,0.));
#1852 = ORIENTED_EDGE('',*,*,#1838,.F.);
#1853 = CYLINDRICAL_SURFACE('',#1854,5.);
#1854 = AXIS2_PLACEMENT_3D('',#1855,#1856,#1857);
#1855 = CARTESIAN_POINT('',(12.5,21.650635094611,0.));
#1856 = DIRECTION('',(0.,0.,-1.));
#1857 = DIRECTION('',(-0.5,-0.866025403784,0.));
#1858 = ADVANCED_FACE('',(#1859),#1862,.T.);
#1859 = FACE_BOUND('',#1860,.T.);
#1860 = EDGE_LOOP('',(#1861));
#1861 = ORIENTED_EDGE('',*,*,#1721,.T.);
#1862 = PLANE('',#1863);
#1863 = AXIS2_PLACEMENT_3D('',#1864,#1865,#1866);
#1864 = CARTESIAN_POINT('',(-12.5,-21.65063509461,20.));
#1865 = DIRECTION('',(0.,0.,1.));
#1866 = DIRECTION('',(0.5,0.866025403784,0.));
#1867 = ADVANCED_FACE('',(#1868),#1871,.T.);
#1868 = FACE_BOUND('',#1869,.T.);
#1869 = EDGE_LOOP('',(#1870));
#1870 = ORIENTED_EDGE('',*,*,#1746,.T.);
#1871 = PLANE('',#1872);
#1872 = AXIS2_PLACEMENT_3D('',#1873,#1874,#1875);
#1873 = CARTESIAN_POINT('',(-25.,6.938022664999E-17,20.));
#1874 = DIRECTION('',(0.,0.,1.));
#1875 = DIRECTION('',(1.,0.,0.));
#1876 = ADVANCED_FACE('',(#1877),#1880,.T.);
#1877 = FACE_BOUND('',#1878,.T.);
#1878 = EDGE_LOOP('',(#1879));
#1879 = ORIENTED_EDGE('',*,*,#1771,.T.);
#1880 = PLANE('',#1881);
#1881 = AXIS2_PLACEMENT_3D('',#1882,#1883,#1884);
#1882 = CARTESIAN_POINT('',(12.5,-21.65063509461,20.));
#1883 = DIRECTION('',(0.,0.,1.));
#1884 = DIRECTION('',(-0.5,0.866025403784,0.));
#1885 = ADVANCED_FACE('',(#1886),#1889,.T.);
#1886 = FACE_BOUND('',#1887,.T.);
#1887 = EDGE_LOOP('',(#1888));
#1888 = ORIENTED_EDGE('',*,*,#1796,.T.);
#1889 = PLANE('',#1890);
#1890 = AXIS2_PLACEMENT_3D('',#1891,#1892,#1893);
#1891 = CARTESIAN_POINT('',(25.,-3.130997224518E-15,20.));
#1892 = DIRECTION('',(0.,0.,1.));
#1893 = DIRECTION('',(-1.,1.224646799147E-16,0.));
#1894 = ADVANCED_FACE('',(#1895),#1898,.T.);
#1895 = FACE_BOUND('',#1896,.T.);
#1896 = EDGE_LOOP('',(#1897));
#1897 = ORIENTED_EDGE('',*,*,#1821,.T.);
#1898 = PLANE('',#1899);
#1899 = AXIS2_PLACEMENT_3D('',#1900,#1901,#1902);
#1900 = CARTESIAN_POINT('',(-12.5,21.650635094611,20.));
#1901 = DIRECTION('',(0.,0.,1.));
#1902 = DIRECTION('',(0.5,-0.866025403784,0.));
#1903 = ADVANCED_FACE('',(#1904),#1907,.T.);
#1904 = FACE_BOUND('',#1905,.T.);
#1905 = EDGE_LOOP('',(#1906));
#1906 = ORIENTED_EDGE('',*,*,#1846,.T.);
#1907 = PLANE('',#1908);
#1908 = AXIS2_PLACEMENT_3D('',#1909,#1910,#1911);
#1909 = CARTESIAN_POINT('',(12.5,21.650635094611,20.));
#1910 = DIRECTION('',(0.,0.,1.));
#1911 = DIRECTION('',(-0.5,-0.866025403784,0.));
#1912 = ADVANCED_FACE('',(#1913,#1916),#1919,.T.);
#1913 = FACE_BOUND('',#1914,.T.);
#1914 = EDGE_LOOP('',(#1915));
#1915 = ORIENTED_EDGE('',*,*,#1586,.F.);
#1916 = FACE_BOUND('',#1917,.T.);
#1917 = EDGE_LOOP('',(#1918));
#1918 = ORIENTED_EDGE('',*,*,#1697,.T.);
#1919 = PLANE('',#1920);
#1920 = AXIS2_PLACEMENT_3D('',#1921,#1922,#1923);
#1921 = CARTESIAN_POINT('',(-6.452297880674E-16,1.196704339864E-15,0.));
#1922 = DIRECTION('',(-0.,-0.,-1.));
#1923 = DIRECTION('',(-1.,0.,0.));
#1924 = ( GEOMETRIC_REPRESENTATION_CONTEXT(3) 
GLOBAL_UNCERTAINTY_ASSIGNED_CONTEXT((#1928)) 
GLOBAL_UNIT_ASSIGNED_CONTEXT((#1925,#1926,#1927)) REPRESENTATION_CONTEXT
('Context #1','3D Context with UNIT and UNCERTAINTY') );
#1925 = ( LENGTH_UNIT() NAMED_UNIT(*) SI_UNIT(.MILLI.,.METRE.) );
#1926 = ( NAMED_UNIT(*) PLANE_ANGLE_UNIT() SI_UNIT($,.RADIAN.) );
#1927 = ( NAMED_UNIT(*) SI_UNIT($,.STERADIAN.) SOLID_ANGLE_UNIT() );
#1928 = UNCERTAINTY_MEASURE_WITH_UNIT(LENGTH_MEASURE(1.E-07),#1925,
  'distance_accuracy_value','confusion accuracy');
#1929 = CONTEXT_DEPENDENT_SHAPE_REPRESENTATION(#1930,#1932);
#1930 = ( REPRESENTATION_RELATIONSHIP('','',#1561,#10) 
REPRESENTATION_RELATIONSHIP_WITH_TRANSFORMATION(#1931) 
SHAPE_REPRESENTATION_RELATIONSHIP() );
#1931 = ITEM_DEFINED_TRANSFORMATION('','',#11,#19);
#1932 = PRODUCT_DEFINITION_SHAPE('Placement','Placement of an item',
  #1933);
#1933 = NEXT_ASSEMBLY_USAGE_OCCURRENCE('2','driverDisk','',#5,#1556,$);
#1934 = PRODUCT_RELATED_PRODUCT_CATEGORY('part',$,(#1558));
#1935 = SHAPE_DEFINITION_REPRESENTATION(#1936,#1942);
#1936 = PRODUCT_DEFINITION_SHAPE('','',#1937);
#1937 = PRODUCT_DEFINITION('design','',#1938,#1941);
#1938 = PRODUCT_DEFINITION_FORMATION('','',#1939);
#1939 = PRODUCT('inputShaft','inputShaft','',(#1940));
#1940 = PRODUCT_CONTEXT('',#2,'mechanical');
#1941 = PRODUCT_DEFINITION_CONTEXT('part definition',#2,'design');
#1942 = ADVANCED_BREP_SHAPE_REPRESENTATION('',(#11,#1943),#2279);
#1943 = MANIFOLD_SOLID_BREP('',#1944);
#1944 = CLOSED_SHELL('',(#1945,#1978,#1998,#2007,#2032,#2105,#2147,#2172
    ,#2221,#2238,#2256,#2269));
#1945 = ADVANCED_FACE('',(#1946),#1973,.T.);
#1946 = FACE_BOUND('',#1947,.T.);
#1947 = EDGE_LOOP('',(#1948,#1958,#1965,#1966));
#1948 = ORIENTED_EDGE('',*,*,#1949,.T.);
#1949 = EDGE_CURVE('',#1950,#1952,#1954,.T.);
#1950 = VERTEX_POINT('',#1951);
#1951 = CARTESIAN_POINT('',(6.5,0.,0.));
#1952 = VERTEX_POINT('',#1953);
#1953 = CARTESIAN_POINT('',(6.5,0.,-5.));
#1954 = LINE('',#1955,#1956);
#1955 = CARTESIAN_POINT('',(6.5,0.,0.));
#1956 = VECTOR('',#1957,1.);
#1957 = DIRECTION('',(-0.,-0.,-1.));
#1958 = ORIENTED_EDGE('',*,*,#1959,.T.);
#1959 = EDGE_CURVE('',#1952,#1952,#1960,.T.);
#1960 = CIRCLE('',#1961,6.5);
#1961 = AXIS2_PLACEMENT_3D('',#1962,#1963,#1964);
#1962 = CARTESIAN_POINT('',(0.,0.,-5.));
#1963 = DIRECTION('',(0.,0.,1.));
#1964 = DIRECTION('',(1.,0.,0.));
#1965 = ORIENTED_EDGE('',*,*,#1949,.F.);
#1966 = ORIENTED_EDGE('',*,*,#1967,.F.);
#1967 = EDGE_CURVE('',#1950,#1950,#1968,.T.);
#1968 = CIRCLE('',#1969,6.5);
#1969 = AXIS2_PLACEMENT_3D('',#1970,#1971,#1972);
#1970 = CARTESIAN_POINT('',(0.,0.,0.));
#1971 = DIRECTION('',(0.,0.,1.));
#1972 = DIRECTION('',(1.,0.,0.));
#1973 = CYLINDRICAL_SURFACE('',#1974,6.5);
#1974 = AXIS2_PLACEMENT_3D('',#1975,#1976,#1977);
#1975 = CARTESIAN_POINT('',(0.,0.,0.));
#1976 = DIRECTION('',(0.,0.,1.));
#1977 = DIRECTION('',(1.,0.,0.));
#1978 = ADVANCED_FACE('',(#1979,#1990),#1993,.F.);
#1979 = FACE_BOUND('',#1980,.F.);
#1980 = EDGE_LOOP('',(#1981));
#1981 = ORIENTED_EDGE('',*,*,#1982,.T.);
#1982 = EDGE_CURVE('',#1983,#1983,#1985,.T.);
#1983 = VERTEX_POINT('',#1984);
#1984 = CARTESIAN_POINT('',(7.5,0.,0.));
#1985 = CIRCLE('',#1986,7.5);
#1986 = AXIS2_PLACEMENT_3D('',#1987,#1988,#1989);
#1987 = CARTESIAN_POINT('',(0.,0.,0.));
#1988 = DIRECTION('',(0.,0.,1.));
#1989 = DIRECTION('',(1.,0.,0.));
#1990 = FACE_BOUND('',#1991,.F.);
#1991 = EDGE_LOOP('',(#1992));
#1992 = ORIENTED_EDGE('',*,*,#1967,.F.);
#1993 = PLANE('',#1994);
#1994 = AXIS2_PLACEMENT_3D('',#1995,#1996,#1997);
#1995 = CARTESIAN_POINT('',(-5.469760530158E-16,5.848900222367E-17,0.));
#1996 = DIRECTION('',(0.,0.,1.));
#1997 = DIRECTION('',(1.,0.,0.));
#1998 = ADVANCED_FACE('',(#1999),#2002,.F.);
#1999 = FACE_BOUND('',#2000,.F.);
#2000 = EDGE_LOOP('',(#2001));
#2001 = ORIENTED_EDGE('',*,*,#1959,.T.);
#2002 = PLANE('',#2003);
#2003 = AXIS2_PLACEMENT_3D('',#2004,#2005,#2006);
#2004 = CARTESIAN_POINT('',(-4.207508100121E-16,5.76161480209E-16,-5.));
#2005 = DIRECTION('',(0.,0.,1.));
#2006 = DIRECTION('',(1.,0.,0.));
#2007 = ADVANCED_FACE('',(#2008),#2027,.T.);
#2008 = FACE_BOUND('',#2009,.F.);
#2009 = EDGE_LOOP('',(#2010,#2018,#2025,#2026));
#2010 = ORIENTED_EDGE('',*,*,#2011,.T.);
#2011 = EDGE_CURVE('',#1983,#2012,#2014,.T.);
#2012 = VERTEX_POINT('',#2013);
#2013 = CARTESIAN_POINT('',(7.5,0.,5.));
#2014 = LINE('',#2015,#2016);
#2015 = CARTESIAN_POINT('',(7.5,0.,0.));
#2016 = VECTOR('',#2017,1.);
#2017 = DIRECTION('',(0.,0.,1.));
#2018 = ORIENTED_EDGE('',*,*,#2019,.T.);
#2019 = EDGE_CURVE('',#2012,#2012,#2020,.T.);
#2020 = CIRCLE('',#2021,7.5);
#2021 = AXIS2_PLACEMENT_3D('',#2022,#2023,#2024);
#2022 = CARTESIAN_POINT('',(0.,0.,5.));
#2023 = DIRECTION('',(0.,0.,1.));
#2024 = DIRECTION('',(1.,0.,0.));
#2025 = ORIENTED_EDGE('',*,*,#2011,.F.);
#2026 = ORIENTED_EDGE('',*,*,#1982,.F.);
#2027 = CYLINDRICAL_SURFACE('',#2028,7.5);
#2028 = AXIS2_PLACEMENT_3D('',#2029,#2030,#2031);
#2029 = CARTESIAN_POINT('',(0.,0.,0.));
#2030 = DIRECTION('',(-0.,-0.,-1.));
#2031 = DIRECTION('',(1.,0.,0.));
#2032 = ADVANCED_FACE('',(#2033,#2036),#2100,.T.);
#2033 = FACE_BOUND('',#2034,.T.);
#2034 = EDGE_LOOP('',(#2035));
#2035 = ORIENTED_EDGE('',*,*,#2019,.T.);
#2036 = FACE_BOUND('',#2037,.T.);
#2037 = EDGE_LOOP('',(#2038,#2049,#2058,#2067,#2076,#2084,#2093));
#2038 = ORIENTED_EDGE('',*,*,#2039,.T.);
#2039 = EDGE_CURVE('',#2040,#2042,#2044,.T.);
#2040 = VERTEX_POINT('',#2041);
#2041 = CARTESIAN_POINT('',(2.125,1.964529205688,5.));
#2042 = VERTEX_POINT('',#2043);
#2043 = CARTESIAN_POINT('',(4.5,0.,5.));
#2044 = CIRCLE('',#2045,2.);
#2045 = AXIS2_PLACEMENT_3D('',#2046,#2047,#2048);
#2046 = CARTESIAN_POINT('',(2.5,0.,5.));
#2047 = DIRECTION('',(0.,0.,-1.));
#2048 = DIRECTION('',(1.,0.,0.));
#2049 = ORIENTED_EDGE('',*,*,#2050,.T.);
#2050 = EDGE_CURVE('',#2042,#2051,#2053,.T.);
#2051 = VERTEX_POINT('',#2052);
#2052 = CARTESIAN_POINT('',(2.125,-1.964529205688,5.));
#2053 = CIRCLE('',#2054,2.);
#2054 = AXIS2_PLACEMENT_3D('',#2055,#2056,#2057);
#2055 = CARTESIAN_POINT('',(2.5,0.,5.));
#2056 = DIRECTION('',(0.,0.,-1.));
#2057 = DIRECTION('',(1.,0.,0.));
#2058 = ORIENTED_EDGE('',*,*,#2059,.T.);
#2059 = EDGE_CURVE('',#2051,#2060,#2062,.T.);
#2060 = VERTEX_POINT('',#2061);
#2061 = CARTESIAN_POINT('',(1.517857142857,-1.986481737615,5.));
#2062 = CIRCLE('',#2063,2.);
#2063 = AXIS2_PLACEMENT_3D('',#2064,#2065,#2066);
#2064 = CARTESIAN_POINT('',(1.75,0.,5.));
#2065 = DIRECTION('',(0.,0.,-1.));
#2066 = DIRECTION('',(1.,0.,0.));
#2067 = ORIENTED_EDGE('',*,*,#2068,.T.);
#2068 = EDGE_CURVE('',#2060,#2069,#2071,.T.);
#2069 = VERTEX_POINT('',#2070);
#2070 = CARTESIAN_POINT('',(-0.979795897114,2.3,5.));
#2071 = CIRCLE('',#2072,2.5);
#2072 = AXIS2_PLACEMENT_3D('',#2073,#2074,#2075);
#2073 = CARTESIAN_POINT('',(0.,0.,5.));
#2074 = DIRECTION('',(0.,0.,-1.));
#2075 = DIRECTION('',(1.,0.,0.));
#2076 = ORIENTED_EDGE('',*,*,#2077,.F.);
#2077 = EDGE_CURVE('',#2078,#2069,#2080,.T.);
#2078 = VERTEX_POINT('',#2079);
#2079 = CARTESIAN_POINT('',(0.979795897114,2.3,5.));
#2080 = LINE('',#2081,#2082);
#2081 = CARTESIAN_POINT('',(-0.489897948557,2.3,5.));
#2082 = VECTOR('',#2083,1.);
#2083 = DIRECTION('',(-1.,0.,0.));
#2084 = ORIENTED_EDGE('',*,*,#2085,.T.);
#2085 = EDGE_CURVE('',#2078,#2086,#2088,.T.);
#2086 = VERTEX_POINT('',#2087);
#2087 = CARTESIAN_POINT('',(1.517857142857,1.986481737615,5.));
#2088 = CIRCLE('',#2089,2.5);
#2089 = AXIS2_PLACEMENT_3D('',#2090,#2091,#2092);
#2090 = CARTESIAN_POINT('',(0.,0.,5.));
#2091 = DIRECTION('',(0.,0.,-1.));
#2092 = DIRECTION('',(1.,0.,0.));
#2093 = ORIENTED_EDGE('',*,*,#2094,.T.);
#2094 = EDGE_CURVE('',#2086,#2040,#2095,.T.);
#2095 = CIRCLE('',#2096,2.);
#2096 = AXIS2_PLACEMENT_3D('',#2097,#2098,#2099);
#2097 = CARTESIAN_POINT('',(1.75,0.,5.));
#2098 = DIRECTION('',(0.,0.,-1.));
#2099 = DIRECTION('',(1.,0.,0.));
#2100 = PLANE('',#2101);
#2101 = AXIS2_PLACEMENT_3D('',#2102,#2103,#2104);
#2102 = CARTESIAN_POINT('',(-5.469760530158E-16,5.848900222367E-17,5.));
#2103 = DIRECTION('',(0.,0.,1.));
#2104 = DIRECTION('',(1.,0.,0.));
#2105 = ADVANCED_FACE('',(#2106),#2142,.T.);
#2106 = FACE_BOUND('',#2107,.F.);
#2107 = EDGE_LOOP('',(#2108,#2116,#2117,#2118,#2126,#2135));
#2108 = ORIENTED_EDGE('',*,*,#2109,.T.);
#2109 = EDGE_CURVE('',#2110,#2040,#2112,.T.);
#2110 = VERTEX_POINT('',#2111);
#2111 = CARTESIAN_POINT('',(2.125,1.964529205688,10.));
#2112 = LINE('',#2113,#2114);
#2113 = CARTESIAN_POINT('',(2.125,1.964529205688,0.));
#2114 = VECTOR('',#2115,1.);
#2115 = DIRECTION('',(-0.,-0.,-1.));
#2116 = ORIENTED_EDGE('',*,*,#2039,.T.);
#2117 = ORIENTED_EDGE('',*,*,#2050,.T.);
#2118 = ORIENTED_EDGE('',*,*,#2119,.F.);
#2119 = EDGE_CURVE('',#2120,#2051,#2122,.T.);
#2120 = VERTEX_POINT('',#2121);
#2121 = CARTESIAN_POINT('',(2.125,-1.964529205688,10.));
#2122 = LINE('',#2123,#2124);
#2123 = CARTESIAN_POINT('',(2.125,-1.964529205688,0.));
#2124 = VECTOR('',#2125,1.);
#2125 = DIRECTION('',(-0.,-0.,-1.));
#2126 = ORIENTED_EDGE('',*,*,#2127,.T.);
#2127 = EDGE_CURVE('',#2120,#2128,#2130,.T.);
#2128 = VERTEX_POINT('',#2129);
#2129 = CARTESIAN_POINT('',(4.5,0.,10.));
#2130 = CIRCLE('',#2131,2.);
#2131 = AXIS2_PLACEMENT_3D('',#2132,#2133,#2134);
#2132 = CARTESIAN_POINT('',(2.5,0.,10.));
#2133 = DIRECTION('',(0.,0.,1.));
#2134 = DIRECTION('',(1.,0.,0.));
#2135 = ORIENTED_EDGE('',*,*,#2136,.T.);
#2136 = EDGE_CURVE('',#2128,#2110,#2137,.T.);
#2137 = CIRCLE('',#2138,2.);
#2138 = AXIS2_PLACEMENT_3D('',#2139,#2140,#2141);
#2139 = CARTESIAN_POINT('',(2.5,0.,10.));
#2140 = DIRECTION('',(0.,0.,1.));
#2141 = DIRECTION('',(1.,0.,0.));
#2142 = CYLINDRICAL_SURFACE('',#2143,2.);
#2143 = AXIS2_PLACEMENT_3D('',#2144,#2145,#2146);
#2144 = CARTESIAN_POINT('',(2.5,0.,0.));
#2145 = DIRECTION('',(-0.,-0.,-1.));
#2146 = DIRECTION('',(1.,0.,0.));
#2147 = ADVANCED_FACE('',(#2148),#2167,.T.);
#2148 = FACE_BOUND('',#2149,.F.);
#2149 = EDGE_LOOP('',(#2150,#2159,#2165,#2166));
#2150 = ORIENTED_EDGE('',*,*,#2151,.T.);
#2151 = EDGE_CURVE('',#2110,#2152,#2154,.T.);
#2152 = VERTEX_POINT('',#2153);
#2153 = CARTESIAN_POINT('',(1.517857142857,1.986481737615,10.));
#2154 = CIRCLE('',#2155,2.);
#2155 = AXIS2_PLACEMENT_3D('',#2156,#2157,#2158);
#2156 = CARTESIAN_POINT('',(1.75,0.,10.));
#2157 = DIRECTION('',(0.,0.,1.));
#2158 = DIRECTION('',(1.,0.,0.));
#2159 = ORIENTED_EDGE('',*,*,#2160,.T.);
#2160 = EDGE_CURVE('',#2152,#2086,#2161,.T.);
#2161 = LINE('',#2162,#2163);
#2162 = CARTESIAN_POINT('',(1.517857142857,1.986481737615,0.));
#2163 = VECTOR('',#2164,1.);
#2164 = DIRECTION('',(-0.,-0.,-1.));
#2165 = ORIENTED_EDGE('',*,*,#2094,.T.);
#2166 = ORIENTED_EDGE('',*,*,#2109,.F.);
#2167 = CYLINDRICAL_SURFACE('',#2168,2.);
#2168 = AXIS2_PLACEMENT_3D('',#2169,#2170,#2171);
#2169 = CARTESIAN_POINT('',(1.75,0.,0.));
#2170 = DIRECTION('',(-0.,-0.,-1.));
#2171 = DIRECTION('',(1.,0.,0.));
#2172 = ADVANCED_FACE('',(#2173),#2216,.F.);
#2173 = FACE_BOUND('',#2174,.T.);
#2174 = EDGE_LOOP('',(#2175,#2186,#2192,#2193,#2201,#2208,#2209,#2210));
#2175 = ORIENTED_EDGE('',*,*,#2176,.F.);
#2176 = EDGE_CURVE('',#2177,#2179,#2181,.T.);
#2177 = VERTEX_POINT('',#2178);
#2178 = CARTESIAN_POINT('',(-0.979795897114,2.3,0.));
#2179 = VERTEX_POINT('',#2180);
#2180 = CARTESIAN_POINT('',(0.979795897114,2.3,0.));
#2181 = CIRCLE('',#2182,2.5);
#2182 = AXIS2_PLACEMENT_3D('',#2183,#2184,#2185);
#2183 = CARTESIAN_POINT('',(0.,0.,0.));
#2184 = DIRECTION('',(0.,0.,1.));
#2185 = DIRECTION('',(1.,0.,0.));
#2186 = ORIENTED_EDGE('',*,*,#2187,.T.);
#2187 = EDGE_CURVE('',#2177,#2069,#2188,.T.);
#2188 = LINE('',#2189,#2190);
#2189 = CARTESIAN_POINT('',(-0.979795897114,2.3,0.));
#2190 = VECTOR('',#2191,1.);
#2191 = DIRECTION('',(0.,0.,1.));
#2192 = ORIENTED_EDGE('',*,*,#2068,.F.);
#2193 = ORIENTED_EDGE('',*,*,#2194,.F.);
#2194 = EDGE_CURVE('',#2195,#2060,#2197,.T.);
#2195 = VERTEX_POINT('',#2196);
#2196 = CARTESIAN_POINT('',(1.517857142857,-1.986481737615,10.));
#2197 = LINE('',#2198,#2199);
#2198 = CARTESIAN_POINT('',(1.517857142857,-1.986481737615,0.));
#2199 = VECTOR('',#2200,1.);
#2200 = DIRECTION('',(-0.,-0.,-1.));
#2201 = ORIENTED_EDGE('',*,*,#2202,.F.);
#2202 = EDGE_CURVE('',#2152,#2195,#2203,.T.);
#2203 = CIRCLE('',#2204,2.5);
#2204 = AXIS2_PLACEMENT_3D('',#2205,#2206,#2207);
#2205 = CARTESIAN_POINT('',(0.,0.,10.));
#2206 = DIRECTION('',(0.,0.,-1.));
#2207 = DIRECTION('',(1.,0.,0.));
#2208 = ORIENTED_EDGE('',*,*,#2160,.T.);
#2209 = ORIENTED_EDGE('',*,*,#2085,.F.);
#2210 = ORIENTED_EDGE('',*,*,#2211,.F.);
#2211 = EDGE_CURVE('',#2179,#2078,#2212,.T.);
#2212 = LINE('',#2213,#2214);
#2213 = CARTESIAN_POINT('',(0.979795897114,2.3,0.));
#2214 = VECTOR('',#2215,1.);
#2215 = DIRECTION('',(0.,0.,1.));
#2216 = CYLINDRICAL_SURFACE('',#2217,2.5);
#2217 = AXIS2_PLACEMENT_3D('',#2218,#2219,#2220);
#2218 = CARTESIAN_POINT('',(0.,0.,0.));
#2219 = DIRECTION('',(-0.,-0.,-1.));
#2220 = DIRECTION('',(1.,0.,0.));
#2221 = ADVANCED_FACE('',(#2222),#2233,.F.);
#2222 = FACE_BOUND('',#2223,.F.);
#2223 = EDGE_LOOP('',(#2224,#2230,#2231,#2232));
#2224 = ORIENTED_EDGE('',*,*,#2225,.F.);
#2225 = EDGE_CURVE('',#2177,#2179,#2226,.T.);
#2226 = LINE('',#2227,#2228);
#2227 = CARTESIAN_POINT('',(-0.979795897114,2.3,0.));
#2228 = VECTOR('',#2229,1.);
#2229 = DIRECTION('',(1.,0.,0.));
#2230 = ORIENTED_EDGE('',*,*,#2187,.T.);
#2231 = ORIENTED_EDGE('',*,*,#2077,.F.);
#2232 = ORIENTED_EDGE('',*,*,#2211,.F.);
#2233 = PLANE('',#2234);
#2234 = AXIS2_PLACEMENT_3D('',#2235,#2236,#2237);
#2235 = CARTESIAN_POINT('',(-0.979795897114,2.3,0.));
#2236 = DIRECTION('',(0.,1.,0.));
#2237 = DIRECTION('',(1.,0.,0.));
#2238 = ADVANCED_FACE('',(#2239),#2251,.T.);
#2239 = FACE_BOUND('',#2240,.F.);
#2240 = EDGE_LOOP('',(#2241,#2248,#2249,#2250));
#2241 = ORIENTED_EDGE('',*,*,#2242,.T.);
#2242 = EDGE_CURVE('',#2195,#2120,#2243,.T.);
#2243 = CIRCLE('',#2244,2.);
#2244 = AXIS2_PLACEMENT_3D('',#2245,#2246,#2247);
#2245 = CARTESIAN_POINT('',(1.75,0.,10.));
#2246 = DIRECTION('',(0.,0.,1.));
#2247 = DIRECTION('',(1.,0.,0.));
#2248 = ORIENTED_EDGE('',*,*,#2119,.T.);
#2249 = ORIENTED_EDGE('',*,*,#2059,.T.);
#2250 = ORIENTED_EDGE('',*,*,#2194,.F.);
#2251 = CYLINDRICAL_SURFACE('',#2252,2.);
#2252 = AXIS2_PLACEMENT_3D('',#2253,#2254,#2255);
#2253 = CARTESIAN_POINT('',(1.75,0.,0.));
#2254 = DIRECTION('',(-0.,-0.,-1.));
#2255 = DIRECTION('',(1.,0.,0.));
#2256 = ADVANCED_FACE('',(#2257),#2264,.T.);
#2257 = FACE_BOUND('',#2258,.T.);
#2258 = EDGE_LOOP('',(#2259,#2260,#2261,#2262,#2263));
#2259 = ORIENTED_EDGE('',*,*,#2242,.T.);
#2260 = ORIENTED_EDGE('',*,*,#2127,.T.);
#2261 = ORIENTED_EDGE('',*,*,#2136,.T.);
#2262 = ORIENTED_EDGE('',*,*,#2151,.T.);
#2263 = ORIENTED_EDGE('',*,*,#2202,.T.);
#2264 = PLANE('',#2265);
#2265 = AXIS2_PLACEMENT_3D('',#2266,#2267,#2268);
#2266 = CARTESIAN_POINT('',(2.205180142691,2.943516461125E-16,10.));
#2267 = DIRECTION('',(0.,0.,1.));
#2268 = DIRECTION('',(1.,0.,0.));
#2269 = ADVANCED_FACE('',(#2270),#2274,.T.);
#2270 = FACE_BOUND('',#2271,.T.);
#2271 = EDGE_LOOP('',(#2272,#2273));
#2272 = ORIENTED_EDGE('',*,*,#2176,.T.);
#2273 = ORIENTED_EDGE('',*,*,#2225,.F.);
#2274 = PLANE('',#2275);
#2275 = AXIS2_PLACEMENT_3D('',#2276,#2277,#2278);
#2276 = CARTESIAN_POINT('',(3.708948987267E-15,0.10931767404,0.));
#2277 = DIRECTION('',(0.,0.,1.));
#2278 = DIRECTION('',(1.,0.,0.));
#2279 = ( GEOMETRIC_REPRESENTATION_CONTEXT(3) 
GLOBAL_UNCERTAINTY_ASSIGNED_CONTEXT((#2283)) 
GLOBAL_UNIT_ASSIGNED_CONTEXT((#2280,#2281,#2282)) REPRESENTATION_CONTEXT
('Context #1','3D Context with UNIT and UNCERTAINTY') );
#2280 = ( LENGTH_UNIT() NAMED_UNIT(*) SI_UNIT(.MILLI.,.METRE.) );
#2281 = ( NAMED_UNIT(*) PLANE_ANGLE_UNIT() SI_UNIT($,.RADIAN.) );
#2282 = ( NAMED_UNIT(*) SI_UNIT($,.STERADIAN.) SOLID_ANGLE_UNIT() );
#2283 = UNCERTAINTY_MEASURE_WITH_UNIT(LENGTH_MEASURE(1.E-06),#2280,
  'distance_accuracy_value','confusion accuracy');
#2284 = CONTEXT_DEPENDENT_SHAPE_REPRESENTATION(#2285,#2287);
#2285 = ( REPRESENTATION_RELATIONSHIP('','',#1942,#10) 
REPRESENTATION_RELATIONSHIP_WITH_TRANSFORMATION(#2286) 
SHAPE_REPRESENTATION_RELATIONSHIP() );
#2286 = ITEM_DEFINED_TRANSFORMATION('','',#11,#23);
#2287 = PRODUCT_DEFINITION_SHAPE('Placement','Placement of an item',
  #2288);
#2288 = NEXT_ASSEMBLY_USAGE_OCCURRENCE('3','inputShaft','',#5,#1937,$);
#2289 = PRODUCT_RELATED_PRODUCT_CATEGORY('part',$,(#1939));
#2290 = SHAPE_DEFINITION_REPRESENTATION(#2291,#2297);
#2291 = PRODUCT_DEFINITION_SHAPE('','',#2292);
#2292 = PRODUCT_DEFINITION('design','',#2293,#2296);
#2293 = PRODUCT_DEFINITION_FORMATION('','',#2294);
#2294 = PRODUCT('cycloidalDisk1','cycloidalDisk1','',(#2295));
#2295 = PRODUCT_CONTEXT('',#2,'mechanical');
#2296 = PRODUCT_DEFINITION_CONTEXT('part definition',#2,'design');
#2297 = ADVANCED_BREP_SHAPE_REPRESENTATION('',(#11,#2298),#4038);
#2298 = MANIFOLD_SOLID_BREP('',#2299);
#2299 = CLOSED_SHELL('',(#2300,#2468,#2627,#2786,#2945,#3104,#3263,#3422
    ,#3581,#3731,#3764,#3797,#3830,#3863,#3896,#3929,#3962,#4000));
#2300 = ADVANCED_FACE('',(#2301),#2419,.F.);
#2301 = FACE_BOUND('',#2302,.F.);
#2302 = EDGE_LOOP('',(#2303,#2313,#2363,#2371));
#2303 = ORIENTED_EDGE('',*,*,#2304,.T.);
#2304 = EDGE_CURVE('',#2305,#2307,#2309,.T.);
#2305 = VERTEX_POINT('',#2306);
#2306 = CARTESIAN_POINT('',(26.496853284026,23.911699080339,0.));
#2307 = VERTEX_POINT('',#2308);
#2308 = CARTESIAN_POINT('',(26.496853284026,23.911699080339,5.));
#2309 = LINE('',#2310,#2311);
#2310 = CARTESIAN_POINT('',(26.496853284026,23.911699080339,0.));
#2311 = VECTOR('',#2312,1.);
#2312 = DIRECTION('',(0.,0.,1.));
#2313 = ORIENTED_EDGE('',*,*,#2314,.T.);
#2314 = EDGE_CURVE('',#2307,#2315,#2317,.T.);
#2315 = VERTEX_POINT('',#2316);
#2316 = CARTESIAN_POINT('',(4.45971220921,36.634848412054,5.));
#2317 = B_SPLINE_CURVE_WITH_KNOTS('',3,(#2318,#2319,#2320,#2321,#2322,
    #2323,#2324,#2325,#2326,#2327,#2328,#2329,#2330,#2331,#2332,#2333,
    #2334,#2335,#2336,#2337,#2338,#2339,#2340,#2341,#2342,#2343,#2344,
    #2345,#2346,#2347,#2348,#2349,#2350,#2351,#2352,#2353,#2354,#2355,
    #2356,#2357,#2358,#2359,#2360,#2361,#2362),.UNSPECIFIED.,.F.,.F.,(4,
    1,1,1,1,1,1,1,1,1,1,1,1,1,1,1,1,1,1,1,1,1,1,1,1,1,1,1,1,1,1,1,1,1,1,
    1,1,1,1,1,1,1,4),(0.,0.682243031795,1.36073038675,2.031787479255,
    2.691905531904,3.33783397807,3.966685540456,4.554451155201,
    5.144017040623,5.71133018399,6.256551195988,6.781263747608,
    7.28892317091,7.785457048834,8.280047766171,8.78607405982,
    9.322008260957,9.911580910146,10.629001082897,11.399049790332,
    12.272210591893,13.213322186779,14.154433781664,15.027594583225,
    15.79764329066,16.515063463411,17.1046361126,17.640570313737,
    18.146596607386,18.641187324723,19.137721202647,19.645380625949,
    20.170093177569,20.715314189567,21.282627332934,21.872193218356,
    22.459958833101,23.088810395487,23.734738841653,24.394856894302,
    25.065913986807,25.744401341762,26.426644373557),.UNSPECIFIED.);
#2318 = CARTESIAN_POINT('',(26.496853284026,23.911699080339,5.));
#2319 = CARTESIAN_POINT('',(26.350655708819,24.085947085771,5.));
#2320 = CARTESIAN_POINT('',(26.047500889271,24.423811255105,5.));
#2321 = CARTESIAN_POINT('',(25.562191437416,24.896821612514,5.));
#2322 = CARTESIAN_POINT('',(25.052990994615,25.333116010068,5.));
#2323 = CARTESIAN_POINT('',(24.522689622112,25.724526513429,5.));
#2324 = CARTESIAN_POINT('',(23.988713928765,26.088329649665,5.));
#2325 = CARTESIAN_POINT('',(23.42315564219,26.352234308423,5.));
#2326 = CARTESIAN_POINT('',(22.967000128698,26.760398407957,5.));
#2327 = CARTESIAN_POINT('',(22.407273903469,26.945773058036,5.));
#2328 = CARTESIAN_POINT('',(21.877268567492,27.143131691606,5.));
#2329 = CARTESIAN_POINT('',(21.351624134021,27.293399348737,5.));
#2330 = CARTESIAN_POINT('',(20.840302242111,27.416129945724,5.));
#2331 = CARTESIAN_POINT('',(20.339631821233,27.512362511843,5.));
#2332 = CARTESIAN_POINT('',(19.845831997255,27.588748988689,5.));
#2333 = CARTESIAN_POINT('',(19.350562235333,27.650374765712,5.));
#2334 = CARTESIAN_POINT('',(18.841535962981,27.707269221539,5.));
#2335 = CARTESIAN_POINT('',(18.299955459839,27.757324830866,5.));
#2336 = CARTESIAN_POINT('',(17.693676627276,27.865519717887,5.));
#2337 = CARTESIAN_POINT('',(16.994204144048,27.825476952973,5.));
#2338 = CARTESIAN_POINT('',(16.232852385665,28.055627448947,5.));
#2339 = CARTESIAN_POINT('',(15.415488360301,28.323613089035,5.));
#2340 = CARTESIAN_POINT('',(14.590478085502,28.735550965948,5.));
#2341 = CARTESIAN_POINT('',(13.821224281915,29.24406188385,5.));
#2342 = CARTESIAN_POINT('',(13.180459897067,29.817927073911,5.));
#2343 = CARTESIAN_POINT('',(12.600467841669,30.362201789899,5.));
#2344 = CARTESIAN_POINT('',(12.285409651708,30.98798411208,5.));
#2345 = CARTESIAN_POINT('',(11.888570714707,31.458939539346,5.));
#2346 = CARTESIAN_POINT('',(11.574431033857,31.902934208598,5.));
#2347 = CARTESIAN_POINT('',(11.2706458536,32.315316663735,5.));
#2348 = CARTESIAN_POINT('',(10.969641484209,32.713419970775,5.));
#2349 = CARTESIAN_POINT('',(10.656588942766,33.102869924301,5.));
#2350 = CARTESIAN_POINT('',(10.322913885397,33.488346944645,5.));
#2351 = CARTESIAN_POINT('',(9.96096512463,33.869799394057,5.));
#2352 = CARTESIAN_POINT('',(9.568007299451,34.249886998235,5.));
#2353 = CARTESIAN_POINT('',(9.132087041135,34.610205766547,5.));
#2354 = CARTESIAN_POINT('',(8.691684772335,35.002255571721,5.));
#2355 = CARTESIAN_POINT('',(8.110126536479,35.193215784713,5.));
#2356 = CARTESIAN_POINT('',(7.59879925453,35.551051298829,5.));
#2357 = CARTESIAN_POINT('',(7.0167486499,35.831586246153,5.));
#2358 = CARTESIAN_POINT('',(6.41262652443,36.095135454722,5.));
#2359 = CARTESIAN_POINT('',(5.780184271218,36.317968775029,5.));
#2360 = CARTESIAN_POINT('',(5.127890559522,36.501753910328,5.));
#2361 = CARTESIAN_POINT('',(4.683714196076,36.595361600669,5.));
#2362 = CARTESIAN_POINT('',(4.45971220921,36.634848412054,5.));
#2363 = ORIENTED_EDGE('',*,*,#2364,.F.);
#2364 = EDGE_CURVE('',#2365,#2315,#2367,.T.);
#2365 = VERTEX_POINT('',#2366);
#2366 = CARTESIAN_POINT('',(4.45971220921,36.634848412054,0.));
#2367 = LINE('',#2368,#2369);
#2368 = CARTESIAN_POINT('',(4.45971220921,36.634848412054,0.));
#2369 = VECTOR('',#2370,1.);
#2370 = DIRECTION('',(0.,0.,1.));
#2371 = ORIENTED_EDGE('',*,*,#2372,.F.);
#2372 = EDGE_CURVE('',#2305,#2365,#2373,.T.);
#2373 = B_SPLINE_CURVE_WITH_KNOTS('',3,(#2374,#2375,#2376,#2377,#2378,
    #2379,#2380,#2381,#2382,#2383,#2384,#2385,#2386,#2387,#2388,#2389,
    #2390,#2391,#2392,#2393,#2394,#2395,#2396,#2397,#2398,#2399,#2400,
    #2401,#2402,#2403,#2404,#2405,#2406,#2407,#2408,#2409,#2410,#2411,
    #2412,#2413,#2414,#2415,#2416,#2417,#2418),.UNSPECIFIED.,.F.,.F.,(4,
    1,1,1,1,1,1,1,1,1,1,1,1,1,1,1,1,1,1,1,1,1,1,1,1,1,1,1,1,1,1,1,1,1,1,
    1,1,1,1,1,1,1,4),(0.,0.682243031795,1.36073038675,2.031787479255,
    2.691905531904,3.33783397807,3.966685540456,4.554451155201,
    5.144017040623,5.71133018399,6.256551195988,6.781263747608,
    7.28892317091,7.785457048834,8.280047766171,8.78607405982,
    9.322008260957,9.911580910146,10.629001082897,11.399049790332,
    12.272210591893,13.213322186779,14.154433781664,15.027594583225,
    15.79764329066,16.515063463411,17.1046361126,17.640570313737,
    18.146596607386,18.641187324723,19.137721202647,19.645380625949,
    20.170093177569,20.715314189567,21.282627332934,21.872193218356,
    22.459958833101,23.088810395487,23.734738841653,24.394856894302,
    25.065913986807,25.744401341762,26.426644373557),.UNSPECIFIED.);
#2374 = CARTESIAN_POINT('',(26.496853284026,23.911699080339,0.));
#2375 = CARTESIAN_POINT('',(26.350655708819,24.085947085771,0.));
#2376 = CARTESIAN_POINT('',(26.047500889271,24.423811255105,0.));
#2377 = CARTESIAN_POINT('',(25.562191437416,24.896821612514,0.));
#2378 = CARTESIAN_POINT('',(25.052990994615,25.333116010068,0.));
#2379 = CARTESIAN_POINT('',(24.522689622112,25.724526513429,0.));
#2380 = CARTESIAN_POINT('',(23.988713928765,26.088329649665,0.));
#2381 = CARTESIAN_POINT('',(23.42315564219,26.352234308423,0.));
#2382 = CARTESIAN_POINT('',(22.967000128698,26.760398407957,0.));
#2383 = CARTESIAN_POINT('',(22.407273903469,26.945773058036,0.));
#2384 = CARTESIAN_POINT('',(21.877268567492,27.143131691606,0.));
#2385 = CARTESIAN_POINT('',(21.351624134021,27.293399348737,0.));
#2386 = CARTESIAN_POINT('',(20.840302242111,27.416129945724,0.));
#2387 = CARTESIAN_POINT('',(20.339631821233,27.512362511843,0.));
#2388 = CARTESIAN_POINT('',(19.845831997255,27.588748988689,0.));
#2389 = CARTESIAN_POINT('',(19.350562235333,27.650374765712,0.));
#2390 = CARTESIAN_POINT('',(18.841535962981,27.707269221539,0.));
#2391 = CARTESIAN_POINT('',(18.299955459839,27.757324830866,0.));
#2392 = CARTESIAN_POINT('',(17.693676627276,27.865519717887,0.));
#2393 = CARTESIAN_POINT('',(16.994204144048,27.825476952973,0.));
#2394 = CARTESIAN_POINT('',(16.232852385665,28.055627448947,0.));
#2395 = CARTESIAN_POINT('',(15.415488360301,28.323613089035,0.));
#2396 = CARTESIAN_POINT('',(14.590478085502,28.735550965948,0.));
#2397 = CARTESIAN_POINT('',(13.821224281915,29.24406188385,0.));
#2398 = CARTESIAN_POINT('',(13.180459897067,29.817927073911,0.));
#2399 = CARTESIAN_POINT('',(12.600467841669,30.362201789899,0.));
#2400 = CARTESIAN_POINT('',(12.285409651708,30.98798411208,0.));
#2401 = CARTESIAN_POINT('',(11.888570714707,31.458939539346,0.));
#2402 = CARTESIAN_POINT('',(11.574431033857,31.902934208598,0.));
#2403 = CARTESIAN_POINT('',(11.2706458536,32.315316663735,0.));
#2404 = CARTESIAN_POINT('',(10.969641484209,32.713419970775,0.));
#2405 = CARTESIAN_POINT('',(10.656588942766,33.102869924301,0.));
#2406 = CARTESIAN_POINT('',(10.322913885397,33.488346944645,0.));
#2407 = CARTESIAN_POINT('',(9.96096512463,33.869799394057,0.));
#2408 = CARTESIAN_POINT('',(9.568007299451,34.249886998235,0.));
#2409 = CARTESIAN_POINT('',(9.132087041135,34.610205766547,0.));
#2410 = CARTESIAN_POINT('',(8.691684772335,35.002255571721,0.));
#2411 = CARTESIAN_POINT('',(8.110126536479,35.193215784713,0.));
#2412 = CARTESIAN_POINT('',(7.59879925453,35.551051298829,0.));
#2413 = CARTESIAN_POINT('',(7.0167486499,35.831586246153,0.));
#2414 = CARTESIAN_POINT('',(6.41262652443,36.095135454722,0.));
#2415 = CARTESIAN_POINT('',(5.780184271218,36.317968775029,0.));
#2416 = CARTESIAN_POINT('',(5.127890559522,36.501753910328,0.));
#2417 = CARTESIAN_POINT('',(4.683714196076,36.595361600669,0.));
#2418 = CARTESIAN_POINT('',(4.45971220921,36.634848412054,0.));
#2419 = SURFACE_OF_LINEAR_EXTRUSION('',#2420,#2466);
#2420 = B_SPLINE_CURVE_WITH_KNOTS('',3,(#2421,#2422,#2423,#2424,#2425,
    #2426,#2427,#2428,#2429,#2430,#2431,#2432,#2433,#2434,#2435,#2436,
    #2437,#2438,#2439,#2440,#2441,#2442,#2443,#2444,#2445,#2446,#2447,
    #2448,#2449,#2450,#2451,#2452,#2453,#2454,#2455,#2456,#2457,#2458,
    #2459,#2460,#2461,#2462,#2463,#2464,#2465),.UNSPECIFIED.,.F.,.F.,(4,
    1,1,1,1,1,1,1,1,1,1,1,1,1,1,1,1,1,1,1,1,1,1,1,1,1,1,1,1,1,1,1,1,1,1,
    1,1,1,1,1,1,1,4),(0.,0.682243031795,1.36073038675,2.031787479255,
    2.691905531904,3.33783397807,3.966685540456,4.554451155201,
    5.144017040623,5.71133018399,6.256551195988,6.781263747608,
    7.28892317091,7.785457048834,8.280047766171,8.78607405982,
    9.322008260957,9.911580910146,10.629001082897,11.399049790332,
    12.272210591893,13.213322186779,14.154433781664,15.027594583225,
    15.79764329066,16.515063463411,17.1046361126,17.640570313737,
    18.146596607386,18.641187324723,19.137721202647,19.645380625949,
    20.170093177569,20.715314189567,21.282627332934,21.872193218356,
    22.459958833101,23.088810395487,23.734738841653,24.394856894302,
    25.065913986807,25.744401341762,26.426644373557),.UNSPECIFIED.);
#2421 = CARTESIAN_POINT('',(26.496853284026,23.911699080339,0.));
#2422 = CARTESIAN_POINT('',(26.350655708819,24.085947085771,0.));
#2423 = CARTESIAN_POINT('',(26.047500889271,24.423811255105,0.));
#2424 = CARTESIAN_POINT('',(25.562191437416,24.896821612514,0.));
#2425 = CARTESIAN_POINT('',(25.052990994615,25.333116010068,0.));
#2426 = CARTESIAN_POINT('',(24.522689622112,25.724526513429,0.));
#2427 = CARTESIAN_POINT('',(23.988713928765,26.088329649665,0.));
#2428 = CARTESIAN_POINT('',(23.42315564219,26.352234308423,0.));
#2429 = CARTESIAN_POINT('',(22.967000128698,26.760398407957,0.));
#2430 = CARTESIAN_POINT('',(22.407273903469,26.945773058036,0.));
#2431 = CARTESIAN_POINT('',(21.877268567492,27.143131691606,0.));
#2432 = CARTESIAN_POINT('',(21.351624134021,27.293399348737,0.));
#2433 = CARTESIAN_POINT('',(20.840302242111,27.416129945724,0.));
#2434 = CARTESIAN_POINT('',(20.339631821233,27.512362511843,0.));
#2435 = CARTESIAN_POINT('',(19.845831997255,27.588748988689,0.));
#2436 = CARTESIAN_POINT('',(19.350562235333,27.650374765712,0.));
#2437 = CARTESIAN_POINT('',(18.841535962981,27.707269221539,0.));
#2438 = CARTESIAN_POINT('',(18.299955459839,27.757324830866,0.));
#2439 = CARTESIAN_POINT('',(17.693676627276,27.865519717887,0.));
#2440 = CARTESIAN_POINT('',(16.994204144048,27.825476952973,0.));
#2441 = CARTESIAN_POINT('',(16.232852385665,28.055627448947,0.));
#2442 = CARTESIAN_POINT('',(15.415488360301,28.323613089035,0.));
#2443 = CARTESIAN_POINT('',(14.590478085502,28.735550965948,0.));
#2444 = CARTESIAN_POINT('',(13.821224281915,29.24406188385,0.));
#2445 = CARTESIAN_POINT('',(13.180459897067,29.817927073911,0.));
#2446 = CARTESIAN_POINT('',(12.600467841669,30.362201789899,0.));
#2447 = CARTESIAN_POINT('',(12.285409651708,30.98798411208,0.));
#2448 = CARTESIAN_POINT('',(11.888570714707,31.458939539346,0.));
#2449 = CARTESIAN_POINT('',(11.574431033857,31.902934208598,0.));
#2450 = CARTESIAN_POINT('',(11.2706458536,32.315316663735,0.));
#2451 = CARTESIAN_POINT('',(10.969641484209,32.713419970775,0.));
#2452 = CARTESIAN_POINT('',(10.656588942766,33.102869924301,0.));
#2453 = CARTESIAN_POINT('',(10.322913885397,33.488346944645,0.));
#2454 = CARTESIAN_POINT('',(9.96096512463,33.869799394057,0.));
#2455 = CARTESIAN_POINT('',(9.568007299451,34.249886998235,0.));
#2456 = CARTESIAN_POINT('',(9.132087041135,34.610205766547,0.));
#2457 = CARTESIAN_POINT('',(8.691684772335,35.002255571721,0.));
#2458 = CARTESIAN_POINT('',(8.110126536479,35.193215784713,0.));
#2459 = CARTESIAN_POINT('',(7.59879925453,35.551051298829,0.));
#2460 = CARTESIAN_POINT('',(7.0167486499,35.831586246153,0.));
#2461 = CARTESIAN_POINT('',(6.41262652443,36.095135454722,0.));
#2462 = CARTESIAN_POINT('',(5.780184271218,36.317968775029,0.));
#2463 = CARTESIAN_POINT('',(5.127890559522,36.501753910328,0.));
#2464 = CARTESIAN_POINT('',(4.683714196076,36.595361600669,0.));
#2465 = CARTESIAN_POINT('',(4.45971220921,36.634848412054,0.));
#2466 = VECTOR('',#2467,1.);
#2467 = DIRECTION('',(-0.,-0.,-1.));
#2468 = ADVANCED_FACE('',(#2469),#2578,.F.);
#2469 = FACE_BOUND('',#2470,.F.);
#2470 = EDGE_LOOP('',(#2471,#2472,#2522,#2530));
#2471 = ORIENTED_EDGE('',*,*,#2364,.T.);
#2472 = ORIENTED_EDGE('',*,*,#2473,.T.);
#2473 = EDGE_CURVE('',#2315,#2474,#2476,.T.);
#2474 = VERTEX_POINT('',#2475);
#2475 = CARTESIAN_POINT('',(-20.6,32.216145020781,5.));
#2476 = B_SPLINE_CURVE_WITH_KNOTS('',3,(#2477,#2478,#2479,#2480,#2481,
    #2482,#2483,#2484,#2485,#2486,#2487,#2488,#2489,#2490,#2491,#2492,
    #2493,#2494,#2495,#2496,#2497,#2498,#2499,#2500,#2501,#2502,#2503,
    #2504,#2505,#2506,#2507,#2508,#2509,#2510,#2511,#2512,#2513,#2514,
    #2515,#2516,#2517,#2518,#2519,#2520,#2521),.UNSPECIFIED.,.F.,.F.,(4,
    1,1,1,1,1,1,1,1,1,1,1,1,1,1,1,1,1,1,1,1,1,1,1,1,1,1,1,1,1,1,1,1,1,1,
    1,1,1,1,1,1,1,4),(0.,0.682243031795,1.36073038675,2.031787479255,
    2.691905531904,3.33783397807,3.966685540456,4.554451155201,
    5.144017040623,5.71133018399,6.256551195988,6.781263747608,
    7.28892317091,7.785457048834,8.280047766171,8.78607405982,
    9.322008260957,9.911580910146,10.629001082897,11.399049790332,
    12.272210591893,13.213322186779,14.154433781664,15.027594583225,
    15.79764329066,16.515063463411,17.1046361126,17.640570313737,
    18.146596607386,18.641187324723,19.137721202647,19.645380625949,
    20.170093177569,20.715314189567,21.282627332934,21.872193218356,
    22.459958833101,23.088810395487,23.734738841653,24.394856894302,
    25.065913986807,25.744401341762,26.426644373557),.UNSPECIFIED.);
#2477 = CARTESIAN_POINT('',(4.45971220921,36.634848412054,5.));
#2478 = CARTESIAN_POINT('',(4.235713910221,36.674356138431,5.));
#2479 = CARTESIAN_POINT('',(3.786308943497,36.738310946056,5.));
#2480 = CARTESIAN_POINT('',(3.110495137714,36.78870699937,5.));
#2481 = CARTESIAN_POINT('',(2.439980335149,36.795620162701,5.));
#2482 = CARTESIAN_POINT('',(1.782152093703,36.754586852135,5.));
#2483 = CARTESIAN_POINT('',(1.139254832716,36.69004326348,5.));
#2484 = CARTESIAN_POINT('',(0.536377405238,36.528672101668,5.));
#2485 = CARTESIAN_POINT('',(-7.542081697033E-02,36.548132829835,5.));
#2486 = CARTESIAN_POINT('',(-0.623352509696,36.330352968029,5.));
#2487 = CARTESIAN_POINT('',(-1.156219836468,36.140857589544,5.));
#2488 = CARTESIAN_POINT('',(-1.655477021925,35.918091564333,5.));
#2489 = CARTESIAN_POINT('',(-2.12606202294,35.683437279474,5.));
#2490 = CARTESIAN_POINT('',(-2.571454917837,35.43533095892,5.));
#2491 = CARTESIAN_POINT('',(-2.998827809873,35.176437986519,5.));
#2492 = CARTESIAN_POINT('',(-3.417838744746,34.905292804144,5.));
#2493 = CARTESIAN_POINT('',(-3.844346543349,34.621680705002,5.));
#2494 = CARTESIAN_POINT('',(-4.291396403753,34.311904289306,5.));
#2495 = CARTESIAN_POINT('',(-4.825379267227,34.005077859696,5.));
#2496 = CARTESIAN_POINT('',(-5.335467282974,33.524791076611,5.));
#2497 = CARTESIAN_POINT('',(-6.066634453917,33.211709108231,5.));
#2498 = CARTESIAN_POINT('',(-6.865029472575,32.891606550549,5.));
#2499 = CARTESIAN_POINT('',(-7.761812572341,32.676862889564,5.));
#2500 = CARTESIAN_POINT('',(-8.677959691345,32.571938038838,5.));
#2501 = CARTESIAN_POINT('',(-9.537687121508,32.599668871475,5.));
#2502 = CARTESIAN_POINT('',(-10.3318398563,32.643795786261,5.));
#2503 = CARTESIAN_POINT('',(-10.97543355503,32.920657355932,5.));
#2504 = CARTESIAN_POINT('',(-11.5821541309,33.026346992201,5.));
#2505 = CARTESIAN_POINT('',(-12.10819335994,33.164541546795,5.));
#2506 = CARTESIAN_POINT('',(-12.60598064179,33.285175485117,5.));
#2507 = CARTESIAN_POINT('',(-13.09245923946,33.396658432155,5.));
#2508 = CARTESIAN_POINT('',(-13.58260500395,33.493768110106,5.));
#2509 = CARTESIAN_POINT('',(-14.08599477996,33.574578446953,5.));
#2510 = CARTESIAN_POINT('',(-14.608456525,33.634131797376,5.));
#2511 = CARTESIAN_POINT('',(-15.15379528592,33.672707373302,5.));
#2512 = CARTESIAN_POINT('',(-15.71933801726,33.668523422661,5.));
#2513 = CARTESIAN_POINT('',(-16.30871048515,33.685765875678,5.));
#2514 = CARTESIAN_POINT('',(-16.87695679893,33.458231457378,5.));
#2515 = CARTESIAN_POINT('',(-17.49866845667,33.403674523186,5.));
#2516 = CARTESIAN_POINT('',(-18.12486947618,33.244441843818,5.));
#2517 = CARTESIAN_POINT('',(-18.75706003917,33.05801003354,5.));
#2518 = CARTESIAN_POINT('',(-19.38477341016,32.822184216097,5.));
#2519 = CARTESIAN_POINT('',(-20.0025941911,32.543685481966,5.));
#2520 = CARTESIAN_POINT('',(-20.4030228896,32.329882070046,5.));
#2521 = CARTESIAN_POINT('',(-20.6,32.216145020781,5.));
#2522 = ORIENTED_EDGE('',*,*,#2523,.F.);
#2523 = EDGE_CURVE('',#2524,#2474,#2526,.T.);
#2524 = VERTEX_POINT('',#2525);
#2525 = CARTESIAN_POINT('',(-20.6,32.216145020781,0.));
#2526 = LINE('',#2527,#2528);
#2527 = CARTESIAN_POINT('',(-20.6,32.216145020781,0.));
#2528 = VECTOR('',#2529,1.);
#2529 = DIRECTION('',(0.,0.,1.));
#2530 = ORIENTED_EDGE('',*,*,#2531,.F.);
#2531 = EDGE_CURVE('',#2365,#2524,#2532,.T.);
#2532 = B_SPLINE_CURVE_WITH_KNOTS('',3,(#2533,#2534,#2535,#2536,#2537,
    #2538,#2539,#2540,#2541,#2542,#2543,#2544,#2545,#2546,#2547,#2548,
    #2549,#2550,#2551,#2552,#2553,#2554,#2555,#2556,#2557,#2558,#2559,
    #2560,#2561,#2562,#2563,#2564,#2565,#2566,#2567,#2568,#2569,#2570,
    #2571,#2572,#2573,#2574,#2575,#2576,#2577),.UNSPECIFIED.,.F.,.F.,(4,
    1,1,1,1,1,1,1,1,1,1,1,1,1,1,1,1,1,1,1,1,1,1,1,1,1,1,1,1,1,1,1,1,1,1,
    1,1,1,1,1,1,1,4),(0.,0.682243031795,1.36073038675,2.031787479255,
    2.691905531904,3.33783397807,3.966685540456,4.554451155201,
    5.144017040623,5.71133018399,6.256551195988,6.781263747608,
    7.28892317091,7.785457048834,8.280047766171,8.78607405982,
    9.322008260957,9.911580910146,10.629001082897,11.399049790332,
    12.272210591893,13.213322186779,14.154433781664,15.027594583225,
    15.79764329066,16.515063463411,17.1046361126,17.640570313737,
    18.146596607386,18.641187324723,19.137721202647,19.645380625949,
    20.170093177569,20.715314189567,21.282627332934,21.872193218356,
    22.459958833101,23.088810395487,23.734738841653,24.394856894302,
    25.065913986807,25.744401341762,26.426644373557),.UNSPECIFIED.);
#2533 = CARTESIAN_POINT('',(4.45971220921,36.634848412054,0.));
#2534 = CARTESIAN_POINT('',(4.235713910221,36.674356138431,0.));
#2535 = CARTESIAN_POINT('',(3.786308943497,36.738310946056,0.));
#2536 = CARTESIAN_POINT('',(3.110495137714,36.78870699937,0.));
#2537 = CARTESIAN_POINT('',(2.439980335149,36.795620162701,0.));
#2538 = CARTESIAN_POINT('',(1.782152093703,36.754586852135,0.));
#2539 = CARTESIAN_POINT('',(1.139254832716,36.69004326348,0.));
#2540 = CARTESIAN_POINT('',(0.536377405238,36.528672101668,0.));
#2541 = CARTESIAN_POINT('',(-7.542081697033E-02,36.548132829835,0.));
#2542 = CARTESIAN_POINT('',(-0.623352509696,36.330352968029,0.));
#2543 = CARTESIAN_POINT('',(-1.156219836468,36.140857589544,0.));
#2544 = CARTESIAN_POINT('',(-1.655477021925,35.918091564333,0.));
#2545 = CARTESIAN_POINT('',(-2.12606202294,35.683437279474,0.));
#2546 = CARTESIAN_POINT('',(-2.571454917837,35.43533095892,0.));
#2547 = CARTESIAN_POINT('',(-2.998827809873,35.176437986519,0.));
#2548 = CARTESIAN_POINT('',(-3.417838744746,34.905292804144,0.));
#2549 = CARTESIAN_POINT('',(-3.844346543349,34.621680705002,0.));
#2550 = CARTESIAN_POINT('',(-4.291396403753,34.311904289306,0.));
#2551 = CARTESIAN_POINT('',(-4.825379267227,34.005077859696,0.));
#2552 = CARTESIAN_POINT('',(-5.335467282974,33.524791076611,0.));
#2553 = CARTESIAN_POINT('',(-6.066634453917,33.211709108231,0.));
#2554 = CARTESIAN_POINT('',(-6.865029472575,32.891606550549,0.));
#2555 = CARTESIAN_POINT('',(-7.761812572341,32.676862889564,0.));
#2556 = CARTESIAN_POINT('',(-8.677959691345,32.571938038838,0.));
#2557 = CARTESIAN_POINT('',(-9.537687121508,32.599668871475,0.));
#2558 = CARTESIAN_POINT('',(-10.3318398563,32.643795786261,0.));
#2559 = CARTESIAN_POINT('',(-10.97543355503,32.920657355932,0.));
#2560 = CARTESIAN_POINT('',(-11.5821541309,33.026346992201,0.));
#2561 = CARTESIAN_POINT('',(-12.10819335994,33.164541546795,0.));
#2562 = CARTESIAN_POINT('',(-12.60598064179,33.285175485117,0.));
#2563 = CARTESIAN_POINT('',(-13.09245923946,33.396658432155,0.));
#2564 = CARTESIAN_POINT('',(-13.58260500395,33.493768110106,0.));
#2565 = CARTESIAN_POINT('',(-14.08599477996,33.574578446953,0.));
#2566 = CARTESIAN_POINT('',(-14.608456525,33.634131797376,0.));
#2567 = CARTESIAN_POINT('',(-15.15379528592,33.672707373302,0.));
#2568 = CARTESIAN_POINT('',(-15.71933801726,33.668523422661,0.));
#2569 = CARTESIAN_POINT('',(-16.30871048515,33.685765875678,0.));
#2570 = CARTESIAN_POINT('',(-16.87695679893,33.458231457378,0.));
#2571 = CARTESIAN_POINT('',(-17.49866845667,33.403674523186,0.));
#2572 = CARTESIAN_POINT('',(-18.12486947618,33.244441843818,0.));
#2573 = CARTESIAN_POINT('',(-18.75706003917,33.05801003354,0.));
#2574 = CARTESIAN_POINT('',(-19.38477341016,32.822184216097,0.));
#2575 = CARTESIAN_POINT('',(-20.0025941911,32.543685481966,0.));
#2576 = CARTESIAN_POINT('',(-20.4030228896,32.329882070046,0.));
#2577 = CARTESIAN_POINT('',(-20.6,32.216145020781,0.));
#2578 = SURFACE_OF_LINEAR_EXTRUSION('',#2579,#2625);
#2579 = B_SPLINE_CURVE_WITH_KNOTS('',3,(#2580,#2581,#2582,#2583,#2584,
    #2585,#2586,#2587,#2588,#2589,#2590,#2591,#2592,#2593,#2594,#2595,
    #2596,#2597,#2598,#2599,#2600,#2601,#2602,#2603,#2604,#2605,#2606,
    #2607,#2608,#2609,#2610,#2611,#2612,#2613,#2614,#2615,#2616,#2617,
    #2618,#2619,#2620,#2621,#2622,#2623,#2624),.UNSPECIFIED.,.F.,.F.,(4,
    1,1,1,1,1,1,1,1,1,1,1,1,1,1,1,1,1,1,1,1,1,1,1,1,1,1,1,1,1,1,1,1,1,1,
    1,1,1,1,1,1,1,4),(0.,0.682243031795,1.36073038675,2.031787479255,
    2.691905531904,3.33783397807,3.966685540456,4.554451155201,
    5.144017040623,5.71133018399,6.256551195988,6.781263747608,
    7.28892317091,7.785457048834,8.280047766171,8.78607405982,
    9.322008260957,9.911580910146,10.629001082897,11.399049790332,
    12.272210591893,13.213322186779,14.154433781664,15.027594583225,
    15.79764329066,16.515063463411,17.1046361126,17.640570313737,
    18.146596607386,18.641187324723,19.137721202647,19.645380625949,
    20.170093177569,20.715314189567,21.282627332934,21.872193218356,
    22.459958833101,23.088810395487,23.734738841653,24.394856894302,
    25.065913986807,25.744401341762,26.426644373557),.UNSPECIFIED.);
#2580 = CARTESIAN_POINT('',(4.45971220921,36.634848412054,0.));
#2581 = CARTESIAN_POINT('',(4.235713910221,36.674356138431,0.));
#2582 = CARTESIAN_POINT('',(3.786308943497,36.738310946056,0.));
#2583 = CARTESIAN_POINT('',(3.110495137714,36.78870699937,0.));
#2584 = CARTESIAN_POINT('',(2.439980335149,36.795620162701,0.));
#2585 = CARTESIAN_POINT('',(1.782152093703,36.754586852135,0.));
#2586 = CARTESIAN_POINT('',(1.139254832716,36.69004326348,0.));
#2587 = CARTESIAN_POINT('',(0.536377405238,36.528672101668,0.));
#2588 = CARTESIAN_POINT('',(-7.542081697033E-02,36.548132829835,0.));
#2589 = CARTESIAN_POINT('',(-0.623352509696,36.330352968029,0.));
#2590 = CARTESIAN_POINT('',(-1.156219836468,36.140857589544,0.));
#2591 = CARTESIAN_POINT('',(-1.655477021925,35.918091564333,0.));
#2592 = CARTESIAN_POINT('',(-2.12606202294,35.683437279474,0.));
#2593 = CARTESIAN_POINT('',(-2.571454917837,35.43533095892,0.));
#2594 = CARTESIAN_POINT('',(-2.998827809873,35.176437986519,0.));
#2595 = CARTESIAN_POINT('',(-3.417838744746,34.905292804144,0.));
#2596 = CARTESIAN_POINT('',(-3.844346543349,34.621680705002,0.));
#2597 = CARTESIAN_POINT('',(-4.291396403753,34.311904289306,0.));
#2598 = CARTESIAN_POINT('',(-4.825379267227,34.005077859696,0.));
#2599 = CARTESIAN_POINT('',(-5.335467282974,33.524791076611,0.));
#2600 = CARTESIAN_POINT('',(-6.066634453917,33.211709108231,0.));
#2601 = CARTESIAN_POINT('',(-6.865029472575,32.891606550549,0.));
#2602 = CARTESIAN_POINT('',(-7.761812572341,32.676862889564,0.));
#2603 = CARTESIAN_POINT('',(-8.677959691345,32.571938038838,0.));
#2604 = CARTESIAN_POINT('',(-9.537687121508,32.599668871475,0.));
#2605 = CARTESIAN_POINT('',(-10.3318398563,32.643795786261,0.));
#2606 = CARTESIAN_POINT('',(-10.97543355503,32.920657355932,0.));
#2607 = CARTESIAN_POINT('',(-11.5821541309,33.026346992201,0.));
#2608 = CARTESIAN_POINT('',(-12.10819335994,33.164541546795,0.));
#2609 = CARTESIAN_POINT('',(-12.60598064179,33.285175485117,0.));
#2610 = CARTESIAN_POINT('',(-13.09245923946,33.396658432155,0.));
#2611 = CARTESIAN_POINT('',(-13.58260500395,33.493768110106,0.));
#2612 = CARTESIAN_POINT('',(-14.08599477996,33.574578446953,0.));
#2613 = CARTESIAN_POINT('',(-14.608456525,33.634131797376,0.));
#2614 = CARTESIAN_POINT('',(-15.15379528592,33.672707373302,0.));
#2615 = CARTESIAN_POINT('',(-15.71933801726,33.668523422661,0.));
#2616 = CARTESIAN_POINT('',(-16.30871048515,33.685765875678,0.));
#2617 = CARTESIAN_POINT('',(-16.87695679893,33.458231457378,0.));
#2618 = CARTESIAN_POINT('',(-17.49866845667,33.403674523186,0.));
#2619 = CARTESIAN_POINT('',(-18.12486947618,33.244441843818,0.));
#2620 = CARTESIAN_POINT('',(-18.75706003917,33.05801003354,0.));
#2621 = CARTESIAN_POINT('',(-19.38477341016,32.822184216097,0.));
#2622 = CARTESIAN_POINT('',(-20.0025941911,32.543685481966,0.));
#2623 = CARTESIAN_POINT('',(-20.4030228896,32.329882070046,0.));
#2624 = CARTESIAN_POINT('',(-20.6,32.216145020781,0.));
#2625 = VECTOR('',#2626,1.);
#2626 = DIRECTION('',(-0.,-0.,-1.));
#2627 = ADVANCED_FACE('',(#2628),#2737,.F.);
#2628 = FACE_BOUND('',#2629,.F.);
#2629 = EDGE_LOOP('',(#2630,#2631,#2681,#2689));
#2630 = ORIENTED_EDGE('',*,*,#2523,.T.);
#2631 = ORIENTED_EDGE('',*,*,#2632,.T.);
#2632 = EDGE_CURVE('',#2474,#2633,#2635,.T.);
#2633 = VERTEX_POINT('',#2634);
#2634 = CARTESIAN_POINT('',(-36.95656549323,12.723149331715,5.));
#2635 = B_SPLINE_CURVE_WITH_KNOTS('',3,(#2636,#2637,#2638,#2639,#2640,
    #2641,#2642,#2643,#2644,#2645,#2646,#2647,#2648,#2649,#2650,#2651,
    #2652,#2653,#2654,#2655,#2656,#2657,#2658,#2659,#2660,#2661,#2662,
    #2663,#2664,#2665,#2666,#2667,#2668,#2669,#2670,#2671,#2672,#2673,
    #2674,#2675,#2676,#2677,#2678,#2679,#2680),.UNSPECIFIED.,.F.,.F.,(4,
    1,1,1,1,1,1,1,1,1,1,1,1,1,1,1,1,1,1,1,1,1,1,1,1,1,1,1,1,1,1,1,1,1,1,
    1,1,1,1,1,1,1,4),(0.,0.682243031795,1.36073038675,2.031787479255,
    2.691905531904,3.33783397807,3.966685540456,4.554451155201,
    5.144017040623,5.71133018399,6.256551195988,6.781263747608,
    7.28892317091,7.785457048834,8.280047766171,8.78607405982,
    9.322008260957,9.911580910146,10.629001082897,11.399049790332,
    12.272210591893,13.213322186779,14.154433781664,15.027594583225,
    15.79764329066,16.515063463411,17.1046361126,17.640570313737,
    18.146596607386,18.641187324723,19.137721202647,19.645380625949,
    20.170093177569,20.715314189567,21.282627332934,21.872193218356,
    22.459958833101,23.088810395487,23.734738841653,24.394856894302,
    25.065913986807,25.744401341762,26.426644373557),.UNSPECIFIED.);
#2636 = CARTESIAN_POINT('',(-20.6,32.216145020781,5.));
#2637 = CARTESIAN_POINT('',(-20.79698772921,32.102426363851,5.));
#2638 = CARTESIAN_POINT('',(-21.1823612646,31.862546644501,5.));
#2639 = CARTESIAN_POINT('',(-21.73245863375,31.466747520286,5.));
#2640 = CARTESIAN_POINT('',(-22.25054646801,31.041044703439,5.));
#2641 = CARTESIAN_POINT('',(-22.72809643328,30.586767520994,5.));
#2642 = CARTESIAN_POINT('',(-23.17909648849,30.124077869902,5.));
#2643 = CARTESIAN_POINT('',(-23.53720000832,29.612938247574,5.));
#2644 = CARTESIAN_POINT('',(-24.01837375169,29.234589713382,5.));
#2645 = CARTESIAN_POINT('',(-24.2981275833,28.715556957383,5.));
#2646 = CARTESIAN_POINT('',(-24.58452235651,28.227874560442,5.));
#2647 = CARTESIAN_POINT('',(-24.82378430825,27.736309551855,5.));
#2648 = CARTESIAN_POINT('',(-25.03344046643,27.254067732928,5.));
#2649 = CARTESIAN_POINT('',(-25.21515154983,26.777714230482,5.));
#2650 = CARTESIAN_POINT('',(-25.37612498402,26.304680707895,5.));
#2651 = CARTESIAN_POINT('',(-25.52281721863,25.827636410399,5.));
#2652 = CARTESIAN_POINT('',(-25.66723880441,25.336223009474,5.));
#2653 = CARTESIAN_POINT('',(-25.81057842399,24.811562396441,5.));
#2654 = CARTESIAN_POINT('',(-26.022408802,24.233282146609,5.));
#2655 = CARTESIAN_POINT('',(-26.1044364987,23.537482868952,5.));
#2656 = CARTESIAN_POINT('',(-26.4632978369,22.827662968742,5.));
#2657 = CARTESIAN_POINT('',(-26.86914594645,22.069251757572,5.));
#2658 = CARTESIAN_POINT('',(-27.41808709217,21.328307504274,5.));
#2659 = CARTESIAN_POINT('',(-28.05245210777,20.659042388685,5.));
#2660 = CARTESIAN_POINT('',(-28.72886656386,20.127663299113,5.));
#2661 = CARTESIAN_POINT('',(-29.36558708742,19.650994938853,5.));
#2662 = CARTESIAN_POINT('',(-30.03657165055,19.449389150592,5.));
#2663 = CARTESIAN_POINT('',(-30.56928256488,19.140359640444,5.));
#2664 = CARTESIAN_POINT('',(-31.06108174057,18.908091312423,5.));
#2665 = CARTESIAN_POINT('',(-31.51995092255,18.680530773492,5.));
#2666 = CARTESIAN_POINT('',(-31.96427500603,18.453229250616,5.));
#2667 = CARTESIAN_POINT('',(-32.40216934301,18.212559955425,5.));
#2668 = CARTESIAN_POINT('',(-32.8397321669,17.950891554056,5.));
#2669 = CARTESIAN_POINT('',(-33.2782412392,17.660680130966,5.));
#2670 = CARTESIAN_POINT('',(-33.72079086886,17.339693737943,5.));
#2671 = CARTESIAN_POINT('',(-34.15133234392,16.972964785355,5.));
#2672 = CARTESIAN_POINT('',(-34.61390108304,16.607331950819,5.));
#2673 = CARTESIAN_POINT('',(-34.90294670917,16.067768784313,5.));
#2674 = CARTESIAN_POINT('',(-35.34413694848,15.626347197655,5.));
#2675 = CARTESIAN_POINT('',(-35.7214819664,15.101853631944,5.));
#2676 = CARTESIAN_POINT('',(-36.08593197647,14.552674318808,5.));
#2677 = CARTESIAN_POINT('',(-36.41520240269,13.968534884508,5.));
#2678 = CARTESIAN_POINT('',(-36.70946504316,13.358064933815,5.));
#2679 = CARTESIAN_POINT('',(-36.87878103842,12.936891412232,5.));
#2680 = CARTESIAN_POINT('',(-36.95656549323,12.723149331715,5.));
#2681 = ORIENTED_EDGE('',*,*,#2682,.F.);
#2682 = EDGE_CURVE('',#2683,#2633,#2685,.T.);
#2683 = VERTEX_POINT('',#2684);
#2684 = CARTESIAN_POINT('',(-36.95656549323,12.723149331715,0.));
#2685 = LINE('',#2686,#2687);
#2686 = CARTESIAN_POINT('',(-36.95656549323,12.723149331715,0.));
#2687 = VECTOR('',#2688,1.);
#2688 = DIRECTION('',(0.,0.,1.));
#2689 = ORIENTED_EDGE('',*,*,#2690,.F.);
#2690 = EDGE_CURVE('',#2524,#2683,#2691,.T.);
#2691 = B_SPLINE_CURVE_WITH_KNOTS('',3,(#2692,#2693,#2694,#2695,#2696,
    #2697,#2698,#2699,#2700,#2701,#2702,#2703,#2704,#2705,#2706,#2707,
    #2708,#2709,#2710,#2711,#2712,#2713,#2714,#2715,#2716,#2717,#2718,
    #2719,#2720,#2721,#2722,#2723,#2724,#2725,#2726,#2727,#2728,#2729,
    #2730,#2731,#2732,#2733,#2734,#2735,#2736),.UNSPECIFIED.,.F.,.F.,(4,
    1,1,1,1,1,1,1,1,1,1,1,1,1,1,1,1,1,1,1,1,1,1,1,1,1,1,1,1,1,1,1,1,1,1,
    1,1,1,1,1,1,1,4),(0.,0.682243031795,1.36073038675,2.031787479255,
    2.691905531904,3.33783397807,3.966685540456,4.554451155201,
    5.144017040623,5.71133018399,6.256551195988,6.781263747608,
    7.28892317091,7.785457048834,8.280047766171,8.78607405982,
    9.322008260957,9.911580910146,10.629001082897,11.399049790332,
    12.272210591893,13.213322186779,14.154433781664,15.027594583225,
    15.79764329066,16.515063463411,17.1046361126,17.640570313737,
    18.146596607386,18.641187324723,19.137721202647,19.645380625949,
    20.170093177569,20.715314189567,21.282627332934,21.872193218356,
    22.459958833101,23.088810395487,23.734738841653,24.394856894302,
    25.065913986807,25.744401341762,26.426644373557),.UNSPECIFIED.);
#2692 = CARTESIAN_POINT('',(-20.6,32.216145020781,0.));
#2693 = CARTESIAN_POINT('',(-20.79698772921,32.102426363851,0.));
#2694 = CARTESIAN_POINT('',(-21.1823612646,31.862546644501,0.));
#2695 = CARTESIAN_POINT('',(-21.73245863375,31.466747520286,0.));
#2696 = CARTESIAN_POINT('',(-22.25054646801,31.041044703439,0.));
#2697 = CARTESIAN_POINT('',(-22.72809643328,30.586767520994,0.));
#2698 = CARTESIAN_POINT('',(-23.17909648849,30.124077869902,0.));
#2699 = CARTESIAN_POINT('',(-23.53720000832,29.612938247574,0.));
#2700 = CARTESIAN_POINT('',(-24.01837375169,29.234589713382,0.));
#2701 = CARTESIAN_POINT('',(-24.2981275833,28.715556957383,0.));
#2702 = CARTESIAN_POINT('',(-24.58452235651,28.227874560442,0.));
#2703 = CARTESIAN_POINT('',(-24.82378430825,27.736309551855,0.));
#2704 = CARTESIAN_POINT('',(-25.03344046643,27.254067732928,0.));
#2705 = CARTESIAN_POINT('',(-25.21515154983,26.777714230482,0.));
#2706 = CARTESIAN_POINT('',(-25.37612498402,26.304680707895,0.));
#2707 = CARTESIAN_POINT('',(-25.52281721863,25.827636410399,0.));
#2708 = CARTESIAN_POINT('',(-25.66723880441,25.336223009474,0.));
#2709 = CARTESIAN_POINT('',(-25.81057842399,24.811562396441,0.));
#2710 = CARTESIAN_POINT('',(-26.022408802,24.233282146609,0.));
#2711 = CARTESIAN_POINT('',(-26.1044364987,23.537482868952,0.));
#2712 = CARTESIAN_POINT('',(-26.4632978369,22.827662968742,0.));
#2713 = CARTESIAN_POINT('',(-26.86914594645,22.069251757572,0.));
#2714 = CARTESIAN_POINT('',(-27.41808709217,21.328307504274,0.));
#2715 = CARTESIAN_POINT('',(-28.05245210777,20.659042388685,0.));
#2716 = CARTESIAN_POINT('',(-28.72886656386,20.127663299113,0.));
#2717 = CARTESIAN_POINT('',(-29.36558708742,19.650994938853,0.));
#2718 = CARTESIAN_POINT('',(-30.03657165055,19.449389150592,0.));
#2719 = CARTESIAN_POINT('',(-30.56928256488,19.140359640444,0.));
#2720 = CARTESIAN_POINT('',(-31.06108174057,18.908091312423,0.));
#2721 = CARTESIAN_POINT('',(-31.51995092255,18.680530773492,0.));
#2722 = CARTESIAN_POINT('',(-31.96427500603,18.453229250616,0.));
#2723 = CARTESIAN_POINT('',(-32.40216934301,18.212559955425,0.));
#2724 = CARTESIAN_POINT('',(-32.8397321669,17.950891554056,0.));
#2725 = CARTESIAN_POINT('',(-33.2782412392,17.660680130966,0.));
#2726 = CARTESIAN_POINT('',(-33.72079086886,17.339693737943,0.));
#2727 = CARTESIAN_POINT('',(-34.15133234392,16.972964785355,0.));
#2728 = CARTESIAN_POINT('',(-34.61390108304,16.607331950819,0.));
#2729 = CARTESIAN_POINT('',(-34.90294670917,16.067768784313,0.));
#2730 = CARTESIAN_POINT('',(-35.34413694848,15.626347197655,0.));
#2731 = CARTESIAN_POINT('',(-35.7214819664,15.101853631944,0.));
#2732 = CARTESIAN_POINT('',(-36.08593197647,14.552674318808,0.));
#2733 = CARTESIAN_POINT('',(-36.41520240269,13.968534884508,0.));
#2734 = CARTESIAN_POINT('',(-36.70946504316,13.358064933815,0.));
#2735 = CARTESIAN_POINT('',(-36.87878103842,12.936891412232,0.));
#2736 = CARTESIAN_POINT('',(-36.95656549323,12.723149331715,0.));
#2737 = SURFACE_OF_LINEAR_EXTRUSION('',#2738,#2784);
#2738 = B_SPLINE_CURVE_WITH_KNOTS('',3,(#2739,#2740,#2741,#2742,#2743,
    #2744,#2745,#2746,#2747,#2748,#2749,#2750,#2751,#2752,#2753,#2754,
    #2755,#2756,#2757,#2758,#2759,#2760,#2761,#2762,#2763,#2764,#2765,
    #2766,#2767,#2768,#2769,#2770,#2771,#2772,#2773,#2774,#2775,#2776,
    #2777,#2778,#2779,#2780,#2781,#2782,#2783),.UNSPECIFIED.,.F.,.F.,(4,
    1,1,1,1,1,1,1,1,1,1,1,1,1,1,1,1,1,1,1,1,1,1,1,1,1,1,1,1,1,1,1,1,1,1,
    1,1,1,1,1,1,1,4),(0.,0.682243031795,1.36073038675,2.031787479255,
    2.691905531904,3.33783397807,3.966685540456,4.554451155201,
    5.144017040623,5.71133018399,6.256551195988,6.781263747608,
    7.28892317091,7.785457048834,8.280047766171,8.78607405982,
    9.322008260957,9.911580910146,10.629001082897,11.399049790332,
    12.272210591893,13.213322186779,14.154433781664,15.027594583225,
    15.79764329066,16.515063463411,17.1046361126,17.640570313737,
    18.146596607386,18.641187324723,19.137721202647,19.645380625949,
    20.170093177569,20.715314189567,21.282627332934,21.872193218356,
    22.459958833101,23.088810395487,23.734738841653,24.394856894302,
    25.065913986807,25.744401341762,26.426644373557),.UNSPECIFIED.);
#2739 = CARTESIAN_POINT('',(-20.6,32.216145020781,0.));
#2740 = CARTESIAN_POINT('',(-20.79698772921,32.102426363851,0.));
#2741 = CARTESIAN_POINT('',(-21.1823612646,31.862546644501,0.));
#2742 = CARTESIAN_POINT('',(-21.73245863375,31.466747520286,0.));
#2743 = CARTESIAN_POINT('',(-22.25054646801,31.041044703439,0.));
#2744 = CARTESIAN_POINT('',(-22.72809643328,30.586767520994,0.));
#2745 = CARTESIAN_POINT('',(-23.17909648849,30.124077869902,0.));
#2746 = CARTESIAN_POINT('',(-23.53720000832,29.612938247574,0.));
#2747 = CARTESIAN_POINT('',(-24.01837375169,29.234589713382,0.));
#2748 = CARTESIAN_POINT('',(-24.2981275833,28.715556957383,0.));
#2749 = CARTESIAN_POINT('',(-24.58452235651,28.227874560442,0.));
#2750 = CARTESIAN_POINT('',(-24.82378430825,27.736309551855,0.));
#2751 = CARTESIAN_POINT('',(-25.03344046643,27.254067732928,0.));
#2752 = CARTESIAN_POINT('',(-25.21515154983,26.777714230482,0.));
#2753 = CARTESIAN_POINT('',(-25.37612498402,26.304680707895,0.));
#2754 = CARTESIAN_POINT('',(-25.52281721863,25.827636410399,0.));
#2755 = CARTESIAN_POINT('',(-25.66723880441,25.336223009474,0.));
#2756 = CARTESIAN_POINT('',(-25.81057842399,24.811562396441,0.));
#2757 = CARTESIAN_POINT('',(-26.022408802,24.233282146609,0.));
#2758 = CARTESIAN_POINT('',(-26.1044364987,23.537482868952,0.));
#2759 = CARTESIAN_POINT('',(-26.4632978369,22.827662968742,0.));
#2760 = CARTESIAN_POINT('',(-26.86914594645,22.069251757572,0.));
#2761 = CARTESIAN_POINT('',(-27.41808709217,21.328307504274,0.));
#2762 = CARTESIAN_POINT('',(-28.05245210777,20.659042388685,0.));
#2763 = CARTESIAN_POINT('',(-28.72886656386,20.127663299113,0.));
#2764 = CARTESIAN_POINT('',(-29.36558708742,19.650994938853,0.));
#2765 = CARTESIAN_POINT('',(-30.03657165055,19.449389150592,0.));
#2766 = CARTESIAN_POINT('',(-30.56928256488,19.140359640444,0.));
#2767 = CARTESIAN_POINT('',(-31.06108174057,18.908091312423,0.));
#2768 = CARTESIAN_POINT('',(-31.51995092255,18.680530773492,0.));
#2769 = CARTESIAN_POINT('',(-31.96427500603,18.453229250616,0.));
#2770 = CARTESIAN_POINT('',(-32.40216934301,18.212559955425,0.));
#2771 = CARTESIAN_POINT('',(-32.8397321669,17.950891554056,0.));
#2772 = CARTESIAN_POINT('',(-33.2782412392,17.660680130966,0.));
#2773 = CARTESIAN_POINT('',(-33.72079086886,17.339693737943,0.));
#2774 = CARTESIAN_POINT('',(-34.15133234392,16.972964785355,0.));
#2775 = CARTESIAN_POINT('',(-34.61390108304,16.607331950819,0.));
#2776 = CARTESIAN_POINT('',(-34.90294670917,16.067768784313,0.));
#2777 = CARTESIAN_POINT('',(-35.34413694848,15.626347197655,0.));
#2778 = CARTESIAN_POINT('',(-35.7214819664,15.101853631944,0.));
#2779 = CARTESIAN_POINT('',(-36.08593197647,14.552674318808,0.));
#2780 = CARTESIAN_POINT('',(-36.41520240269,13.968534884508,0.));
#2781 = CARTESIAN_POINT('',(-36.70946504316,13.358064933815,0.));
#2782 = CARTESIAN_POINT('',(-36.87878103842,12.936891412232,0.));
#2783 = CARTESIAN_POINT('',(-36.95656549323,12.723149331715,0.));
#2784 = VECTOR('',#2785,1.);
#2785 = DIRECTION('',(-0.,-0.,-1.));
#2786 = ADVANCED_FACE('',(#2787),#2896,.F.);
#2787 = FACE_BOUND('',#2788,.F.);
#2788 = EDGE_LOOP('',(#2789,#2790,#2840,#2848));
#2789 = ORIENTED_EDGE('',*,*,#2682,.T.);
#2790 = ORIENTED_EDGE('',*,*,#2791,.T.);
#2791 = EDGE_CURVE('',#2633,#2792,#2794,.T.);
#2792 = VERTEX_POINT('',#2793);
#2793 = CARTESIAN_POINT('',(-36.95656549323,-12.72314933171,5.));
#2794 = B_SPLINE_CURVE_WITH_KNOTS('',3,(#2795,#2796,#2797,#2798,#2799,
    #2800,#2801,#2802,#2803,#2804,#2805,#2806,#2807,#2808,#2809,#2810,
    #2811,#2812,#2813,#2814,#2815,#2816,#2817,#2818,#2819,#2820,#2821,
    #2822,#2823,#2824,#2825,#2826,#2827,#2828,#2829,#2830,#2831,#2832,
    #2833,#2834,#2835,#2836,#2837,#2838,#2839),.UNSPECIFIED.,.F.,.F.,(4,
    1,1,1,1,1,1,1,1,1,1,1,1,1,1,1,1,1,1,1,1,1,1,1,1,1,1,1,1,1,1,1,1,1,1,
    1,1,1,1,1,1,1,4),(0.,0.682243031795,1.36073038675,2.031787479255,
    2.691905531904,3.33783397807,3.966685540456,4.554451155201,
    5.144017040623,5.71133018399,6.256551195988,6.781263747608,
    7.28892317091,7.785457048834,8.280047766171,8.78607405982,
    9.322008260957,9.911580910146,10.629001082897,11.399049790332,
    12.272210591893,13.213322186779,14.154433781664,15.027594583225,
    15.79764329066,16.515063463411,17.1046361126,17.640570313737,
    18.146596607386,18.641187324723,19.137721202647,19.645380625949,
    20.170093177569,20.715314189567,21.282627332934,21.872193218356,
    22.459958833101,23.088810395487,23.734738841653,24.394856894302,
    25.065913986807,25.744401341762,26.426644373557),.UNSPECIFIED.);
#2795 = CARTESIAN_POINT('',(-36.95656549323,12.723149331715,5.));
#2796 = CARTESIAN_POINT('',(-37.03436990489,12.509414514898,5.));
#2797 = CARTESIAN_POINT('',(-37.17539144879,12.077942655223,5.));
#2798 = CARTESIAN_POINT('',(-37.34237570863,11.421147162515,5.));
#2799 = CARTESIAN_POINT('',(-37.46561751904,10.762019444654,5.));
#2800 = CARTESIAN_POINT('',(-37.53943827201,10.107059732724,5.));
#2801 = CARTESIAN_POINT('',(-37.58751318329,9.462721649164,5.));
#2802 = CARTESIAN_POINT('',(-37.53328217866,8.840981476291,5.));
#2803 = CARTESIAN_POINT('',(-37.65868490103,8.241857163763,5.));
#2804 = CARTESIAN_POINT('',(-37.5393609446,7.664432708511,5.));
#2805 = CARTESIAN_POINT('',(-37.44527586694,7.106755306629,5.));
#2806 = CARTESIAN_POINT('',(-37.31258925865,6.576400045319,5.));
#2807 = CARTESIAN_POINT('',(-37.1632161275,6.072216998921,5.));
#2808 = CARTESIAN_POINT('',(-36.99622076399,5.590507412458,5.));
#2809 = CARTESIAN_POINT('',(-36.81547348146,5.124670982086,5.));
#2810 = CARTESIAN_POINT('',(-36.62120808893,4.664941898023,5.));
#2811 = CARTESIAN_POINT('',(-36.41596699683,4.195664987059,5.));
#2812 = CARTESIAN_POINT('',(-36.18852617454,3.70161470848,5.));
#2813 = CARTESIAN_POINT('',(-35.97908627898,3.122464394193,5.));
#2814 = CARTESIAN_POINT('',(-35.59467198571,2.536724836927,5.));
#2815 = CARTESIAN_POINT('',(-35.41331228273,1.762299624964,5.));
#2816 = CARTESIAN_POINT('',(-35.23671264221,0.920448794815,5.));
#2817 = CARTESIAN_POINT('',(-35.180956171,8.437694987151E-15,5.));
#2818 = CARTESIAN_POINT('',(-35.23671264221,-0.920448794815,5.));
#2819 = CARTESIAN_POINT('',(-35.41331228273,-1.762299624964,5.));
#2820 = CARTESIAN_POINT('',(-35.59467198571,-2.536724836927,5.));
#2821 = CARTESIAN_POINT('',(-35.97908627898,-3.122464394193,5.));
#2822 = CARTESIAN_POINT('',(-36.18852617454,-3.70161470848,5.));
#2823 = CARTESIAN_POINT('',(-36.41596699683,-4.195664987059,5.));
#2824 = CARTESIAN_POINT('',(-36.62120808893,-4.664941898023,5.));
#2825 = CARTESIAN_POINT('',(-36.81547348146,-5.124670982086,5.));
#2826 = CARTESIAN_POINT('',(-36.99622076399,-5.590507412458,5.));
#2827 = CARTESIAN_POINT('',(-37.1632161275,-6.072216998921,5.));
#2828 = CARTESIAN_POINT('',(-37.31258925865,-6.576400045319,5.));
#2829 = CARTESIAN_POINT('',(-37.44527586694,-7.106755306629,5.));
#2830 = CARTESIAN_POINT('',(-37.5393609446,-7.664432708511,5.));
#2831 = CARTESIAN_POINT('',(-37.65868490103,-8.241857163763,5.));
#2832 = CARTESIAN_POINT('',(-37.53328217866,-8.840981476291,5.));
#2833 = CARTESIAN_POINT('',(-37.58751318329,-9.462721649164,5.));
#2834 = CARTESIAN_POINT('',(-37.53943827201,-10.10705973272,5.));
#2835 = CARTESIAN_POINT('',(-37.46561751904,-10.76201944465,5.));
#2836 = CARTESIAN_POINT('',(-37.34237570863,-11.42114716251,5.));
#2837 = CARTESIAN_POINT('',(-37.17539144879,-12.07794265522,5.));
#2838 = CARTESIAN_POINT('',(-37.03436990489,-12.50941451489,5.));
#2839 = CARTESIAN_POINT('',(-36.95656549323,-12.72314933171,5.));
#2840 = ORIENTED_EDGE('',*,*,#2841,.F.);
#2841 = EDGE_CURVE('',#2842,#2792,#2844,.T.);
#2842 = VERTEX_POINT('',#2843);
#2843 = CARTESIAN_POINT('',(-36.95656549323,-12.72314933171,0.));
#2844 = LINE('',#2845,#2846);
#2845 = CARTESIAN_POINT('',(-36.95656549323,-12.72314933171,0.));
#2846 = VECTOR('',#2847,1.);
#2847 = DIRECTION('',(0.,0.,1.));
#2848 = ORIENTED_EDGE('',*,*,#2849,.F.);
#2849 = EDGE_CURVE('',#2683,#2842,#2850,.T.);
#2850 = B_SPLINE_CURVE_WITH_KNOTS('',3,(#2851,#2852,#2853,#2854,#2855,
    #2856,#2857,#2858,#2859,#2860,#2861,#2862,#2863,#2864,#2865,#2866,
    #2867,#2868,#2869,#2870,#2871,#2872,#2873,#2874,#2875,#2876,#2877,
    #2878,#2879,#2880,#2881,#2882,#2883,#2884,#2885,#2886,#2887,#2888,
    #2889,#2890,#2891,#2892,#2893,#2894,#2895),.UNSPECIFIED.,.F.,.F.,(4,
    1,1,1,1,1,1,1,1,1,1,1,1,1,1,1,1,1,1,1,1,1,1,1,1,1,1,1,1,1,1,1,1,1,1,
    1,1,1,1,1,1,1,4),(0.,0.682243031795,1.36073038675,2.031787479255,
    2.691905531904,3.33783397807,3.966685540456,4.554451155201,
    5.144017040623,5.71133018399,6.256551195988,6.781263747608,
    7.28892317091,7.785457048834,8.280047766171,8.78607405982,
    9.322008260957,9.911580910146,10.629001082897,11.399049790332,
    12.272210591893,13.213322186779,14.154433781664,15.027594583225,
    15.79764329066,16.515063463411,17.1046361126,17.640570313737,
    18.146596607386,18.641187324723,19.137721202647,19.645380625949,
    20.170093177569,20.715314189567,21.282627332934,21.872193218356,
    22.459958833101,23.088810395487,23.734738841653,24.394856894302,
    25.065913986807,25.744401341762,26.426644373557),.UNSPECIFIED.);
#2851 = CARTESIAN_POINT('',(-36.95656549323,12.723149331715,0.));
#2852 = CARTESIAN_POINT('',(-37.03436990489,12.509414514898,0.));
#2853 = CARTESIAN_POINT('',(-37.17539144879,12.077942655223,0.));
#2854 = CARTESIAN_POINT('',(-37.34237570863,11.421147162515,0.));
#2855 = CARTESIAN_POINT('',(-37.46561751904,10.762019444654,0.));
#2856 = CARTESIAN_POINT('',(-37.53943827201,10.107059732724,0.));
#2857 = CARTESIAN_POINT('',(-37.58751318329,9.462721649164,0.));
#2858 = CARTESIAN_POINT('',(-37.53328217866,8.840981476291,0.));
#2859 = CARTESIAN_POINT('',(-37.65868490103,8.241857163763,0.));
#2860 = CARTESIAN_POINT('',(-37.5393609446,7.664432708511,0.));
#2861 = CARTESIAN_POINT('',(-37.44527586694,7.106755306629,0.));
#2862 = CARTESIAN_POINT('',(-37.31258925865,6.576400045319,0.));
#2863 = CARTESIAN_POINT('',(-37.1632161275,6.072216998921,0.));
#2864 = CARTESIAN_POINT('',(-36.99622076399,5.590507412458,0.));
#2865 = CARTESIAN_POINT('',(-36.81547348146,5.124670982086,0.));
#2866 = CARTESIAN_POINT('',(-36.62120808893,4.664941898023,0.));
#2867 = CARTESIAN_POINT('',(-36.41596699683,4.195664987059,0.));
#2868 = CARTESIAN_POINT('',(-36.18852617454,3.70161470848,0.));
#2869 = CARTESIAN_POINT('',(-35.97908627898,3.122464394193,0.));
#2870 = CARTESIAN_POINT('',(-35.59467198571,2.536724836927,0.));
#2871 = CARTESIAN_POINT('',(-35.41331228273,1.762299624964,0.));
#2872 = CARTESIAN_POINT('',(-35.23671264221,0.920448794815,0.));
#2873 = CARTESIAN_POINT('',(-35.180956171,8.437694987151E-15,0.));
#2874 = CARTESIAN_POINT('',(-35.23671264221,-0.920448794815,0.));
#2875 = CARTESIAN_POINT('',(-35.41331228273,-1.762299624964,0.));
#2876 = CARTESIAN_POINT('',(-35.59467198571,-2.536724836927,0.));
#2877 = CARTESIAN_POINT('',(-35.97908627898,-3.122464394193,0.));
#2878 = CARTESIAN_POINT('',(-36.18852617454,-3.70161470848,0.));
#2879 = CARTESIAN_POINT('',(-36.41596699683,-4.195664987059,0.));
#2880 = CARTESIAN_POINT('',(-36.62120808893,-4.664941898023,0.));
#2881 = CARTESIAN_POINT('',(-36.81547348146,-5.124670982086,0.));
#2882 = CARTESIAN_POINT('',(-36.99622076399,-5.590507412458,0.));
#2883 = CARTESIAN_POINT('',(-37.1632161275,-6.072216998921,0.));
#2884 = CARTESIAN_POINT('',(-37.31258925865,-6.576400045319,0.));
#2885 = CARTESIAN_POINT('',(-37.44527586694,-7.106755306629,0.));
#2886 = CARTESIAN_POINT('',(-37.5393609446,-7.664432708511,0.));
#2887 = CARTESIAN_POINT('',(-37.65868490103,-8.241857163763,0.));
#2888 = CARTESIAN_POINT('',(-37.53328217866,-8.840981476291,0.));
#2889 = CARTESIAN_POINT('',(-37.58751318329,-9.462721649164,0.));
#2890 = CARTESIAN_POINT('',(-37.53943827201,-10.10705973272,0.));
#2891 = CARTESIAN_POINT('',(-37.46561751904,-10.76201944465,0.));
#2892 = CARTESIAN_POINT('',(-37.34237570863,-11.42114716251,0.));
#2893 = CARTESIAN_POINT('',(-37.17539144879,-12.07794265522,0.));
#2894 = CARTESIAN_POINT('',(-37.03436990489,-12.50941451489,0.));
#2895 = CARTESIAN_POINT('',(-36.95656549323,-12.72314933171,0.));
#2896 = SURFACE_OF_LINEAR_EXTRUSION('',#2897,#2943);
#2897 = B_SPLINE_CURVE_WITH_KNOTS('',3,(#2898,#2899,#2900,#2901,#2902,
    #2903,#2904,#2905,#2906,#2907,#2908,#2909,#2910,#2911,#2912,#2913,
    #2914,#2915,#2916,#2917,#2918,#2919,#2920,#2921,#2922,#2923,#2924,
    #2925,#2926,#2927,#2928,#2929,#2930,#2931,#2932,#2933,#2934,#2935,
    #2936,#2937,#2938,#2939,#2940,#2941,#2942),.UNSPECIFIED.,.F.,.F.,(4,
    1,1,1,1,1,1,1,1,1,1,1,1,1,1,1,1,1,1,1,1,1,1,1,1,1,1,1,1,1,1,1,1,1,1,
    1,1,1,1,1,1,1,4),(0.,0.682243031795,1.36073038675,2.031787479255,
    2.691905531904,3.33783397807,3.966685540456,4.554451155201,
    5.144017040623,5.71133018399,6.256551195988,6.781263747608,
    7.28892317091,7.785457048834,8.280047766171,8.78607405982,
    9.322008260957,9.911580910146,10.629001082897,11.399049790332,
    12.272210591893,13.213322186779,14.154433781664,15.027594583225,
    15.79764329066,16.515063463411,17.1046361126,17.640570313737,
    18.146596607386,18.641187324723,19.137721202647,19.645380625949,
    20.170093177569,20.715314189567,21.282627332934,21.872193218356,
    22.459958833101,23.088810395487,23.734738841653,24.394856894302,
    25.065913986807,25.744401341762,26.426644373557),.UNSPECIFIED.);
#2898 = CARTESIAN_POINT('',(-36.95656549323,12.723149331715,0.));
#2899 = CARTESIAN_POINT('',(-37.03436990489,12.509414514898,0.));
#2900 = CARTESIAN_POINT('',(-37.17539144879,12.077942655223,0.));
#2901 = CARTESIAN_POINT('',(-37.34237570863,11.421147162515,0.));
#2902 = CARTESIAN_POINT('',(-37.46561751904,10.762019444654,0.));
#2903 = CARTESIAN_POINT('',(-37.53943827201,10.107059732724,0.));
#2904 = CARTESIAN_POINT('',(-37.58751318329,9.462721649164,0.));
#2905 = CARTESIAN_POINT('',(-37.53328217866,8.840981476291,0.));
#2906 = CARTESIAN_POINT('',(-37.65868490103,8.241857163763,0.));
#2907 = CARTESIAN_POINT('',(-37.5393609446,7.664432708511,0.));
#2908 = CARTESIAN_POINT('',(-37.44527586694,7.106755306629,0.));
#2909 = CARTESIAN_POINT('',(-37.31258925865,6.576400045319,0.));
#2910 = CARTESIAN_POINT('',(-37.1632161275,6.072216998921,0.));
#2911 = CARTESIAN_POINT('',(-36.99622076399,5.590507412458,0.));
#2912 = CARTESIAN_POINT('',(-36.81547348146,5.124670982086,0.));
#2913 = CARTESIAN_POINT('',(-36.62120808893,4.664941898023,0.));
#2914 = CARTESIAN_POINT('',(-36.41596699683,4.195664987059,0.));
#2915 = CARTESIAN_POINT('',(-36.18852617454,3.70161470848,0.));
#2916 = CARTESIAN_POINT('',(-35.97908627898,3.122464394193,0.));
#2917 = CARTESIAN_POINT('',(-35.59467198571,2.536724836927,0.));
#2918 = CARTESIAN_POINT('',(-35.41331228273,1.762299624964,0.));
#2919 = CARTESIAN_POINT('',(-35.23671264221,0.920448794815,0.));
#2920 = CARTESIAN_POINT('',(-35.180956171,8.437694987151E-15,0.));
#2921 = CARTESIAN_POINT('',(-35.23671264221,-0.920448794815,0.));
#2922 = CARTESIAN_POINT('',(-35.41331228273,-1.762299624964,0.));
#2923 = CARTESIAN_POINT('',(-35.59467198571,-2.536724836927,0.));
#2924 = CARTESIAN_POINT('',(-35.97908627898,-3.122464394193,0.));
#2925 = CARTESIAN_POINT('',(-36.18852617454,-3.70161470848,0.));
#2926 = CARTESIAN_POINT('',(-36.41596699683,-4.195664987059,0.));
#2927 = CARTESIAN_POINT('',(-36.62120808893,-4.664941898023,0.));
#2928 = CARTESIAN_POINT('',(-36.81547348146,-5.124670982086,0.));
#2929 = CARTESIAN_POINT('',(-36.99622076399,-5.590507412458,0.));
#2930 = CARTESIAN_POINT('',(-37.1632161275,-6.072216998921,0.));
#2931 = CARTESIAN_POINT('',(-37.31258925865,-6.576400045319,0.));
#2932 = CARTESIAN_POINT('',(-37.44527586694,-7.106755306629,0.));
#2933 = CARTESIAN_POINT('',(-37.5393609446,-7.664432708511,0.));
#2934 = CARTESIAN_POINT('',(-37.65868490103,-8.241857163763,0.));
#2935 = CARTESIAN_POINT('',(-37.53328217866,-8.840981476291,0.));
#2936 = CARTESIAN_POINT('',(-37.58751318329,-9.462721649164,0.));
#2937 = CARTESIAN_POINT('',(-37.53943827201,-10.10705973272,0.));
#2938 = CARTESIAN_POINT('',(-37.46561751904,-10.76201944465,0.));
#2939 = CARTESIAN_POINT('',(-37.34237570863,-11.42114716251,0.));
#2940 = CARTESIAN_POINT('',(-37.17539144879,-12.07794265522,0.));
#2941 = CARTESIAN_POINT('',(-37.03436990489,-12.50941451489,0.));
#2942 = CARTESIAN_POINT('',(-36.95656549323,-12.72314933171,0.));
#2943 = VECTOR('',#2944,1.);
#2944 = DIRECTION('',(-0.,-0.,-1.));
#2945 = ADVANCED_FACE('',(#2946),#3055,.F.);
#2946 = FACE_BOUND('',#2947,.F.);
#2947 = EDGE_LOOP('',(#2948,#2949,#2999,#3007));
#2948 = ORIENTED_EDGE('',*,*,#2841,.T.);
#2949 = ORIENTED_EDGE('',*,*,#2950,.T.);
#2950 = EDGE_CURVE('',#2792,#2951,#2953,.T.);
#2951 = VERTEX_POINT('',#2952);
#2952 = CARTESIAN_POINT('',(-20.6,-32.21614502078,5.));
#2953 = B_SPLINE_CURVE_WITH_KNOTS('',3,(#2954,#2955,#2956,#2957,#2958,
    #2959,#2960,#2961,#2962,#2963,#2964,#2965,#2966,#2967,#2968,#2969,
    #2970,#2971,#2972,#2973,#2974,#2975,#2976,#2977,#2978,#2979,#2980,
    #2981,#2982,#2983,#2984,#2985,#2986,#2987,#2988,#2989,#2990,#2991,
    #2992,#2993,#2994,#2995,#2996,#2997,#2998),.UNSPECIFIED.,.F.,.F.,(4,
    1,1,1,1,1,1,1,1,1,1,1,1,1,1,1,1,1,1,1,1,1,1,1,1,1,1,1,1,1,1,1,1,1,1,
    1,1,1,1,1,1,1,4),(0.,0.682243031795,1.36073038675,2.031787479255,
    2.691905531904,3.33783397807,3.966685540456,4.554451155201,
    5.144017040623,5.71133018399,6.256551195988,6.781263747608,
    7.28892317091,7.785457048834,8.280047766171,8.78607405982,
    9.322008260957,9.911580910146,10.629001082897,11.399049790332,
    12.272210591893,13.213322186779,14.154433781664,15.027594583225,
    15.79764329066,16.515063463411,17.1046361126,17.640570313737,
    18.146596607386,18.641187324723,19.137721202647,19.645380625949,
    20.170093177569,20.715314189567,21.282627332934,21.872193218356,
    22.459958833101,23.088810395487,23.734738841653,24.394856894302,
    25.065913986807,25.744401341762,26.426644373557),.UNSPECIFIED.);
#2954 = CARTESIAN_POINT('',(-36.95656549323,-12.72314933171,5.));
#2955 = CARTESIAN_POINT('',(-36.87878103842,-12.93689141223,5.));
#2956 = CARTESIAN_POINT('',(-36.70946504316,-13.35806493381,5.));
#2957 = CARTESIAN_POINT('',(-36.41520240269,-13.9685348845,5.));
#2958 = CARTESIAN_POINT('',(-36.08593197647,-14.5526743188,5.));
#2959 = CARTESIAN_POINT('',(-35.7214819664,-15.10185363194,5.));
#2960 = CARTESIAN_POINT('',(-35.34413694848,-15.62634719765,5.));
#2961 = CARTESIAN_POINT('',(-34.90294670917,-16.06776878431,5.));
#2962 = CARTESIAN_POINT('',(-34.61390108304,-16.60733195081,5.));
#2963 = CARTESIAN_POINT('',(-34.15133234392,-16.97296478535,5.));
#2964 = CARTESIAN_POINT('',(-33.72079086886,-17.33969373794,5.));
#2965 = CARTESIAN_POINT('',(-33.2782412392,-17.66068013096,5.));
#2966 = CARTESIAN_POINT('',(-32.8397321669,-17.95089155405,5.));
#2967 = CARTESIAN_POINT('',(-32.40216934301,-18.21255995542,5.));
#2968 = CARTESIAN_POINT('',(-31.96427500603,-18.45322925061,5.));
#2969 = CARTESIAN_POINT('',(-31.51995092255,-18.68053077349,5.));
#2970 = CARTESIAN_POINT('',(-31.06108174057,-18.90809131242,5.));
#2971 = CARTESIAN_POINT('',(-30.56928256488,-19.14035964044,5.));
#2972 = CARTESIAN_POINT('',(-30.03657165055,-19.44938915059,5.));
#2973 = CARTESIAN_POINT('',(-29.36558708742,-19.65099493885,5.));
#2974 = CARTESIAN_POINT('',(-28.72886656386,-20.12766329911,5.));
#2975 = CARTESIAN_POINT('',(-28.05245210777,-20.65904238868,5.));
#2976 = CARTESIAN_POINT('',(-27.41808709217,-21.32830750427,5.));
#2977 = CARTESIAN_POINT('',(-26.86914594645,-22.06925175757,5.));
#2978 = CARTESIAN_POINT('',(-26.4632978369,-22.82766296874,5.));
#2979 = CARTESIAN_POINT('',(-26.1044364987,-23.53748286895,5.));
#2980 = CARTESIAN_POINT('',(-26.022408802,-24.2332821466,5.));
#2981 = CARTESIAN_POINT('',(-25.81057842399,-24.81156239644,5.));
#2982 = CARTESIAN_POINT('',(-25.66723880441,-25.33622300947,5.));
#2983 = CARTESIAN_POINT('',(-25.52281721863,-25.82763641039,5.));
#2984 = CARTESIAN_POINT('',(-25.37612498402,-26.30468070789,5.));
#2985 = CARTESIAN_POINT('',(-25.21515154983,-26.77771423048,5.));
#2986 = CARTESIAN_POINT('',(-25.03344046643,-27.25406773292,5.));
#2987 = CARTESIAN_POINT('',(-24.82378430825,-27.73630955185,5.));
#2988 = CARTESIAN_POINT('',(-24.58452235651,-28.22787456044,5.));
#2989 = CARTESIAN_POINT('',(-24.2981275833,-28.71555695738,5.));
#2990 = CARTESIAN_POINT('',(-24.01837375169,-29.23458971338,5.));
#2991 = CARTESIAN_POINT('',(-23.53720000832,-29.61293824757,5.));
#2992 = CARTESIAN_POINT('',(-23.17909648849,-30.1240778699,5.));
#2993 = CARTESIAN_POINT('',(-22.72809643328,-30.58676752099,5.));
#2994 = CARTESIAN_POINT('',(-22.25054646801,-31.04104470343,5.));
#2995 = CARTESIAN_POINT('',(-21.73245863375,-31.46674752028,5.));
#2996 = CARTESIAN_POINT('',(-21.1823612646,-31.8625466445,5.));
#2997 = CARTESIAN_POINT('',(-20.79698772921,-32.10242636385,5.));
#2998 = CARTESIAN_POINT('',(-20.6,-32.21614502078,5.));
#2999 = ORIENTED_EDGE('',*,*,#3000,.F.);
#3000 = EDGE_CURVE('',#3001,#2951,#3003,.T.);
#3001 = VERTEX_POINT('',#3002);
#3002 = CARTESIAN_POINT('',(-20.6,-32.21614502078,0.));
#3003 = LINE('',#3004,#3005);
#3004 = CARTESIAN_POINT('',(-20.6,-32.21614502078,0.));
#3005 = VECTOR('',#3006,1.);
#3006 = DIRECTION('',(0.,0.,1.));
#3007 = ORIENTED_EDGE('',*,*,#3008,.F.);
#3008 = EDGE_CURVE('',#2842,#3001,#3009,.T.);
#3009 = B_SPLINE_CURVE_WITH_KNOTS('',3,(#3010,#3011,#3012,#3013,#3014,
    #3015,#3016,#3017,#3018,#3019,#3020,#3021,#3022,#3023,#3024,#3025,
    #3026,#3027,#3028,#3029,#3030,#3031,#3032,#3033,#3034,#3035,#3036,
    #3037,#3038,#3039,#3040,#3041,#3042,#3043,#3044,#3045,#3046,#3047,
    #3048,#3049,#3050,#3051,#3052,#3053,#3054),.UNSPECIFIED.,.F.,.F.,(4,
    1,1,1,1,1,1,1,1,1,1,1,1,1,1,1,1,1,1,1,1,1,1,1,1,1,1,1,1,1,1,1,1,1,1,
    1,1,1,1,1,1,1,4),(0.,0.682243031795,1.36073038675,2.031787479255,
    2.691905531904,3.33783397807,3.966685540456,4.554451155201,
    5.144017040623,5.71133018399,6.256551195988,6.781263747608,
    7.28892317091,7.785457048834,8.280047766171,8.78607405982,
    9.322008260957,9.911580910146,10.629001082897,11.399049790332,
    12.272210591893,13.213322186779,14.154433781664,15.027594583225,
    15.79764329066,16.515063463411,17.1046361126,17.640570313737,
    18.146596607386,18.641187324723,19.137721202647,19.645380625949,
    20.170093177569,20.715314189567,21.282627332934,21.872193218356,
    22.459958833101,23.088810395487,23.734738841653,24.394856894302,
    25.065913986807,25.744401341762,26.426644373557),.UNSPECIFIED.);
#3010 = CARTESIAN_POINT('',(-36.95656549323,-12.72314933171,0.));
#3011 = CARTESIAN_POINT('',(-36.87878103842,-12.93689141223,0.));
#3012 = CARTESIAN_POINT('',(-36.70946504316,-13.35806493381,0.));
#3013 = CARTESIAN_POINT('',(-36.41520240269,-13.9685348845,0.));
#3014 = CARTESIAN_POINT('',(-36.08593197647,-14.5526743188,0.));
#3015 = CARTESIAN_POINT('',(-35.7214819664,-15.10185363194,0.));
#3016 = CARTESIAN_POINT('',(-35.34413694848,-15.62634719765,0.));
#3017 = CARTESIAN_POINT('',(-34.90294670917,-16.06776878431,0.));
#3018 = CARTESIAN_POINT('',(-34.61390108304,-16.60733195081,0.));
#3019 = CARTESIAN_POINT('',(-34.15133234392,-16.97296478535,0.));
#3020 = CARTESIAN_POINT('',(-33.72079086886,-17.33969373794,0.));
#3021 = CARTESIAN_POINT('',(-33.2782412392,-17.66068013096,0.));
#3022 = CARTESIAN_POINT('',(-32.8397321669,-17.95089155405,0.));
#3023 = CARTESIAN_POINT('',(-32.40216934301,-18.21255995542,0.));
#3024 = CARTESIAN_POINT('',(-31.96427500603,-18.45322925061,0.));
#3025 = CARTESIAN_POINT('',(-31.51995092255,-18.68053077349,0.));
#3026 = CARTESIAN_POINT('',(-31.06108174057,-18.90809131242,0.));
#3027 = CARTESIAN_POINT('',(-30.56928256488,-19.14035964044,0.));
#3028 = CARTESIAN_POINT('',(-30.03657165055,-19.44938915059,0.));
#3029 = CARTESIAN_POINT('',(-29.36558708742,-19.65099493885,0.));
#3030 = CARTESIAN_POINT('',(-28.72886656386,-20.12766329911,0.));
#3031 = CARTESIAN_POINT('',(-28.05245210777,-20.65904238868,0.));
#3032 = CARTESIAN_POINT('',(-27.41808709217,-21.32830750427,0.));
#3033 = CARTESIAN_POINT('',(-26.86914594645,-22.06925175757,0.));
#3034 = CARTESIAN_POINT('',(-26.4632978369,-22.82766296874,0.));
#3035 = CARTESIAN_POINT('',(-26.1044364987,-23.53748286895,0.));
#3036 = CARTESIAN_POINT('',(-26.022408802,-24.2332821466,0.));
#3037 = CARTESIAN_POINT('',(-25.81057842399,-24.81156239644,0.));
#3038 = CARTESIAN_POINT('',(-25.66723880441,-25.33622300947,0.));
#3039 = CARTESIAN_POINT('',(-25.52281721863,-25.82763641039,0.));
#3040 = CARTESIAN_POINT('',(-25.37612498402,-26.30468070789,0.));
#3041 = CARTESIAN_POINT('',(-25.21515154983,-26.77771423048,0.));
#3042 = CARTESIAN_POINT('',(-25.03344046643,-27.25406773292,0.));
#3043 = CARTESIAN_POINT('',(-24.82378430825,-27.73630955185,0.));
#3044 = CARTESIAN_POINT('',(-24.58452235651,-28.22787456044,0.));
#3045 = CARTESIAN_POINT('',(-24.2981275833,-28.71555695738,0.));
#3046 = CARTESIAN_POINT('',(-24.01837375169,-29.23458971338,0.));
#3047 = CARTESIAN_POINT('',(-23.53720000832,-29.61293824757,0.));
#3048 = CARTESIAN_POINT('',(-23.17909648849,-30.1240778699,0.));
#3049 = CARTESIAN_POINT('',(-22.72809643328,-30.58676752099,0.));
#3050 = CARTESIAN_POINT('',(-22.25054646801,-31.04104470343,0.));
#3051 = CARTESIAN_POINT('',(-21.73245863375,-31.46674752028,0.));
#3052 = CARTESIAN_POINT('',(-21.1823612646,-31.8625466445,0.));
#3053 = CARTESIAN_POINT('',(-20.79698772921,-32.10242636385,0.));
#3054 = CARTESIAN_POINT('',(-20.6,-32.21614502078,0.));
#3055 = SURFACE_OF_LINEAR_EXTRUSION('',#3056,#3102);
#3056 = B_SPLINE_CURVE_WITH_KNOTS('',3,(#3057,#3058,#3059,#3060,#3061,
    #3062,#3063,#3064,#3065,#3066,#3067,#3068,#3069,#3070,#3071,#3072,
    #3073,#3074,#3075,#3076,#3077,#3078,#3079,#3080,#3081,#3082,#3083,
    #3084,#3085,#3086,#3087,#3088,#3089,#3090,#3091,#3092,#3093,#3094,
    #3095,#3096,#3097,#3098,#3099,#3100,#3101),.UNSPECIFIED.,.F.,.F.,(4,
    1,1,1,1,1,1,1,1,1,1,1,1,1,1,1,1,1,1,1,1,1,1,1,1,1,1,1,1,1,1,1,1,1,1,
    1,1,1,1,1,1,1,4),(0.,0.682243031795,1.36073038675,2.031787479255,
    2.691905531904,3.33783397807,3.966685540456,4.554451155201,
    5.144017040623,5.71133018399,6.256551195988,6.781263747608,
    7.28892317091,7.785457048834,8.280047766171,8.78607405982,
    9.322008260957,9.911580910146,10.629001082897,11.399049790332,
    12.272210591893,13.213322186779,14.154433781664,15.027594583225,
    15.79764329066,16.515063463411,17.1046361126,17.640570313737,
    18.146596607386,18.641187324723,19.137721202647,19.645380625949,
    20.170093177569,20.715314189567,21.282627332934,21.872193218356,
    22.459958833101,23.088810395487,23.734738841653,24.394856894302,
    25.065913986807,25.744401341762,26.426644373557),.UNSPECIFIED.);
#3057 = CARTESIAN_POINT('',(-36.95656549323,-12.72314933171,0.));
#3058 = CARTESIAN_POINT('',(-36.87878103842,-12.93689141223,0.));
#3059 = CARTESIAN_POINT('',(-36.70946504316,-13.35806493381,0.));
#3060 = CARTESIAN_POINT('',(-36.41520240269,-13.9685348845,0.));
#3061 = CARTESIAN_POINT('',(-36.08593197647,-14.5526743188,0.));
#3062 = CARTESIAN_POINT('',(-35.7214819664,-15.10185363194,0.));
#3063 = CARTESIAN_POINT('',(-35.34413694848,-15.62634719765,0.));
#3064 = CARTESIAN_POINT('',(-34.90294670917,-16.06776878431,0.));
#3065 = CARTESIAN_POINT('',(-34.61390108304,-16.60733195081,0.));
#3066 = CARTESIAN_POINT('',(-34.15133234392,-16.97296478535,0.));
#3067 = CARTESIAN_POINT('',(-33.72079086886,-17.33969373794,0.));
#3068 = CARTESIAN_POINT('',(-33.2782412392,-17.66068013096,0.));
#3069 = CARTESIAN_POINT('',(-32.8397321669,-17.95089155405,0.));
#3070 = CARTESIAN_POINT('',(-32.40216934301,-18.21255995542,0.));
#3071 = CARTESIAN_POINT('',(-31.96427500603,-18.45322925061,0.));
#3072 = CARTESIAN_POINT('',(-31.51995092255,-18.68053077349,0.));
#3073 = CARTESIAN_POINT('',(-31.06108174057,-18.90809131242,0.));
#3074 = CARTESIAN_POINT('',(-30.56928256488,-19.14035964044,0.));
#3075 = CARTESIAN_POINT('',(-30.03657165055,-19.44938915059,0.));
#3076 = CARTESIAN_POINT('',(-29.36558708742,-19.65099493885,0.));
#3077 = CARTESIAN_POINT('',(-28.72886656386,-20.12766329911,0.));
#3078 = CARTESIAN_POINT('',(-28.05245210777,-20.65904238868,0.));
#3079 = CARTESIAN_POINT('',(-27.41808709217,-21.32830750427,0.));
#3080 = CARTESIAN_POINT('',(-26.86914594645,-22.06925175757,0.));
#3081 = CARTESIAN_POINT('',(-26.4632978369,-22.82766296874,0.));
#3082 = CARTESIAN_POINT('',(-26.1044364987,-23.53748286895,0.));
#3083 = CARTESIAN_POINT('',(-26.022408802,-24.2332821466,0.));
#3084 = CARTESIAN_POINT('',(-25.81057842399,-24.81156239644,0.));
#3085 = CARTESIAN_POINT('',(-25.66723880441,-25.33622300947,0.));
#3086 = CARTESIAN_POINT('',(-25.52281721863,-25.82763641039,0.));
#3087 = CARTESIAN_POINT('',(-25.37612498402,-26.30468070789,0.));
#3088 = CARTESIAN_POINT('',(-25.21515154983,-26.77771423048,0.));
#3089 = CARTESIAN_POINT('',(-25.03344046643,-27.25406773292,0.));
#3090 = CARTESIAN_POINT('',(-24.82378430825,-27.73630955185,0.));
#3091 = CARTESIAN_POINT('',(-24.58452235651,-28.22787456044,0.));
#3092 = CARTESIAN_POINT('',(-24.2981275833,-28.71555695738,0.));
#3093 = CARTESIAN_POINT('',(-24.01837375169,-29.23458971338,0.));
#3094 = CARTESIAN_POINT('',(-23.53720000832,-29.61293824757,0.));
#3095 = CARTESIAN_POINT('',(-23.17909648849,-30.1240778699,0.));
#3096 = CARTESIAN_POINT('',(-22.72809643328,-30.58676752099,0.));
#3097 = CARTESIAN_POINT('',(-22.25054646801,-31.04104470343,0.));
#3098 = CARTESIAN_POINT('',(-21.73245863375,-31.46674752028,0.));
#3099 = CARTESIAN_POINT('',(-21.1823612646,-31.8625466445,0.));
#3100 = CARTESIAN_POINT('',(-20.79698772921,-32.10242636385,0.));
#3101 = CARTESIAN_POINT('',(-20.6,-32.21614502078,0.));
#3102 = VECTOR('',#3103,1.);
#3103 = DIRECTION('',(-0.,-0.,-1.));
#3104 = ADVANCED_FACE('',(#3105),#3214,.F.);
#3105 = FACE_BOUND('',#3106,.F.);
#3106 = EDGE_LOOP('',(#3107,#3108,#3158,#3166));
#3107 = ORIENTED_EDGE('',*,*,#3000,.T.);
#3108 = ORIENTED_EDGE('',*,*,#3109,.T.);
#3109 = EDGE_CURVE('',#2951,#3110,#3112,.T.);
#3110 = VERTEX_POINT('',#3111);
#3111 = CARTESIAN_POINT('',(4.45971220921,-36.63484841205,5.));
#3112 = B_SPLINE_CURVE_WITH_KNOTS('',3,(#3113,#3114,#3115,#3116,#3117,
    #3118,#3119,#3120,#3121,#3122,#3123,#3124,#3125,#3126,#3127,#3128,
    #3129,#3130,#3131,#3132,#3133,#3134,#3135,#3136,#3137,#3138,#3139,
    #3140,#3141,#3142,#3143,#3144,#3145,#3146,#3147,#3148,#3149,#3150,
    #3151,#3152,#3153,#3154,#3155,#3156,#3157),.UNSPECIFIED.,.F.,.F.,(4,
    1,1,1,1,1,1,1,1,1,1,1,1,1,1,1,1,1,1,1,1,1,1,1,1,1,1,1,1,1,1,1,1,1,1,
    1,1,1,1,1,1,1,4),(0.,0.682243031795,1.36073038675,2.031787479255,
    2.691905531904,3.33783397807,3.966685540456,4.554451155201,
    5.144017040623,5.71133018399,6.256551195988,6.781263747608,
    7.28892317091,7.785457048834,8.280047766171,8.78607405982,
    9.322008260957,9.911580910146,10.629001082897,11.399049790332,
    12.272210591893,13.213322186779,14.154433781664,15.027594583225,
    15.79764329066,16.515063463411,17.1046361126,17.640570313737,
    18.146596607386,18.641187324723,19.137721202647,19.645380625949,
    20.170093177569,20.715314189567,21.282627332934,21.872193218356,
    22.459958833101,23.088810395487,23.734738841653,24.394856894302,
    25.065913986807,25.744401341762,26.426644373557),.UNSPECIFIED.);
#3113 = CARTESIAN_POINT('',(-20.6,-32.21614502078,5.));
#3114 = CARTESIAN_POINT('',(-20.4030228896,-32.32988207004,5.));
#3115 = CARTESIAN_POINT('',(-20.0025941911,-32.54368548196,5.));
#3116 = CARTESIAN_POINT('',(-19.38477341016,-32.82218421609,5.));
#3117 = CARTESIAN_POINT('',(-18.75706003917,-33.05801003354,5.));
#3118 = CARTESIAN_POINT('',(-18.12486947618,-33.24444184381,5.));
#3119 = CARTESIAN_POINT('',(-17.49866845667,-33.40367452318,5.));
#3120 = CARTESIAN_POINT('',(-16.87695679893,-33.45823145737,5.));
#3121 = CARTESIAN_POINT('',(-16.30871048515,-33.68576587567,5.));
#3122 = CARTESIAN_POINT('',(-15.71933801726,-33.66852342266,5.));
#3123 = CARTESIAN_POINT('',(-15.15379528592,-33.6727073733,5.));
#3124 = CARTESIAN_POINT('',(-14.608456525,-33.63413179737,5.));
#3125 = CARTESIAN_POINT('',(-14.08599477996,-33.57457844695,5.));
#3126 = CARTESIAN_POINT('',(-13.58260500395,-33.4937681101,5.));
#3127 = CARTESIAN_POINT('',(-13.09245923946,-33.39665843215,5.));
#3128 = CARTESIAN_POINT('',(-12.60598064179,-33.28517548511,5.));
#3129 = CARTESIAN_POINT('',(-12.10819335994,-33.16454154679,5.));
#3130 = CARTESIAN_POINT('',(-11.5821541309,-33.0263469922,5.));
#3131 = CARTESIAN_POINT('',(-10.97543355503,-32.92065735593,5.));
#3132 = CARTESIAN_POINT('',(-10.3318398563,-32.64379578626,5.));
#3133 = CARTESIAN_POINT('',(-9.537687121508,-32.59966887147,5.));
#3134 = CARTESIAN_POINT('',(-8.677959691345,-32.57193803883,5.));
#3135 = CARTESIAN_POINT('',(-7.761812572341,-32.67686288956,5.));
#3136 = CARTESIAN_POINT('',(-6.865029472576,-32.89160655054,5.));
#3137 = CARTESIAN_POINT('',(-6.066634453917,-33.21170910823,5.));
#3138 = CARTESIAN_POINT('',(-5.335467282974,-33.52479107661,5.));
#3139 = CARTESIAN_POINT('',(-4.825379267227,-34.00507785969,5.));
#3140 = CARTESIAN_POINT('',(-4.291396403753,-34.3119042893,5.));
#3141 = CARTESIAN_POINT('',(-3.844346543349,-34.621680705,5.));
#3142 = CARTESIAN_POINT('',(-3.417838744746,-34.90529280414,5.));
#3143 = CARTESIAN_POINT('',(-2.998827809873,-35.17643798651,5.));
#3144 = CARTESIAN_POINT('',(-2.571454917837,-35.43533095892,5.));
#3145 = CARTESIAN_POINT('',(-2.12606202294,-35.68343727947,5.));
#3146 = CARTESIAN_POINT('',(-1.655477021925,-35.91809156433,5.));
#3147 = CARTESIAN_POINT('',(-1.156219836468,-36.14085758954,5.));
#3148 = CARTESIAN_POINT('',(-0.623352509696,-36.33035296802,5.));
#3149 = CARTESIAN_POINT('',(-7.542081697033E-02,-36.54813282983,5.));
#3150 = CARTESIAN_POINT('',(0.536377405238,-36.52867210166,5.));
#3151 = CARTESIAN_POINT('',(1.139254832716,-36.69004326348,5.));
#3152 = CARTESIAN_POINT('',(1.782152093703,-36.75458685213,5.));
#3153 = CARTESIAN_POINT('',(2.439980335149,-36.7956201627,5.));
#3154 = CARTESIAN_POINT('',(3.110495137714,-36.78870699937,5.));
#3155 = CARTESIAN_POINT('',(3.786308943497,-36.73831094605,5.));
#3156 = CARTESIAN_POINT('',(4.235713910221,-36.67435613843,5.));
#3157 = CARTESIAN_POINT('',(4.45971220921,-36.63484841205,5.));
#3158 = ORIENTED_EDGE('',*,*,#3159,.F.);
#3159 = EDGE_CURVE('',#3160,#3110,#3162,.T.);
#3160 = VERTEX_POINT('',#3161);
#3161 = CARTESIAN_POINT('',(4.45971220921,-36.63484841205,0.));
#3162 = LINE('',#3163,#3164);
#3163 = CARTESIAN_POINT('',(4.45971220921,-36.63484841205,0.));
#3164 = VECTOR('',#3165,1.);
#3165 = DIRECTION('',(0.,0.,1.));
#3166 = ORIENTED_EDGE('',*,*,#3167,.F.);
#3167 = EDGE_CURVE('',#3001,#3160,#3168,.T.);
#3168 = B_SPLINE_CURVE_WITH_KNOTS('',3,(#3169,#3170,#3171,#3172,#3173,
    #3174,#3175,#3176,#3177,#3178,#3179,#3180,#3181,#3182,#3183,#3184,
    #3185,#3186,#3187,#3188,#3189,#3190,#3191,#3192,#3193,#3194,#3195,
    #3196,#3197,#3198,#3199,#3200,#3201,#3202,#3203,#3204,#3205,#3206,
    #3207,#3208,#3209,#3210,#3211,#3212,#3213),.UNSPECIFIED.,.F.,.F.,(4,
    1,1,1,1,1,1,1,1,1,1,1,1,1,1,1,1,1,1,1,1,1,1,1,1,1,1,1,1,1,1,1,1,1,1,
    1,1,1,1,1,1,1,4),(0.,0.682243031795,1.36073038675,2.031787479255,
    2.691905531904,3.33783397807,3.966685540456,4.554451155201,
    5.144017040623,5.71133018399,6.256551195988,6.781263747608,
    7.28892317091,7.785457048834,8.280047766171,8.78607405982,
    9.322008260957,9.911580910146,10.629001082897,11.399049790332,
    12.272210591893,13.213322186779,14.154433781664,15.027594583225,
    15.79764329066,16.515063463411,17.1046361126,17.640570313737,
    18.146596607386,18.641187324723,19.137721202647,19.645380625949,
    20.170093177569,20.715314189567,21.282627332934,21.872193218356,
    22.459958833101,23.088810395487,23.734738841653,24.394856894302,
    25.065913986807,25.744401341762,26.426644373557),.UNSPECIFIED.);
#3169 = CARTESIAN_POINT('',(-20.6,-32.21614502078,0.));
#3170 = CARTESIAN_POINT('',(-20.4030228896,-32.32988207004,0.));
#3171 = CARTESIAN_POINT('',(-20.0025941911,-32.54368548196,0.));
#3172 = CARTESIAN_POINT('',(-19.38477341016,-32.82218421609,0.));
#3173 = CARTESIAN_POINT('',(-18.75706003917,-33.05801003354,0.));
#3174 = CARTESIAN_POINT('',(-18.12486947618,-33.24444184381,0.));
#3175 = CARTESIAN_POINT('',(-17.49866845667,-33.40367452318,0.));
#3176 = CARTESIAN_POINT('',(-16.87695679893,-33.45823145737,0.));
#3177 = CARTESIAN_POINT('',(-16.30871048515,-33.68576587567,0.));
#3178 = CARTESIAN_POINT('',(-15.71933801726,-33.66852342266,0.));
#3179 = CARTESIAN_POINT('',(-15.15379528592,-33.6727073733,0.));
#3180 = CARTESIAN_POINT('',(-14.608456525,-33.63413179737,0.));
#3181 = CARTESIAN_POINT('',(-14.08599477996,-33.57457844695,0.));
#3182 = CARTESIAN_POINT('',(-13.58260500395,-33.4937681101,0.));
#3183 = CARTESIAN_POINT('',(-13.09245923946,-33.39665843215,0.));
#3184 = CARTESIAN_POINT('',(-12.60598064179,-33.28517548511,0.));
#3185 = CARTESIAN_POINT('',(-12.10819335994,-33.16454154679,0.));
#3186 = CARTESIAN_POINT('',(-11.5821541309,-33.0263469922,0.));
#3187 = CARTESIAN_POINT('',(-10.97543355503,-32.92065735593,0.));
#3188 = CARTESIAN_POINT('',(-10.3318398563,-32.64379578626,0.));
#3189 = CARTESIAN_POINT('',(-9.537687121508,-32.59966887147,0.));
#3190 = CARTESIAN_POINT('',(-8.677959691345,-32.57193803883,0.));
#3191 = CARTESIAN_POINT('',(-7.761812572341,-32.67686288956,0.));
#3192 = CARTESIAN_POINT('',(-6.865029472576,-32.89160655054,0.));
#3193 = CARTESIAN_POINT('',(-6.066634453917,-33.21170910823,0.));
#3194 = CARTESIAN_POINT('',(-5.335467282974,-33.52479107661,0.));
#3195 = CARTESIAN_POINT('',(-4.825379267227,-34.00507785969,0.));
#3196 = CARTESIAN_POINT('',(-4.291396403753,-34.3119042893,0.));
#3197 = CARTESIAN_POINT('',(-3.844346543349,-34.621680705,0.));
#3198 = CARTESIAN_POINT('',(-3.417838744746,-34.90529280414,0.));
#3199 = CARTESIAN_POINT('',(-2.998827809873,-35.17643798651,0.));
#3200 = CARTESIAN_POINT('',(-2.571454917837,-35.43533095892,0.));
#3201 = CARTESIAN_POINT('',(-2.12606202294,-35.68343727947,0.));
#3202 = CARTESIAN_POINT('',(-1.655477021925,-35.91809156433,0.));
#3203 = CARTESIAN_POINT('',(-1.156219836468,-36.14085758954,0.));
#3204 = CARTESIAN_POINT('',(-0.623352509696,-36.33035296802,0.));
#3205 = CARTESIAN_POINT('',(-7.542081697033E-02,-36.54813282983,0.));
#3206 = CARTESIAN_POINT('',(0.536377405238,-36.52867210166,0.));
#3207 = CARTESIAN_POINT('',(1.139254832716,-36.69004326348,0.));
#3208 = CARTESIAN_POINT('',(1.782152093703,-36.75458685213,0.));
#3209 = CARTESIAN_POINT('',(2.439980335149,-36.7956201627,0.));
#3210 = CARTESIAN_POINT('',(3.110495137714,-36.78870699937,0.));
#3211 = CARTESIAN_POINT('',(3.786308943497,-36.73831094605,0.));
#3212 = CARTESIAN_POINT('',(4.235713910221,-36.67435613843,0.));
#3213 = CARTESIAN_POINT('',(4.45971220921,-36.63484841205,0.));
#3214 = SURFACE_OF_LINEAR_EXTRUSION('',#3215,#3261);
#3215 = B_SPLINE_CURVE_WITH_KNOTS('',3,(#3216,#3217,#3218,#3219,#3220,
    #3221,#3222,#3223,#3224,#3225,#3226,#3227,#3228,#3229,#3230,#3231,
    #3232,#3233,#3234,#3235,#3236,#3237,#3238,#3239,#3240,#3241,#3242,
    #3243,#3244,#3245,#3246,#3247,#3248,#3249,#3250,#3251,#3252,#3253,
    #3254,#3255,#3256,#3257,#3258,#3259,#3260),.UNSPECIFIED.,.F.,.F.,(4,
    1,1,1,1,1,1,1,1,1,1,1,1,1,1,1,1,1,1,1,1,1,1,1,1,1,1,1,1,1,1,1,1,1,1,
    1,1,1,1,1,1,1,4),(0.,0.682243031795,1.36073038675,2.031787479255,
    2.691905531904,3.33783397807,3.966685540456,4.554451155201,
    5.144017040623,5.71133018399,6.256551195988,6.781263747608,
    7.28892317091,7.785457048834,8.280047766171,8.78607405982,
    9.322008260957,9.911580910146,10.629001082897,11.399049790332,
    12.272210591893,13.213322186779,14.154433781664,15.027594583225,
    15.79764329066,16.515063463411,17.1046361126,17.640570313737,
    18.146596607386,18.641187324723,19.137721202647,19.645380625949,
    20.170093177569,20.715314189567,21.282627332934,21.872193218356,
    22.459958833101,23.088810395487,23.734738841653,24.394856894302,
    25.065913986807,25.744401341762,26.426644373557),.UNSPECIFIED.);
#3216 = CARTESIAN_POINT('',(-20.6,-32.21614502078,0.));
#3217 = CARTESIAN_POINT('',(-20.4030228896,-32.32988207004,0.));
#3218 = CARTESIAN_POINT('',(-20.0025941911,-32.54368548196,0.));
#3219 = CARTESIAN_POINT('',(-19.38477341016,-32.82218421609,0.));
#3220 = CARTESIAN_POINT('',(-18.75706003917,-33.05801003354,0.));
#3221 = CARTESIAN_POINT('',(-18.12486947618,-33.24444184381,0.));
#3222 = CARTESIAN_POINT('',(-17.49866845667,-33.40367452318,0.));
#3223 = CARTESIAN_POINT('',(-16.87695679893,-33.45823145737,0.));
#3224 = CARTESIAN_POINT('',(-16.30871048515,-33.68576587567,0.));
#3225 = CARTESIAN_POINT('',(-15.71933801726,-33.66852342266,0.));
#3226 = CARTESIAN_POINT('',(-15.15379528592,-33.6727073733,0.));
#3227 = CARTESIAN_POINT('',(-14.608456525,-33.63413179737,0.));
#3228 = CARTESIAN_POINT('',(-14.08599477996,-33.57457844695,0.));
#3229 = CARTESIAN_POINT('',(-13.58260500395,-33.4937681101,0.));
#3230 = CARTESIAN_POINT('',(-13.09245923946,-33.39665843215,0.));
#3231 = CARTESIAN_POINT('',(-12.60598064179,-33.28517548511,0.));
#3232 = CARTESIAN_POINT('',(-12.10819335994,-33.16454154679,0.));
#3233 = CARTESIAN_POINT('',(-11.5821541309,-33.0263469922,0.));
#3234 = CARTESIAN_POINT('',(-10.97543355503,-32.92065735593,0.));
#3235 = CARTESIAN_POINT('',(-10.3318398563,-32.64379578626,0.));
#3236 = CARTESIAN_POINT('',(-9.537687121508,-32.59966887147,0.));
#3237 = CARTESIAN_POINT('',(-8.677959691345,-32.57193803883,0.));
#3238 = CARTESIAN_POINT('',(-7.761812572341,-32.67686288956,0.));
#3239 = CARTESIAN_POINT('',(-6.865029472576,-32.89160655054,0.));
#3240 = CARTESIAN_POINT('',(-6.066634453917,-33.21170910823,0.));
#3241 = CARTESIAN_POINT('',(-5.335467282974,-33.52479107661,0.));
#3242 = CARTESIAN_POINT('',(-4.825379267227,-34.00507785969,0.));
#3243 = CARTESIAN_POINT('',(-4.291396403753,-34.3119042893,0.));
#3244 = CARTESIAN_POINT('',(-3.844346543349,-34.621680705,0.));
#3245 = CARTESIAN_POINT('',(-3.417838744746,-34.90529280414,0.));
#3246 = CARTESIAN_POINT('',(-2.998827809873,-35.17643798651,0.));
#3247 = CARTESIAN_POINT('',(-2.571454917837,-35.43533095892,0.));
#3248 = CARTESIAN_POINT('',(-2.12606202294,-35.68343727947,0.));
#3249 = CARTESIAN_POINT('',(-1.655477021925,-35.91809156433,0.));
#3250 = CARTESIAN_POINT('',(-1.156219836468,-36.14085758954,0.));
#3251 = CARTESIAN_POINT('',(-0.623352509696,-36.33035296802,0.));
#3252 = CARTESIAN_POINT('',(-7.542081697033E-02,-36.54813282983,0.));
#3253 = CARTESIAN_POINT('',(0.536377405238,-36.52867210166,0.));
#3254 = CARTESIAN_POINT('',(1.139254832716,-36.69004326348,0.));
#3255 = CARTESIAN_POINT('',(1.782152093703,-36.75458685213,0.));
#3256 = CARTESIAN_POINT('',(2.439980335149,-36.7956201627,0.));
#3257 = CARTESIAN_POINT('',(3.110495137714,-36.78870699937,0.));
#3258 = CARTESIAN_POINT('',(3.786308943497,-36.73831094605,0.));
#3259 = CARTESIAN_POINT('',(4.235713910221,-36.67435613843,0.));
#3260 = CARTESIAN_POINT('',(4.45971220921,-36.63484841205,0.));
#3261 = VECTOR('',#3262,1.);
#3262 = DIRECTION('',(-0.,-0.,-1.));
#3263 = ADVANCED_FACE('',(#3264),#3373,.F.);
#3264 = FACE_BOUND('',#3265,.F.);
#3265 = EDGE_LOOP('',(#3266,#3267,#3317,#3325));
#3266 = ORIENTED_EDGE('',*,*,#3159,.T.);
#3267 = ORIENTED_EDGE('',*,*,#3268,.T.);
#3268 = EDGE_CURVE('',#3110,#3269,#3271,.T.);
#3269 = VERTEX_POINT('',#3270);
#3270 = CARTESIAN_POINT('',(26.496853284026,-23.91169908033,5.));
#3271 = B_SPLINE_CURVE_WITH_KNOTS('',3,(#3272,#3273,#3274,#3275,#3276,
    #3277,#3278,#3279,#3280,#3281,#3282,#3283,#3284,#3285,#3286,#3287,
    #3288,#3289,#3290,#3291,#3292,#3293,#3294,#3295,#3296,#3297,#3298,
    #3299,#3300,#3301,#3302,#3303,#3304,#3305,#3306,#3307,#3308,#3309,
    #3310,#3311,#3312,#3313,#3314,#3315,#3316),.UNSPECIFIED.,.F.,.F.,(4,
    1,1,1,1,1,1,1,1,1,1,1,1,1,1,1,1,1,1,1,1,1,1,1,1,1,1,1,1,1,1,1,1,1,1,
    1,1,1,1,1,1,1,4),(0.,0.682243031795,1.36073038675,2.031787479255,
    2.691905531904,3.33783397807,3.966685540456,4.554451155201,
    5.144017040623,5.71133018399,6.256551195988,6.781263747608,
    7.28892317091,7.785457048834,8.280047766171,8.78607405982,
    9.322008260957,9.911580910146,10.629001082897,11.399049790332,
    12.272210591893,13.213322186779,14.154433781664,15.027594583225,
    15.79764329066,16.515063463411,17.1046361126,17.640570313737,
    18.146596607386,18.641187324723,19.137721202647,19.645380625949,
    20.170093177569,20.715314189567,21.282627332934,21.872193218356,
    22.459958833101,23.088810395487,23.734738841653,24.394856894302,
    25.065913986807,25.744401341762,26.426644373557),.UNSPECIFIED.);
#3272 = CARTESIAN_POINT('',(4.45971220921,-36.63484841205,5.));
#3273 = CARTESIAN_POINT('',(4.683714196076,-36.59536160066,5.));
#3274 = CARTESIAN_POINT('',(5.127890559522,-36.50175391032,5.));
#3275 = CARTESIAN_POINT('',(5.780184271218,-36.31796877502,5.));
#3276 = CARTESIAN_POINT('',(6.41262652443,-36.09513545472,5.));
#3277 = CARTESIAN_POINT('',(7.0167486499,-35.83158624615,5.));
#3278 = CARTESIAN_POINT('',(7.59879925453,-35.55105129882,5.));
#3279 = CARTESIAN_POINT('',(8.110126536479,-35.19321578471,5.));
#3280 = CARTESIAN_POINT('',(8.691684772335,-35.00225557172,5.));
#3281 = CARTESIAN_POINT('',(9.132087041135,-34.61020576654,5.));
#3282 = CARTESIAN_POINT('',(9.568007299451,-34.24988699823,5.));
#3283 = CARTESIAN_POINT('',(9.96096512463,-33.86979939405,5.));
#3284 = CARTESIAN_POINT('',(10.322913885397,-33.48834694464,5.));
#3285 = CARTESIAN_POINT('',(10.656588942766,-33.1028699243,5.));
#3286 = CARTESIAN_POINT('',(10.969641484209,-32.71341997077,5.));
#3287 = CARTESIAN_POINT('',(11.2706458536,-32.31531666373,5.));
#3288 = CARTESIAN_POINT('',(11.574431033857,-31.90293420859,5.));
#3289 = CARTESIAN_POINT('',(11.888570714707,-31.45893953934,5.));
#3290 = CARTESIAN_POINT('',(12.285409651708,-30.98798411208,5.));
#3291 = CARTESIAN_POINT('',(12.600467841669,-30.36220178989,5.));
#3292 = CARTESIAN_POINT('',(13.180459897067,-29.81792707391,5.));
#3293 = CARTESIAN_POINT('',(13.821224281915,-29.24406188385,5.));
#3294 = CARTESIAN_POINT('',(14.590478085502,-28.73555096594,5.));
#3295 = CARTESIAN_POINT('',(15.415488360301,-28.32361308903,5.));
#3296 = CARTESIAN_POINT('',(16.232852385665,-28.05562744894,5.));
#3297 = CARTESIAN_POINT('',(16.994204144048,-27.82547695297,5.));
#3298 = CARTESIAN_POINT('',(17.693676627276,-27.86551971788,5.));
#3299 = CARTESIAN_POINT('',(18.299955459839,-27.75732483086,5.));
#3300 = CARTESIAN_POINT('',(18.841535962981,-27.70726922153,5.));
#3301 = CARTESIAN_POINT('',(19.350562235333,-27.65037476571,5.));
#3302 = CARTESIAN_POINT('',(19.845831997255,-27.58874898868,5.));
#3303 = CARTESIAN_POINT('',(20.339631821233,-27.51236251184,5.));
#3304 = CARTESIAN_POINT('',(20.840302242111,-27.41612994572,5.));
#3305 = CARTESIAN_POINT('',(21.351624134021,-27.29339934873,5.));
#3306 = CARTESIAN_POINT('',(21.877268567492,-27.1431316916,5.));
#3307 = CARTESIAN_POINT('',(22.407273903469,-26.94577305803,5.));
#3308 = CARTESIAN_POINT('',(22.967000128698,-26.76039840795,5.));
#3309 = CARTESIAN_POINT('',(23.42315564219,-26.35223430842,5.));
#3310 = CARTESIAN_POINT('',(23.988713928765,-26.08832964966,5.));
#3311 = CARTESIAN_POINT('',(24.522689622112,-25.72452651342,5.));
#3312 = CARTESIAN_POINT('',(25.052990994615,-25.33311601006,5.));
#3313 = CARTESIAN_POINT('',(25.562191437416,-24.89682161251,5.));
#3314 = CARTESIAN_POINT('',(26.047500889271,-24.4238112551,5.));
#3315 = CARTESIAN_POINT('',(26.350655708819,-24.08594708577,5.));
#3316 = CARTESIAN_POINT('',(26.496853284026,-23.91169908033,5.));
#3317 = ORIENTED_EDGE('',*,*,#3318,.F.);
#3318 = EDGE_CURVE('',#3319,#3269,#3321,.T.);
#3319 = VERTEX_POINT('',#3320);
#3320 = CARTESIAN_POINT('',(26.496853284026,-23.91169908033,0.));
#3321 = LINE('',#3322,#3323);
#3322 = CARTESIAN_POINT('',(26.496853284026,-23.91169908033,0.));
#3323 = VECTOR('',#3324,1.);
#3324 = DIRECTION('',(0.,0.,1.));
#3325 = ORIENTED_EDGE('',*,*,#3326,.F.);
#3326 = EDGE_CURVE('',#3160,#3319,#3327,.T.);
#3327 = B_SPLINE_CURVE_WITH_KNOTS('',3,(#3328,#3329,#3330,#3331,#3332,
    #3333,#3334,#3335,#3336,#3337,#3338,#3339,#3340,#3341,#3342,#3343,
    #3344,#3345,#3346,#3347,#3348,#3349,#3350,#3351,#3352,#3353,#3354,
    #3355,#3356,#3357,#3358,#3359,#3360,#3361,#3362,#3363,#3364,#3365,
    #3366,#3367,#3368,#3369,#3370,#3371,#3372),.UNSPECIFIED.,.F.,.F.,(4,
    1,1,1,1,1,1,1,1,1,1,1,1,1,1,1,1,1,1,1,1,1,1,1,1,1,1,1,1,1,1,1,1,1,1,
    1,1,1,1,1,1,1,4),(0.,0.682243031795,1.36073038675,2.031787479255,
    2.691905531904,3.33783397807,3.966685540456,4.554451155201,
    5.144017040623,5.71133018399,6.256551195988,6.781263747608,
    7.28892317091,7.785457048834,8.280047766171,8.78607405982,
    9.322008260957,9.911580910146,10.629001082897,11.399049790332,
    12.272210591893,13.213322186779,14.154433781664,15.027594583225,
    15.79764329066,16.515063463411,17.1046361126,17.640570313737,
    18.146596607386,18.641187324723,19.137721202647,19.645380625949,
    20.170093177569,20.715314189567,21.282627332934,21.872193218356,
    22.459958833101,23.088810395487,23.734738841653,24.394856894302,
    25.065913986807,25.744401341762,26.426644373557),.UNSPECIFIED.);
#3328 = CARTESIAN_POINT('',(4.45971220921,-36.63484841205,0.));
#3329 = CARTESIAN_POINT('',(4.683714196076,-36.59536160066,0.));
#3330 = CARTESIAN_POINT('',(5.127890559522,-36.50175391032,0.));
#3331 = CARTESIAN_POINT('',(5.780184271218,-36.31796877502,0.));
#3332 = CARTESIAN_POINT('',(6.41262652443,-36.09513545472,0.));
#3333 = CARTESIAN_POINT('',(7.0167486499,-35.83158624615,0.));
#3334 = CARTESIAN_POINT('',(7.59879925453,-35.55105129882,0.));
#3335 = CARTESIAN_POINT('',(8.110126536479,-35.19321578471,0.));
#3336 = CARTESIAN_POINT('',(8.691684772335,-35.00225557172,0.));
#3337 = CARTESIAN_POINT('',(9.132087041135,-34.61020576654,0.));
#3338 = CARTESIAN_POINT('',(9.568007299451,-34.24988699823,0.));
#3339 = CARTESIAN_POINT('',(9.96096512463,-33.86979939405,0.));
#3340 = CARTESIAN_POINT('',(10.322913885397,-33.48834694464,0.));
#3341 = CARTESIAN_POINT('',(10.656588942766,-33.1028699243,0.));
#3342 = CARTESIAN_POINT('',(10.969641484209,-32.71341997077,0.));
#3343 = CARTESIAN_POINT('',(11.2706458536,-32.31531666373,0.));
#3344 = CARTESIAN_POINT('',(11.574431033857,-31.90293420859,0.));
#3345 = CARTESIAN_POINT('',(11.888570714707,-31.45893953934,0.));
#3346 = CARTESIAN_POINT('',(12.285409651708,-30.98798411208,0.));
#3347 = CARTESIAN_POINT('',(12.600467841669,-30.36220178989,0.));
#3348 = CARTESIAN_POINT('',(13.180459897067,-29.81792707391,0.));
#3349 = CARTESIAN_POINT('',(13.821224281915,-29.24406188385,0.));
#3350 = CARTESIAN_POINT('',(14.590478085502,-28.73555096594,0.));
#3351 = CARTESIAN_POINT('',(15.415488360301,-28.32361308903,0.));
#3352 = CARTESIAN_POINT('',(16.232852385665,-28.05562744894,0.));
#3353 = CARTESIAN_POINT('',(16.994204144048,-27.82547695297,0.));
#3354 = CARTESIAN_POINT('',(17.693676627276,-27.86551971788,0.));
#3355 = CARTESIAN_POINT('',(18.299955459839,-27.75732483086,0.));
#3356 = CARTESIAN_POINT('',(18.841535962981,-27.70726922153,0.));
#3357 = CARTESIAN_POINT('',(19.350562235333,-27.65037476571,0.));
#3358 = CARTESIAN_POINT('',(19.845831997255,-27.58874898868,0.));
#3359 = CARTESIAN_POINT('',(20.339631821233,-27.51236251184,0.));
#3360 = CARTESIAN_POINT('',(20.840302242111,-27.41612994572,0.));
#3361 = CARTESIAN_POINT('',(21.351624134021,-27.29339934873,0.));
#3362 = CARTESIAN_POINT('',(21.877268567492,-27.1431316916,0.));
#3363 = CARTESIAN_POINT('',(22.407273903469,-26.94577305803,0.));
#3364 = CARTESIAN_POINT('',(22.967000128698,-26.76039840795,0.));
#3365 = CARTESIAN_POINT('',(23.42315564219,-26.35223430842,0.));
#3366 = CARTESIAN_POINT('',(23.988713928765,-26.08832964966,0.));
#3367 = CARTESIAN_POINT('',(24.522689622112,-25.72452651342,0.));
#3368 = CARTESIAN_POINT('',(25.052990994615,-25.33311601006,0.));
#3369 = CARTESIAN_POINT('',(25.562191437416,-24.89682161251,0.));
#3370 = CARTESIAN_POINT('',(26.047500889271,-24.4238112551,0.));
#3371 = CARTESIAN_POINT('',(26.350655708819,-24.08594708577,0.));
#3372 = CARTESIAN_POINT('',(26.496853284026,-23.91169908033,0.));
#3373 = SURFACE_OF_LINEAR_EXTRUSION('',#3374,#3420);
#3374 = B_SPLINE_CURVE_WITH_KNOTS('',3,(#3375,#3376,#3377,#3378,#3379,
    #3380,#3381,#3382,#3383,#3384,#3385,#3386,#3387,#3388,#3389,#3390,
    #3391,#3392,#3393,#3394,#3395,#3396,#3397,#3398,#3399,#3400,#3401,
    #3402,#3403,#3404,#3405,#3406,#3407,#3408,#3409,#3410,#3411,#3412,
    #3413,#3414,#3415,#3416,#3417,#3418,#3419),.UNSPECIFIED.,.F.,.F.,(4,
    1,1,1,1,1,1,1,1,1,1,1,1,1,1,1,1,1,1,1,1,1,1,1,1,1,1,1,1,1,1,1,1,1,1,
    1,1,1,1,1,1,1,4),(0.,0.682243031795,1.36073038675,2.031787479255,
    2.691905531904,3.33783397807,3.966685540456,4.554451155201,
    5.144017040623,5.71133018399,6.256551195988,6.781263747608,
    7.28892317091,7.785457048834,8.280047766171,8.78607405982,
    9.322008260957,9.911580910146,10.629001082897,11.399049790332,
    12.272210591893,13.213322186779,14.154433781664,15.027594583225,
    15.79764329066,16.515063463411,17.1046361126,17.640570313737,
    18.146596607386,18.641187324723,19.137721202647,19.645380625949,
    20.170093177569,20.715314189567,21.282627332934,21.872193218356,
    22.459958833101,23.088810395487,23.734738841653,24.394856894302,
    25.065913986807,25.744401341762,26.426644373557),.UNSPECIFIED.);
#3375 = CARTESIAN_POINT('',(4.45971220921,-36.63484841205,0.));
#3376 = CARTESIAN_POINT('',(4.683714196076,-36.59536160066,0.));
#3377 = CARTESIAN_POINT('',(5.127890559522,-36.50175391032,0.));
#3378 = CARTESIAN_POINT('',(5.780184271218,-36.31796877502,0.));
#3379 = CARTESIAN_POINT('',(6.41262652443,-36.09513545472,0.));
#3380 = CARTESIAN_POINT('',(7.0167486499,-35.83158624615,0.));
#3381 = CARTESIAN_POINT('',(7.59879925453,-35.55105129882,0.));
#3382 = CARTESIAN_POINT('',(8.110126536479,-35.19321578471,0.));
#3383 = CARTESIAN_POINT('',(8.691684772335,-35.00225557172,0.));
#3384 = CARTESIAN_POINT('',(9.132087041135,-34.61020576654,0.));
#3385 = CARTESIAN_POINT('',(9.568007299451,-34.24988699823,0.));
#3386 = CARTESIAN_POINT('',(9.96096512463,-33.86979939405,0.));
#3387 = CARTESIAN_POINT('',(10.322913885397,-33.48834694464,0.));
#3388 = CARTESIAN_POINT('',(10.656588942766,-33.1028699243,0.));
#3389 = CARTESIAN_POINT('',(10.969641484209,-32.71341997077,0.));
#3390 = CARTESIAN_POINT('',(11.2706458536,-32.31531666373,0.));
#3391 = CARTESIAN_POINT('',(11.574431033857,-31.90293420859,0.));
#3392 = CARTESIAN_POINT('',(11.888570714707,-31.45893953934,0.));
#3393 = CARTESIAN_POINT('',(12.285409651708,-30.98798411208,0.));
#3394 = CARTESIAN_POINT('',(12.600467841669,-30.36220178989,0.));
#3395 = CARTESIAN_POINT('',(13.180459897067,-29.81792707391,0.));
#3396 = CARTESIAN_POINT('',(13.821224281915,-29.24406188385,0.));
#3397 = CARTESIAN_POINT('',(14.590478085502,-28.73555096594,0.));
#3398 = CARTESIAN_POINT('',(15.415488360301,-28.32361308903,0.));
#3399 = CARTESIAN_POINT('',(16.232852385665,-28.05562744894,0.));
#3400 = CARTESIAN_POINT('',(16.994204144048,-27.82547695297,0.));
#3401 = CARTESIAN_POINT('',(17.693676627276,-27.86551971788,0.));
#3402 = CARTESIAN_POINT('',(18.299955459839,-27.75732483086,0.));
#3403 = CARTESIAN_POINT('',(18.841535962981,-27.70726922153,0.));
#3404 = CARTESIAN_POINT('',(19.350562235333,-27.65037476571,0.));
#3405 = CARTESIAN_POINT('',(19.845831997255,-27.58874898868,0.));
#3406 = CARTESIAN_POINT('',(20.339631821233,-27.51236251184,0.));
#3407 = CARTESIAN_POINT('',(20.840302242111,-27.41612994572,0.));
#3408 = CARTESIAN_POINT('',(21.351624134021,-27.29339934873,0.));
#3409 = CARTESIAN_POINT('',(21.877268567492,-27.1431316916,0.));
#3410 = CARTESIAN_POINT('',(22.407273903469,-26.94577305803,0.));
#3411 = CARTESIAN_POINT('',(22.967000128698,-26.76039840795,0.));
#3412 = CARTESIAN_POINT('',(23.42315564219,-26.35223430842,0.));
#3413 = CARTESIAN_POINT('',(23.988713928765,-26.08832964966,0.));
#3414 = CARTESIAN_POINT('',(24.522689622112,-25.72452651342,0.));
#3415 = CARTESIAN_POINT('',(25.052990994615,-25.33311601006,0.));
#3416 = CARTESIAN_POINT('',(25.562191437416,-24.89682161251,0.));
#3417 = CARTESIAN_POINT('',(26.047500889271,-24.4238112551,0.));
#3418 = CARTESIAN_POINT('',(26.350655708819,-24.08594708577,0.));
#3419 = CARTESIAN_POINT('',(26.496853284026,-23.91169908033,0.));
#3420 = VECTOR('',#3421,1.);
#3421 = DIRECTION('',(-0.,-0.,-1.));
#3422 = ADVANCED_FACE('',(#3423),#3532,.F.);
#3423 = FACE_BOUND('',#3424,.F.);
#3424 = EDGE_LOOP('',(#3425,#3426,#3476,#3484));
#3425 = ORIENTED_EDGE('',*,*,#3318,.T.);
#3426 = ORIENTED_EDGE('',*,*,#3427,.T.);
#3427 = EDGE_CURVE('',#3269,#3428,#3430,.T.);
#3428 = VERTEX_POINT('',#3429);
#3429 = CARTESIAN_POINT('',(35.2,-8.215650382853E-15,5.));
#3430 = B_SPLINE_CURVE_WITH_KNOTS('',3,(#3431,#3432,#3433,#3434,#3435,
    #3436,#3437,#3438,#3439,#3440,#3441,#3442,#3443,#3444,#3445,#3446,
    #3447,#3448,#3449,#3450,#3451,#3452,#3453,#3454,#3455,#3456,#3457,
    #3458,#3459,#3460,#3461,#3462,#3463,#3464,#3465,#3466,#3467,#3468,
    #3469,#3470,#3471,#3472,#3473,#3474,#3475),.UNSPECIFIED.,.F.,.F.,(4,
    1,1,1,1,1,1,1,1,1,1,1,1,1,1,1,1,1,1,1,1,1,1,1,1,1,1,1,1,1,1,1,1,1,1,
    1,1,1,1,1,1,1,4),(0.,0.682243031795,1.36073038675,2.031787479255,
    2.691905531904,3.33783397807,3.966685540456,4.554451155201,
    5.144017040623,5.71133018399,6.256551195988,6.781263747608,
    7.28892317091,7.785457048834,8.280047766171,8.78607405982,
    9.322008260957,9.911580910146,10.629001082897,11.399049790332,
    12.272210591893,13.213322186779,14.154433781664,15.027594583225,
    15.79764329066,16.515063463411,17.1046361126,17.640570313737,
    18.146596607386,18.641187324723,19.137721202647,19.645380625949,
    20.170093177569,20.715314189567,21.282627332934,21.872193218356,
    22.459958833101,23.088810395487,23.734738841653,24.394856894302,
    25.065913986807,25.744401341762,26.426644373557),.UNSPECIFIED.);
#3431 = CARTESIAN_POINT('',(26.496853284026,-23.91169908033,5.));
#3432 = CARTESIAN_POINT('',(26.643067128209,-23.73746472619,5.));
#3433 = CARTESIAN_POINT('',(26.923156099668,-23.38024601224,5.));
#3434 = CARTESIAN_POINT('',(27.30470726498,-22.82017211486,5.));
#3435 = CARTESIAN_POINT('',(27.645951641327,-22.24294584389,5.));
#3436 = CARTESIAN_POINT('',(27.939329872699,-21.65273322019,5.));
#3437 = CARTESIAN_POINT('',(28.204882115766,-21.06369606582,5.));
#3438 = CARTESIAN_POINT('',(28.366569303938,-20.46090331735,5.));
#3439 = CARTESIAN_POINT('',(28.68932190001,-19.94080087901,5.));
#3440 = CARTESIAN_POINT('',(28.774684853616,-19.35738818267,5.));
#3441 = CARTESIAN_POINT('',(28.877010705334,-18.8011638516,5.));
#3442 = CARTESIAN_POINT('',(28.933718261131,-18.25741143336,5.));
#3443 = CARTESIAN_POINT('',(28.965794189844,-17.73254572541,5.));
#3444 = CARTESIAN_POINT('',(28.973624260853,-17.22277100349,5.));
#3445 = CARTESIAN_POINT('',(28.96310281591,-16.7232087359,5.));
#3446 = CARTESIAN_POINT('',(28.937789667296,-16.22476203065,5.));
#3447 = CARTESIAN_POINT('',(28.90542828392,-15.71358939257,5.));
#3448 = CARTESIAN_POINT('',(28.860678968636,-15.17154464886,5.));
#3449 = CARTESIAN_POINT('',(28.861950917778,-14.5556887091,5.));
#3450 = CARTESIAN_POINT('',(28.701054370398,-13.87379613775,5.));
#3451 = CARTESIAN_POINT('',(28.795501017786,-13.08404580911,5.));
#3452 = CARTESIAN_POINT('',(28.917481580346,-12.23256416186,5.));
#3453 = CARTESIAN_POINT('',(29.179899664514,-11.34855538529,5.));
#3454 = CARTESIAN_POINT('',(29.547105637799,-10.50268628126,5.));
#3455 = CARTESIAN_POINT('',(30.000984958412,-9.772005902733,5.));
#3456 = CARTESIAN_POINT('',(30.436276355005,-9.106312917309,5.));
#3457 = CARTESIAN_POINT('',(30.99784235704,-8.687375209323,5.));
#3458 = CARTESIAN_POINT('',(31.392732554898,-8.21478459576,5.));
#3459 = CARTESIAN_POINT('',(31.775432164361,-7.828318537321,5.));
#3460 = CARTESIAN_POINT('',(32.128797860432,-7.457539074717,5.));
#3461 = CARTESIAN_POINT('',(32.46858422349,-7.09197772426,5.));
#3462 = CARTESIAN_POINT('',(32.797756553797,-6.716053879624,5.));
#3463 = CARTESIAN_POINT('',(33.119435246395,-6.320510714025,5.));
#3464 = CARTESIAN_POINT('',(33.432240833265,-5.897822245521,5.));
#3465 = CARTESIAN_POINT('',(33.738317642442,-5.44483281286,5.));
#3466 = CARTESIAN_POINT('',(34.017465600566,-4.952966465278,5.));
#3467 = CARTESIAN_POINT('',(34.327084236851,-4.451176162296,5.));
#3468 = CARTESIAN_POINT('',(34.414156807259,-3.845293209804,5.));
#3469 = CARTESIAN_POINT('',(34.677764945162,-3.279596653284,5.));
#3470 = CARTESIAN_POINT('',(34.852965909473,-2.657674322824,5.));
#3471 = CARTESIAN_POINT('',(35.007606507196,-2.016965330101,5.));
#3472 = CARTESIAN_POINT('',(35.117232043914,-1.355436695811,5.));
#3473 = CARTESIAN_POINT('',(35.184955455705,-0.681138837464,5.));
#3474 = CARTESIAN_POINT('',(35.20001061882,-0.227455706195,5.));
#3475 = CARTESIAN_POINT('',(35.2,-7.771561172376E-15,5.));
#3476 = ORIENTED_EDGE('',*,*,#3477,.F.);
#3477 = EDGE_CURVE('',#3478,#3428,#3480,.T.);
#3478 = VERTEX_POINT('',#3479);
#3479 = CARTESIAN_POINT('',(35.2,-8.215650382853E-15,0.));
#3480 = LINE('',#3481,#3482);
#3481 = CARTESIAN_POINT('',(35.2,-8.215650382853E-15,0.));
#3482 = VECTOR('',#3483,1.);
#3483 = DIRECTION('',(0.,0.,1.));
#3484 = ORIENTED_EDGE('',*,*,#3485,.F.);
#3485 = EDGE_CURVE('',#3319,#3478,#3486,.T.);
#3486 = B_SPLINE_CURVE_WITH_KNOTS('',3,(#3487,#3488,#3489,#3490,#3491,
    #3492,#3493,#3494,#3495,#3496,#3497,#3498,#3499,#3500,#3501,#3502,
    #3503,#3504,#3505,#3506,#3507,#3508,#3509,#3510,#3511,#3512,#3513,
    #3514,#3515,#3516,#3517,#3518,#3519,#3520,#3521,#3522,#3523,#3524,
    #3525,#3526,#3527,#3528,#3529,#3530,#3531),.UNSPECIFIED.,.F.,.F.,(4,
    1,1,1,1,1,1,1,1,1,1,1,1,1,1,1,1,1,1,1,1,1,1,1,1,1,1,1,1,1,1,1,1,1,1,
    1,1,1,1,1,1,1,4),(0.,0.682243031795,1.36073038675,2.031787479255,
    2.691905531904,3.33783397807,3.966685540456,4.554451155201,
    5.144017040623,5.71133018399,6.256551195988,6.781263747608,
    7.28892317091,7.785457048834,8.280047766171,8.78607405982,
    9.322008260957,9.911580910146,10.629001082897,11.399049790332,
    12.272210591893,13.213322186779,14.154433781664,15.027594583225,
    15.79764329066,16.515063463411,17.1046361126,17.640570313737,
    18.146596607386,18.641187324723,19.137721202647,19.645380625949,
    20.170093177569,20.715314189567,21.282627332934,21.872193218356,
    22.459958833101,23.088810395487,23.734738841653,24.394856894302,
    25.065913986807,25.744401341762,26.426644373557),.UNSPECIFIED.);
#3487 = CARTESIAN_POINT('',(26.496853284026,-23.91169908033,0.));
#3488 = CARTESIAN_POINT('',(26.643067128209,-23.73746472619,0.));
#3489 = CARTESIAN_POINT('',(26.923156099668,-23.38024601224,0.));
#3490 = CARTESIAN_POINT('',(27.30470726498,-22.82017211486,0.));
#3491 = CARTESIAN_POINT('',(27.645951641327,-22.24294584389,0.));
#3492 = CARTESIAN_POINT('',(27.939329872699,-21.65273322019,0.));
#3493 = CARTESIAN_POINT('',(28.204882115766,-21.06369606582,0.));
#3494 = CARTESIAN_POINT('',(28.366569303938,-20.46090331735,0.));
#3495 = CARTESIAN_POINT('',(28.68932190001,-19.94080087901,0.));
#3496 = CARTESIAN_POINT('',(28.774684853616,-19.35738818267,0.));
#3497 = CARTESIAN_POINT('',(28.877010705334,-18.8011638516,0.));
#3498 = CARTESIAN_POINT('',(28.933718261131,-18.25741143336,0.));
#3499 = CARTESIAN_POINT('',(28.965794189844,-17.73254572541,0.));
#3500 = CARTESIAN_POINT('',(28.973624260853,-17.22277100349,0.));
#3501 = CARTESIAN_POINT('',(28.96310281591,-16.7232087359,0.));
#3502 = CARTESIAN_POINT('',(28.937789667296,-16.22476203065,0.));
#3503 = CARTESIAN_POINT('',(28.90542828392,-15.71358939257,0.));
#3504 = CARTESIAN_POINT('',(28.860678968636,-15.17154464886,0.));
#3505 = CARTESIAN_POINT('',(28.861950917778,-14.5556887091,0.));
#3506 = CARTESIAN_POINT('',(28.701054370398,-13.87379613775,0.));
#3507 = CARTESIAN_POINT('',(28.795501017786,-13.08404580911,0.));
#3508 = CARTESIAN_POINT('',(28.917481580346,-12.23256416186,0.));
#3509 = CARTESIAN_POINT('',(29.179899664514,-11.34855538529,0.));
#3510 = CARTESIAN_POINT('',(29.547105637799,-10.50268628126,0.));
#3511 = CARTESIAN_POINT('',(30.000984958412,-9.772005902733,0.));
#3512 = CARTESIAN_POINT('',(30.436276355005,-9.106312917309,0.));
#3513 = CARTESIAN_POINT('',(30.99784235704,-8.687375209323,0.));
#3514 = CARTESIAN_POINT('',(31.392732554898,-8.21478459576,0.));
#3515 = CARTESIAN_POINT('',(31.775432164361,-7.828318537321,0.));
#3516 = CARTESIAN_POINT('',(32.128797860432,-7.457539074717,0.));
#3517 = CARTESIAN_POINT('',(32.46858422349,-7.09197772426,0.));
#3518 = CARTESIAN_POINT('',(32.797756553797,-6.716053879624,0.));
#3519 = CARTESIAN_POINT('',(33.119435246395,-6.320510714025,0.));
#3520 = CARTESIAN_POINT('',(33.432240833265,-5.897822245521,0.));
#3521 = CARTESIAN_POINT('',(33.738317642442,-5.44483281286,0.));
#3522 = CARTESIAN_POINT('',(34.017465600566,-4.952966465278,0.));
#3523 = CARTESIAN_POINT('',(34.327084236851,-4.451176162296,0.));
#3524 = CARTESIAN_POINT('',(34.414156807259,-3.845293209804,0.));
#3525 = CARTESIAN_POINT('',(34.677764945162,-3.279596653284,0.));
#3526 = CARTESIAN_POINT('',(34.852965909473,-2.657674322824,0.));
#3527 = CARTESIAN_POINT('',(35.007606507196,-2.016965330101,0.));
#3528 = CARTESIAN_POINT('',(35.117232043914,-1.355436695811,0.));
#3529 = CARTESIAN_POINT('',(35.184955455705,-0.681138837464,0.));
#3530 = CARTESIAN_POINT('',(35.20001061882,-0.227455706195,0.));
#3531 = CARTESIAN_POINT('',(35.2,-7.771561172376E-15,0.));
#3532 = SURFACE_OF_LINEAR_EXTRUSION('',#3533,#3579);
#3533 = B_SPLINE_CURVE_WITH_KNOTS('',3,(#3534,#3535,#3536,#3537,#3538,
    #3539,#3540,#3541,#3542,#3543,#3544,#3545,#3546,#3547,#3548,#3549,
    #3550,#3551,#3552,#3553,#3554,#3555,#3556,#3557,#3558,#3559,#3560,
    #3561,#3562,#3563,#3564,#3565,#3566,#3567,#3568,#3569,#3570,#3571,
    #3572,#3573,#3574,#3575,#3576,#3577,#3578),.UNSPECIFIED.,.F.,.F.,(4,
    1,1,1,1,1,1,1,1,1,1,1,1,1,1,1,1,1,1,1,1,1,1,1,1,1,1,1,1,1,1,1,1,1,1,
    1,1,1,1,1,1,1,4),(0.,0.682243031795,1.36073038675,2.031787479255,
    2.691905531904,3.33783397807,3.966685540456,4.554451155201,
    5.144017040623,5.71133018399,6.256551195988,6.781263747608,
    7.28892317091,7.785457048834,8.280047766171,8.78607405982,
    9.322008260957,9.911580910146,10.629001082897,11.399049790332,
    12.272210591893,13.213322186779,14.154433781664,15.027594583225,
    15.79764329066,16.515063463411,17.1046361126,17.640570313737,
    18.146596607386,18.641187324723,19.137721202647,19.645380625949,
    20.170093177569,20.715314189567,21.282627332934,21.872193218356,
    22.459958833101,23.088810395487,23.734738841653,24.394856894302,
    25.065913986807,25.744401341762,26.426644373557),.UNSPECIFIED.);
#3534 = CARTESIAN_POINT('',(26.496853284026,-23.91169908033,0.));
#3535 = CARTESIAN_POINT('',(26.643067128209,-23.73746472619,0.));
#3536 = CARTESIAN_POINT('',(26.923156099668,-23.38024601224,0.));
#3537 = CARTESIAN_POINT('',(27.30470726498,-22.82017211486,0.));
#3538 = CARTESIAN_POINT('',(27.645951641327,-22.24294584389,0.));
#3539 = CARTESIAN_POINT('',(27.939329872699,-21.65273322019,0.));
#3540 = CARTESIAN_POINT('',(28.204882115766,-21.06369606582,0.));
#3541 = CARTESIAN_POINT('',(28.366569303938,-20.46090331735,0.));
#3542 = CARTESIAN_POINT('',(28.68932190001,-19.94080087901,0.));
#3543 = CARTESIAN_POINT('',(28.774684853616,-19.35738818267,0.));
#3544 = CARTESIAN_POINT('',(28.877010705334,-18.8011638516,0.));
#3545 = CARTESIAN_POINT('',(28.933718261131,-18.25741143336,0.));
#3546 = CARTESIAN_POINT('',(28.965794189844,-17.73254572541,0.));
#3547 = CARTESIAN_POINT('',(28.973624260853,-17.22277100349,0.));
#3548 = CARTESIAN_POINT('',(28.96310281591,-16.7232087359,0.));
#3549 = CARTESIAN_POINT('',(28.937789667296,-16.22476203065,0.));
#3550 = CARTESIAN_POINT('',(28.90542828392,-15.71358939257,0.));
#3551 = CARTESIAN_POINT('',(28.860678968636,-15.17154464886,0.));
#3552 = CARTESIAN_POINT('',(28.861950917778,-14.5556887091,0.));
#3553 = CARTESIAN_POINT('',(28.701054370398,-13.87379613775,0.));
#3554 = CARTESIAN_POINT('',(28.795501017786,-13.08404580911,0.));
#3555 = CARTESIAN_POINT('',(28.917481580346,-12.23256416186,0.));
#3556 = CARTESIAN_POINT('',(29.179899664514,-11.34855538529,0.));
#3557 = CARTESIAN_POINT('',(29.547105637799,-10.50268628126,0.));
#3558 = CARTESIAN_POINT('',(30.000984958412,-9.772005902733,0.));
#3559 = CARTESIAN_POINT('',(30.436276355005,-9.106312917309,0.));
#3560 = CARTESIAN_POINT('',(30.99784235704,-8.687375209323,0.));
#3561 = CARTESIAN_POINT('',(31.392732554898,-8.21478459576,0.));
#3562 = CARTESIAN_POINT('',(31.775432164361,-7.828318537321,0.));
#3563 = CARTESIAN_POINT('',(32.128797860432,-7.457539074717,0.));
#3564 = CARTESIAN_POINT('',(32.46858422349,-7.09197772426,0.));
#3565 = CARTESIAN_POINT('',(32.797756553797,-6.716053879624,0.));
#3566 = CARTESIAN_POINT('',(33.119435246395,-6.320510714025,0.));
#3567 = CARTESIAN_POINT('',(33.432240833265,-5.897822245521,0.));
#3568 = CARTESIAN_POINT('',(33.738317642442,-5.44483281286,0.));
#3569 = CARTESIAN_POINT('',(34.017465600566,-4.952966465278,0.));
#3570 = CARTESIAN_POINT('',(34.327084236851,-4.451176162296,0.));
#3571 = CARTESIAN_POINT('',(34.414156807259,-3.845293209804,0.));
#3572 = CARTESIAN_POINT('',(34.677764945162,-3.279596653284,0.));
#3573 = CARTESIAN_POINT('',(34.852965909473,-2.657674322824,0.));
#3574 = CARTESIAN_POINT('',(35.007606507196,-2.016965330101,0.));
#3575 = CARTESIAN_POINT('',(35.117232043914,-1.355436695811,0.));
#3576 = CARTESIAN_POINT('',(35.184955455705,-0.681138837464,0.));
#3577 = CARTESIAN_POINT('',(35.20001061882,-0.227455706195,0.));
#3578 = CARTESIAN_POINT('',(35.2,-7.771561172376E-15,0.));
#3579 = VECTOR('',#3580,1.);
#3580 = DIRECTION('',(-0.,-0.,-1.));
#3581 = ADVANCED_FACE('',(#3582),#3682,.F.);
#3582 = FACE_BOUND('',#3583,.F.);
#3583 = EDGE_LOOP('',(#3584,#3585,#3633,#3634));
#3584 = ORIENTED_EDGE('',*,*,#3477,.T.);
#3585 = ORIENTED_EDGE('',*,*,#3586,.T.);
#3586 = EDGE_CURVE('',#3428,#2307,#3587,.T.);
#3587 = B_SPLINE_CURVE_WITH_KNOTS('',3,(#3588,#3589,#3590,#3591,#3592,
    #3593,#3594,#3595,#3596,#3597,#3598,#3599,#3600,#3601,#3602,#3603,
    #3604,#3605,#3606,#3607,#3608,#3609,#3610,#3611,#3612,#3613,#3614,
    #3615,#3616,#3617,#3618,#3619,#3620,#3621,#3622,#3623,#3624,#3625,
    #3626,#3627,#3628,#3629,#3630,#3631,#3632),.UNSPECIFIED.,.F.,.F.,(4,
    1,1,1,1,1,1,1,1,1,1,1,1,1,1,1,1,1,1,1,1,1,1,1,1,1,1,1,1,1,1,1,1,1,1,
    1,1,1,1,1,1,1,4),(0.,0.682243031795,1.36073038675,2.031787479255,
    2.691905531904,3.33783397807,3.966685540456,4.554451155201,
    5.144017040623,5.71133018399,6.256551195988,6.781263747608,
    7.28892317091,7.785457048834,8.280047766171,8.78607405982,
    9.322008260957,9.911580910146,10.629001082897,11.399049790332,
    12.272210591893,13.213322186779,14.154433781664,15.027594583225,
    15.79764329066,16.515063463411,17.1046361126,17.640570313737,
    18.146596607386,18.641187324723,19.137721202647,19.645380625949,
    20.170093177569,20.715314189567,21.282627332934,21.872193218356,
    22.459958833101,23.088810395487,23.734738841653,24.394856894302,
    25.065913986807,25.744401341762,26.426644373557),.UNSPECIFIED.);
#3588 = CARTESIAN_POINT('',(35.2,-8.659739592076E-15,5.));
#3589 = CARTESIAN_POINT('',(35.20001061882,0.227455706195,5.));
#3590 = CARTESIAN_POINT('',(35.184955455705,0.681138837464,5.));
#3591 = CARTESIAN_POINT('',(35.117232043914,1.355436695811,5.));
#3592 = CARTESIAN_POINT('',(35.007606507196,2.016965330101,5.));
#3593 = CARTESIAN_POINT('',(34.852965909473,2.657674322824,5.));
#3594 = CARTESIAN_POINT('',(34.677764945162,3.279596653284,5.));
#3595 = CARTESIAN_POINT('',(34.414156807259,3.845293209804,5.));
#3596 = CARTESIAN_POINT('',(34.327084236851,4.451176162296,5.));
#3597 = CARTESIAN_POINT('',(34.017465600566,4.952966465278,5.));
#3598 = CARTESIAN_POINT('',(33.738317642442,5.44483281286,5.));
#3599 = CARTESIAN_POINT('',(33.432240833265,5.897822245521,5.));
#3600 = CARTESIAN_POINT('',(33.119435246395,6.320510714025,5.));
#3601 = CARTESIAN_POINT('',(32.797756553797,6.716053879624,5.));
#3602 = CARTESIAN_POINT('',(32.46858422349,7.09197772426,5.));
#3603 = CARTESIAN_POINT('',(32.128797860432,7.457539074717,5.));
#3604 = CARTESIAN_POINT('',(31.775432164361,7.828318537321,5.));
#3605 = CARTESIAN_POINT('',(31.392732554898,8.21478459576,5.));
#3606 = CARTESIAN_POINT('',(30.99784235704,8.687375209323,5.));
#3607 = CARTESIAN_POINT('',(30.436276355005,9.106312917309,5.));
#3608 = CARTESIAN_POINT('',(30.000984958412,9.772005902733,5.));
#3609 = CARTESIAN_POINT('',(29.547105637799,10.502686281266,5.));
#3610 = CARTESIAN_POINT('',(29.179899664514,11.34855538529,5.));
#3611 = CARTESIAN_POINT('',(28.917481580346,12.232564161864,5.));
#3612 = CARTESIAN_POINT('',(28.795501017786,13.084045809118,5.));
#3613 = CARTESIAN_POINT('',(28.701054370398,13.873796137758,5.));
#3614 = CARTESIAN_POINT('',(28.861950917778,14.555688709103,5.));
#3615 = CARTESIAN_POINT('',(28.860678968636,15.171544648863,5.));
#3616 = CARTESIAN_POINT('',(28.90542828392,15.713589392579,5.));
#3617 = CARTESIAN_POINT('',(28.937789667296,16.224762030652,5.));
#3618 = CARTESIAN_POINT('',(28.96310281591,16.723208735903,5.));
#3619 = CARTESIAN_POINT('',(28.973624260853,17.222771003496,5.));
#3620 = CARTESIAN_POINT('',(28.965794189843,17.732545725418,5.));
#3621 = CARTESIAN_POINT('',(28.933718261131,18.257411433367,5.));
#3622 = CARTESIAN_POINT('',(28.877010705334,18.8011638516,5.));
#3623 = CARTESIAN_POINT('',(28.774684853616,19.357388182674,5.));
#3624 = CARTESIAN_POINT('',(28.689321900011,19.940800879016,5.));
#3625 = CARTESIAN_POINT('',(28.366569303938,20.460903317355,5.));
#3626 = CARTESIAN_POINT('',(28.204882115766,21.063696065825,5.));
#3627 = CARTESIAN_POINT('',(27.939329872699,21.652733220191,5.));
#3628 = CARTESIAN_POINT('',(27.645951641327,22.242945843893,5.));
#3629 = CARTESIAN_POINT('',(27.30470726498,22.820172114862,5.));
#3630 = CARTESIAN_POINT('',(26.923156099668,23.380246012241,5.));
#3631 = CARTESIAN_POINT('',(26.643067128209,23.737464726199,5.));
#3632 = CARTESIAN_POINT('',(26.496853284026,23.911699080339,5.));
#3633 = ORIENTED_EDGE('',*,*,#2304,.F.);
#3634 = ORIENTED_EDGE('',*,*,#3635,.F.);
#3635 = EDGE_CURVE('',#3478,#2305,#3636,.T.);
#3636 = B_SPLINE_CURVE_WITH_KNOTS('',3,(#3637,#3638,#3639,#3640,#3641,
    #3642,#3643,#3644,#3645,#3646,#3647,#3648,#3649,#3650,#3651,#3652,
    #3653,#3654,#3655,#3656,#3657,#3658,#3659,#3660,#3661,#3662,#3663,
    #3664,#3665,#3666,#3667,#3668,#3669,#3670,#3671,#3672,#3673,#3674,
    #3675,#3676,#3677,#3678,#3679,#3680,#3681),.UNSPECIFIED.,.F.,.F.,(4,
    1,1,1,1,1,1,1,1,1,1,1,1,1,1,1,1,1,1,1,1,1,1,1,1,1,1,1,1,1,1,1,1,1,1,
    1,1,1,1,1,1,1,4),(0.,0.682243031795,1.36073038675,2.031787479255,
    2.691905531904,3.33783397807,3.966685540456,4.554451155201,
    5.144017040623,5.71133018399,6.256551195988,6.781263747608,
    7.28892317091,7.785457048834,8.280047766171,8.78607405982,
    9.322008260957,9.911580910146,10.629001082897,11.399049790332,
    12.272210591893,13.213322186779,14.154433781664,15.027594583225,
    15.79764329066,16.515063463411,17.1046361126,17.640570313737,
    18.146596607386,18.641187324723,19.137721202647,19.645380625949,
    20.170093177569,20.715314189567,21.282627332934,21.872193218356,
    22.459958833101,23.088810395487,23.734738841653,24.394856894302,
    25.065913986807,25.744401341762,26.426644373557),.UNSPECIFIED.);
#3637 = CARTESIAN_POINT('',(35.2,-8.659739592076E-15,0.));
#3638 = CARTESIAN_POINT('',(35.20001061882,0.227455706195,0.));
#3639 = CARTESIAN_POINT('',(35.184955455705,0.681138837464,0.));
#3640 = CARTESIAN_POINT('',(35.117232043914,1.355436695811,0.));
#3641 = CARTESIAN_POINT('',(35.007606507196,2.016965330101,0.));
#3642 = CARTESIAN_POINT('',(34.852965909473,2.657674322824,0.));
#3643 = CARTESIAN_POINT('',(34.677764945162,3.279596653284,0.));
#3644 = CARTESIAN_POINT('',(34.414156807259,3.845293209804,0.));
#3645 = CARTESIAN_POINT('',(34.327084236851,4.451176162296,0.));
#3646 = CARTESIAN_POINT('',(34.017465600566,4.952966465278,0.));
#3647 = CARTESIAN_POINT('',(33.738317642442,5.44483281286,0.));
#3648 = CARTESIAN_POINT('',(33.432240833265,5.897822245521,0.));
#3649 = CARTESIAN_POINT('',(33.119435246395,6.320510714025,0.));
#3650 = CARTESIAN_POINT('',(32.797756553797,6.716053879624,0.));
#3651 = CARTESIAN_POINT('',(32.46858422349,7.09197772426,0.));
#3652 = CARTESIAN_POINT('',(32.128797860432,7.457539074717,0.));
#3653 = CARTESIAN_POINT('',(31.775432164361,7.828318537321,0.));
#3654 = CARTESIAN_POINT('',(31.392732554898,8.21478459576,0.));
#3655 = CARTESIAN_POINT('',(30.99784235704,8.687375209323,0.));
#3656 = CARTESIAN_POINT('',(30.436276355005,9.106312917309,0.));
#3657 = CARTESIAN_POINT('',(30.000984958412,9.772005902733,0.));
#3658 = CARTESIAN_POINT('',(29.547105637799,10.502686281266,0.));
#3659 = CARTESIAN_POINT('',(29.179899664514,11.34855538529,0.));
#3660 = CARTESIAN_POINT('',(28.917481580346,12.232564161864,0.));
#3661 = CARTESIAN_POINT('',(28.795501017786,13.084045809118,0.));
#3662 = CARTESIAN_POINT('',(28.701054370398,13.873796137758,0.));
#3663 = CARTESIAN_POINT('',(28.861950917778,14.555688709103,0.));
#3664 = CARTESIAN_POINT('',(28.860678968636,15.171544648863,0.));
#3665 = CARTESIAN_POINT('',(28.90542828392,15.713589392579,0.));
#3666 = CARTESIAN_POINT('',(28.937789667296,16.224762030652,0.));
#3667 = CARTESIAN_POINT('',(28.96310281591,16.723208735903,0.));
#3668 = CARTESIAN_POINT('',(28.973624260853,17.222771003496,0.));
#3669 = CARTESIAN_POINT('',(28.965794189843,17.732545725418,0.));
#3670 = CARTESIAN_POINT('',(28.933718261131,18.257411433367,0.));
#3671 = CARTESIAN_POINT('',(28.877010705334,18.8011638516,0.));
#3672 = CARTESIAN_POINT('',(28.774684853616,19.357388182674,0.));
#3673 = CARTESIAN_POINT('',(28.689321900011,19.940800879016,0.));
#3674 = CARTESIAN_POINT('',(28.366569303938,20.460903317355,0.));
#3675 = CARTESIAN_POINT('',(28.204882115766,21.063696065825,0.));
#3676 = CARTESIAN_POINT('',(27.939329872699,21.652733220191,0.));
#3677 = CARTESIAN_POINT('',(27.645951641327,22.242945843893,0.));
#3678 = CARTESIAN_POINT('',(27.30470726498,22.820172114862,0.));
#3679 = CARTESIAN_POINT('',(26.923156099668,23.380246012241,0.));
#3680 = CARTESIAN_POINT('',(26.643067128209,23.737464726199,0.));
#3681 = CARTESIAN_POINT('',(26.496853284026,23.911699080339,0.));
#3682 = SURFACE_OF_LINEAR_EXTRUSION('',#3683,#3729);
#3683 = B_SPLINE_CURVE_WITH_KNOTS('',3,(#3684,#3685,#3686,#3687,#3688,
    #3689,#3690,#3691,#3692,#3693,#3694,#3695,#3696,#3697,#3698,#3699,
    #3700,#3701,#3702,#3703,#3704,#3705,#3706,#3707,#3708,#3709,#3710,
    #3711,#3712,#3713,#3714,#3715,#3716,#3717,#3718,#3719,#3720,#3721,
    #3722,#3723,#3724,#3725,#3726,#3727,#3728),.UNSPECIFIED.,.F.,.F.,(4,
    1,1,1,1,1,1,1,1,1,1,1,1,1,1,1,1,1,1,1,1,1,1,1,1,1,1,1,1,1,1,1,1,1,1,
    1,1,1,1,1,1,1,4),(0.,0.682243031795,1.36073038675,2.031787479255,
    2.691905531904,3.33783397807,3.966685540456,4.554451155201,
    5.144017040623,5.71133018399,6.256551195988,6.781263747608,
    7.28892317091,7.785457048834,8.280047766171,8.78607405982,
    9.322008260957,9.911580910146,10.629001082897,11.399049790332,
    12.272210591893,13.213322186779,14.154433781664,15.027594583225,
    15.79764329066,16.515063463411,17.1046361126,17.640570313737,
    18.146596607386,18.641187324723,19.137721202647,19.645380625949,
    20.170093177569,20.715314189567,21.282627332934,21.872193218356,
    22.459958833101,23.088810395487,23.734738841653,24.394856894302,
    25.065913986807,25.744401341762,26.426644373557),.UNSPECIFIED.);
#3684 = CARTESIAN_POINT('',(35.2,-8.659739592076E-15,0.));
#3685 = CARTESIAN_POINT('',(35.20001061882,0.227455706195,0.));
#3686 = CARTESIAN_POINT('',(35.184955455705,0.681138837464,0.));
#3687 = CARTESIAN_POINT('',(35.117232043914,1.355436695811,0.));
#3688 = CARTESIAN_POINT('',(35.007606507196,2.016965330101,0.));
#3689 = CARTESIAN_POINT('',(34.852965909473,2.657674322824,0.));
#3690 = CARTESIAN_POINT('',(34.677764945162,3.279596653284,0.));
#3691 = CARTESIAN_POINT('',(34.414156807259,3.845293209804,0.));
#3692 = CARTESIAN_POINT('',(34.327084236851,4.451176162296,0.));
#3693 = CARTESIAN_POINT('',(34.017465600566,4.952966465278,0.));
#3694 = CARTESIAN_POINT('',(33.738317642442,5.44483281286,0.));
#3695 = CARTESIAN_POINT('',(33.432240833265,5.897822245521,0.));
#3696 = CARTESIAN_POINT('',(33.119435246395,6.320510714025,0.));
#3697 = CARTESIAN_POINT('',(32.797756553797,6.716053879624,0.));
#3698 = CARTESIAN_POINT('',(32.46858422349,7.09197772426,0.));
#3699 = CARTESIAN_POINT('',(32.128797860432,7.457539074717,0.));
#3700 = CARTESIAN_POINT('',(31.775432164361,7.828318537321,0.));
#3701 = CARTESIAN_POINT('',(31.392732554898,8.21478459576,0.));
#3702 = CARTESIAN_POINT('',(30.99784235704,8.687375209323,0.));
#3703 = CARTESIAN_POINT('',(30.436276355005,9.106312917309,0.));
#3704 = CARTESIAN_POINT('',(30.000984958412,9.772005902733,0.));
#3705 = CARTESIAN_POINT('',(29.547105637799,10.502686281266,0.));
#3706 = CARTESIAN_POINT('',(29.179899664514,11.34855538529,0.));
#3707 = CARTESIAN_POINT('',(28.917481580346,12.232564161864,0.));
#3708 = CARTESIAN_POINT('',(28.795501017786,13.084045809118,0.));
#3709 = CARTESIAN_POINT('',(28.701054370398,13.873796137758,0.));
#3710 = CARTESIAN_POINT('',(28.861950917778,14.555688709103,0.));
#3711 = CARTESIAN_POINT('',(28.860678968636,15.171544648863,0.));
#3712 = CARTESIAN_POINT('',(28.90542828392,15.713589392579,0.));
#3713 = CARTESIAN_POINT('',(28.937789667296,16.224762030652,0.));
#3714 = CARTESIAN_POINT('',(28.96310281591,16.723208735903,0.));
#3715 = CARTESIAN_POINT('',(28.973624260853,17.222771003496,0.));
#3716 = CARTESIAN_POINT('',(28.965794189843,17.732545725418,0.));
#3717 = CARTESIAN_POINT('',(28.933718261131,18.257411433367,0.));
#3718 = CARTESIAN_POINT('',(28.877010705334,18.8011638516,0.));
#3719 = CARTESIAN_POINT('',(28.774684853616,19.357388182674,0.));
#3720 = CARTESIAN_POINT('',(28.689321900011,19.940800879016,0.));
#3721 = CARTESIAN_POINT('',(28.366569303938,20.460903317355,0.));
#3722 = CARTESIAN_POINT('',(28.204882115766,21.063696065825,0.));
#3723 = CARTESIAN_POINT('',(27.939329872699,21.652733220191,0.));
#3724 = CARTESIAN_POINT('',(27.645951641327,22.242945843893,0.));
#3725 = CARTESIAN_POINT('',(27.30470726498,22.820172114862,0.));
#3726 = CARTESIAN_POINT('',(26.923156099668,23.380246012241,0.));
#3727 = CARTESIAN_POINT('',(26.643067128209,23.737464726199,0.));
#3728 = CARTESIAN_POINT('',(26.496853284026,23.911699080339,0.));
#3729 = VECTOR('',#3730,1.);
#3730 = DIRECTION('',(-0.,-0.,-1.));
#3731 = ADVANCED_FACE('',(#3732),#3759,.F.);
#3732 = FACE_BOUND('',#3733,.T.);
#3733 = EDGE_LOOP('',(#3734,#3744,#3751,#3752));
#3734 = ORIENTED_EDGE('',*,*,#3735,.T.);
#3735 = EDGE_CURVE('',#3736,#3738,#3740,.T.);
#3736 = VERTEX_POINT('',#3737);
#3737 = CARTESIAN_POINT('',(-7.5,21.650635094611,0.));
#3738 = VERTEX_POINT('',#3739);
#3739 = CARTESIAN_POINT('',(-7.5,21.650635094611,5.));
#3740 = LINE('',#3741,#3742);
#3741 = CARTESIAN_POINT('',(-7.5,21.650635094611,0.));
#3742 = VECTOR('',#3743,1.);
#3743 = DIRECTION('',(0.,0.,1.));
#3744 = ORIENTED_EDGE('',*,*,#3745,.T.);
#3745 = EDGE_CURVE('',#3738,#3738,#3746,.T.);
#3746 = CIRCLE('',#3747,7.);
#3747 = AXIS2_PLACEMENT_3D('',#3748,#3749,#3750);
#3748 = CARTESIAN_POINT('',(-14.5,21.650635094611,5.));
#3749 = DIRECTION('',(0.,0.,1.));
#3750 = DIRECTION('',(1.,0.,0.));
#3751 = ORIENTED_EDGE('',*,*,#3735,.F.);
#3752 = ORIENTED_EDGE('',*,*,#3753,.F.);
#3753 = EDGE_CURVE('',#3736,#3736,#3754,.T.);
#3754 = CIRCLE('',#3755,7.);
#3755 = AXIS2_PLACEMENT_3D('',#3756,#3757,#3758);
#3756 = CARTESIAN_POINT('',(-14.5,21.650635094611,0.));
#3757 = DIRECTION('',(0.,0.,1.));
#3758 = DIRECTION('',(1.,0.,0.));
#3759 = CYLINDRICAL_SURFACE('',#3760,7.);
#3760 = AXIS2_PLACEMENT_3D('',#3761,#3762,#3763);
#3761 = CARTESIAN_POINT('',(-14.5,21.650635094611,0.));
#3762 = DIRECTION('',(-0.,-0.,-1.));
#3763 = DIRECTION('',(1.,0.,0.));
#3764 = ADVANCED_FACE('',(#3765),#3792,.F.);
#3765 = FACE_BOUND('',#3766,.T.);
#3766 = EDGE_LOOP('',(#3767,#3777,#3784,#3785));
#3767 = ORIENTED_EDGE('',*,*,#3768,.T.);
#3768 = EDGE_CURVE('',#3769,#3771,#3773,.T.);
#3769 = VERTEX_POINT('',#3770);
#3770 = CARTESIAN_POINT('',(17.5,21.650635094611,0.));
#3771 = VERTEX_POINT('',#3772);
#3772 = CARTESIAN_POINT('',(17.5,21.650635094611,5.));
#3773 = LINE('',#3774,#3775);
#3774 = CARTESIAN_POINT('',(17.5,21.650635094611,0.));
#3775 = VECTOR('',#3776,1.);
#3776 = DIRECTION('',(0.,0.,1.));
#3777 = ORIENTED_EDGE('',*,*,#3778,.T.);
#3778 = EDGE_CURVE('',#3771,#3771,#3779,.T.);
#3779 = CIRCLE('',#3780,7.);
#3780 = AXIS2_PLACEMENT_3D('',#3781,#3782,#3783);
#3781 = CARTESIAN_POINT('',(10.5,21.650635094611,5.));
#3782 = DIRECTION('',(0.,0.,1.));
#3783 = DIRECTION('',(1.,0.,0.));
#3784 = ORIENTED_EDGE('',*,*,#3768,.F.);
#3785 = ORIENTED_EDGE('',*,*,#3786,.F.);
#3786 = EDGE_CURVE('',#3769,#3769,#3787,.T.);
#3787 = CIRCLE('',#3788,7.);
#3788 = AXIS2_PLACEMENT_3D('',#3789,#3790,#3791);
#3789 = CARTESIAN_POINT('',(10.5,21.650635094611,0.));
#3790 = DIRECTION('',(0.,0.,1.));
#3791 = DIRECTION('',(1.,0.,0.));
#3792 = CYLINDRICAL_SURFACE('',#3793,7.);
#3793 = AXIS2_PLACEMENT_3D('',#3794,#3795,#3796);
#3794 = CARTESIAN_POINT('',(10.5,21.650635094611,0.));
#3795 = DIRECTION('',(-0.,-0.,-1.));
#3796 = DIRECTION('',(1.,0.,0.));
#3797 = ADVANCED_FACE('',(#3798),#3825,.F.);
#3798 = FACE_BOUND('',#3799,.T.);
#3799 = EDGE_LOOP('',(#3800,#3810,#3817,#3818));
#3800 = ORIENTED_EDGE('',*,*,#3801,.T.);
#3801 = EDGE_CURVE('',#3802,#3804,#3806,.T.);
#3802 = VERTEX_POINT('',#3803);
#3803 = CARTESIAN_POINT('',(30.,0.,0.));
#3804 = VERTEX_POINT('',#3805);
#3805 = CARTESIAN_POINT('',(30.,0.,5.));
#3806 = LINE('',#3807,#3808);
#3807 = CARTESIAN_POINT('',(30.,0.,0.));
#3808 = VECTOR('',#3809,1.);
#3809 = DIRECTION('',(0.,0.,1.));
#3810 = ORIENTED_EDGE('',*,*,#3811,.T.);
#3811 = EDGE_CURVE('',#3804,#3804,#3812,.T.);
#3812 = CIRCLE('',#3813,7.);
#3813 = AXIS2_PLACEMENT_3D('',#3814,#3815,#3816);
#3814 = CARTESIAN_POINT('',(23.,0.,5.));
#3815 = DIRECTION('',(0.,0.,1.));
#3816 = DIRECTION('',(1.,0.,0.));
#3817 = ORIENTED_EDGE('',*,*,#3801,.F.);
#3818 = ORIENTED_EDGE('',*,*,#3819,.F.);
#3819 = EDGE_CURVE('',#3802,#3802,#3820,.T.);
#3820 = CIRCLE('',#3821,7.);
#3821 = AXIS2_PLACEMENT_3D('',#3822,#3823,#3824);
#3822 = CARTESIAN_POINT('',(23.,0.,0.));
#3823 = DIRECTION('',(0.,0.,1.));
#3824 = DIRECTION('',(1.,0.,0.));
#3825 = CYLINDRICAL_SURFACE('',#3826,7.);
#3826 = AXIS2_PLACEMENT_3D('',#3827,#3828,#3829);
#3827 = CARTESIAN_POINT('',(23.,0.,0.));
#3828 = DIRECTION('',(-0.,-0.,-1.));
#3829 = DIRECTION('',(1.,0.,0.));
#3830 = ADVANCED_FACE('',(#3831),#3858,.F.);
#3831 = FACE_BOUND('',#3832,.T.);
#3832 = EDGE_LOOP('',(#3833,#3843,#3850,#3851));
#3833 = ORIENTED_EDGE('',*,*,#3834,.T.);
#3834 = EDGE_CURVE('',#3835,#3837,#3839,.T.);
#3835 = VERTEX_POINT('',#3836);
#3836 = CARTESIAN_POINT('',(17.5,-21.65063509461,0.));
#3837 = VERTEX_POINT('',#3838);
#3838 = CARTESIAN_POINT('',(17.5,-21.65063509461,5.));
#3839 = LINE('',#3840,#3841);
#3840 = CARTESIAN_POINT('',(17.5,-21.65063509461,0.));
#3841 = VECTOR('',#3842,1.);
#3842 = DIRECTION('',(0.,0.,1.));
#3843 = ORIENTED_EDGE('',*,*,#3844,.T.);
#3844 = EDGE_CURVE('',#3837,#3837,#3845,.T.);
#3845 = CIRCLE('',#3846,7.);
#3846 = AXIS2_PLACEMENT_3D('',#3847,#3848,#3849);
#3847 = CARTESIAN_POINT('',(10.5,-21.65063509461,5.));
#3848 = DIRECTION('',(0.,0.,1.));
#3849 = DIRECTION('',(1.,0.,0.));
#3850 = ORIENTED_EDGE('',*,*,#3834,.F.);
#3851 = ORIENTED_EDGE('',*,*,#3852,.F.);
#3852 = EDGE_CURVE('',#3835,#3835,#3853,.T.);
#3853 = CIRCLE('',#3854,7.);
#3854 = AXIS2_PLACEMENT_3D('',#3855,#3856,#3857);
#3855 = CARTESIAN_POINT('',(10.5,-21.65063509461,0.));
#3856 = DIRECTION('',(0.,0.,1.));
#3857 = DIRECTION('',(1.,0.,0.));
#3858 = CYLINDRICAL_SURFACE('',#3859,7.);
#3859 = AXIS2_PLACEMENT_3D('',#3860,#3861,#3862);
#3860 = CARTESIAN_POINT('',(10.5,-21.65063509461,0.));
#3861 = DIRECTION('',(-0.,-0.,-1.));
#3862 = DIRECTION('',(1.,0.,0.));
#3863 = ADVANCED_FACE('',(#3864),#3891,.F.);
#3864 = FACE_BOUND('',#3865,.T.);
#3865 = EDGE_LOOP('',(#3866,#3876,#3883,#3884));
#3866 = ORIENTED_EDGE('',*,*,#3867,.T.);
#3867 = EDGE_CURVE('',#3868,#3870,#3872,.T.);
#3868 = VERTEX_POINT('',#3869);
#3869 = CARTESIAN_POINT('',(-7.5,-21.65063509461,0.));
#3870 = VERTEX_POINT('',#3871);
#3871 = CARTESIAN_POINT('',(-7.5,-21.65063509461,5.));
#3872 = LINE('',#3873,#3874);
#3873 = CARTESIAN_POINT('',(-7.5,-21.65063509461,0.));
#3874 = VECTOR('',#3875,1.);
#3875 = DIRECTION('',(0.,0.,1.));
#3876 = ORIENTED_EDGE('',*,*,#3877,.T.);
#3877 = EDGE_CURVE('',#3870,#3870,#3878,.T.);
#3878 = CIRCLE('',#3879,7.);
#3879 = AXIS2_PLACEMENT_3D('',#3880,#3881,#3882);
#3880 = CARTESIAN_POINT('',(-14.5,-21.65063509461,5.));
#3881 = DIRECTION('',(0.,0.,1.));
#3882 = DIRECTION('',(1.,0.,0.));
#3883 = ORIENTED_EDGE('',*,*,#3867,.F.);
#3884 = ORIENTED_EDGE('',*,*,#3885,.F.);
#3885 = EDGE_CURVE('',#3868,#3868,#3886,.T.);
#3886 = CIRCLE('',#3887,7.);
#3887 = AXIS2_PLACEMENT_3D('',#3888,#3889,#3890);
#3888 = CARTESIAN_POINT('',(-14.5,-21.65063509461,0.));
#3889 = DIRECTION('',(0.,0.,1.));
#3890 = DIRECTION('',(1.,0.,0.));
#3891 = CYLINDRICAL_SURFACE('',#3892,7.);
#3892 = AXIS2_PLACEMENT_3D('',#3893,#3894,#3895);
#3893 = CARTESIAN_POINT('',(-14.5,-21.65063509461,0.));
#3894 = DIRECTION('',(-0.,-0.,-1.));
#3895 = DIRECTION('',(1.,0.,0.));
#3896 = ADVANCED_FACE('',(#3897),#3924,.F.);
#3897 = FACE_BOUND('',#3898,.T.);
#3898 = EDGE_LOOP('',(#3899,#3909,#3916,#3917));
#3899 = ORIENTED_EDGE('',*,*,#3900,.T.);
#3900 = EDGE_CURVE('',#3901,#3903,#3905,.T.);
#3901 = VERTEX_POINT('',#3902);
#3902 = CARTESIAN_POINT('',(-20.,0.,0.));
#3903 = VERTEX_POINT('',#3904);
#3904 = CARTESIAN_POINT('',(-20.,0.,5.));
#3905 = LINE('',#3906,#3907);
#3906 = CARTESIAN_POINT('',(-20.,0.,0.));
#3907 = VECTOR('',#3908,1.);
#3908 = DIRECTION('',(0.,0.,1.));
#3909 = ORIENTED_EDGE('',*,*,#3910,.T.);
#3910 = EDGE_CURVE('',#3903,#3903,#3911,.T.);
#3911 = CIRCLE('',#3912,7.);
#3912 = AXIS2_PLACEMENT_3D('',#3913,#3914,#3915);
#3913 = CARTESIAN_POINT('',(-27.,0.,5.));
#3914 = DIRECTION('',(0.,0.,1.));
#3915 = DIRECTION('',(1.,0.,0.));
#3916 = ORIENTED_EDGE('',*,*,#3900,.F.);
#3917 = ORIENTED_EDGE('',*,*,#3918,.F.);
#3918 = EDGE_CURVE('',#3901,#3901,#3919,.T.);
#3919 = CIRCLE('',#3920,7.);
#3920 = AXIS2_PLACEMENT_3D('',#3921,#3922,#3923);
#3921 = CARTESIAN_POINT('',(-27.,0.,0.));
#3922 = DIRECTION('',(0.,0.,1.));
#3923 = DIRECTION('',(1.,0.,0.));
#3924 = CYLINDRICAL_SURFACE('',#3925,7.);
#3925 = AXIS2_PLACEMENT_3D('',#3926,#3927,#3928);
#3926 = CARTESIAN_POINT('',(-27.,0.,0.));
#3927 = DIRECTION('',(-0.,-0.,-1.));
#3928 = DIRECTION('',(1.,0.,0.));
#3929 = ADVANCED_FACE('',(#3930),#3957,.F.);
#3930 = FACE_BOUND('',#3931,.T.);
#3931 = EDGE_LOOP('',(#3932,#3942,#3949,#3950));
#3932 = ORIENTED_EDGE('',*,*,#3933,.T.);
#3933 = EDGE_CURVE('',#3934,#3936,#3938,.T.);
#3934 = VERTEX_POINT('',#3935);
#3935 = CARTESIAN_POINT('',(4.8,0.,0.));
#3936 = VERTEX_POINT('',#3937);
#3937 = CARTESIAN_POINT('',(4.8,0.,5.));
#3938 = LINE('',#3939,#3940);
#3939 = CARTESIAN_POINT('',(4.8,0.,0.));
#3940 = VECTOR('',#3941,1.);
#3941 = DIRECTION('',(0.,0.,1.));
#3942 = ORIENTED_EDGE('',*,*,#3943,.T.);
#3943 = EDGE_CURVE('',#3936,#3936,#3944,.T.);
#3944 = CIRCLE('',#3945,6.8);
#3945 = AXIS2_PLACEMENT_3D('',#3946,#3947,#3948);
#3946 = CARTESIAN_POINT('',(-2.,0.,5.));
#3947 = DIRECTION('',(0.,0.,1.));
#3948 = DIRECTION('',(1.,0.,0.));
#3949 = ORIENTED_EDGE('',*,*,#3933,.F.);
#3950 = ORIENTED_EDGE('',*,*,#3951,.F.);
#3951 = EDGE_CURVE('',#3934,#3934,#3952,.T.);
#3952 = CIRCLE('',#3953,6.8);
#3953 = AXIS2_PLACEMENT_3D('',#3954,#3955,#3956);
#3954 = CARTESIAN_POINT('',(-2.,0.,0.));
#3955 = DIRECTION('',(0.,0.,1.));
#3956 = DIRECTION('',(1.,0.,0.));
#3957 = CYLINDRICAL_SURFACE('',#3958,6.8);
#3958 = AXIS2_PLACEMENT_3D('',#3959,#3960,#3961);
#3959 = CARTESIAN_POINT('',(-2.,0.,0.));
#3960 = DIRECTION('',(-0.,-0.,-1.));
#3961 = DIRECTION('',(1.,0.,0.));
#3962 = ADVANCED_FACE('',(#3963,#3974,#3977,#3980,#3983,#3986,#3989,
    #3992),#3995,.F.);
#3963 = FACE_BOUND('',#3964,.F.);
#3964 = EDGE_LOOP('',(#3965,#3966,#3967,#3968,#3969,#3970,#3971,#3972,
    #3973));
#3965 = ORIENTED_EDGE('',*,*,#2372,.T.);
#3966 = ORIENTED_EDGE('',*,*,#2531,.T.);
#3967 = ORIENTED_EDGE('',*,*,#2690,.T.);
#3968 = ORIENTED_EDGE('',*,*,#2849,.T.);
#3969 = ORIENTED_EDGE('',*,*,#3008,.T.);
#3970 = ORIENTED_EDGE('',*,*,#3167,.T.);
#3971 = ORIENTED_EDGE('',*,*,#3326,.T.);
#3972 = ORIENTED_EDGE('',*,*,#3485,.T.);
#3973 = ORIENTED_EDGE('',*,*,#3635,.T.);
#3974 = FACE_BOUND('',#3975,.T.);
#3975 = EDGE_LOOP('',(#3976));
#3976 = ORIENTED_EDGE('',*,*,#3753,.T.);
#3977 = FACE_BOUND('',#3978,.T.);
#3978 = EDGE_LOOP('',(#3979));
#3979 = ORIENTED_EDGE('',*,*,#3786,.T.);
#3980 = FACE_BOUND('',#3981,.T.);
#3981 = EDGE_LOOP('',(#3982));
#3982 = ORIENTED_EDGE('',*,*,#3819,.T.);
#3983 = FACE_BOUND('',#3984,.T.);
#3984 = EDGE_LOOP('',(#3985));
#3985 = ORIENTED_EDGE('',*,*,#3852,.T.);
#3986 = FACE_BOUND('',#3987,.T.);
#3987 = EDGE_LOOP('',(#3988));
#3988 = ORIENTED_EDGE('',*,*,#3885,.T.);
#3989 = FACE_BOUND('',#3990,.T.);
#3990 = EDGE_LOOP('',(#3991));
#3991 = ORIENTED_EDGE('',*,*,#3918,.T.);
#3992 = FACE_BOUND('',#3993,.T.);
#3993 = EDGE_LOOP('',(#3994));
#3994 = ORIENTED_EDGE('',*,*,#3951,.T.);
#3995 = PLANE('',#3996);
#3996 = AXIS2_PLACEMENT_3D('',#3997,#3998,#3999);
#3997 = CARTESIAN_POINT('',(-2.,-1.90832079855E-15,0.));
#3998 = DIRECTION('',(0.,0.,1.));
#3999 = DIRECTION('',(1.,0.,0.));
#4000 = ADVANCED_FACE('',(#4001,#4012,#4015,#4018,#4021,#4024,#4027,
    #4030),#4033,.T.);
#4001 = FACE_BOUND('',#4002,.T.);
#4002 = EDGE_LOOP('',(#4003,#4004,#4005,#4006,#4007,#4008,#4009,#4010,
    #4011));
#4003 = ORIENTED_EDGE('',*,*,#2314,.T.);
#4004 = ORIENTED_EDGE('',*,*,#2473,.T.);
#4005 = ORIENTED_EDGE('',*,*,#2632,.T.);
#4006 = ORIENTED_EDGE('',*,*,#2791,.T.);
#4007 = ORIENTED_EDGE('',*,*,#2950,.T.);
#4008 = ORIENTED_EDGE('',*,*,#3109,.T.);
#4009 = ORIENTED_EDGE('',*,*,#3268,.T.);
#4010 = ORIENTED_EDGE('',*,*,#3427,.T.);
#4011 = ORIENTED_EDGE('',*,*,#3586,.T.);
#4012 = FACE_BOUND('',#4013,.F.);
#4013 = EDGE_LOOP('',(#4014));
#4014 = ORIENTED_EDGE('',*,*,#3745,.T.);
#4015 = FACE_BOUND('',#4016,.F.);
#4016 = EDGE_LOOP('',(#4017));
#4017 = ORIENTED_EDGE('',*,*,#3778,.T.);
#4018 = FACE_BOUND('',#4019,.F.);
#4019 = EDGE_LOOP('',(#4020));
#4020 = ORIENTED_EDGE('',*,*,#3811,.T.);
#4021 = FACE_BOUND('',#4022,.F.);
#4022 = EDGE_LOOP('',(#4023));
#4023 = ORIENTED_EDGE('',*,*,#3844,.T.);
#4024 = FACE_BOUND('',#4025,.F.);
#4025 = EDGE_LOOP('',(#4026));
#4026 = ORIENTED_EDGE('',*,*,#3877,.T.);
#4027 = FACE_BOUND('',#4028,.F.);
#4028 = EDGE_LOOP('',(#4029));
#4029 = ORIENTED_EDGE('',*,*,#3910,.T.);
#4030 = FACE_BOUND('',#4031,.F.);
#4031 = EDGE_LOOP('',(#4032));
#4032 = ORIENTED_EDGE('',*,*,#3943,.T.);
#4033 = PLANE('',#4034);
#4034 = AXIS2_PLACEMENT_3D('',#4035,#4036,#4037);
#4035 = CARTESIAN_POINT('',(-2.,-1.90832079855E-15,5.));
#4036 = DIRECTION('',(0.,0.,1.));
#4037 = DIRECTION('',(1.,0.,0.));
#4038 = ( GEOMETRIC_REPRESENTATION_CONTEXT(3) 
GLOBAL_UNCERTAINTY_ASSIGNED_CONTEXT((#4042)) 
GLOBAL_UNIT_ASSIGNED_CONTEXT((#4039,#4040,#4041)) REPRESENTATION_CONTEXT
('Context #1','3D Context with UNIT and UNCERTAINTY') );
#4039 = ( LENGTH_UNIT() NAMED_UNIT(*) SI_UNIT(.MILLI.,.METRE.) );
#4040 = ( NAMED_UNIT(*) PLANE_ANGLE_UNIT() SI_UNIT($,.RADIAN.) );
#4041 = ( NAMED_UNIT(*) SI_UNIT($,.STERADIAN.) SOLID_ANGLE_UNIT() );
#4042 = UNCERTAINTY_MEASURE_WITH_UNIT(LENGTH_MEASURE(1.E-07),#4039,
  'distance_accuracy_value','confusion accuracy');
#4043 = CONTEXT_DEPENDENT_SHAPE_REPRESENTATION(#4044,#4046);
#4044 = ( REPRESENTATION_RELATIONSHIP('','',#2297,#10) 
REPRESENTATION_RELATIONSHIP_WITH_TRANSFORMATION(#4045) 
SHAPE_REPRESENTATION_RELATIONSHIP() );
#4045 = ITEM_DEFINED_TRANSFORMATION('','',#11,#27);
#4046 = PRODUCT_DEFINITION_SHAPE('Placement','Placement of an item',
  #4047);
#4047 = NEXT_ASSEMBLY_USAGE_OCCURRENCE('4','cycloidalDisk1','',#5,#2292,
  $);
#4048 = PRODUCT_RELATED_PRODUCT_CATEGORY('part',$,(#2294));
#4049 = SHAPE_DEFINITION_REPRESENTATION(#4050,#4056);
#4050 = PRODUCT_DEFINITION_SHAPE('','',#4051);
#4051 = PRODUCT_DEFINITION('design','',#4052,#4055);
#4052 = PRODUCT_DEFINITION_FORMATION('','',#4053);
#4053 = PRODUCT('cycloidalDisk2','cycloidalDisk2','',(#4054));
#4054 = PRODUCT_CONTEXT('',#2,'mechanical');
#4055 = PRODUCT_DEFINITION_CONTEXT('part definition',#2,'design');
#4056 = ADVANCED_BREP_SHAPE_REPRESENTATION('',(#11,#4057),#5797);
#4057 = MANIFOLD_SOLID_BREP('',#4058);
#4058 = CLOSED_SHELL('',(#4059,#4227,#4386,#4545,#4704,#4863,#5022,#5181
    ,#5340,#5490,#5523,#5556,#5589,#5622,#5655,#5688,#5721,#5759));
#4059 = ADVANCED_FACE('',(#4060),#4178,.F.);
#4060 = FACE_BOUND('',#4061,.F.);
#4061 = EDGE_LOOP('',(#4062,#4072,#4122,#4130));
#4062 = ORIENTED_EDGE('',*,*,#4063,.T.);
#4063 = EDGE_CURVE('',#4064,#4066,#4068,.T.);
#4064 = VERTEX_POINT('',#4065);
#4065 = CARTESIAN_POINT('',(26.496853284026,23.911699080339,0.));
#4066 = VERTEX_POINT('',#4067);
#4067 = CARTESIAN_POINT('',(26.496853284026,23.911699080339,5.));
#4068 = LINE('',#4069,#4070);
#4069 = CARTESIAN_POINT('',(26.496853284026,23.911699080339,0.));
#4070 = VECTOR('',#4071,1.);
#4071 = DIRECTION('',(0.,0.,1.));
#4072 = ORIENTED_EDGE('',*,*,#4073,.T.);
#4073 = EDGE_CURVE('',#4066,#4074,#4076,.T.);
#4074 = VERTEX_POINT('',#4075);
#4075 = CARTESIAN_POINT('',(4.45971220921,36.634848412054,5.));
#4076 = B_SPLINE_CURVE_WITH_KNOTS('',3,(#4077,#4078,#4079,#4080,#4081,
    #4082,#4083,#4084,#4085,#4086,#4087,#4088,#4089,#4090,#4091,#4092,
    #4093,#4094,#4095,#4096,#4097,#4098,#4099,#4100,#4101,#4102,#4103,
    #4104,#4105,#4106,#4107,#4108,#4109,#4110,#4111,#4112,#4113,#4114,
    #4115,#4116,#4117,#4118,#4119,#4120,#4121),.UNSPECIFIED.,.F.,.F.,(4,
    1,1,1,1,1,1,1,1,1,1,1,1,1,1,1,1,1,1,1,1,1,1,1,1,1,1,1,1,1,1,1,1,1,1,
    1,1,1,1,1,1,1,4),(0.,0.682243031795,1.36073038675,2.031787479255,
    2.691905531904,3.33783397807,3.966685540456,4.554451155201,
    5.144017040623,5.71133018399,6.256551195988,6.781263747608,
    7.28892317091,7.785457048834,8.280047766171,8.78607405982,
    9.322008260957,9.911580910146,10.629001082897,11.399049790332,
    12.272210591893,13.213322186779,14.154433781664,15.027594583225,
    15.79764329066,16.515063463411,17.1046361126,17.640570313737,
    18.146596607386,18.641187324723,19.137721202647,19.645380625949,
    20.170093177569,20.715314189567,21.282627332934,21.872193218356,
    22.459958833101,23.088810395487,23.734738841653,24.394856894302,
    25.065913986807,25.744401341762,26.426644373557),.UNSPECIFIED.);
#4077 = CARTESIAN_POINT('',(26.496853284026,23.911699080339,5.));
#4078 = CARTESIAN_POINT('',(26.350655708819,24.085947085771,5.));
#4079 = CARTESIAN_POINT('',(26.047500889271,24.423811255105,5.));
#4080 = CARTESIAN_POINT('',(25.562191437416,24.896821612514,5.));
#4081 = CARTESIAN_POINT('',(25.052990994615,25.333116010068,5.));
#4082 = CARTESIAN_POINT('',(24.522689622112,25.724526513429,5.));
#4083 = CARTESIAN_POINT('',(23.988713928765,26.088329649665,5.));
#4084 = CARTESIAN_POINT('',(23.42315564219,26.352234308423,5.));
#4085 = CARTESIAN_POINT('',(22.967000128698,26.760398407957,5.));
#4086 = CARTESIAN_POINT('',(22.407273903469,26.945773058036,5.));
#4087 = CARTESIAN_POINT('',(21.877268567492,27.143131691606,5.));
#4088 = CARTESIAN_POINT('',(21.351624134021,27.293399348737,5.));
#4089 = CARTESIAN_POINT('',(20.840302242111,27.416129945724,5.));
#4090 = CARTESIAN_POINT('',(20.339631821233,27.512362511843,5.));
#4091 = CARTESIAN_POINT('',(19.845831997255,27.588748988689,5.));
#4092 = CARTESIAN_POINT('',(19.350562235333,27.650374765712,5.));
#4093 = CARTESIAN_POINT('',(18.841535962981,27.707269221539,5.));
#4094 = CARTESIAN_POINT('',(18.299955459839,27.757324830866,5.));
#4095 = CARTESIAN_POINT('',(17.693676627276,27.865519717887,5.));
#4096 = CARTESIAN_POINT('',(16.994204144048,27.825476952973,5.));
#4097 = CARTESIAN_POINT('',(16.232852385665,28.055627448947,5.));
#4098 = CARTESIAN_POINT('',(15.415488360301,28.323613089035,5.));
#4099 = CARTESIAN_POINT('',(14.590478085502,28.735550965948,5.));
#4100 = CARTESIAN_POINT('',(13.821224281915,29.24406188385,5.));
#4101 = CARTESIAN_POINT('',(13.180459897067,29.817927073911,5.));
#4102 = CARTESIAN_POINT('',(12.600467841669,30.362201789899,5.));
#4103 = CARTESIAN_POINT('',(12.285409651708,30.98798411208,5.));
#4104 = CARTESIAN_POINT('',(11.888570714707,31.458939539346,5.));
#4105 = CARTESIAN_POINT('',(11.574431033857,31.902934208598,5.));
#4106 = CARTESIAN_POINT('',(11.2706458536,32.315316663735,5.));
#4107 = CARTESIAN_POINT('',(10.969641484209,32.713419970775,5.));
#4108 = CARTESIAN_POINT('',(10.656588942766,33.102869924301,5.));
#4109 = CARTESIAN_POINT('',(10.322913885397,33.488346944645,5.));
#4110 = CARTESIAN_POINT('',(9.96096512463,33.869799394057,5.));
#4111 = CARTESIAN_POINT('',(9.568007299451,34.249886998235,5.));
#4112 = CARTESIAN_POINT('',(9.132087041135,34.610205766547,5.));
#4113 = CARTESIAN_POINT('',(8.691684772335,35.002255571721,5.));
#4114 = CARTESIAN_POINT('',(8.110126536479,35.193215784713,5.));
#4115 = CARTESIAN_POINT('',(7.59879925453,35.551051298829,5.));
#4116 = CARTESIAN_POINT('',(7.0167486499,35.831586246153,5.));
#4117 = CARTESIAN_POINT('',(6.41262652443,36.095135454722,5.));
#4118 = CARTESIAN_POINT('',(5.780184271218,36.317968775029,5.));
#4119 = CARTESIAN_POINT('',(5.127890559522,36.501753910328,5.));
#4120 = CARTESIAN_POINT('',(4.683714196076,36.595361600669,5.));
#4121 = CARTESIAN_POINT('',(4.45971220921,36.634848412054,5.));
#4122 = ORIENTED_EDGE('',*,*,#4123,.F.);
#4123 = EDGE_CURVE('',#4124,#4074,#4126,.T.);
#4124 = VERTEX_POINT('',#4125);
#4125 = CARTESIAN_POINT('',(4.45971220921,36.634848412054,0.));
#4126 = LINE('',#4127,#4128);
#4127 = CARTESIAN_POINT('',(4.45971220921,36.634848412054,0.));
#4128 = VECTOR('',#4129,1.);
#4129 = DIRECTION('',(0.,0.,1.));
#4130 = ORIENTED_EDGE('',*,*,#4131,.F.);
#4131 = EDGE_CURVE('',#4064,#4124,#4132,.T.);
#4132 = B_SPLINE_CURVE_WITH_KNOTS('',3,(#4133,#4134,#4135,#4136,#4137,
    #4138,#4139,#4140,#4141,#4142,#4143,#4144,#4145,#4146,#4147,#4148,
    #4149,#4150,#4151,#4152,#4153,#4154,#4155,#4156,#4157,#4158,#4159,
    #4160,#4161,#4162,#4163,#4164,#4165,#4166,#4167,#4168,#4169,#4170,
    #4171,#4172,#4173,#4174,#4175,#4176,#4177),.UNSPECIFIED.,.F.,.F.,(4,
    1,1,1,1,1,1,1,1,1,1,1,1,1,1,1,1,1,1,1,1,1,1,1,1,1,1,1,1,1,1,1,1,1,1,
    1,1,1,1,1,1,1,4),(0.,0.682243031795,1.36073038675,2.031787479255,
    2.691905531904,3.33783397807,3.966685540456,4.554451155201,
    5.144017040623,5.71133018399,6.256551195988,6.781263747608,
    7.28892317091,7.785457048834,8.280047766171,8.78607405982,
    9.322008260957,9.911580910146,10.629001082897,11.399049790332,
    12.272210591893,13.213322186779,14.154433781664,15.027594583225,
    15.79764329066,16.515063463411,17.1046361126,17.640570313737,
    18.146596607386,18.641187324723,19.137721202647,19.645380625949,
    20.170093177569,20.715314189567,21.282627332934,21.872193218356,
    22.459958833101,23.088810395487,23.734738841653,24.394856894302,
    25.065913986807,25.744401341762,26.426644373557),.UNSPECIFIED.);
#4133 = CARTESIAN_POINT('',(26.496853284026,23.911699080339,0.));
#4134 = CARTESIAN_POINT('',(26.350655708819,24.085947085771,0.));
#4135 = CARTESIAN_POINT('',(26.047500889271,24.423811255105,0.));
#4136 = CARTESIAN_POINT('',(25.562191437416,24.896821612514,0.));
#4137 = CARTESIAN_POINT('',(25.052990994615,25.333116010068,0.));
#4138 = CARTESIAN_POINT('',(24.522689622112,25.724526513429,0.));
#4139 = CARTESIAN_POINT('',(23.988713928765,26.088329649665,0.));
#4140 = CARTESIAN_POINT('',(23.42315564219,26.352234308423,0.));
#4141 = CARTESIAN_POINT('',(22.967000128698,26.760398407957,0.));
#4142 = CARTESIAN_POINT('',(22.407273903469,26.945773058036,0.));
#4143 = CARTESIAN_POINT('',(21.877268567492,27.143131691606,0.));
#4144 = CARTESIAN_POINT('',(21.351624134021,27.293399348737,0.));
#4145 = CARTESIAN_POINT('',(20.840302242111,27.416129945724,0.));
#4146 = CARTESIAN_POINT('',(20.339631821233,27.512362511843,0.));
#4147 = CARTESIAN_POINT('',(19.845831997255,27.588748988689,0.));
#4148 = CARTESIAN_POINT('',(19.350562235333,27.650374765712,0.));
#4149 = CARTESIAN_POINT('',(18.841535962981,27.707269221539,0.));
#4150 = CARTESIAN_POINT('',(18.299955459839,27.757324830866,0.));
#4151 = CARTESIAN_POINT('',(17.693676627276,27.865519717887,0.));
#4152 = CARTESIAN_POINT('',(16.994204144048,27.825476952973,0.));
#4153 = CARTESIAN_POINT('',(16.232852385665,28.055627448947,0.));
#4154 = CARTESIAN_POINT('',(15.415488360301,28.323613089035,0.));
#4155 = CARTESIAN_POINT('',(14.590478085502,28.735550965948,0.));
#4156 = CARTESIAN_POINT('',(13.821224281915,29.24406188385,0.));
#4157 = CARTESIAN_POINT('',(13.180459897067,29.817927073911,0.));
#4158 = CARTESIAN_POINT('',(12.600467841669,30.362201789899,0.));
#4159 = CARTESIAN_POINT('',(12.285409651708,30.98798411208,0.));
#4160 = CARTESIAN_POINT('',(11.888570714707,31.458939539346,0.));
#4161 = CARTESIAN_POINT('',(11.574431033857,31.902934208598,0.));
#4162 = CARTESIAN_POINT('',(11.2706458536,32.315316663735,0.));
#4163 = CARTESIAN_POINT('',(10.969641484209,32.713419970775,0.));
#4164 = CARTESIAN_POINT('',(10.656588942766,33.102869924301,0.));
#4165 = CARTESIAN_POINT('',(10.322913885397,33.488346944645,0.));
#4166 = CARTESIAN_POINT('',(9.96096512463,33.869799394057,0.));
#4167 = CARTESIAN_POINT('',(9.568007299451,34.249886998235,0.));
#4168 = CARTESIAN_POINT('',(9.132087041135,34.610205766547,0.));
#4169 = CARTESIAN_POINT('',(8.691684772335,35.002255571721,0.));
#4170 = CARTESIAN_POINT('',(8.110126536479,35.193215784713,0.));
#4171 = CARTESIAN_POINT('',(7.59879925453,35.551051298829,0.));
#4172 = CARTESIAN_POINT('',(7.0167486499,35.831586246153,0.));
#4173 = CARTESIAN_POINT('',(6.41262652443,36.095135454722,0.));
#4174 = CARTESIAN_POINT('',(5.780184271218,36.317968775029,0.));
#4175 = CARTESIAN_POINT('',(5.127890559522,36.501753910328,0.));
#4176 = CARTESIAN_POINT('',(4.683714196076,36.595361600669,0.));
#4177 = CARTESIAN_POINT('',(4.45971220921,36.634848412054,0.));
#4178 = SURFACE_OF_LINEAR_EXTRUSION('',#4179,#4225);
#4179 = B_SPLINE_CURVE_WITH_KNOTS('',3,(#4180,#4181,#4182,#4183,#4184,
    #4185,#4186,#4187,#4188,#4189,#4190,#4191,#4192,#4193,#4194,#4195,
    #4196,#4197,#4198,#4199,#4200,#4201,#4202,#4203,#4204,#4205,#4206,
    #4207,#4208,#4209,#4210,#4211,#4212,#4213,#4214,#4215,#4216,#4217,
    #4218,#4219,#4220,#4221,#4222,#4223,#4224),.UNSPECIFIED.,.F.,.F.,(4,
    1,1,1,1,1,1,1,1,1,1,1,1,1,1,1,1,1,1,1,1,1,1,1,1,1,1,1,1,1,1,1,1,1,1,
    1,1,1,1,1,1,1,4),(0.,0.682243031795,1.36073038675,2.031787479255,
    2.691905531904,3.33783397807,3.966685540456,4.554451155201,
    5.144017040623,5.71133018399,6.256551195988,6.781263747608,
    7.28892317091,7.785457048834,8.280047766171,8.78607405982,
    9.322008260957,9.911580910146,10.629001082897,11.399049790332,
    12.272210591893,13.213322186779,14.154433781664,15.027594583225,
    15.79764329066,16.515063463411,17.1046361126,17.640570313737,
    18.146596607386,18.641187324723,19.137721202647,19.645380625949,
    20.170093177569,20.715314189567,21.282627332934,21.872193218356,
    22.459958833101,23.088810395487,23.734738841653,24.394856894302,
    25.065913986807,25.744401341762,26.426644373557),.UNSPECIFIED.);
#4180 = CARTESIAN_POINT('',(26.496853284026,23.911699080339,0.));
#4181 = CARTESIAN_POINT('',(26.350655708819,24.085947085771,0.));
#4182 = CARTESIAN_POINT('',(26.047500889271,24.423811255105,0.));
#4183 = CARTESIAN_POINT('',(25.562191437416,24.896821612514,0.));
#4184 = CARTESIAN_POINT('',(25.052990994615,25.333116010068,0.));
#4185 = CARTESIAN_POINT('',(24.522689622112,25.724526513429,0.));
#4186 = CARTESIAN_POINT('',(23.988713928765,26.088329649665,0.));
#4187 = CARTESIAN_POINT('',(23.42315564219,26.352234308423,0.));
#4188 = CARTESIAN_POINT('',(22.967000128698,26.760398407957,0.));
#4189 = CARTESIAN_POINT('',(22.407273903469,26.945773058036,0.));
#4190 = CARTESIAN_POINT('',(21.877268567492,27.143131691606,0.));
#4191 = CARTESIAN_POINT('',(21.351624134021,27.293399348737,0.));
#4192 = CARTESIAN_POINT('',(20.840302242111,27.416129945724,0.));
#4193 = CARTESIAN_POINT('',(20.339631821233,27.512362511843,0.));
#4194 = CARTESIAN_POINT('',(19.845831997255,27.588748988689,0.));
#4195 = CARTESIAN_POINT('',(19.350562235333,27.650374765712,0.));
#4196 = CARTESIAN_POINT('',(18.841535962981,27.707269221539,0.));
#4197 = CARTESIAN_POINT('',(18.299955459839,27.757324830866,0.));
#4198 = CARTESIAN_POINT('',(17.693676627276,27.865519717887,0.));
#4199 = CARTESIAN_POINT('',(16.994204144048,27.825476952973,0.));
#4200 = CARTESIAN_POINT('',(16.232852385665,28.055627448947,0.));
#4201 = CARTESIAN_POINT('',(15.415488360301,28.323613089035,0.));
#4202 = CARTESIAN_POINT('',(14.590478085502,28.735550965948,0.));
#4203 = CARTESIAN_POINT('',(13.821224281915,29.24406188385,0.));
#4204 = CARTESIAN_POINT('',(13.180459897067,29.817927073911,0.));
#4205 = CARTESIAN_POINT('',(12.600467841669,30.362201789899,0.));
#4206 = CARTESIAN_POINT('',(12.285409651708,30.98798411208,0.));
#4207 = CARTESIAN_POINT('',(11.888570714707,31.458939539346,0.));
#4208 = CARTESIAN_POINT('',(11.574431033857,31.902934208598,0.));
#4209 = CARTESIAN_POINT('',(11.2706458536,32.315316663735,0.));
#4210 = CARTESIAN_POINT('',(10.969641484209,32.713419970775,0.));
#4211 = CARTESIAN_POINT('',(10.656588942766,33.102869924301,0.));
#4212 = CARTESIAN_POINT('',(10.322913885397,33.488346944645,0.));
#4213 = CARTESIAN_POINT('',(9.96096512463,33.869799394057,0.));
#4214 = CARTESIAN_POINT('',(9.568007299451,34.249886998235,0.));
#4215 = CARTESIAN_POINT('',(9.132087041135,34.610205766547,0.));
#4216 = CARTESIAN_POINT('',(8.691684772335,35.002255571721,0.));
#4217 = CARTESIAN_POINT('',(8.110126536479,35.193215784713,0.));
#4218 = CARTESIAN_POINT('',(7.59879925453,35.551051298829,0.));
#4219 = CARTESIAN_POINT('',(7.0167486499,35.831586246153,0.));
#4220 = CARTESIAN_POINT('',(6.41262652443,36.095135454722,0.));
#4221 = CARTESIAN_POINT('',(5.780184271218,36.317968775029,0.));
#4222 = CARTESIAN_POINT('',(5.127890559522,36.501753910328,0.));
#4223 = CARTESIAN_POINT('',(4.683714196076,36.595361600669,0.));
#4224 = CARTESIAN_POINT('',(4.45971220921,36.634848412054,0.));
#4225 = VECTOR('',#4226,1.);
#4226 = DIRECTION('',(-0.,-0.,-1.));
#4227 = ADVANCED_FACE('',(#4228),#4337,.F.);
#4228 = FACE_BOUND('',#4229,.F.);
#4229 = EDGE_LOOP('',(#4230,#4231,#4281,#4289));
#4230 = ORIENTED_EDGE('',*,*,#4123,.T.);
#4231 = ORIENTED_EDGE('',*,*,#4232,.T.);
#4232 = EDGE_CURVE('',#4074,#4233,#4235,.T.);
#4233 = VERTEX_POINT('',#4234);
#4234 = CARTESIAN_POINT('',(-20.6,32.216145020781,5.));
#4235 = B_SPLINE_CURVE_WITH_KNOTS('',3,(#4236,#4237,#4238,#4239,#4240,
    #4241,#4242,#4243,#4244,#4245,#4246,#4247,#4248,#4249,#4250,#4251,
    #4252,#4253,#4254,#4255,#4256,#4257,#4258,#4259,#4260,#4261,#4262,
    #4263,#4264,#4265,#4266,#4267,#4268,#4269,#4270,#4271,#4272,#4273,
    #4274,#4275,#4276,#4277,#4278,#4279,#4280),.UNSPECIFIED.,.F.,.F.,(4,
    1,1,1,1,1,1,1,1,1,1,1,1,1,1,1,1,1,1,1,1,1,1,1,1,1,1,1,1,1,1,1,1,1,1,
    1,1,1,1,1,1,1,4),(0.,0.682243031795,1.36073038675,2.031787479255,
    2.691905531904,3.33783397807,3.966685540456,4.554451155201,
    5.144017040623,5.71133018399,6.256551195988,6.781263747608,
    7.28892317091,7.785457048834,8.280047766171,8.78607405982,
    9.322008260957,9.911580910146,10.629001082897,11.399049790332,
    12.272210591893,13.213322186779,14.154433781664,15.027594583225,
    15.79764329066,16.515063463411,17.1046361126,17.640570313737,
    18.146596607386,18.641187324723,19.137721202647,19.645380625949,
    20.170093177569,20.715314189567,21.282627332934,21.872193218356,
    22.459958833101,23.088810395487,23.734738841653,24.394856894302,
    25.065913986807,25.744401341762,26.426644373557),.UNSPECIFIED.);
#4236 = CARTESIAN_POINT('',(4.45971220921,36.634848412054,5.));
#4237 = CARTESIAN_POINT('',(4.235713910221,36.674356138431,5.));
#4238 = CARTESIAN_POINT('',(3.786308943497,36.738310946056,5.));
#4239 = CARTESIAN_POINT('',(3.110495137714,36.78870699937,5.));
#4240 = CARTESIAN_POINT('',(2.439980335149,36.795620162701,5.));
#4241 = CARTESIAN_POINT('',(1.782152093703,36.754586852135,5.));
#4242 = CARTESIAN_POINT('',(1.139254832716,36.69004326348,5.));
#4243 = CARTESIAN_POINT('',(0.536377405238,36.528672101668,5.));
#4244 = CARTESIAN_POINT('',(-7.542081697033E-02,36.548132829835,5.));
#4245 = CARTESIAN_POINT('',(-0.623352509696,36.330352968029,5.));
#4246 = CARTESIAN_POINT('',(-1.156219836468,36.140857589544,5.));
#4247 = CARTESIAN_POINT('',(-1.655477021925,35.918091564333,5.));
#4248 = CARTESIAN_POINT('',(-2.12606202294,35.683437279474,5.));
#4249 = CARTESIAN_POINT('',(-2.571454917837,35.43533095892,5.));
#4250 = CARTESIAN_POINT('',(-2.998827809873,35.176437986519,5.));
#4251 = CARTESIAN_POINT('',(-3.417838744746,34.905292804144,5.));
#4252 = CARTESIAN_POINT('',(-3.844346543349,34.621680705002,5.));
#4253 = CARTESIAN_POINT('',(-4.291396403753,34.311904289306,5.));
#4254 = CARTESIAN_POINT('',(-4.825379267227,34.005077859696,5.));
#4255 = CARTESIAN_POINT('',(-5.335467282974,33.524791076611,5.));
#4256 = CARTESIAN_POINT('',(-6.066634453917,33.211709108231,5.));
#4257 = CARTESIAN_POINT('',(-6.865029472575,32.891606550549,5.));
#4258 = CARTESIAN_POINT('',(-7.761812572341,32.676862889564,5.));
#4259 = CARTESIAN_POINT('',(-8.677959691345,32.571938038838,5.));
#4260 = CARTESIAN_POINT('',(-9.537687121508,32.599668871475,5.));
#4261 = CARTESIAN_POINT('',(-10.3318398563,32.643795786261,5.));
#4262 = CARTESIAN_POINT('',(-10.97543355503,32.920657355932,5.));
#4263 = CARTESIAN_POINT('',(-11.5821541309,33.026346992201,5.));
#4264 = CARTESIAN_POINT('',(-12.10819335994,33.164541546795,5.));
#4265 = CARTESIAN_POINT('',(-12.60598064179,33.285175485117,5.));
#4266 = CARTESIAN_POINT('',(-13.09245923946,33.396658432155,5.));
#4267 = CARTESIAN_POINT('',(-13.58260500395,33.493768110106,5.));
#4268 = CARTESIAN_POINT('',(-14.08599477996,33.574578446953,5.));
#4269 = CARTESIAN_POINT('',(-14.608456525,33.634131797376,5.));
#4270 = CARTESIAN_POINT('',(-15.15379528592,33.672707373302,5.));
#4271 = CARTESIAN_POINT('',(-15.71933801726,33.668523422661,5.));
#4272 = CARTESIAN_POINT('',(-16.30871048515,33.685765875678,5.));
#4273 = CARTESIAN_POINT('',(-16.87695679893,33.458231457378,5.));
#4274 = CARTESIAN_POINT('',(-17.49866845667,33.403674523186,5.));
#4275 = CARTESIAN_POINT('',(-18.12486947618,33.244441843818,5.));
#4276 = CARTESIAN_POINT('',(-18.75706003917,33.05801003354,5.));
#4277 = CARTESIAN_POINT('',(-19.38477341016,32.822184216097,5.));
#4278 = CARTESIAN_POINT('',(-20.0025941911,32.543685481966,5.));
#4279 = CARTESIAN_POINT('',(-20.4030228896,32.329882070046,5.));
#4280 = CARTESIAN_POINT('',(-20.6,32.216145020781,5.));
#4281 = ORIENTED_EDGE('',*,*,#4282,.F.);
#4282 = EDGE_CURVE('',#4283,#4233,#4285,.T.);
#4283 = VERTEX_POINT('',#4284);
#4284 = CARTESIAN_POINT('',(-20.6,32.216145020781,0.));
#4285 = LINE('',#4286,#4287);
#4286 = CARTESIAN_POINT('',(-20.6,32.216145020781,0.));
#4287 = VECTOR('',#4288,1.);
#4288 = DIRECTION('',(0.,0.,1.));
#4289 = ORIENTED_EDGE('',*,*,#4290,.F.);
#4290 = EDGE_CURVE('',#4124,#4283,#4291,.T.);
#4291 = B_SPLINE_CURVE_WITH_KNOTS('',3,(#4292,#4293,#4294,#4295,#4296,
    #4297,#4298,#4299,#4300,#4301,#4302,#4303,#4304,#4305,#4306,#4307,
    #4308,#4309,#4310,#4311,#4312,#4313,#4314,#4315,#4316,#4317,#4318,
    #4319,#4320,#4321,#4322,#4323,#4324,#4325,#4326,#4327,#4328,#4329,
    #4330,#4331,#4332,#4333,#4334,#4335,#4336),.UNSPECIFIED.,.F.,.F.,(4,
    1,1,1,1,1,1,1,1,1,1,1,1,1,1,1,1,1,1,1,1,1,1,1,1,1,1,1,1,1,1,1,1,1,1,
    1,1,1,1,1,1,1,4),(0.,0.682243031795,1.36073038675,2.031787479255,
    2.691905531904,3.33783397807,3.966685540456,4.554451155201,
    5.144017040623,5.71133018399,6.256551195988,6.781263747608,
    7.28892317091,7.785457048834,8.280047766171,8.78607405982,
    9.322008260957,9.911580910146,10.629001082897,11.399049790332,
    12.272210591893,13.213322186779,14.154433781664,15.027594583225,
    15.79764329066,16.515063463411,17.1046361126,17.640570313737,
    18.146596607386,18.641187324723,19.137721202647,19.645380625949,
    20.170093177569,20.715314189567,21.282627332934,21.872193218356,
    22.459958833101,23.088810395487,23.734738841653,24.394856894302,
    25.065913986807,25.744401341762,26.426644373557),.UNSPECIFIED.);
#4292 = CARTESIAN_POINT('',(4.45971220921,36.634848412054,0.));
#4293 = CARTESIAN_POINT('',(4.235713910221,36.674356138431,0.));
#4294 = CARTESIAN_POINT('',(3.786308943497,36.738310946056,0.));
#4295 = CARTESIAN_POINT('',(3.110495137714,36.78870699937,0.));
#4296 = CARTESIAN_POINT('',(2.439980335149,36.795620162701,0.));
#4297 = CARTESIAN_POINT('',(1.782152093703,36.754586852135,0.));
#4298 = CARTESIAN_POINT('',(1.139254832716,36.69004326348,0.));
#4299 = CARTESIAN_POINT('',(0.536377405238,36.528672101668,0.));
#4300 = CARTESIAN_POINT('',(-7.542081697033E-02,36.548132829835,0.));
#4301 = CARTESIAN_POINT('',(-0.623352509696,36.330352968029,0.));
#4302 = CARTESIAN_POINT('',(-1.156219836468,36.140857589544,0.));
#4303 = CARTESIAN_POINT('',(-1.655477021925,35.918091564333,0.));
#4304 = CARTESIAN_POINT('',(-2.12606202294,35.683437279474,0.));
#4305 = CARTESIAN_POINT('',(-2.571454917837,35.43533095892,0.));
#4306 = CARTESIAN_POINT('',(-2.998827809873,35.176437986519,0.));
#4307 = CARTESIAN_POINT('',(-3.417838744746,34.905292804144,0.));
#4308 = CARTESIAN_POINT('',(-3.844346543349,34.621680705002,0.));
#4309 = CARTESIAN_POINT('',(-4.291396403753,34.311904289306,0.));
#4310 = CARTESIAN_POINT('',(-4.825379267227,34.005077859696,0.));
#4311 = CARTESIAN_POINT('',(-5.335467282974,33.524791076611,0.));
#4312 = CARTESIAN_POINT('',(-6.066634453917,33.211709108231,0.));
#4313 = CARTESIAN_POINT('',(-6.865029472575,32.891606550549,0.));
#4314 = CARTESIAN_POINT('',(-7.761812572341,32.676862889564,0.));
#4315 = CARTESIAN_POINT('',(-8.677959691345,32.571938038838,0.));
#4316 = CARTESIAN_POINT('',(-9.537687121508,32.599668871475,0.));
#4317 = CARTESIAN_POINT('',(-10.3318398563,32.643795786261,0.));
#4318 = CARTESIAN_POINT('',(-10.97543355503,32.920657355932,0.));
#4319 = CARTESIAN_POINT('',(-11.5821541309,33.026346992201,0.));
#4320 = CARTESIAN_POINT('',(-12.10819335994,33.164541546795,0.));
#4321 = CARTESIAN_POINT('',(-12.60598064179,33.285175485117,0.));
#4322 = CARTESIAN_POINT('',(-13.09245923946,33.396658432155,0.));
#4323 = CARTESIAN_POINT('',(-13.58260500395,33.493768110106,0.));
#4324 = CARTESIAN_POINT('',(-14.08599477996,33.574578446953,0.));
#4325 = CARTESIAN_POINT('',(-14.608456525,33.634131797376,0.));
#4326 = CARTESIAN_POINT('',(-15.15379528592,33.672707373302,0.));
#4327 = CARTESIAN_POINT('',(-15.71933801726,33.668523422661,0.));
#4328 = CARTESIAN_POINT('',(-16.30871048515,33.685765875678,0.));
#4329 = CARTESIAN_POINT('',(-16.87695679893,33.458231457378,0.));
#4330 = CARTESIAN_POINT('',(-17.49866845667,33.403674523186,0.));
#4331 = CARTESIAN_POINT('',(-18.12486947618,33.244441843818,0.));
#4332 = CARTESIAN_POINT('',(-18.75706003917,33.05801003354,0.));
#4333 = CARTESIAN_POINT('',(-19.38477341016,32.822184216097,0.));
#4334 = CARTESIAN_POINT('',(-20.0025941911,32.543685481966,0.));
#4335 = CARTESIAN_POINT('',(-20.4030228896,32.329882070046,0.));
#4336 = CARTESIAN_POINT('',(-20.6,32.216145020781,0.));
#4337 = SURFACE_OF_LINEAR_EXTRUSION('',#4338,#4384);
#4338 = B_SPLINE_CURVE_WITH_KNOTS('',3,(#4339,#4340,#4341,#4342,#4343,
    #4344,#4345,#4346,#4347,#4348,#4349,#4350,#4351,#4352,#4353,#4354,
    #4355,#4356,#4357,#4358,#4359,#4360,#4361,#4362,#4363,#4364,#4365,
    #4366,#4367,#4368,#4369,#4370,#4371,#4372,#4373,#4374,#4375,#4376,
    #4377,#4378,#4379,#4380,#4381,#4382,#4383),.UNSPECIFIED.,.F.,.F.,(4,
    1,1,1,1,1,1,1,1,1,1,1,1,1,1,1,1,1,1,1,1,1,1,1,1,1,1,1,1,1,1,1,1,1,1,
    1,1,1,1,1,1,1,4),(0.,0.682243031795,1.36073038675,2.031787479255,
    2.691905531904,3.33783397807,3.966685540456,4.554451155201,
    5.144017040623,5.71133018399,6.256551195988,6.781263747608,
    7.28892317091,7.785457048834,8.280047766171,8.78607405982,
    9.322008260957,9.911580910146,10.629001082897,11.399049790332,
    12.272210591893,13.213322186779,14.154433781664,15.027594583225,
    15.79764329066,16.515063463411,17.1046361126,17.640570313737,
    18.146596607386,18.641187324723,19.137721202647,19.645380625949,
    20.170093177569,20.715314189567,21.282627332934,21.872193218356,
    22.459958833101,23.088810395487,23.734738841653,24.394856894302,
    25.065913986807,25.744401341762,26.426644373557),.UNSPECIFIED.);
#4339 = CARTESIAN_POINT('',(4.45971220921,36.634848412054,0.));
#4340 = CARTESIAN_POINT('',(4.235713910221,36.674356138431,0.));
#4341 = CARTESIAN_POINT('',(3.786308943497,36.738310946056,0.));
#4342 = CARTESIAN_POINT('',(3.110495137714,36.78870699937,0.));
#4343 = CARTESIAN_POINT('',(2.439980335149,36.795620162701,0.));
#4344 = CARTESIAN_POINT('',(1.782152093703,36.754586852135,0.));
#4345 = CARTESIAN_POINT('',(1.139254832716,36.69004326348,0.));
#4346 = CARTESIAN_POINT('',(0.536377405238,36.528672101668,0.));
#4347 = CARTESIAN_POINT('',(-7.542081697033E-02,36.548132829835,0.));
#4348 = CARTESIAN_POINT('',(-0.623352509696,36.330352968029,0.));
#4349 = CARTESIAN_POINT('',(-1.156219836468,36.140857589544,0.));
#4350 = CARTESIAN_POINT('',(-1.655477021925,35.918091564333,0.));
#4351 = CARTESIAN_POINT('',(-2.12606202294,35.683437279474,0.));
#4352 = CARTESIAN_POINT('',(-2.571454917837,35.43533095892,0.));
#4353 = CARTESIAN_POINT('',(-2.998827809873,35.176437986519,0.));
#4354 = CARTESIAN_POINT('',(-3.417838744746,34.905292804144,0.));
#4355 = CARTESIAN_POINT('',(-3.844346543349,34.621680705002,0.));
#4356 = CARTESIAN_POINT('',(-4.291396403753,34.311904289306,0.));
#4357 = CARTESIAN_POINT('',(-4.825379267227,34.005077859696,0.));
#4358 = CARTESIAN_POINT('',(-5.335467282974,33.524791076611,0.));
#4359 = CARTESIAN_POINT('',(-6.066634453917,33.211709108231,0.));
#4360 = CARTESIAN_POINT('',(-6.865029472575,32.891606550549,0.));
#4361 = CARTESIAN_POINT('',(-7.761812572341,32.676862889564,0.));
#4362 = CARTESIAN_POINT('',(-8.677959691345,32.571938038838,0.));
#4363 = CARTESIAN_POINT('',(-9.537687121508,32.599668871475,0.));
#4364 = CARTESIAN_POINT('',(-10.3318398563,32.643795786261,0.));
#4365 = CARTESIAN_POINT('',(-10.97543355503,32.920657355932,0.));
#4366 = CARTESIAN_POINT('',(-11.5821541309,33.026346992201,0.));
#4367 = CARTESIAN_POINT('',(-12.10819335994,33.164541546795,0.));
#4368 = CARTESIAN_POINT('',(-12.60598064179,33.285175485117,0.));
#4369 = CARTESIAN_POINT('',(-13.09245923946,33.396658432155,0.));
#4370 = CARTESIAN_POINT('',(-13.58260500395,33.493768110106,0.));
#4371 = CARTESIAN_POINT('',(-14.08599477996,33.574578446953,0.));
#4372 = CARTESIAN_POINT('',(-14.608456525,33.634131797376,0.));
#4373 = CARTESIAN_POINT('',(-15.15379528592,33.672707373302,0.));
#4374 = CARTESIAN_POINT('',(-15.71933801726,33.668523422661,0.));
#4375 = CARTESIAN_POINT('',(-16.30871048515,33.685765875678,0.));
#4376 = CARTESIAN_POINT('',(-16.87695679893,33.458231457378,0.));
#4377 = CARTESIAN_POINT('',(-17.49866845667,33.403674523186,0.));
#4378 = CARTESIAN_POINT('',(-18.12486947618,33.244441843818,0.));
#4379 = CARTESIAN_POINT('',(-18.75706003917,33.05801003354,0.));
#4380 = CARTESIAN_POINT('',(-19.38477341016,32.822184216097,0.));
#4381 = CARTESIAN_POINT('',(-20.0025941911,32.543685481966,0.));
#4382 = CARTESIAN_POINT('',(-20.4030228896,32.329882070046,0.));
#4383 = CARTESIAN_POINT('',(-20.6,32.216145020781,0.));
#4384 = VECTOR('',#4385,1.);
#4385 = DIRECTION('',(-0.,-0.,-1.));
#4386 = ADVANCED_FACE('',(#4387),#4496,.F.);
#4387 = FACE_BOUND('',#4388,.F.);
#4388 = EDGE_LOOP('',(#4389,#4390,#4440,#4448));
#4389 = ORIENTED_EDGE('',*,*,#4282,.T.);
#4390 = ORIENTED_EDGE('',*,*,#4391,.T.);
#4391 = EDGE_CURVE('',#4233,#4392,#4394,.T.);
#4392 = VERTEX_POINT('',#4393);
#4393 = CARTESIAN_POINT('',(-36.95656549323,12.723149331715,5.));
#4394 = B_SPLINE_CURVE_WITH_KNOTS('',3,(#4395,#4396,#4397,#4398,#4399,
    #4400,#4401,#4402,#4403,#4404,#4405,#4406,#4407,#4408,#4409,#4410,
    #4411,#4412,#4413,#4414,#4415,#4416,#4417,#4418,#4419,#4420,#4421,
    #4422,#4423,#4424,#4425,#4426,#4427,#4428,#4429,#4430,#4431,#4432,
    #4433,#4434,#4435,#4436,#4437,#4438,#4439),.UNSPECIFIED.,.F.,.F.,(4,
    1,1,1,1,1,1,1,1,1,1,1,1,1,1,1,1,1,1,1,1,1,1,1,1,1,1,1,1,1,1,1,1,1,1,
    1,1,1,1,1,1,1,4),(0.,0.682243031795,1.36073038675,2.031787479255,
    2.691905531904,3.33783397807,3.966685540456,4.554451155201,
    5.144017040623,5.71133018399,6.256551195988,6.781263747608,
    7.28892317091,7.785457048834,8.280047766171,8.78607405982,
    9.322008260957,9.911580910146,10.629001082897,11.399049790332,
    12.272210591893,13.213322186779,14.154433781664,15.027594583225,
    15.79764329066,16.515063463411,17.1046361126,17.640570313737,
    18.146596607386,18.641187324723,19.137721202647,19.645380625949,
    20.170093177569,20.715314189567,21.282627332934,21.872193218356,
    22.459958833101,23.088810395487,23.734738841653,24.394856894302,
    25.065913986807,25.744401341762,26.426644373557),.UNSPECIFIED.);
#4395 = CARTESIAN_POINT('',(-20.6,32.216145020781,5.));
#4396 = CARTESIAN_POINT('',(-20.79698772921,32.102426363851,5.));
#4397 = CARTESIAN_POINT('',(-21.1823612646,31.862546644501,5.));
#4398 = CARTESIAN_POINT('',(-21.73245863375,31.466747520286,5.));
#4399 = CARTESIAN_POINT('',(-22.25054646801,31.041044703439,5.));
#4400 = CARTESIAN_POINT('',(-22.72809643328,30.586767520994,5.));
#4401 = CARTESIAN_POINT('',(-23.17909648849,30.124077869902,5.));
#4402 = CARTESIAN_POINT('',(-23.53720000832,29.612938247574,5.));
#4403 = CARTESIAN_POINT('',(-24.01837375169,29.234589713382,5.));
#4404 = CARTESIAN_POINT('',(-24.2981275833,28.715556957383,5.));
#4405 = CARTESIAN_POINT('',(-24.58452235651,28.227874560442,5.));
#4406 = CARTESIAN_POINT('',(-24.82378430825,27.736309551855,5.));
#4407 = CARTESIAN_POINT('',(-25.03344046643,27.254067732928,5.));
#4408 = CARTESIAN_POINT('',(-25.21515154983,26.777714230482,5.));
#4409 = CARTESIAN_POINT('',(-25.37612498402,26.304680707895,5.));
#4410 = CARTESIAN_POINT('',(-25.52281721863,25.827636410399,5.));
#4411 = CARTESIAN_POINT('',(-25.66723880441,25.336223009474,5.));
#4412 = CARTESIAN_POINT('',(-25.81057842399,24.811562396441,5.));
#4413 = CARTESIAN_POINT('',(-26.022408802,24.233282146609,5.));
#4414 = CARTESIAN_POINT('',(-26.1044364987,23.537482868952,5.));
#4415 = CARTESIAN_POINT('',(-26.4632978369,22.827662968742,5.));
#4416 = CARTESIAN_POINT('',(-26.86914594645,22.069251757572,5.));
#4417 = CARTESIAN_POINT('',(-27.41808709217,21.328307504274,5.));
#4418 = CARTESIAN_POINT('',(-28.05245210777,20.659042388685,5.));
#4419 = CARTESIAN_POINT('',(-28.72886656386,20.127663299113,5.));
#4420 = CARTESIAN_POINT('',(-29.36558708742,19.650994938853,5.));
#4421 = CARTESIAN_POINT('',(-30.03657165055,19.449389150592,5.));
#4422 = CARTESIAN_POINT('',(-30.56928256488,19.140359640444,5.));
#4423 = CARTESIAN_POINT('',(-31.06108174057,18.908091312423,5.));
#4424 = CARTESIAN_POINT('',(-31.51995092255,18.680530773492,5.));
#4425 = CARTESIAN_POINT('',(-31.96427500603,18.453229250616,5.));
#4426 = CARTESIAN_POINT('',(-32.40216934301,18.212559955425,5.));
#4427 = CARTESIAN_POINT('',(-32.8397321669,17.950891554056,5.));
#4428 = CARTESIAN_POINT('',(-33.2782412392,17.660680130966,5.));
#4429 = CARTESIAN_POINT('',(-33.72079086886,17.339693737943,5.));
#4430 = CARTESIAN_POINT('',(-34.15133234392,16.972964785355,5.));
#4431 = CARTESIAN_POINT('',(-34.61390108304,16.607331950819,5.));
#4432 = CARTESIAN_POINT('',(-34.90294670917,16.067768784313,5.));
#4433 = CARTESIAN_POINT('',(-35.34413694848,15.626347197655,5.));
#4434 = CARTESIAN_POINT('',(-35.7214819664,15.101853631944,5.));
#4435 = CARTESIAN_POINT('',(-36.08593197647,14.552674318808,5.));
#4436 = CARTESIAN_POINT('',(-36.41520240269,13.968534884508,5.));
#4437 = CARTESIAN_POINT('',(-36.70946504316,13.358064933815,5.));
#4438 = CARTESIAN_POINT('',(-36.87878103842,12.936891412232,5.));
#4439 = CARTESIAN_POINT('',(-36.95656549323,12.723149331715,5.));
#4440 = ORIENTED_EDGE('',*,*,#4441,.F.);
#4441 = EDGE_CURVE('',#4442,#4392,#4444,.T.);
#4442 = VERTEX_POINT('',#4443);
#4443 = CARTESIAN_POINT('',(-36.95656549323,12.723149331715,0.));
#4444 = LINE('',#4445,#4446);
#4445 = CARTESIAN_POINT('',(-36.95656549323,12.723149331715,0.));
#4446 = VECTOR('',#4447,1.);
#4447 = DIRECTION('',(0.,0.,1.));
#4448 = ORIENTED_EDGE('',*,*,#4449,.F.);
#4449 = EDGE_CURVE('',#4283,#4442,#4450,.T.);
#4450 = B_SPLINE_CURVE_WITH_KNOTS('',3,(#4451,#4452,#4453,#4454,#4455,
    #4456,#4457,#4458,#4459,#4460,#4461,#4462,#4463,#4464,#4465,#4466,
    #4467,#4468,#4469,#4470,#4471,#4472,#4473,#4474,#4475,#4476,#4477,
    #4478,#4479,#4480,#4481,#4482,#4483,#4484,#4485,#4486,#4487,#4488,
    #4489,#4490,#4491,#4492,#4493,#4494,#4495),.UNSPECIFIED.,.F.,.F.,(4,
    1,1,1,1,1,1,1,1,1,1,1,1,1,1,1,1,1,1,1,1,1,1,1,1,1,1,1,1,1,1,1,1,1,1,
    1,1,1,1,1,1,1,4),(0.,0.682243031795,1.36073038675,2.031787479255,
    2.691905531904,3.33783397807,3.966685540456,4.554451155201,
    5.144017040623,5.71133018399,6.256551195988,6.781263747608,
    7.28892317091,7.785457048834,8.280047766171,8.78607405982,
    9.322008260957,9.911580910146,10.629001082897,11.399049790332,
    12.272210591893,13.213322186779,14.154433781664,15.027594583225,
    15.79764329066,16.515063463411,17.1046361126,17.640570313737,
    18.146596607386,18.641187324723,19.137721202647,19.645380625949,
    20.170093177569,20.715314189567,21.282627332934,21.872193218356,
    22.459958833101,23.088810395487,23.734738841653,24.394856894302,
    25.065913986807,25.744401341762,26.426644373557),.UNSPECIFIED.);
#4451 = CARTESIAN_POINT('',(-20.6,32.216145020781,0.));
#4452 = CARTESIAN_POINT('',(-20.79698772921,32.102426363851,0.));
#4453 = CARTESIAN_POINT('',(-21.1823612646,31.862546644501,0.));
#4454 = CARTESIAN_POINT('',(-21.73245863375,31.466747520286,0.));
#4455 = CARTESIAN_POINT('',(-22.25054646801,31.041044703439,0.));
#4456 = CARTESIAN_POINT('',(-22.72809643328,30.586767520994,0.));
#4457 = CARTESIAN_POINT('',(-23.17909648849,30.124077869902,0.));
#4458 = CARTESIAN_POINT('',(-23.53720000832,29.612938247574,0.));
#4459 = CARTESIAN_POINT('',(-24.01837375169,29.234589713382,0.));
#4460 = CARTESIAN_POINT('',(-24.2981275833,28.715556957383,0.));
#4461 = CARTESIAN_POINT('',(-24.58452235651,28.227874560442,0.));
#4462 = CARTESIAN_POINT('',(-24.82378430825,27.736309551855,0.));
#4463 = CARTESIAN_POINT('',(-25.03344046643,27.254067732928,0.));
#4464 = CARTESIAN_POINT('',(-25.21515154983,26.777714230482,0.));
#4465 = CARTESIAN_POINT('',(-25.37612498402,26.304680707895,0.));
#4466 = CARTESIAN_POINT('',(-25.52281721863,25.827636410399,0.));
#4467 = CARTESIAN_POINT('',(-25.66723880441,25.336223009474,0.));
#4468 = CARTESIAN_POINT('',(-25.81057842399,24.811562396441,0.));
#4469 = CARTESIAN_POINT('',(-26.022408802,24.233282146609,0.));
#4470 = CARTESIAN_POINT('',(-26.1044364987,23.537482868952,0.));
#4471 = CARTESIAN_POINT('',(-26.4632978369,22.827662968742,0.));
#4472 = CARTESIAN_POINT('',(-26.86914594645,22.069251757572,0.));
#4473 = CARTESIAN_POINT('',(-27.41808709217,21.328307504274,0.));
#4474 = CARTESIAN_POINT('',(-28.05245210777,20.659042388685,0.));
#4475 = CARTESIAN_POINT('',(-28.72886656386,20.127663299113,0.));
#4476 = CARTESIAN_POINT('',(-29.36558708742,19.650994938853,0.));
#4477 = CARTESIAN_POINT('',(-30.03657165055,19.449389150592,0.));
#4478 = CARTESIAN_POINT('',(-30.56928256488,19.140359640444,0.));
#4479 = CARTESIAN_POINT('',(-31.06108174057,18.908091312423,0.));
#4480 = CARTESIAN_POINT('',(-31.51995092255,18.680530773492,0.));
#4481 = CARTESIAN_POINT('',(-31.96427500603,18.453229250616,0.));
#4482 = CARTESIAN_POINT('',(-32.40216934301,18.212559955425,0.));
#4483 = CARTESIAN_POINT('',(-32.8397321669,17.950891554056,0.));
#4484 = CARTESIAN_POINT('',(-33.2782412392,17.660680130966,0.));
#4485 = CARTESIAN_POINT('',(-33.72079086886,17.339693737943,0.));
#4486 = CARTESIAN_POINT('',(-34.15133234392,16.972964785355,0.));
#4487 = CARTESIAN_POINT('',(-34.61390108304,16.607331950819,0.));
#4488 = CARTESIAN_POINT('',(-34.90294670917,16.067768784313,0.));
#4489 = CARTESIAN_POINT('',(-35.34413694848,15.626347197655,0.));
#4490 = CARTESIAN_POINT('',(-35.7214819664,15.101853631944,0.));
#4491 = CARTESIAN_POINT('',(-36.08593197647,14.552674318808,0.));
#4492 = CARTESIAN_POINT('',(-36.41520240269,13.968534884508,0.));
#4493 = CARTESIAN_POINT('',(-36.70946504316,13.358064933815,0.));
#4494 = CARTESIAN_POINT('',(-36.87878103842,12.936891412232,0.));
#4495 = CARTESIAN_POINT('',(-36.95656549323,12.723149331715,0.));
#4496 = SURFACE_OF_LINEAR_EXTRUSION('',#4497,#4543);
#4497 = B_SPLINE_CURVE_WITH_KNOTS('',3,(#4498,#4499,#4500,#4501,#4502,
    #4503,#4504,#4505,#4506,#4507,#4508,#4509,#4510,#4511,#4512,#4513,
    #4514,#4515,#4516,#4517,#4518,#4519,#4520,#4521,#4522,#4523,#4524,
    #4525,#4526,#4527,#4528,#4529,#4530,#4531,#4532,#4533,#4534,#4535,
    #4536,#4537,#4538,#4539,#4540,#4541,#4542),.UNSPECIFIED.,.F.,.F.,(4,
    1,1,1,1,1,1,1,1,1,1,1,1,1,1,1,1,1,1,1,1,1,1,1,1,1,1,1,1,1,1,1,1,1,1,
    1,1,1,1,1,1,1,4),(0.,0.682243031795,1.36073038675,2.031787479255,
    2.691905531904,3.33783397807,3.966685540456,4.554451155201,
    5.144017040623,5.71133018399,6.256551195988,6.781263747608,
    7.28892317091,7.785457048834,8.280047766171,8.78607405982,
    9.322008260957,9.911580910146,10.629001082897,11.399049790332,
    12.272210591893,13.213322186779,14.154433781664,15.027594583225,
    15.79764329066,16.515063463411,17.1046361126,17.640570313737,
    18.146596607386,18.641187324723,19.137721202647,19.645380625949,
    20.170093177569,20.715314189567,21.282627332934,21.872193218356,
    22.459958833101,23.088810395487,23.734738841653,24.394856894302,
    25.065913986807,25.744401341762,26.426644373557),.UNSPECIFIED.);
#4498 = CARTESIAN_POINT('',(-20.6,32.216145020781,0.));
#4499 = CARTESIAN_POINT('',(-20.79698772921,32.102426363851,0.));
#4500 = CARTESIAN_POINT('',(-21.1823612646,31.862546644501,0.));
#4501 = CARTESIAN_POINT('',(-21.73245863375,31.466747520286,0.));
#4502 = CARTESIAN_POINT('',(-22.25054646801,31.041044703439,0.));
#4503 = CARTESIAN_POINT('',(-22.72809643328,30.586767520994,0.));
#4504 = CARTESIAN_POINT('',(-23.17909648849,30.124077869902,0.));
#4505 = CARTESIAN_POINT('',(-23.53720000832,29.612938247574,0.));
#4506 = CARTESIAN_POINT('',(-24.01837375169,29.234589713382,0.));
#4507 = CARTESIAN_POINT('',(-24.2981275833,28.715556957383,0.));
#4508 = CARTESIAN_POINT('',(-24.58452235651,28.227874560442,0.));
#4509 = CARTESIAN_POINT('',(-24.82378430825,27.736309551855,0.));
#4510 = CARTESIAN_POINT('',(-25.03344046643,27.254067732928,0.));
#4511 = CARTESIAN_POINT('',(-25.21515154983,26.777714230482,0.));
#4512 = CARTESIAN_POINT('',(-25.37612498402,26.304680707895,0.));
#4513 = CARTESIAN_POINT('',(-25.52281721863,25.827636410399,0.));
#4514 = CARTESIAN_POINT('',(-25.66723880441,25.336223009474,0.));
#4515 = CARTESIAN_POINT('',(-25.81057842399,24.811562396441,0.));
#4516 = CARTESIAN_POINT('',(-26.022408802,24.233282146609,0.));
#4517 = CARTESIAN_POINT('',(-26.1044364987,23.537482868952,0.));
#4518 = CARTESIAN_POINT('',(-26.4632978369,22.827662968742,0.));
#4519 = CARTESIAN_POINT('',(-26.86914594645,22.069251757572,0.));
#4520 = CARTESIAN_POINT('',(-27.41808709217,21.328307504274,0.));
#4521 = CARTESIAN_POINT('',(-28.05245210777,20.659042388685,0.));
#4522 = CARTESIAN_POINT('',(-28.72886656386,20.127663299113,0.));
#4523 = CARTESIAN_POINT('',(-29.36558708742,19.650994938853,0.));
#4524 = CARTESIAN_POINT('',(-30.03657165055,19.449389150592,0.));
#4525 = CARTESIAN_POINT('',(-30.56928256488,19.140359640444,0.));
#4526 = CARTESIAN_POINT('',(-31.06108174057,18.908091312423,0.));
#4527 = CARTESIAN_POINT('',(-31.51995092255,18.680530773492,0.));
#4528 = CARTESIAN_POINT('',(-31.96427500603,18.453229250616,0.));
#4529 = CARTESIAN_POINT('',(-32.40216934301,18.212559955425,0.));
#4530 = CARTESIAN_POINT('',(-32.8397321669,17.950891554056,0.));
#4531 = CARTESIAN_POINT('',(-33.2782412392,17.660680130966,0.));
#4532 = CARTESIAN_POINT('',(-33.72079086886,17.339693737943,0.));
#4533 = CARTESIAN_POINT('',(-34.15133234392,16.972964785355,0.));
#4534 = CARTESIAN_POINT('',(-34.61390108304,16.607331950819,0.));
#4535 = CARTESIAN_POINT('',(-34.90294670917,16.067768784313,0.));
#4536 = CARTESIAN_POINT('',(-35.34413694848,15.626347197655,0.));
#4537 = CARTESIAN_POINT('',(-35.7214819664,15.101853631944,0.));
#4538 = CARTESIAN_POINT('',(-36.08593197647,14.552674318808,0.));
#4539 = CARTESIAN_POINT('',(-36.41520240269,13.968534884508,0.));
#4540 = CARTESIAN_POINT('',(-36.70946504316,13.358064933815,0.));
#4541 = CARTESIAN_POINT('',(-36.87878103842,12.936891412232,0.));
#4542 = CARTESIAN_POINT('',(-36.95656549323,12.723149331715,0.));
#4543 = VECTOR('',#4544,1.);
#4544 = DIRECTION('',(-0.,-0.,-1.));
#4545 = ADVANCED_FACE('',(#4546),#4655,.F.);
#4546 = FACE_BOUND('',#4547,.F.);
#4547 = EDGE_LOOP('',(#4548,#4549,#4599,#4607));
#4548 = ORIENTED_EDGE('',*,*,#4441,.T.);
#4549 = ORIENTED_EDGE('',*,*,#4550,.T.);
#4550 = EDGE_CURVE('',#4392,#4551,#4553,.T.);
#4551 = VERTEX_POINT('',#4552);
#4552 = CARTESIAN_POINT('',(-36.95656549323,-12.72314933171,5.));
#4553 = B_SPLINE_CURVE_WITH_KNOTS('',3,(#4554,#4555,#4556,#4557,#4558,
    #4559,#4560,#4561,#4562,#4563,#4564,#4565,#4566,#4567,#4568,#4569,
    #4570,#4571,#4572,#4573,#4574,#4575,#4576,#4577,#4578,#4579,#4580,
    #4581,#4582,#4583,#4584,#4585,#4586,#4587,#4588,#4589,#4590,#4591,
    #4592,#4593,#4594,#4595,#4596,#4597,#4598),.UNSPECIFIED.,.F.,.F.,(4,
    1,1,1,1,1,1,1,1,1,1,1,1,1,1,1,1,1,1,1,1,1,1,1,1,1,1,1,1,1,1,1,1,1,1,
    1,1,1,1,1,1,1,4),(0.,0.682243031795,1.36073038675,2.031787479255,
    2.691905531904,3.33783397807,3.966685540456,4.554451155201,
    5.144017040623,5.71133018399,6.256551195988,6.781263747608,
    7.28892317091,7.785457048834,8.280047766171,8.78607405982,
    9.322008260957,9.911580910146,10.629001082897,11.399049790332,
    12.272210591893,13.213322186779,14.154433781664,15.027594583225,
    15.79764329066,16.515063463411,17.1046361126,17.640570313737,
    18.146596607386,18.641187324723,19.137721202647,19.645380625949,
    20.170093177569,20.715314189567,21.282627332934,21.872193218356,
    22.459958833101,23.088810395487,23.734738841653,24.394856894302,
    25.065913986807,25.744401341762,26.426644373557),.UNSPECIFIED.);
#4554 = CARTESIAN_POINT('',(-36.95656549323,12.723149331715,5.));
#4555 = CARTESIAN_POINT('',(-37.03436990489,12.509414514898,5.));
#4556 = CARTESIAN_POINT('',(-37.17539144879,12.077942655223,5.));
#4557 = CARTESIAN_POINT('',(-37.34237570863,11.421147162515,5.));
#4558 = CARTESIAN_POINT('',(-37.46561751904,10.762019444654,5.));
#4559 = CARTESIAN_POINT('',(-37.53943827201,10.107059732724,5.));
#4560 = CARTESIAN_POINT('',(-37.58751318329,9.462721649164,5.));
#4561 = CARTESIAN_POINT('',(-37.53328217866,8.840981476291,5.));
#4562 = CARTESIAN_POINT('',(-37.65868490103,8.241857163763,5.));
#4563 = CARTESIAN_POINT('',(-37.5393609446,7.664432708511,5.));
#4564 = CARTESIAN_POINT('',(-37.44527586694,7.106755306629,5.));
#4565 = CARTESIAN_POINT('',(-37.31258925865,6.576400045319,5.));
#4566 = CARTESIAN_POINT('',(-37.1632161275,6.072216998921,5.));
#4567 = CARTESIAN_POINT('',(-36.99622076399,5.590507412458,5.));
#4568 = CARTESIAN_POINT('',(-36.81547348146,5.124670982086,5.));
#4569 = CARTESIAN_POINT('',(-36.62120808893,4.664941898023,5.));
#4570 = CARTESIAN_POINT('',(-36.41596699683,4.195664987059,5.));
#4571 = CARTESIAN_POINT('',(-36.18852617454,3.70161470848,5.));
#4572 = CARTESIAN_POINT('',(-35.97908627898,3.122464394193,5.));
#4573 = CARTESIAN_POINT('',(-35.59467198571,2.536724836927,5.));
#4574 = CARTESIAN_POINT('',(-35.41331228273,1.762299624964,5.));
#4575 = CARTESIAN_POINT('',(-35.23671264221,0.920448794815,5.));
#4576 = CARTESIAN_POINT('',(-35.180956171,8.437694987151E-15,5.));
#4577 = CARTESIAN_POINT('',(-35.23671264221,-0.920448794815,5.));
#4578 = CARTESIAN_POINT('',(-35.41331228273,-1.762299624964,5.));
#4579 = CARTESIAN_POINT('',(-35.59467198571,-2.536724836927,5.));
#4580 = CARTESIAN_POINT('',(-35.97908627898,-3.122464394193,5.));
#4581 = CARTESIAN_POINT('',(-36.18852617454,-3.70161470848,5.));
#4582 = CARTESIAN_POINT('',(-36.41596699683,-4.195664987059,5.));
#4583 = CARTESIAN_POINT('',(-36.62120808893,-4.664941898023,5.));
#4584 = CARTESIAN_POINT('',(-36.81547348146,-5.124670982086,5.));
#4585 = CARTESIAN_POINT('',(-36.99622076399,-5.590507412458,5.));
#4586 = CARTESIAN_POINT('',(-37.1632161275,-6.072216998921,5.));
#4587 = CARTESIAN_POINT('',(-37.31258925865,-6.576400045319,5.));
#4588 = CARTESIAN_POINT('',(-37.44527586694,-7.106755306629,5.));
#4589 = CARTESIAN_POINT('',(-37.5393609446,-7.664432708511,5.));
#4590 = CARTESIAN_POINT('',(-37.65868490103,-8.241857163763,5.));
#4591 = CARTESIAN_POINT('',(-37.53328217866,-8.840981476291,5.));
#4592 = CARTESIAN_POINT('',(-37.58751318329,-9.462721649164,5.));
#4593 = CARTESIAN_POINT('',(-37.53943827201,-10.10705973272,5.));
#4594 = CARTESIAN_POINT('',(-37.46561751904,-10.76201944465,5.));
#4595 = CARTESIAN_POINT('',(-37.34237570863,-11.42114716251,5.));
#4596 = CARTESIAN_POINT('',(-37.17539144879,-12.07794265522,5.));
#4597 = CARTESIAN_POINT('',(-37.03436990489,-12.50941451489,5.));
#4598 = CARTESIAN_POINT('',(-36.95656549323,-12.72314933171,5.));
#4599 = ORIENTED_EDGE('',*,*,#4600,.F.);
#4600 = EDGE_CURVE('',#4601,#4551,#4603,.T.);
#4601 = VERTEX_POINT('',#4602);
#4602 = CARTESIAN_POINT('',(-36.95656549323,-12.72314933171,0.));
#4603 = LINE('',#4604,#4605);
#4604 = CARTESIAN_POINT('',(-36.95656549323,-12.72314933171,0.));
#4605 = VECTOR('',#4606,1.);
#4606 = DIRECTION('',(0.,0.,1.));
#4607 = ORIENTED_EDGE('',*,*,#4608,.F.);
#4608 = EDGE_CURVE('',#4442,#4601,#4609,.T.);
#4609 = B_SPLINE_CURVE_WITH_KNOTS('',3,(#4610,#4611,#4612,#4613,#4614,
    #4615,#4616,#4617,#4618,#4619,#4620,#4621,#4622,#4623,#4624,#4625,
    #4626,#4627,#4628,#4629,#4630,#4631,#4632,#4633,#4634,#4635,#4636,
    #4637,#4638,#4639,#4640,#4641,#4642,#4643,#4644,#4645,#4646,#4647,
    #4648,#4649,#4650,#4651,#4652,#4653,#4654),.UNSPECIFIED.,.F.,.F.,(4,
    1,1,1,1,1,1,1,1,1,1,1,1,1,1,1,1,1,1,1,1,1,1,1,1,1,1,1,1,1,1,1,1,1,1,
    1,1,1,1,1,1,1,4),(0.,0.682243031795,1.36073038675,2.031787479255,
    2.691905531904,3.33783397807,3.966685540456,4.554451155201,
    5.144017040623,5.71133018399,6.256551195988,6.781263747608,
    7.28892317091,7.785457048834,8.280047766171,8.78607405982,
    9.322008260957,9.911580910146,10.629001082897,11.399049790332,
    12.272210591893,13.213322186779,14.154433781664,15.027594583225,
    15.79764329066,16.515063463411,17.1046361126,17.640570313737,
    18.146596607386,18.641187324723,19.137721202647,19.645380625949,
    20.170093177569,20.715314189567,21.282627332934,21.872193218356,
    22.459958833101,23.088810395487,23.734738841653,24.394856894302,
    25.065913986807,25.744401341762,26.426644373557),.UNSPECIFIED.);
#4610 = CARTESIAN_POINT('',(-36.95656549323,12.723149331715,0.));
#4611 = CARTESIAN_POINT('',(-37.03436990489,12.509414514898,0.));
#4612 = CARTESIAN_POINT('',(-37.17539144879,12.077942655223,0.));
#4613 = CARTESIAN_POINT('',(-37.34237570863,11.421147162515,0.));
#4614 = CARTESIAN_POINT('',(-37.46561751904,10.762019444654,0.));
#4615 = CARTESIAN_POINT('',(-37.53943827201,10.107059732724,0.));
#4616 = CARTESIAN_POINT('',(-37.58751318329,9.462721649164,0.));
#4617 = CARTESIAN_POINT('',(-37.53328217866,8.840981476291,0.));
#4618 = CARTESIAN_POINT('',(-37.65868490103,8.241857163763,0.));
#4619 = CARTESIAN_POINT('',(-37.5393609446,7.664432708511,0.));
#4620 = CARTESIAN_POINT('',(-37.44527586694,7.106755306629,0.));
#4621 = CARTESIAN_POINT('',(-37.31258925865,6.576400045319,0.));
#4622 = CARTESIAN_POINT('',(-37.1632161275,6.072216998921,0.));
#4623 = CARTESIAN_POINT('',(-36.99622076399,5.590507412458,0.));
#4624 = CARTESIAN_POINT('',(-36.81547348146,5.124670982086,0.));
#4625 = CARTESIAN_POINT('',(-36.62120808893,4.664941898023,0.));
#4626 = CARTESIAN_POINT('',(-36.41596699683,4.195664987059,0.));
#4627 = CARTESIAN_POINT('',(-36.18852617454,3.70161470848,0.));
#4628 = CARTESIAN_POINT('',(-35.97908627898,3.122464394193,0.));
#4629 = CARTESIAN_POINT('',(-35.59467198571,2.536724836927,0.));
#4630 = CARTESIAN_POINT('',(-35.41331228273,1.762299624964,0.));
#4631 = CARTESIAN_POINT('',(-35.23671264221,0.920448794815,0.));
#4632 = CARTESIAN_POINT('',(-35.180956171,8.437694987151E-15,0.));
#4633 = CARTESIAN_POINT('',(-35.23671264221,-0.920448794815,0.));
#4634 = CARTESIAN_POINT('',(-35.41331228273,-1.762299624964,0.));
#4635 = CARTESIAN_POINT('',(-35.59467198571,-2.536724836927,0.));
#4636 = CARTESIAN_POINT('',(-35.97908627898,-3.122464394193,0.));
#4637 = CARTESIAN_POINT('',(-36.18852617454,-3.70161470848,0.));
#4638 = CARTESIAN_POINT('',(-36.41596699683,-4.195664987059,0.));
#4639 = CARTESIAN_POINT('',(-36.62120808893,-4.664941898023,0.));
#4640 = CARTESIAN_POINT('',(-36.81547348146,-5.124670982086,0.));
#4641 = CARTESIAN_POINT('',(-36.99622076399,-5.590507412458,0.));
#4642 = CARTESIAN_POINT('',(-37.1632161275,-6.072216998921,0.));
#4643 = CARTESIAN_POINT('',(-37.31258925865,-6.576400045319,0.));
#4644 = CARTESIAN_POINT('',(-37.44527586694,-7.106755306629,0.));
#4645 = CARTESIAN_POINT('',(-37.5393609446,-7.664432708511,0.));
#4646 = CARTESIAN_POINT('',(-37.65868490103,-8.241857163763,0.));
#4647 = CARTESIAN_POINT('',(-37.53328217866,-8.840981476291,0.));
#4648 = CARTESIAN_POINT('',(-37.58751318329,-9.462721649164,0.));
#4649 = CARTESIAN_POINT('',(-37.53943827201,-10.10705973272,0.));
#4650 = CARTESIAN_POINT('',(-37.46561751904,-10.76201944465,0.));
#4651 = CARTESIAN_POINT('',(-37.34237570863,-11.42114716251,0.));
#4652 = CARTESIAN_POINT('',(-37.17539144879,-12.07794265522,0.));
#4653 = CARTESIAN_POINT('',(-37.03436990489,-12.50941451489,0.));
#4654 = CARTESIAN_POINT('',(-36.95656549323,-12.72314933171,0.));
#4655 = SURFACE_OF_LINEAR_EXTRUSION('',#4656,#4702);
#4656 = B_SPLINE_CURVE_WITH_KNOTS('',3,(#4657,#4658,#4659,#4660,#4661,
    #4662,#4663,#4664,#4665,#4666,#4667,#4668,#4669,#4670,#4671,#4672,
    #4673,#4674,#4675,#4676,#4677,#4678,#4679,#4680,#4681,#4682,#4683,
    #4684,#4685,#4686,#4687,#4688,#4689,#4690,#4691,#4692,#4693,#4694,
    #4695,#4696,#4697,#4698,#4699,#4700,#4701),.UNSPECIFIED.,.F.,.F.,(4,
    1,1,1,1,1,1,1,1,1,1,1,1,1,1,1,1,1,1,1,1,1,1,1,1,1,1,1,1,1,1,1,1,1,1,
    1,1,1,1,1,1,1,4),(0.,0.682243031795,1.36073038675,2.031787479255,
    2.691905531904,3.33783397807,3.966685540456,4.554451155201,
    5.144017040623,5.71133018399,6.256551195988,6.781263747608,
    7.28892317091,7.785457048834,8.280047766171,8.78607405982,
    9.322008260957,9.911580910146,10.629001082897,11.399049790332,
    12.272210591893,13.213322186779,14.154433781664,15.027594583225,
    15.79764329066,16.515063463411,17.1046361126,17.640570313737,
    18.146596607386,18.641187324723,19.137721202647,19.645380625949,
    20.170093177569,20.715314189567,21.282627332934,21.872193218356,
    22.459958833101,23.088810395487,23.734738841653,24.394856894302,
    25.065913986807,25.744401341762,26.426644373557),.UNSPECIFIED.);
#4657 = CARTESIAN_POINT('',(-36.95656549323,12.723149331715,0.));
#4658 = CARTESIAN_POINT('',(-37.03436990489,12.509414514898,0.));
#4659 = CARTESIAN_POINT('',(-37.17539144879,12.077942655223,0.));
#4660 = CARTESIAN_POINT('',(-37.34237570863,11.421147162515,0.));
#4661 = CARTESIAN_POINT('',(-37.46561751904,10.762019444654,0.));
#4662 = CARTESIAN_POINT('',(-37.53943827201,10.107059732724,0.));
#4663 = CARTESIAN_POINT('',(-37.58751318329,9.462721649164,0.));
#4664 = CARTESIAN_POINT('',(-37.53328217866,8.840981476291,0.));
#4665 = CARTESIAN_POINT('',(-37.65868490103,8.241857163763,0.));
#4666 = CARTESIAN_POINT('',(-37.5393609446,7.664432708511,0.));
#4667 = CARTESIAN_POINT('',(-37.44527586694,7.106755306629,0.));
#4668 = CARTESIAN_POINT('',(-37.31258925865,6.576400045319,0.));
#4669 = CARTESIAN_POINT('',(-37.1632161275,6.072216998921,0.));
#4670 = CARTESIAN_POINT('',(-36.99622076399,5.590507412458,0.));
#4671 = CARTESIAN_POINT('',(-36.81547348146,5.124670982086,0.));
#4672 = CARTESIAN_POINT('',(-36.62120808893,4.664941898023,0.));
#4673 = CARTESIAN_POINT('',(-36.41596699683,4.195664987059,0.));
#4674 = CARTESIAN_POINT('',(-36.18852617454,3.70161470848,0.));
#4675 = CARTESIAN_POINT('',(-35.97908627898,3.122464394193,0.));
#4676 = CARTESIAN_POINT('',(-35.59467198571,2.536724836927,0.));
#4677 = CARTESIAN_POINT('',(-35.41331228273,1.762299624964,0.));
#4678 = CARTESIAN_POINT('',(-35.23671264221,0.920448794815,0.));
#4679 = CARTESIAN_POINT('',(-35.180956171,8.437694987151E-15,0.));
#4680 = CARTESIAN_POINT('',(-35.23671264221,-0.920448794815,0.));
#4681 = CARTESIAN_POINT('',(-35.41331228273,-1.762299624964,0.));
#4682 = CARTESIAN_POINT('',(-35.59467198571,-2.536724836927,0.));
#4683 = CARTESIAN_POINT('',(-35.97908627898,-3.122464394193,0.));
#4684 = CARTESIAN_POINT('',(-36.18852617454,-3.70161470848,0.));
#4685 = CARTESIAN_POINT('',(-36.41596699683,-4.195664987059,0.));
#4686 = CARTESIAN_POINT('',(-36.62120808893,-4.664941898023,0.));
#4687 = CARTESIAN_POINT('',(-36.81547348146,-5.124670982086,0.));
#4688 = CARTESIAN_POINT('',(-36.99622076399,-5.590507412458,0.));
#4689 = CARTESIAN_POINT('',(-37.1632161275,-6.072216998921,0.));
#4690 = CARTESIAN_POINT('',(-37.31258925865,-6.576400045319,0.));
#4691 = CARTESIAN_POINT('',(-37.44527586694,-7.106755306629,0.));
#4692 = CARTESIAN_POINT('',(-37.5393609446,-7.664432708511,0.));
#4693 = CARTESIAN_POINT('',(-37.65868490103,-8.241857163763,0.));
#4694 = CARTESIAN_POINT('',(-37.53328217866,-8.840981476291,0.));
#4695 = CARTESIAN_POINT('',(-37.58751318329,-9.462721649164,0.));
#4696 = CARTESIAN_POINT('',(-37.53943827201,-10.10705973272,0.));
#4697 = CARTESIAN_POINT('',(-37.46561751904,-10.76201944465,0.));
#4698 = CARTESIAN_POINT('',(-37.34237570863,-11.42114716251,0.));
#4699 = CARTESIAN_POINT('',(-37.17539144879,-12.07794265522,0.));
#4700 = CARTESIAN_POINT('',(-37.03436990489,-12.50941451489,0.));
#4701 = CARTESIAN_POINT('',(-36.95656549323,-12.72314933171,0.));
#4702 = VECTOR('',#4703,1.);
#4703 = DIRECTION('',(-0.,-0.,-1.));
#4704 = ADVANCED_FACE('',(#4705),#4814,.F.);
#4705 = FACE_BOUND('',#4706,.F.);
#4706 = EDGE_LOOP('',(#4707,#4708,#4758,#4766));
#4707 = ORIENTED_EDGE('',*,*,#4600,.T.);
#4708 = ORIENTED_EDGE('',*,*,#4709,.T.);
#4709 = EDGE_CURVE('',#4551,#4710,#4712,.T.);
#4710 = VERTEX_POINT('',#4711);
#4711 = CARTESIAN_POINT('',(-20.6,-32.21614502078,5.));
#4712 = B_SPLINE_CURVE_WITH_KNOTS('',3,(#4713,#4714,#4715,#4716,#4717,
    #4718,#4719,#4720,#4721,#4722,#4723,#4724,#4725,#4726,#4727,#4728,
    #4729,#4730,#4731,#4732,#4733,#4734,#4735,#4736,#4737,#4738,#4739,
    #4740,#4741,#4742,#4743,#4744,#4745,#4746,#4747,#4748,#4749,#4750,
    #4751,#4752,#4753,#4754,#4755,#4756,#4757),.UNSPECIFIED.,.F.,.F.,(4,
    1,1,1,1,1,1,1,1,1,1,1,1,1,1,1,1,1,1,1,1,1,1,1,1,1,1,1,1,1,1,1,1,1,1,
    1,1,1,1,1,1,1,4),(0.,0.682243031795,1.36073038675,2.031787479255,
    2.691905531904,3.33783397807,3.966685540456,4.554451155201,
    5.144017040623,5.71133018399,6.256551195988,6.781263747608,
    7.28892317091,7.785457048834,8.280047766171,8.78607405982,
    9.322008260957,9.911580910146,10.629001082897,11.399049790332,
    12.272210591893,13.213322186779,14.154433781664,15.027594583225,
    15.79764329066,16.515063463411,17.1046361126,17.640570313737,
    18.146596607386,18.641187324723,19.137721202647,19.645380625949,
    20.170093177569,20.715314189567,21.282627332934,21.872193218356,
    22.459958833101,23.088810395487,23.734738841653,24.394856894302,
    25.065913986807,25.744401341762,26.426644373557),.UNSPECIFIED.);
#4713 = CARTESIAN_POINT('',(-36.95656549323,-12.72314933171,5.));
#4714 = CARTESIAN_POINT('',(-36.87878103842,-12.93689141223,5.));
#4715 = CARTESIAN_POINT('',(-36.70946504316,-13.35806493381,5.));
#4716 = CARTESIAN_POINT('',(-36.41520240269,-13.9685348845,5.));
#4717 = CARTESIAN_POINT('',(-36.08593197647,-14.5526743188,5.));
#4718 = CARTESIAN_POINT('',(-35.7214819664,-15.10185363194,5.));
#4719 = CARTESIAN_POINT('',(-35.34413694848,-15.62634719765,5.));
#4720 = CARTESIAN_POINT('',(-34.90294670917,-16.06776878431,5.));
#4721 = CARTESIAN_POINT('',(-34.61390108304,-16.60733195081,5.));
#4722 = CARTESIAN_POINT('',(-34.15133234392,-16.97296478535,5.));
#4723 = CARTESIAN_POINT('',(-33.72079086886,-17.33969373794,5.));
#4724 = CARTESIAN_POINT('',(-33.2782412392,-17.66068013096,5.));
#4725 = CARTESIAN_POINT('',(-32.8397321669,-17.95089155405,5.));
#4726 = CARTESIAN_POINT('',(-32.40216934301,-18.21255995542,5.));
#4727 = CARTESIAN_POINT('',(-31.96427500603,-18.45322925061,5.));
#4728 = CARTESIAN_POINT('',(-31.51995092255,-18.68053077349,5.));
#4729 = CARTESIAN_POINT('',(-31.06108174057,-18.90809131242,5.));
#4730 = CARTESIAN_POINT('',(-30.56928256488,-19.14035964044,5.));
#4731 = CARTESIAN_POINT('',(-30.03657165055,-19.44938915059,5.));
#4732 = CARTESIAN_POINT('',(-29.36558708742,-19.65099493885,5.));
#4733 = CARTESIAN_POINT('',(-28.72886656386,-20.12766329911,5.));
#4734 = CARTESIAN_POINT('',(-28.05245210777,-20.65904238868,5.));
#4735 = CARTESIAN_POINT('',(-27.41808709217,-21.32830750427,5.));
#4736 = CARTESIAN_POINT('',(-26.86914594645,-22.06925175757,5.));
#4737 = CARTESIAN_POINT('',(-26.4632978369,-22.82766296874,5.));
#4738 = CARTESIAN_POINT('',(-26.1044364987,-23.53748286895,5.));
#4739 = CARTESIAN_POINT('',(-26.022408802,-24.2332821466,5.));
#4740 = CARTESIAN_POINT('',(-25.81057842399,-24.81156239644,5.));
#4741 = CARTESIAN_POINT('',(-25.66723880441,-25.33622300947,5.));
#4742 = CARTESIAN_POINT('',(-25.52281721863,-25.82763641039,5.));
#4743 = CARTESIAN_POINT('',(-25.37612498402,-26.30468070789,5.));
#4744 = CARTESIAN_POINT('',(-25.21515154983,-26.77771423048,5.));
#4745 = CARTESIAN_POINT('',(-25.03344046643,-27.25406773292,5.));
#4746 = CARTESIAN_POINT('',(-24.82378430825,-27.73630955185,5.));
#4747 = CARTESIAN_POINT('',(-24.58452235651,-28.22787456044,5.));
#4748 = CARTESIAN_POINT('',(-24.2981275833,-28.71555695738,5.));
#4749 = CARTESIAN_POINT('',(-24.01837375169,-29.23458971338,5.));
#4750 = CARTESIAN_POINT('',(-23.53720000832,-29.61293824757,5.));
#4751 = CARTESIAN_POINT('',(-23.17909648849,-30.1240778699,5.));
#4752 = CARTESIAN_POINT('',(-22.72809643328,-30.58676752099,5.));
#4753 = CARTESIAN_POINT('',(-22.25054646801,-31.04104470343,5.));
#4754 = CARTESIAN_POINT('',(-21.73245863375,-31.46674752028,5.));
#4755 = CARTESIAN_POINT('',(-21.1823612646,-31.8625466445,5.));
#4756 = CARTESIAN_POINT('',(-20.79698772921,-32.10242636385,5.));
#4757 = CARTESIAN_POINT('',(-20.6,-32.21614502078,5.));
#4758 = ORIENTED_EDGE('',*,*,#4759,.F.);
#4759 = EDGE_CURVE('',#4760,#4710,#4762,.T.);
#4760 = VERTEX_POINT('',#4761);
#4761 = CARTESIAN_POINT('',(-20.6,-32.21614502078,0.));
#4762 = LINE('',#4763,#4764);
#4763 = CARTESIAN_POINT('',(-20.6,-32.21614502078,0.));
#4764 = VECTOR('',#4765,1.);
#4765 = DIRECTION('',(0.,0.,1.));
#4766 = ORIENTED_EDGE('',*,*,#4767,.F.);
#4767 = EDGE_CURVE('',#4601,#4760,#4768,.T.);
#4768 = B_SPLINE_CURVE_WITH_KNOTS('',3,(#4769,#4770,#4771,#4772,#4773,
    #4774,#4775,#4776,#4777,#4778,#4779,#4780,#4781,#4782,#4783,#4784,
    #4785,#4786,#4787,#4788,#4789,#4790,#4791,#4792,#4793,#4794,#4795,
    #4796,#4797,#4798,#4799,#4800,#4801,#4802,#4803,#4804,#4805,#4806,
    #4807,#4808,#4809,#4810,#4811,#4812,#4813),.UNSPECIFIED.,.F.,.F.,(4,
    1,1,1,1,1,1,1,1,1,1,1,1,1,1,1,1,1,1,1,1,1,1,1,1,1,1,1,1,1,1,1,1,1,1,
    1,1,1,1,1,1,1,4),(0.,0.682243031795,1.36073038675,2.031787479255,
    2.691905531904,3.33783397807,3.966685540456,4.554451155201,
    5.144017040623,5.71133018399,6.256551195988,6.781263747608,
    7.28892317091,7.785457048834,8.280047766171,8.78607405982,
    9.322008260957,9.911580910146,10.629001082897,11.399049790332,
    12.272210591893,13.213322186779,14.154433781664,15.027594583225,
    15.79764329066,16.515063463411,17.1046361126,17.640570313737,
    18.146596607386,18.641187324723,19.137721202647,19.645380625949,
    20.170093177569,20.715314189567,21.282627332934,21.872193218356,
    22.459958833101,23.088810395487,23.734738841653,24.394856894302,
    25.065913986807,25.744401341762,26.426644373557),.UNSPECIFIED.);
#4769 = CARTESIAN_POINT('',(-36.95656549323,-12.72314933171,0.));
#4770 = CARTESIAN_POINT('',(-36.87878103842,-12.93689141223,0.));
#4771 = CARTESIAN_POINT('',(-36.70946504316,-13.35806493381,0.));
#4772 = CARTESIAN_POINT('',(-36.41520240269,-13.9685348845,0.));
#4773 = CARTESIAN_POINT('',(-36.08593197647,-14.5526743188,0.));
#4774 = CARTESIAN_POINT('',(-35.7214819664,-15.10185363194,0.));
#4775 = CARTESIAN_POINT('',(-35.34413694848,-15.62634719765,0.));
#4776 = CARTESIAN_POINT('',(-34.90294670917,-16.06776878431,0.));
#4777 = CARTESIAN_POINT('',(-34.61390108304,-16.60733195081,0.));
#4778 = CARTESIAN_POINT('',(-34.15133234392,-16.97296478535,0.));
#4779 = CARTESIAN_POINT('',(-33.72079086886,-17.33969373794,0.));
#4780 = CARTESIAN_POINT('',(-33.2782412392,-17.66068013096,0.));
#4781 = CARTESIAN_POINT('',(-32.8397321669,-17.95089155405,0.));
#4782 = CARTESIAN_POINT('',(-32.40216934301,-18.21255995542,0.));
#4783 = CARTESIAN_POINT('',(-31.96427500603,-18.45322925061,0.));
#4784 = CARTESIAN_POINT('',(-31.51995092255,-18.68053077349,0.));
#4785 = CARTESIAN_POINT('',(-31.06108174057,-18.90809131242,0.));
#4786 = CARTESIAN_POINT('',(-30.56928256488,-19.14035964044,0.));
#4787 = CARTESIAN_POINT('',(-30.03657165055,-19.44938915059,0.));
#4788 = CARTESIAN_POINT('',(-29.36558708742,-19.65099493885,0.));
#4789 = CARTESIAN_POINT('',(-28.72886656386,-20.12766329911,0.));
#4790 = CARTESIAN_POINT('',(-28.05245210777,-20.65904238868,0.));
#4791 = CARTESIAN_POINT('',(-27.41808709217,-21.32830750427,0.));
#4792 = CARTESIAN_POINT('',(-26.86914594645,-22.06925175757,0.));
#4793 = CARTESIAN_POINT('',(-26.4632978369,-22.82766296874,0.));
#4794 = CARTESIAN_POINT('',(-26.1044364987,-23.53748286895,0.));
#4795 = CARTESIAN_POINT('',(-26.022408802,-24.2332821466,0.));
#4796 = CARTESIAN_POINT('',(-25.81057842399,-24.81156239644,0.));
#4797 = CARTESIAN_POINT('',(-25.66723880441,-25.33622300947,0.));
#4798 = CARTESIAN_POINT('',(-25.52281721863,-25.82763641039,0.));
#4799 = CARTESIAN_POINT('',(-25.37612498402,-26.30468070789,0.));
#4800 = CARTESIAN_POINT('',(-25.21515154983,-26.77771423048,0.));
#4801 = CARTESIAN_POINT('',(-25.03344046643,-27.25406773292,0.));
#4802 = CARTESIAN_POINT('',(-24.82378430825,-27.73630955185,0.));
#4803 = CARTESIAN_POINT('',(-24.58452235651,-28.22787456044,0.));
#4804 = CARTESIAN_POINT('',(-24.2981275833,-28.71555695738,0.));
#4805 = CARTESIAN_POINT('',(-24.01837375169,-29.23458971338,0.));
#4806 = CARTESIAN_POINT('',(-23.53720000832,-29.61293824757,0.));
#4807 = CARTESIAN_POINT('',(-23.17909648849,-30.1240778699,0.));
#4808 = CARTESIAN_POINT('',(-22.72809643328,-30.58676752099,0.));
#4809 = CARTESIAN_POINT('',(-22.25054646801,-31.04104470343,0.));
#4810 = CARTESIAN_POINT('',(-21.73245863375,-31.46674752028,0.));
#4811 = CARTESIAN_POINT('',(-21.1823612646,-31.8625466445,0.));
#4812 = CARTESIAN_POINT('',(-20.79698772921,-32.10242636385,0.));
#4813 = CARTESIAN_POINT('',(-20.6,-32.21614502078,0.));
#4814 = SURFACE_OF_LINEAR_EXTRUSION('',#4815,#4861);
#4815 = B_SPLINE_CURVE_WITH_KNOTS('',3,(#4816,#4817,#4818,#4819,#4820,
    #4821,#4822,#4823,#4824,#4825,#4826,#4827,#4828,#4829,#4830,#4831,
    #4832,#4833,#4834,#4835,#4836,#4837,#4838,#4839,#4840,#4841,#4842,
    #4843,#4844,#4845,#4846,#4847,#4848,#4849,#4850,#4851,#4852,#4853,
    #4854,#4855,#4856,#4857,#4858,#4859,#4860),.UNSPECIFIED.,.F.,.F.,(4,
    1,1,1,1,1,1,1,1,1,1,1,1,1,1,1,1,1,1,1,1,1,1,1,1,1,1,1,1,1,1,1,1,1,1,
    1,1,1,1,1,1,1,4),(0.,0.682243031795,1.36073038675,2.031787479255,
    2.691905531904,3.33783397807,3.966685540456,4.554451155201,
    5.144017040623,5.71133018399,6.256551195988,6.781263747608,
    7.28892317091,7.785457048834,8.280047766171,8.78607405982,
    9.322008260957,9.911580910146,10.629001082897,11.399049790332,
    12.272210591893,13.213322186779,14.154433781664,15.027594583225,
    15.79764329066,16.515063463411,17.1046361126,17.640570313737,
    18.146596607386,18.641187324723,19.137721202647,19.645380625949,
    20.170093177569,20.715314189567,21.282627332934,21.872193218356,
    22.459958833101,23.088810395487,23.734738841653,24.394856894302,
    25.065913986807,25.744401341762,26.426644373557),.UNSPECIFIED.);
#4816 = CARTESIAN_POINT('',(-36.95656549323,-12.72314933171,0.));
#4817 = CARTESIAN_POINT('',(-36.87878103842,-12.93689141223,0.));
#4818 = CARTESIAN_POINT('',(-36.70946504316,-13.35806493381,0.));
#4819 = CARTESIAN_POINT('',(-36.41520240269,-13.9685348845,0.));
#4820 = CARTESIAN_POINT('',(-36.08593197647,-14.5526743188,0.));
#4821 = CARTESIAN_POINT('',(-35.7214819664,-15.10185363194,0.));
#4822 = CARTESIAN_POINT('',(-35.34413694848,-15.62634719765,0.));
#4823 = CARTESIAN_POINT('',(-34.90294670917,-16.06776878431,0.));
#4824 = CARTESIAN_POINT('',(-34.61390108304,-16.60733195081,0.));
#4825 = CARTESIAN_POINT('',(-34.15133234392,-16.97296478535,0.));
#4826 = CARTESIAN_POINT('',(-33.72079086886,-17.33969373794,0.));
#4827 = CARTESIAN_POINT('',(-33.2782412392,-17.66068013096,0.));
#4828 = CARTESIAN_POINT('',(-32.8397321669,-17.95089155405,0.));
#4829 = CARTESIAN_POINT('',(-32.40216934301,-18.21255995542,0.));
#4830 = CARTESIAN_POINT('',(-31.96427500603,-18.45322925061,0.));
#4831 = CARTESIAN_POINT('',(-31.51995092255,-18.68053077349,0.));
#4832 = CARTESIAN_POINT('',(-31.06108174057,-18.90809131242,0.));
#4833 = CARTESIAN_POINT('',(-30.56928256488,-19.14035964044,0.));
#4834 = CARTESIAN_POINT('',(-30.03657165055,-19.44938915059,0.));
#4835 = CARTESIAN_POINT('',(-29.36558708742,-19.65099493885,0.));
#4836 = CARTESIAN_POINT('',(-28.72886656386,-20.12766329911,0.));
#4837 = CARTESIAN_POINT('',(-28.05245210777,-20.65904238868,0.));
#4838 = CARTESIAN_POINT('',(-27.41808709217,-21.32830750427,0.));
#4839 = CARTESIAN_POINT('',(-26.86914594645,-22.06925175757,0.));
#4840 = CARTESIAN_POINT('',(-26.4632978369,-22.82766296874,0.));
#4841 = CARTESIAN_POINT('',(-26.1044364987,-23.53748286895,0.));
#4842 = CARTESIAN_POINT('',(-26.022408802,-24.2332821466,0.));
#4843 = CARTESIAN_POINT('',(-25.81057842399,-24.81156239644,0.));
#4844 = CARTESIAN_POINT('',(-25.66723880441,-25.33622300947,0.));
#4845 = CARTESIAN_POINT('',(-25.52281721863,-25.82763641039,0.));
#4846 = CARTESIAN_POINT('',(-25.37612498402,-26.30468070789,0.));
#4847 = CARTESIAN_POINT('',(-25.21515154983,-26.77771423048,0.));
#4848 = CARTESIAN_POINT('',(-25.03344046643,-27.25406773292,0.));
#4849 = CARTESIAN_POINT('',(-24.82378430825,-27.73630955185,0.));
#4850 = CARTESIAN_POINT('',(-24.58452235651,-28.22787456044,0.));
#4851 = CARTESIAN_POINT('',(-24.2981275833,-28.71555695738,0.));
#4852 = CARTESIAN_POINT('',(-24.01837375169,-29.23458971338,0.));
#4853 = CARTESIAN_POINT('',(-23.53720000832,-29.61293824757,0.));
#4854 = CARTESIAN_POINT('',(-23.17909648849,-30.1240778699,0.));
#4855 = CARTESIAN_POINT('',(-22.72809643328,-30.58676752099,0.));
#4856 = CARTESIAN_POINT('',(-22.25054646801,-31.04104470343,0.));
#4857 = CARTESIAN_POINT('',(-21.73245863375,-31.46674752028,0.));
#4858 = CARTESIAN_POINT('',(-21.1823612646,-31.8625466445,0.));
#4859 = CARTESIAN_POINT('',(-20.79698772921,-32.10242636385,0.));
#4860 = CARTESIAN_POINT('',(-20.6,-32.21614502078,0.));
#4861 = VECTOR('',#4862,1.);
#4862 = DIRECTION('',(-0.,-0.,-1.));
#4863 = ADVANCED_FACE('',(#4864),#4973,.F.);
#4864 = FACE_BOUND('',#4865,.F.);
#4865 = EDGE_LOOP('',(#4866,#4867,#4917,#4925));
#4866 = ORIENTED_EDGE('',*,*,#4759,.T.);
#4867 = ORIENTED_EDGE('',*,*,#4868,.T.);
#4868 = EDGE_CURVE('',#4710,#4869,#4871,.T.);
#4869 = VERTEX_POINT('',#4870);
#4870 = CARTESIAN_POINT('',(4.45971220921,-36.63484841205,5.));
#4871 = B_SPLINE_CURVE_WITH_KNOTS('',3,(#4872,#4873,#4874,#4875,#4876,
    #4877,#4878,#4879,#4880,#4881,#4882,#4883,#4884,#4885,#4886,#4887,
    #4888,#4889,#4890,#4891,#4892,#4893,#4894,#4895,#4896,#4897,#4898,
    #4899,#4900,#4901,#4902,#4903,#4904,#4905,#4906,#4907,#4908,#4909,
    #4910,#4911,#4912,#4913,#4914,#4915,#4916),.UNSPECIFIED.,.F.,.F.,(4,
    1,1,1,1,1,1,1,1,1,1,1,1,1,1,1,1,1,1,1,1,1,1,1,1,1,1,1,1,1,1,1,1,1,1,
    1,1,1,1,1,1,1,4),(0.,0.682243031795,1.36073038675,2.031787479255,
    2.691905531904,3.33783397807,3.966685540456,4.554451155201,
    5.144017040623,5.71133018399,6.256551195988,6.781263747608,
    7.28892317091,7.785457048834,8.280047766171,8.78607405982,
    9.322008260957,9.911580910146,10.629001082897,11.399049790332,
    12.272210591893,13.213322186779,14.154433781664,15.027594583225,
    15.79764329066,16.515063463411,17.1046361126,17.640570313737,
    18.146596607386,18.641187324723,19.137721202647,19.645380625949,
    20.170093177569,20.715314189567,21.282627332934,21.872193218356,
    22.459958833101,23.088810395487,23.734738841653,24.394856894302,
    25.065913986807,25.744401341762,26.426644373557),.UNSPECIFIED.);
#4872 = CARTESIAN_POINT('',(-20.6,-32.21614502078,5.));
#4873 = CARTESIAN_POINT('',(-20.4030228896,-32.32988207004,5.));
#4874 = CARTESIAN_POINT('',(-20.0025941911,-32.54368548196,5.));
#4875 = CARTESIAN_POINT('',(-19.38477341016,-32.82218421609,5.));
#4876 = CARTESIAN_POINT('',(-18.75706003917,-33.05801003354,5.));
#4877 = CARTESIAN_POINT('',(-18.12486947618,-33.24444184381,5.));
#4878 = CARTESIAN_POINT('',(-17.49866845667,-33.40367452318,5.));
#4879 = CARTESIAN_POINT('',(-16.87695679893,-33.45823145737,5.));
#4880 = CARTESIAN_POINT('',(-16.30871048515,-33.68576587567,5.));
#4881 = CARTESIAN_POINT('',(-15.71933801726,-33.66852342266,5.));
#4882 = CARTESIAN_POINT('',(-15.15379528592,-33.6727073733,5.));
#4883 = CARTESIAN_POINT('',(-14.608456525,-33.63413179737,5.));
#4884 = CARTESIAN_POINT('',(-14.08599477996,-33.57457844695,5.));
#4885 = CARTESIAN_POINT('',(-13.58260500395,-33.4937681101,5.));
#4886 = CARTESIAN_POINT('',(-13.09245923946,-33.39665843215,5.));
#4887 = CARTESIAN_POINT('',(-12.60598064179,-33.28517548511,5.));
#4888 = CARTESIAN_POINT('',(-12.10819335994,-33.16454154679,5.));
#4889 = CARTESIAN_POINT('',(-11.5821541309,-33.0263469922,5.));
#4890 = CARTESIAN_POINT('',(-10.97543355503,-32.92065735593,5.));
#4891 = CARTESIAN_POINT('',(-10.3318398563,-32.64379578626,5.));
#4892 = CARTESIAN_POINT('',(-9.537687121508,-32.59966887147,5.));
#4893 = CARTESIAN_POINT('',(-8.677959691345,-32.57193803883,5.));
#4894 = CARTESIAN_POINT('',(-7.761812572341,-32.67686288956,5.));
#4895 = CARTESIAN_POINT('',(-6.865029472576,-32.89160655054,5.));
#4896 = CARTESIAN_POINT('',(-6.066634453917,-33.21170910823,5.));
#4897 = CARTESIAN_POINT('',(-5.335467282974,-33.52479107661,5.));
#4898 = CARTESIAN_POINT('',(-4.825379267227,-34.00507785969,5.));
#4899 = CARTESIAN_POINT('',(-4.291396403753,-34.3119042893,5.));
#4900 = CARTESIAN_POINT('',(-3.844346543349,-34.621680705,5.));
#4901 = CARTESIAN_POINT('',(-3.417838744746,-34.90529280414,5.));
#4902 = CARTESIAN_POINT('',(-2.998827809873,-35.17643798651,5.));
#4903 = CARTESIAN_POINT('',(-2.571454917837,-35.43533095892,5.));
#4904 = CARTESIAN_POINT('',(-2.12606202294,-35.68343727947,5.));
#4905 = CARTESIAN_POINT('',(-1.655477021925,-35.91809156433,5.));
#4906 = CARTESIAN_POINT('',(-1.156219836468,-36.14085758954,5.));
#4907 = CARTESIAN_POINT('',(-0.623352509696,-36.33035296802,5.));
#4908 = CARTESIAN_POINT('',(-7.542081697033E-02,-36.54813282983,5.));
#4909 = CARTESIAN_POINT('',(0.536377405238,-36.52867210166,5.));
#4910 = CARTESIAN_POINT('',(1.139254832716,-36.69004326348,5.));
#4911 = CARTESIAN_POINT('',(1.782152093703,-36.75458685213,5.));
#4912 = CARTESIAN_POINT('',(2.439980335149,-36.7956201627,5.));
#4913 = CARTESIAN_POINT('',(3.110495137714,-36.78870699937,5.));
#4914 = CARTESIAN_POINT('',(3.786308943497,-36.73831094605,5.));
#4915 = CARTESIAN_POINT('',(4.235713910221,-36.67435613843,5.));
#4916 = CARTESIAN_POINT('',(4.45971220921,-36.63484841205,5.));
#4917 = ORIENTED_EDGE('',*,*,#4918,.F.);
#4918 = EDGE_CURVE('',#4919,#4869,#4921,.T.);
#4919 = VERTEX_POINT('',#4920);
#4920 = CARTESIAN_POINT('',(4.45971220921,-36.63484841205,0.));
#4921 = LINE('',#4922,#4923);
#4922 = CARTESIAN_POINT('',(4.45971220921,-36.63484841205,0.));
#4923 = VECTOR('',#4924,1.);
#4924 = DIRECTION('',(0.,0.,1.));
#4925 = ORIENTED_EDGE('',*,*,#4926,.F.);
#4926 = EDGE_CURVE('',#4760,#4919,#4927,.T.);
#4927 = B_SPLINE_CURVE_WITH_KNOTS('',3,(#4928,#4929,#4930,#4931,#4932,
    #4933,#4934,#4935,#4936,#4937,#4938,#4939,#4940,#4941,#4942,#4943,
    #4944,#4945,#4946,#4947,#4948,#4949,#4950,#4951,#4952,#4953,#4954,
    #4955,#4956,#4957,#4958,#4959,#4960,#4961,#4962,#4963,#4964,#4965,
    #4966,#4967,#4968,#4969,#4970,#4971,#4972),.UNSPECIFIED.,.F.,.F.,(4,
    1,1,1,1,1,1,1,1,1,1,1,1,1,1,1,1,1,1,1,1,1,1,1,1,1,1,1,1,1,1,1,1,1,1,
    1,1,1,1,1,1,1,4),(0.,0.682243031795,1.36073038675,2.031787479255,
    2.691905531904,3.33783397807,3.966685540456,4.554451155201,
    5.144017040623,5.71133018399,6.256551195988,6.781263747608,
    7.28892317091,7.785457048834,8.280047766171,8.78607405982,
    9.322008260957,9.911580910146,10.629001082897,11.399049790332,
    12.272210591893,13.213322186779,14.154433781664,15.027594583225,
    15.79764329066,16.515063463411,17.1046361126,17.640570313737,
    18.146596607386,18.641187324723,19.137721202647,19.645380625949,
    20.170093177569,20.715314189567,21.282627332934,21.872193218356,
    22.459958833101,23.088810395487,23.734738841653,24.394856894302,
    25.065913986807,25.744401341762,26.426644373557),.UNSPECIFIED.);
#4928 = CARTESIAN_POINT('',(-20.6,-32.21614502078,0.));
#4929 = CARTESIAN_POINT('',(-20.4030228896,-32.32988207004,0.));
#4930 = CARTESIAN_POINT('',(-20.0025941911,-32.54368548196,0.));
#4931 = CARTESIAN_POINT('',(-19.38477341016,-32.82218421609,0.));
#4932 = CARTESIAN_POINT('',(-18.75706003917,-33.05801003354,0.));
#4933 = CARTESIAN_POINT('',(-18.12486947618,-33.24444184381,0.));
#4934 = CARTESIAN_POINT('',(-17.49866845667,-33.40367452318,0.));
#4935 = CARTESIAN_POINT('',(-16.87695679893,-33.45823145737,0.));
#4936 = CARTESIAN_POINT('',(-16.30871048515,-33.68576587567,0.));
#4937 = CARTESIAN_POINT('',(-15.71933801726,-33.66852342266,0.));
#4938 = CARTESIAN_POINT('',(-15.15379528592,-33.6727073733,0.));
#4939 = CARTESIAN_POINT('',(-14.608456525,-33.63413179737,0.));
#4940 = CARTESIAN_POINT('',(-14.08599477996,-33.57457844695,0.));
#4941 = CARTESIAN_POINT('',(-13.58260500395,-33.4937681101,0.));
#4942 = CARTESIAN_POINT('',(-13.09245923946,-33.39665843215,0.));
#4943 = CARTESIAN_POINT('',(-12.60598064179,-33.28517548511,0.));
#4944 = CARTESIAN_POINT('',(-12.10819335994,-33.16454154679,0.));
#4945 = CARTESIAN_POINT('',(-11.5821541309,-33.0263469922,0.));
#4946 = CARTESIAN_POINT('',(-10.97543355503,-32.92065735593,0.));
#4947 = CARTESIAN_POINT('',(-10.3318398563,-32.64379578626,0.));
#4948 = CARTESIAN_POINT('',(-9.537687121508,-32.59966887147,0.));
#4949 = CARTESIAN_POINT('',(-8.677959691345,-32.57193803883,0.));
#4950 = CARTESIAN_POINT('',(-7.761812572341,-32.67686288956,0.));
#4951 = CARTESIAN_POINT('',(-6.865029472576,-32.89160655054,0.));
#4952 = CARTESIAN_POINT('',(-6.066634453917,-33.21170910823,0.));
#4953 = CARTESIAN_POINT('',(-5.335467282974,-33.52479107661,0.));
#4954 = CARTESIAN_POINT('',(-4.825379267227,-34.00507785969,0.));
#4955 = CARTESIAN_POINT('',(-4.291396403753,-34.3119042893,0.));
#4956 = CARTESIAN_POINT('',(-3.844346543349,-34.621680705,0.));
#4957 = CARTESIAN_POINT('',(-3.417838744746,-34.90529280414,0.));
#4958 = CARTESIAN_POINT('',(-2.998827809873,-35.17643798651,0.));
#4959 = CARTESIAN_POINT('',(-2.571454917837,-35.43533095892,0.));
#4960 = CARTESIAN_POINT('',(-2.12606202294,-35.68343727947,0.));
#4961 = CARTESIAN_POINT('',(-1.655477021925,-35.91809156433,0.));
#4962 = CARTESIAN_POINT('',(-1.156219836468,-36.14085758954,0.));
#4963 = CARTESIAN_POINT('',(-0.623352509696,-36.33035296802,0.));
#4964 = CARTESIAN_POINT('',(-7.542081697033E-02,-36.54813282983,0.));
#4965 = CARTESIAN_POINT('',(0.536377405238,-36.52867210166,0.));
#4966 = CARTESIAN_POINT('',(1.139254832716,-36.69004326348,0.));
#4967 = CARTESIAN_POINT('',(1.782152093703,-36.75458685213,0.));
#4968 = CARTESIAN_POINT('',(2.439980335149,-36.7956201627,0.));
#4969 = CARTESIAN_POINT('',(3.110495137714,-36.78870699937,0.));
#4970 = CARTESIAN_POINT('',(3.786308943497,-36.73831094605,0.));
#4971 = CARTESIAN_POINT('',(4.235713910221,-36.67435613843,0.));
#4972 = CARTESIAN_POINT('',(4.45971220921,-36.63484841205,0.));
#4973 = SURFACE_OF_LINEAR_EXTRUSION('',#4974,#5020);
#4974 = B_SPLINE_CURVE_WITH_KNOTS('',3,(#4975,#4976,#4977,#4978,#4979,
    #4980,#4981,#4982,#4983,#4984,#4985,#4986,#4987,#4988,#4989,#4990,
    #4991,#4992,#4993,#4994,#4995,#4996,#4997,#4998,#4999,#5000,#5001,
    #5002,#5003,#5004,#5005,#5006,#5007,#5008,#5009,#5010,#5011,#5012,
    #5013,#5014,#5015,#5016,#5017,#5018,#5019),.UNSPECIFIED.,.F.,.F.,(4,
    1,1,1,1,1,1,1,1,1,1,1,1,1,1,1,1,1,1,1,1,1,1,1,1,1,1,1,1,1,1,1,1,1,1,
    1,1,1,1,1,1,1,4),(0.,0.682243031795,1.36073038675,2.031787479255,
    2.691905531904,3.33783397807,3.966685540456,4.554451155201,
    5.144017040623,5.71133018399,6.256551195988,6.781263747608,
    7.28892317091,7.785457048834,8.280047766171,8.78607405982,
    9.322008260957,9.911580910146,10.629001082897,11.399049790332,
    12.272210591893,13.213322186779,14.154433781664,15.027594583225,
    15.79764329066,16.515063463411,17.1046361126,17.640570313737,
    18.146596607386,18.641187324723,19.137721202647,19.645380625949,
    20.170093177569,20.715314189567,21.282627332934,21.872193218356,
    22.459958833101,23.088810395487,23.734738841653,24.394856894302,
    25.065913986807,25.744401341762,26.426644373557),.UNSPECIFIED.);
#4975 = CARTESIAN_POINT('',(-20.6,-32.21614502078,0.));
#4976 = CARTESIAN_POINT('',(-20.4030228896,-32.32988207004,0.));
#4977 = CARTESIAN_POINT('',(-20.0025941911,-32.54368548196,0.));
#4978 = CARTESIAN_POINT('',(-19.38477341016,-32.82218421609,0.));
#4979 = CARTESIAN_POINT('',(-18.75706003917,-33.05801003354,0.));
#4980 = CARTESIAN_POINT('',(-18.12486947618,-33.24444184381,0.));
#4981 = CARTESIAN_POINT('',(-17.49866845667,-33.40367452318,0.));
#4982 = CARTESIAN_POINT('',(-16.87695679893,-33.45823145737,0.));
#4983 = CARTESIAN_POINT('',(-16.30871048515,-33.68576587567,0.));
#4984 = CARTESIAN_POINT('',(-15.71933801726,-33.66852342266,0.));
#4985 = CARTESIAN_POINT('',(-15.15379528592,-33.6727073733,0.));
#4986 = CARTESIAN_POINT('',(-14.608456525,-33.63413179737,0.));
#4987 = CARTESIAN_POINT('',(-14.08599477996,-33.57457844695,0.));
#4988 = CARTESIAN_POINT('',(-13.58260500395,-33.4937681101,0.));
#4989 = CARTESIAN_POINT('',(-13.09245923946,-33.39665843215,0.));
#4990 = CARTESIAN_POINT('',(-12.60598064179,-33.28517548511,0.));
#4991 = CARTESIAN_POINT('',(-12.10819335994,-33.16454154679,0.));
#4992 = CARTESIAN_POINT('',(-11.5821541309,-33.0263469922,0.));
#4993 = CARTESIAN_POINT('',(-10.97543355503,-32.92065735593,0.));
#4994 = CARTESIAN_POINT('',(-10.3318398563,-32.64379578626,0.));
#4995 = CARTESIAN_POINT('',(-9.537687121508,-32.59966887147,0.));
#4996 = CARTESIAN_POINT('',(-8.677959691345,-32.57193803883,0.));
#4997 = CARTESIAN_POINT('',(-7.761812572341,-32.67686288956,0.));
#4998 = CARTESIAN_POINT('',(-6.865029472576,-32.89160655054,0.));
#4999 = CARTESIAN_POINT('',(-6.066634453917,-33.21170910823,0.));
#5000 = CARTESIAN_POINT('',(-5.335467282974,-33.52479107661,0.));
#5001 = CARTESIAN_POINT('',(-4.825379267227,-34.00507785969,0.));
#5002 = CARTESIAN_POINT('',(-4.291396403753,-34.3119042893,0.));
#5003 = CARTESIAN_POINT('',(-3.844346543349,-34.621680705,0.));
#5004 = CARTESIAN_POINT('',(-3.417838744746,-34.90529280414,0.));
#5005 = CARTESIAN_POINT('',(-2.998827809873,-35.17643798651,0.));
#5006 = CARTESIAN_POINT('',(-2.571454917837,-35.43533095892,0.));
#5007 = CARTESIAN_POINT('',(-2.12606202294,-35.68343727947,0.));
#5008 = CARTESIAN_POINT('',(-1.655477021925,-35.91809156433,0.));
#5009 = CARTESIAN_POINT('',(-1.156219836468,-36.14085758954,0.));
#5010 = CARTESIAN_POINT('',(-0.623352509696,-36.33035296802,0.));
#5011 = CARTESIAN_POINT('',(-7.542081697033E-02,-36.54813282983,0.));
#5012 = CARTESIAN_POINT('',(0.536377405238,-36.52867210166,0.));
#5013 = CARTESIAN_POINT('',(1.139254832716,-36.69004326348,0.));
#5014 = CARTESIAN_POINT('',(1.782152093703,-36.75458685213,0.));
#5015 = CARTESIAN_POINT('',(2.439980335149,-36.7956201627,0.));
#5016 = CARTESIAN_POINT('',(3.110495137714,-36.78870699937,0.));
#5017 = CARTESIAN_POINT('',(3.786308943497,-36.73831094605,0.));
#5018 = CARTESIAN_POINT('',(4.235713910221,-36.67435613843,0.));
#5019 = CARTESIAN_POINT('',(4.45971220921,-36.63484841205,0.));
#5020 = VECTOR('',#5021,1.);
#5021 = DIRECTION('',(-0.,-0.,-1.));
#5022 = ADVANCED_FACE('',(#5023),#5132,.F.);
#5023 = FACE_BOUND('',#5024,.F.);
#5024 = EDGE_LOOP('',(#5025,#5026,#5076,#5084));
#5025 = ORIENTED_EDGE('',*,*,#4918,.T.);
#5026 = ORIENTED_EDGE('',*,*,#5027,.T.);
#5027 = EDGE_CURVE('',#4869,#5028,#5030,.T.);
#5028 = VERTEX_POINT('',#5029);
#5029 = CARTESIAN_POINT('',(26.496853284026,-23.91169908033,5.));
#5030 = B_SPLINE_CURVE_WITH_KNOTS('',3,(#5031,#5032,#5033,#5034,#5035,
    #5036,#5037,#5038,#5039,#5040,#5041,#5042,#5043,#5044,#5045,#5046,
    #5047,#5048,#5049,#5050,#5051,#5052,#5053,#5054,#5055,#5056,#5057,
    #5058,#5059,#5060,#5061,#5062,#5063,#5064,#5065,#5066,#5067,#5068,
    #5069,#5070,#5071,#5072,#5073,#5074,#5075),.UNSPECIFIED.,.F.,.F.,(4,
    1,1,1,1,1,1,1,1,1,1,1,1,1,1,1,1,1,1,1,1,1,1,1,1,1,1,1,1,1,1,1,1,1,1,
    1,1,1,1,1,1,1,4),(0.,0.682243031795,1.36073038675,2.031787479255,
    2.691905531904,3.33783397807,3.966685540456,4.554451155201,
    5.144017040623,5.71133018399,6.256551195988,6.781263747608,
    7.28892317091,7.785457048834,8.280047766171,8.78607405982,
    9.322008260957,9.911580910146,10.629001082897,11.399049790332,
    12.272210591893,13.213322186779,14.154433781664,15.027594583225,
    15.79764329066,16.515063463411,17.1046361126,17.640570313737,
    18.146596607386,18.641187324723,19.137721202647,19.645380625949,
    20.170093177569,20.715314189567,21.282627332934,21.872193218356,
    22.459958833101,23.088810395487,23.734738841653,24.394856894302,
    25.065913986807,25.744401341762,26.426644373557),.UNSPECIFIED.);
#5031 = CARTESIAN_POINT('',(4.45971220921,-36.63484841205,5.));
#5032 = CARTESIAN_POINT('',(4.683714196076,-36.59536160066,5.));
#5033 = CARTESIAN_POINT('',(5.127890559522,-36.50175391032,5.));
#5034 = CARTESIAN_POINT('',(5.780184271218,-36.31796877502,5.));
#5035 = CARTESIAN_POINT('',(6.41262652443,-36.09513545472,5.));
#5036 = CARTESIAN_POINT('',(7.0167486499,-35.83158624615,5.));
#5037 = CARTESIAN_POINT('',(7.59879925453,-35.55105129882,5.));
#5038 = CARTESIAN_POINT('',(8.110126536479,-35.19321578471,5.));
#5039 = CARTESIAN_POINT('',(8.691684772335,-35.00225557172,5.));
#5040 = CARTESIAN_POINT('',(9.132087041135,-34.61020576654,5.));
#5041 = CARTESIAN_POINT('',(9.568007299451,-34.24988699823,5.));
#5042 = CARTESIAN_POINT('',(9.96096512463,-33.86979939405,5.));
#5043 = CARTESIAN_POINT('',(10.322913885397,-33.48834694464,5.));
#5044 = CARTESIAN_POINT('',(10.656588942766,-33.1028699243,5.));
#5045 = CARTESIAN_POINT('',(10.969641484209,-32.71341997077,5.));
#5046 = CARTESIAN_POINT('',(11.2706458536,-32.31531666373,5.));
#5047 = CARTESIAN_POINT('',(11.574431033857,-31.90293420859,5.));
#5048 = CARTESIAN_POINT('',(11.888570714707,-31.45893953934,5.));
#5049 = CARTESIAN_POINT('',(12.285409651708,-30.98798411208,5.));
#5050 = CARTESIAN_POINT('',(12.600467841669,-30.36220178989,5.));
#5051 = CARTESIAN_POINT('',(13.180459897067,-29.81792707391,5.));
#5052 = CARTESIAN_POINT('',(13.821224281915,-29.24406188385,5.));
#5053 = CARTESIAN_POINT('',(14.590478085502,-28.73555096594,5.));
#5054 = CARTESIAN_POINT('',(15.415488360301,-28.32361308903,5.));
#5055 = CARTESIAN_POINT('',(16.232852385665,-28.05562744894,5.));
#5056 = CARTESIAN_POINT('',(16.994204144048,-27.82547695297,5.));
#5057 = CARTESIAN_POINT('',(17.693676627276,-27.86551971788,5.));
#5058 = CARTESIAN_POINT('',(18.299955459839,-27.75732483086,5.));
#5059 = CARTESIAN_POINT('',(18.841535962981,-27.70726922153,5.));
#5060 = CARTESIAN_POINT('',(19.350562235333,-27.65037476571,5.));
#5061 = CARTESIAN_POINT('',(19.845831997255,-27.58874898868,5.));
#5062 = CARTESIAN_POINT('',(20.339631821233,-27.51236251184,5.));
#5063 = CARTESIAN_POINT('',(20.840302242111,-27.41612994572,5.));
#5064 = CARTESIAN_POINT('',(21.351624134021,-27.29339934873,5.));
#5065 = CARTESIAN_POINT('',(21.877268567492,-27.1431316916,5.));
#5066 = CARTESIAN_POINT('',(22.407273903469,-26.94577305803,5.));
#5067 = CARTESIAN_POINT('',(22.967000128698,-26.76039840795,5.));
#5068 = CARTESIAN_POINT('',(23.42315564219,-26.35223430842,5.));
#5069 = CARTESIAN_POINT('',(23.988713928765,-26.08832964966,5.));
#5070 = CARTESIAN_POINT('',(24.522689622112,-25.72452651342,5.));
#5071 = CARTESIAN_POINT('',(25.052990994615,-25.33311601006,5.));
#5072 = CARTESIAN_POINT('',(25.562191437416,-24.89682161251,5.));
#5073 = CARTESIAN_POINT('',(26.047500889271,-24.4238112551,5.));
#5074 = CARTESIAN_POINT('',(26.350655708819,-24.08594708577,5.));
#5075 = CARTESIAN_POINT('',(26.496853284026,-23.91169908033,5.));
#5076 = ORIENTED_EDGE('',*,*,#5077,.F.);
#5077 = EDGE_CURVE('',#5078,#5028,#5080,.T.);
#5078 = VERTEX_POINT('',#5079);
#5079 = CARTESIAN_POINT('',(26.496853284026,-23.91169908033,0.));
#5080 = LINE('',#5081,#5082);
#5081 = CARTESIAN_POINT('',(26.496853284026,-23.91169908033,0.));
#5082 = VECTOR('',#5083,1.);
#5083 = DIRECTION('',(0.,0.,1.));
#5084 = ORIENTED_EDGE('',*,*,#5085,.F.);
#5085 = EDGE_CURVE('',#4919,#5078,#5086,.T.);
#5086 = B_SPLINE_CURVE_WITH_KNOTS('',3,(#5087,#5088,#5089,#5090,#5091,
    #5092,#5093,#5094,#5095,#5096,#5097,#5098,#5099,#5100,#5101,#5102,
    #5103,#5104,#5105,#5106,#5107,#5108,#5109,#5110,#5111,#5112,#5113,
    #5114,#5115,#5116,#5117,#5118,#5119,#5120,#5121,#5122,#5123,#5124,
    #5125,#5126,#5127,#5128,#5129,#5130,#5131),.UNSPECIFIED.,.F.,.F.,(4,
    1,1,1,1,1,1,1,1,1,1,1,1,1,1,1,1,1,1,1,1,1,1,1,1,1,1,1,1,1,1,1,1,1,1,
    1,1,1,1,1,1,1,4),(0.,0.682243031795,1.36073038675,2.031787479255,
    2.691905531904,3.33783397807,3.966685540456,4.554451155201,
    5.144017040623,5.71133018399,6.256551195988,6.781263747608,
    7.28892317091,7.785457048834,8.280047766171,8.78607405982,
    9.322008260957,9.911580910146,10.629001082897,11.399049790332,
    12.272210591893,13.213322186779,14.154433781664,15.027594583225,
    15.79764329066,16.515063463411,17.1046361126,17.640570313737,
    18.146596607386,18.641187324723,19.137721202647,19.645380625949,
    20.170093177569,20.715314189567,21.282627332934,21.872193218356,
    22.459958833101,23.088810395487,23.734738841653,24.394856894302,
    25.065913986807,25.744401341762,26.426644373557),.UNSPECIFIED.);
#5087 = CARTESIAN_POINT('',(4.45971220921,-36.63484841205,0.));
#5088 = CARTESIAN_POINT('',(4.683714196076,-36.59536160066,0.));
#5089 = CARTESIAN_POINT('',(5.127890559522,-36.50175391032,0.));
#5090 = CARTESIAN_POINT('',(5.780184271218,-36.31796877502,0.));
#5091 = CARTESIAN_POINT('',(6.41262652443,-36.09513545472,0.));
#5092 = CARTESIAN_POINT('',(7.0167486499,-35.83158624615,0.));
#5093 = CARTESIAN_POINT('',(7.59879925453,-35.55105129882,0.));
#5094 = CARTESIAN_POINT('',(8.110126536479,-35.19321578471,0.));
#5095 = CARTESIAN_POINT('',(8.691684772335,-35.00225557172,0.));
#5096 = CARTESIAN_POINT('',(9.132087041135,-34.61020576654,0.));
#5097 = CARTESIAN_POINT('',(9.568007299451,-34.24988699823,0.));
#5098 = CARTESIAN_POINT('',(9.96096512463,-33.86979939405,0.));
#5099 = CARTESIAN_POINT('',(10.322913885397,-33.48834694464,0.));
#5100 = CARTESIAN_POINT('',(10.656588942766,-33.1028699243,0.));
#5101 = CARTESIAN_POINT('',(10.969641484209,-32.71341997077,0.));
#5102 = CARTESIAN_POINT('',(11.2706458536,-32.31531666373,0.));
#5103 = CARTESIAN_POINT('',(11.574431033857,-31.90293420859,0.));
#5104 = CARTESIAN_POINT('',(11.888570714707,-31.45893953934,0.));
#5105 = CARTESIAN_POINT('',(12.285409651708,-30.98798411208,0.));
#5106 = CARTESIAN_POINT('',(12.600467841669,-30.36220178989,0.));
#5107 = CARTESIAN_POINT('',(13.180459897067,-29.81792707391,0.));
#5108 = CARTESIAN_POINT('',(13.821224281915,-29.24406188385,0.));
#5109 = CARTESIAN_POINT('',(14.590478085502,-28.73555096594,0.));
#5110 = CARTESIAN_POINT('',(15.415488360301,-28.32361308903,0.));
#5111 = CARTESIAN_POINT('',(16.232852385665,-28.05562744894,0.));
#5112 = CARTESIAN_POINT('',(16.994204144048,-27.82547695297,0.));
#5113 = CARTESIAN_POINT('',(17.693676627276,-27.86551971788,0.));
#5114 = CARTESIAN_POINT('',(18.299955459839,-27.75732483086,0.));
#5115 = CARTESIAN_POINT('',(18.841535962981,-27.70726922153,0.));
#5116 = CARTESIAN_POINT('',(19.350562235333,-27.65037476571,0.));
#5117 = CARTESIAN_POINT('',(19.845831997255,-27.58874898868,0.));
#5118 = CARTESIAN_POINT('',(20.339631821233,-27.51236251184,0.));
#5119 = CARTESIAN_POINT('',(20.840302242111,-27.41612994572,0.));
#5120 = CARTESIAN_POINT('',(21.351624134021,-27.29339934873,0.));
#5121 = CARTESIAN_POINT('',(21.877268567492,-27.1431316916,0.));
#5122 = CARTESIAN_POINT('',(22.407273903469,-26.94577305803,0.));
#5123 = CARTESIAN_POINT('',(22.967000128698,-26.76039840795,0.));
#5124 = CARTESIAN_POINT('',(23.42315564219,-26.35223430842,0.));
#5125 = CARTESIAN_POINT('',(23.988713928765,-26.08832964966,0.));
#5126 = CARTESIAN_POINT('',(24.522689622112,-25.72452651342,0.));
#5127 = CARTESIAN_POINT('',(25.052990994615,-25.33311601006,0.));
#5128 = CARTESIAN_POINT('',(25.562191437416,-24.89682161251,0.));
#5129 = CARTESIAN_POINT('',(26.047500889271,-24.4238112551,0.));
#5130 = CARTESIAN_POINT('',(26.350655708819,-24.08594708577,0.));
#5131 = CARTESIAN_POINT('',(26.496853284026,-23.91169908033,0.));
#5132 = SURFACE_OF_LINEAR_EXTRUSION('',#5133,#5179);
#5133 = B_SPLINE_CURVE_WITH_KNOTS('',3,(#5134,#5135,#5136,#5137,#5138,
    #5139,#5140,#5141,#5142,#5143,#5144,#5145,#5146,#5147,#5148,#5149,
    #5150,#5151,#5152,#5153,#5154,#5155,#5156,#5157,#5158,#5159,#5160,
    #5161,#5162,#5163,#5164,#5165,#5166,#5167,#5168,#5169,#5170,#5171,
    #5172,#5173,#5174,#5175,#5176,#5177,#5178),.UNSPECIFIED.,.F.,.F.,(4,
    1,1,1,1,1,1,1,1,1,1,1,1,1,1,1,1,1,1,1,1,1,1,1,1,1,1,1,1,1,1,1,1,1,1,
    1,1,1,1,1,1,1,4),(0.,0.682243031795,1.36073038675,2.031787479255,
    2.691905531904,3.33783397807,3.966685540456,4.554451155201,
    5.144017040623,5.71133018399,6.256551195988,6.781263747608,
    7.28892317091,7.785457048834,8.280047766171,8.78607405982,
    9.322008260957,9.911580910146,10.629001082897,11.399049790332,
    12.272210591893,13.213322186779,14.154433781664,15.027594583225,
    15.79764329066,16.515063463411,17.1046361126,17.640570313737,
    18.146596607386,18.641187324723,19.137721202647,19.645380625949,
    20.170093177569,20.715314189567,21.282627332934,21.872193218356,
    22.459958833101,23.088810395487,23.734738841653,24.394856894302,
    25.065913986807,25.744401341762,26.426644373557),.UNSPECIFIED.);
#5134 = CARTESIAN_POINT('',(4.45971220921,-36.63484841205,0.));
#5135 = CARTESIAN_POINT('',(4.683714196076,-36.59536160066,0.));
#5136 = CARTESIAN_POINT('',(5.127890559522,-36.50175391032,0.));
#5137 = CARTESIAN_POINT('',(5.780184271218,-36.31796877502,0.));
#5138 = CARTESIAN_POINT('',(6.41262652443,-36.09513545472,0.));
#5139 = CARTESIAN_POINT('',(7.0167486499,-35.83158624615,0.));
#5140 = CARTESIAN_POINT('',(7.59879925453,-35.55105129882,0.));
#5141 = CARTESIAN_POINT('',(8.110126536479,-35.19321578471,0.));
#5142 = CARTESIAN_POINT('',(8.691684772335,-35.00225557172,0.));
#5143 = CARTESIAN_POINT('',(9.132087041135,-34.61020576654,0.));
#5144 = CARTESIAN_POINT('',(9.568007299451,-34.24988699823,0.));
#5145 = CARTESIAN_POINT('',(9.96096512463,-33.86979939405,0.));
#5146 = CARTESIAN_POINT('',(10.322913885397,-33.48834694464,0.));
#5147 = CARTESIAN_POINT('',(10.656588942766,-33.1028699243,0.));
#5148 = CARTESIAN_POINT('',(10.969641484209,-32.71341997077,0.));
#5149 = CARTESIAN_POINT('',(11.2706458536,-32.31531666373,0.));
#5150 = CARTESIAN_POINT('',(11.574431033857,-31.90293420859,0.));
#5151 = CARTESIAN_POINT('',(11.888570714707,-31.45893953934,0.));
#5152 = CARTESIAN_POINT('',(12.285409651708,-30.98798411208,0.));
#5153 = CARTESIAN_POINT('',(12.600467841669,-30.36220178989,0.));
#5154 = CARTESIAN_POINT('',(13.180459897067,-29.81792707391,0.));
#5155 = CARTESIAN_POINT('',(13.821224281915,-29.24406188385,0.));
#5156 = CARTESIAN_POINT('',(14.590478085502,-28.73555096594,0.));
#5157 = CARTESIAN_POINT('',(15.415488360301,-28.32361308903,0.));
#5158 = CARTESIAN_POINT('',(16.232852385665,-28.05562744894,0.));
#5159 = CARTESIAN_POINT('',(16.994204144048,-27.82547695297,0.));
#5160 = CARTESIAN_POINT('',(17.693676627276,-27.86551971788,0.));
#5161 = CARTESIAN_POINT('',(18.299955459839,-27.75732483086,0.));
#5162 = CARTESIAN_POINT('',(18.841535962981,-27.70726922153,0.));
#5163 = CARTESIAN_POINT('',(19.350562235333,-27.65037476571,0.));
#5164 = CARTESIAN_POINT('',(19.845831997255,-27.58874898868,0.));
#5165 = CARTESIAN_POINT('',(20.339631821233,-27.51236251184,0.));
#5166 = CARTESIAN_POINT('',(20.840302242111,-27.41612994572,0.));
#5167 = CARTESIAN_POINT('',(21.351624134021,-27.29339934873,0.));
#5168 = CARTESIAN_POINT('',(21.877268567492,-27.1431316916,0.));
#5169 = CARTESIAN_POINT('',(22.407273903469,-26.94577305803,0.));
#5170 = CARTESIAN_POINT('',(22.967000128698,-26.76039840795,0.));
#5171 = CARTESIAN_POINT('',(23.42315564219,-26.35223430842,0.));
#5172 = CARTESIAN_POINT('',(23.988713928765,-26.08832964966,0.));
#5173 = CARTESIAN_POINT('',(24.522689622112,-25.72452651342,0.));
#5174 = CARTESIAN_POINT('',(25.052990994615,-25.33311601006,0.));
#5175 = CARTESIAN_POINT('',(25.562191437416,-24.89682161251,0.));
#5176 = CARTESIAN_POINT('',(26.047500889271,-24.4238112551,0.));
#5177 = CARTESIAN_POINT('',(26.350655708819,-24.08594708577,0.));
#5178 = CARTESIAN_POINT('',(26.496853284026,-23.91169908033,0.));
#5179 = VECTOR('',#5180,1.);
#5180 = DIRECTION('',(-0.,-0.,-1.));
#5181 = ADVANCED_FACE('',(#5182),#5291,.F.);
#5182 = FACE_BOUND('',#5183,.F.);
#5183 = EDGE_LOOP('',(#5184,#5185,#5235,#5243));
#5184 = ORIENTED_EDGE('',*,*,#5077,.T.);
#5185 = ORIENTED_EDGE('',*,*,#5186,.T.);
#5186 = EDGE_CURVE('',#5028,#5187,#5189,.T.);
#5187 = VERTEX_POINT('',#5188);
#5188 = CARTESIAN_POINT('',(35.2,-8.215650382853E-15,5.));
#5189 = B_SPLINE_CURVE_WITH_KNOTS('',3,(#5190,#5191,#5192,#5193,#5194,
    #5195,#5196,#5197,#5198,#5199,#5200,#5201,#5202,#5203,#5204,#5205,
    #5206,#5207,#5208,#5209,#5210,#5211,#5212,#5213,#5214,#5215,#5216,
    #5217,#5218,#5219,#5220,#5221,#5222,#5223,#5224,#5225,#5226,#5227,
    #5228,#5229,#5230,#5231,#5232,#5233,#5234),.UNSPECIFIED.,.F.,.F.,(4,
    1,1,1,1,1,1,1,1,1,1,1,1,1,1,1,1,1,1,1,1,1,1,1,1,1,1,1,1,1,1,1,1,1,1,
    1,1,1,1,1,1,1,4),(0.,0.682243031795,1.36073038675,2.031787479255,
    2.691905531904,3.33783397807,3.966685540456,4.554451155201,
    5.144017040623,5.71133018399,6.256551195988,6.781263747608,
    7.28892317091,7.785457048834,8.280047766171,8.78607405982,
    9.322008260957,9.911580910146,10.629001082897,11.399049790332,
    12.272210591893,13.213322186779,14.154433781664,15.027594583225,
    15.79764329066,16.515063463411,17.1046361126,17.640570313737,
    18.146596607386,18.641187324723,19.137721202647,19.645380625949,
    20.170093177569,20.715314189567,21.282627332934,21.872193218356,
    22.459958833101,23.088810395487,23.734738841653,24.394856894302,
    25.065913986807,25.744401341762,26.426644373557),.UNSPECIFIED.);
#5190 = CARTESIAN_POINT('',(26.496853284026,-23.91169908033,5.));
#5191 = CARTESIAN_POINT('',(26.643067128209,-23.73746472619,5.));
#5192 = CARTESIAN_POINT('',(26.923156099668,-23.38024601224,5.));
#5193 = CARTESIAN_POINT('',(27.30470726498,-22.82017211486,5.));
#5194 = CARTESIAN_POINT('',(27.645951641327,-22.24294584389,5.));
#5195 = CARTESIAN_POINT('',(27.939329872699,-21.65273322019,5.));
#5196 = CARTESIAN_POINT('',(28.204882115766,-21.06369606582,5.));
#5197 = CARTESIAN_POINT('',(28.366569303938,-20.46090331735,5.));
#5198 = CARTESIAN_POINT('',(28.68932190001,-19.94080087901,5.));
#5199 = CARTESIAN_POINT('',(28.774684853616,-19.35738818267,5.));
#5200 = CARTESIAN_POINT('',(28.877010705334,-18.8011638516,5.));
#5201 = CARTESIAN_POINT('',(28.933718261131,-18.25741143336,5.));
#5202 = CARTESIAN_POINT('',(28.965794189844,-17.73254572541,5.));
#5203 = CARTESIAN_POINT('',(28.973624260853,-17.22277100349,5.));
#5204 = CARTESIAN_POINT('',(28.96310281591,-16.7232087359,5.));
#5205 = CARTESIAN_POINT('',(28.937789667296,-16.22476203065,5.));
#5206 = CARTESIAN_POINT('',(28.90542828392,-15.71358939257,5.));
#5207 = CARTESIAN_POINT('',(28.860678968636,-15.17154464886,5.));
#5208 = CARTESIAN_POINT('',(28.861950917778,-14.5556887091,5.));
#5209 = CARTESIAN_POINT('',(28.701054370398,-13.87379613775,5.));
#5210 = CARTESIAN_POINT('',(28.795501017786,-13.08404580911,5.));
#5211 = CARTESIAN_POINT('',(28.917481580346,-12.23256416186,5.));
#5212 = CARTESIAN_POINT('',(29.179899664514,-11.34855538529,5.));
#5213 = CARTESIAN_POINT('',(29.547105637799,-10.50268628126,5.));
#5214 = CARTESIAN_POINT('',(30.000984958412,-9.772005902733,5.));
#5215 = CARTESIAN_POINT('',(30.436276355005,-9.106312917309,5.));
#5216 = CARTESIAN_POINT('',(30.99784235704,-8.687375209323,5.));
#5217 = CARTESIAN_POINT('',(31.392732554898,-8.21478459576,5.));
#5218 = CARTESIAN_POINT('',(31.775432164361,-7.828318537321,5.));
#5219 = CARTESIAN_POINT('',(32.128797860432,-7.457539074717,5.));
#5220 = CARTESIAN_POINT('',(32.46858422349,-7.09197772426,5.));
#5221 = CARTESIAN_POINT('',(32.797756553797,-6.716053879624,5.));
#5222 = CARTESIAN_POINT('',(33.119435246395,-6.320510714025,5.));
#5223 = CARTESIAN_POINT('',(33.432240833265,-5.897822245521,5.));
#5224 = CARTESIAN_POINT('',(33.738317642442,-5.44483281286,5.));
#5225 = CARTESIAN_POINT('',(34.017465600566,-4.952966465278,5.));
#5226 = CARTESIAN_POINT('',(34.327084236851,-4.451176162296,5.));
#5227 = CARTESIAN_POINT('',(34.414156807259,-3.845293209804,5.));
#5228 = CARTESIAN_POINT('',(34.677764945162,-3.279596653284,5.));
#5229 = CARTESIAN_POINT('',(34.852965909473,-2.657674322824,5.));
#5230 = CARTESIAN_POINT('',(35.007606507196,-2.016965330101,5.));
#5231 = CARTESIAN_POINT('',(35.117232043914,-1.355436695811,5.));
#5232 = CARTESIAN_POINT('',(35.184955455705,-0.681138837464,5.));
#5233 = CARTESIAN_POINT('',(35.20001061882,-0.227455706195,5.));
#5234 = CARTESIAN_POINT('',(35.2,-7.771561172376E-15,5.));
#5235 = ORIENTED_EDGE('',*,*,#5236,.F.);
#5236 = EDGE_CURVE('',#5237,#5187,#5239,.T.);
#5237 = VERTEX_POINT('',#5238);
#5238 = CARTESIAN_POINT('',(35.2,-8.215650382853E-15,0.));
#5239 = LINE('',#5240,#5241);
#5240 = CARTESIAN_POINT('',(35.2,-8.215650382853E-15,0.));
#5241 = VECTOR('',#5242,1.);
#5242 = DIRECTION('',(0.,0.,1.));
#5243 = ORIENTED_EDGE('',*,*,#5244,.F.);
#5244 = EDGE_CURVE('',#5078,#5237,#5245,.T.);
#5245 = B_SPLINE_CURVE_WITH_KNOTS('',3,(#5246,#5247,#5248,#5249,#5250,
    #5251,#5252,#5253,#5254,#5255,#5256,#5257,#5258,#5259,#5260,#5261,
    #5262,#5263,#5264,#5265,#5266,#5267,#5268,#5269,#5270,#5271,#5272,
    #5273,#5274,#5275,#5276,#5277,#5278,#5279,#5280,#5281,#5282,#5283,
    #5284,#5285,#5286,#5287,#5288,#5289,#5290),.UNSPECIFIED.,.F.,.F.,(4,
    1,1,1,1,1,1,1,1,1,1,1,1,1,1,1,1,1,1,1,1,1,1,1,1,1,1,1,1,1,1,1,1,1,1,
    1,1,1,1,1,1,1,4),(0.,0.682243031795,1.36073038675,2.031787479255,
    2.691905531904,3.33783397807,3.966685540456,4.554451155201,
    5.144017040623,5.71133018399,6.256551195988,6.781263747608,
    7.28892317091,7.785457048834,8.280047766171,8.78607405982,
    9.322008260957,9.911580910146,10.629001082897,11.399049790332,
    12.272210591893,13.213322186779,14.154433781664,15.027594583225,
    15.79764329066,16.515063463411,17.1046361126,17.640570313737,
    18.146596607386,18.641187324723,19.137721202647,19.645380625949,
    20.170093177569,20.715314189567,21.282627332934,21.872193218356,
    22.459958833101,23.088810395487,23.734738841653,24.394856894302,
    25.065913986807,25.744401341762,26.426644373557),.UNSPECIFIED.);
#5246 = CARTESIAN_POINT('',(26.496853284026,-23.91169908033,0.));
#5247 = CARTESIAN_POINT('',(26.643067128209,-23.73746472619,0.));
#5248 = CARTESIAN_POINT('',(26.923156099668,-23.38024601224,0.));
#5249 = CARTESIAN_POINT('',(27.30470726498,-22.82017211486,0.));
#5250 = CARTESIAN_POINT('',(27.645951641327,-22.24294584389,0.));
#5251 = CARTESIAN_POINT('',(27.939329872699,-21.65273322019,0.));
#5252 = CARTESIAN_POINT('',(28.204882115766,-21.06369606582,0.));
#5253 = CARTESIAN_POINT('',(28.366569303938,-20.46090331735,0.));
#5254 = CARTESIAN_POINT('',(28.68932190001,-19.94080087901,0.));
#5255 = CARTESIAN_POINT('',(28.774684853616,-19.35738818267,0.));
#5256 = CARTESIAN_POINT('',(28.877010705334,-18.8011638516,0.));
#5257 = CARTESIAN_POINT('',(28.933718261131,-18.25741143336,0.));
#5258 = CARTESIAN_POINT('',(28.965794189844,-17.73254572541,0.));
#5259 = CARTESIAN_POINT('',(28.973624260853,-17.22277100349,0.));
#5260 = CARTESIAN_POINT('',(28.96310281591,-16.7232087359,0.));
#5261 = CARTESIAN_POINT('',(28.937789667296,-16.22476203065,0.));
#5262 = CARTESIAN_POINT('',(28.90542828392,-15.71358939257,0.));
#5263 = CARTESIAN_POINT('',(28.860678968636,-15.17154464886,0.));
#5264 = CARTESIAN_POINT('',(28.861950917778,-14.5556887091,0.));
#5265 = CARTESIAN_POINT('',(28.701054370398,-13.87379613775,0.));
#5266 = CARTESIAN_POINT('',(28.795501017786,-13.08404580911,0.));
#5267 = CARTESIAN_POINT('',(28.917481580346,-12.23256416186,0.));
#5268 = CARTESIAN_POINT('',(29.179899664514,-11.34855538529,0.));
#5269 = CARTESIAN_POINT('',(29.547105637799,-10.50268628126,0.));
#5270 = CARTESIAN_POINT('',(30.000984958412,-9.772005902733,0.));
#5271 = CARTESIAN_POINT('',(30.436276355005,-9.106312917309,0.));
#5272 = CARTESIAN_POINT('',(30.99784235704,-8.687375209323,0.));
#5273 = CARTESIAN_POINT('',(31.392732554898,-8.21478459576,0.));
#5274 = CARTESIAN_POINT('',(31.775432164361,-7.828318537321,0.));
#5275 = CARTESIAN_POINT('',(32.128797860432,-7.457539074717,0.));
#5276 = CARTESIAN_POINT('',(32.46858422349,-7.09197772426,0.));
#5277 = CARTESIAN_POINT('',(32.797756553797,-6.716053879624,0.));
#5278 = CARTESIAN_POINT('',(33.119435246395,-6.320510714025,0.));
#5279 = CARTESIAN_POINT('',(33.432240833265,-5.897822245521,0.));
#5280 = CARTESIAN_POINT('',(33.738317642442,-5.44483281286,0.));
#5281 = CARTESIAN_POINT('',(34.017465600566,-4.952966465278,0.));
#5282 = CARTESIAN_POINT('',(34.327084236851,-4.451176162296,0.));
#5283 = CARTESIAN_POINT('',(34.414156807259,-3.845293209804,0.));
#5284 = CARTESIAN_POINT('',(34.677764945162,-3.279596653284,0.));
#5285 = CARTESIAN_POINT('',(34.852965909473,-2.657674322824,0.));
#5286 = CARTESIAN_POINT('',(35.007606507196,-2.016965330101,0.));
#5287 = CARTESIAN_POINT('',(35.117232043914,-1.355436695811,0.));
#5288 = CARTESIAN_POINT('',(35.184955455705,-0.681138837464,0.));
#5289 = CARTESIAN_POINT('',(35.20001061882,-0.227455706195,0.));
#5290 = CARTESIAN_POINT('',(35.2,-7.771561172376E-15,0.));
#5291 = SURFACE_OF_LINEAR_EXTRUSION('',#5292,#5338);
#5292 = B_SPLINE_CURVE_WITH_KNOTS('',3,(#5293,#5294,#5295,#5296,#5297,
    #5298,#5299,#5300,#5301,#5302,#5303,#5304,#5305,#5306,#5307,#5308,
    #5309,#5310,#5311,#5312,#5313,#5314,#5315,#5316,#5317,#5318,#5319,
    #5320,#5321,#5322,#5323,#5324,#5325,#5326,#5327,#5328,#5329,#5330,
    #5331,#5332,#5333,#5334,#5335,#5336,#5337),.UNSPECIFIED.,.F.,.F.,(4,
    1,1,1,1,1,1,1,1,1,1,1,1,1,1,1,1,1,1,1,1,1,1,1,1,1,1,1,1,1,1,1,1,1,1,
    1,1,1,1,1,1,1,4),(0.,0.682243031795,1.36073038675,2.031787479255,
    2.691905531904,3.33783397807,3.966685540456,4.554451155201,
    5.144017040623,5.71133018399,6.256551195988,6.781263747608,
    7.28892317091,7.785457048834,8.280047766171,8.78607405982,
    9.322008260957,9.911580910146,10.629001082897,11.399049790332,
    12.272210591893,13.213322186779,14.154433781664,15.027594583225,
    15.79764329066,16.515063463411,17.1046361126,17.640570313737,
    18.146596607386,18.641187324723,19.137721202647,19.645380625949,
    20.170093177569,20.715314189567,21.282627332934,21.872193218356,
    22.459958833101,23.088810395487,23.734738841653,24.394856894302,
    25.065913986807,25.744401341762,26.426644373557),.UNSPECIFIED.);
#5293 = CARTESIAN_POINT('',(26.496853284026,-23.91169908033,0.));
#5294 = CARTESIAN_POINT('',(26.643067128209,-23.73746472619,0.));
#5295 = CARTESIAN_POINT('',(26.923156099668,-23.38024601224,0.));
#5296 = CARTESIAN_POINT('',(27.30470726498,-22.82017211486,0.));
#5297 = CARTESIAN_POINT('',(27.645951641327,-22.24294584389,0.));
#5298 = CARTESIAN_POINT('',(27.939329872699,-21.65273322019,0.));
#5299 = CARTESIAN_POINT('',(28.204882115766,-21.06369606582,0.));
#5300 = CARTESIAN_POINT('',(28.366569303938,-20.46090331735,0.));
#5301 = CARTESIAN_POINT('',(28.68932190001,-19.94080087901,0.));
#5302 = CARTESIAN_POINT('',(28.774684853616,-19.35738818267,0.));
#5303 = CARTESIAN_POINT('',(28.877010705334,-18.8011638516,0.));
#5304 = CARTESIAN_POINT('',(28.933718261131,-18.25741143336,0.));
#5305 = CARTESIAN_POINT('',(28.965794189844,-17.73254572541,0.));
#5306 = CARTESIAN_POINT('',(28.973624260853,-17.22277100349,0.));
#5307 = CARTESIAN_POINT('',(28.96310281591,-16.7232087359,0.));
#5308 = CARTESIAN_POINT('',(28.937789667296,-16.22476203065,0.));
#5309 = CARTESIAN_POINT('',(28.90542828392,-15.71358939257,0.));
#5310 = CARTESIAN_POINT('',(28.860678968636,-15.17154464886,0.));
#5311 = CARTESIAN_POINT('',(28.861950917778,-14.5556887091,0.));
#5312 = CARTESIAN_POINT('',(28.701054370398,-13.87379613775,0.));
#5313 = CARTESIAN_POINT('',(28.795501017786,-13.08404580911,0.));
#5314 = CARTESIAN_POINT('',(28.917481580346,-12.23256416186,0.));
#5315 = CARTESIAN_POINT('',(29.179899664514,-11.34855538529,0.));
#5316 = CARTESIAN_POINT('',(29.547105637799,-10.50268628126,0.));
#5317 = CARTESIAN_POINT('',(30.000984958412,-9.772005902733,0.));
#5318 = CARTESIAN_POINT('',(30.436276355005,-9.106312917309,0.));
#5319 = CARTESIAN_POINT('',(30.99784235704,-8.687375209323,0.));
#5320 = CARTESIAN_POINT('',(31.392732554898,-8.21478459576,0.));
#5321 = CARTESIAN_POINT('',(31.775432164361,-7.828318537321,0.));
#5322 = CARTESIAN_POINT('',(32.128797860432,-7.457539074717,0.));
#5323 = CARTESIAN_POINT('',(32.46858422349,-7.09197772426,0.));
#5324 = CARTESIAN_POINT('',(32.797756553797,-6.716053879624,0.));
#5325 = CARTESIAN_POINT('',(33.119435246395,-6.320510714025,0.));
#5326 = CARTESIAN_POINT('',(33.432240833265,-5.897822245521,0.));
#5327 = CARTESIAN_POINT('',(33.738317642442,-5.44483281286,0.));
#5328 = CARTESIAN_POINT('',(34.017465600566,-4.952966465278,0.));
#5329 = CARTESIAN_POINT('',(34.327084236851,-4.451176162296,0.));
#5330 = CARTESIAN_POINT('',(34.414156807259,-3.845293209804,0.));
#5331 = CARTESIAN_POINT('',(34.677764945162,-3.279596653284,0.));
#5332 = CARTESIAN_POINT('',(34.852965909473,-2.657674322824,0.));
#5333 = CARTESIAN_POINT('',(35.007606507196,-2.016965330101,0.));
#5334 = CARTESIAN_POINT('',(35.117232043914,-1.355436695811,0.));
#5335 = CARTESIAN_POINT('',(35.184955455705,-0.681138837464,0.));
#5336 = CARTESIAN_POINT('',(35.20001061882,-0.227455706195,0.));
#5337 = CARTESIAN_POINT('',(35.2,-7.771561172376E-15,0.));
#5338 = VECTOR('',#5339,1.);
#5339 = DIRECTION('',(-0.,-0.,-1.));
#5340 = ADVANCED_FACE('',(#5341),#5441,.F.);
#5341 = FACE_BOUND('',#5342,.F.);
#5342 = EDGE_LOOP('',(#5343,#5344,#5392,#5393));
#5343 = ORIENTED_EDGE('',*,*,#5236,.T.);
#5344 = ORIENTED_EDGE('',*,*,#5345,.T.);
#5345 = EDGE_CURVE('',#5187,#4066,#5346,.T.);
#5346 = B_SPLINE_CURVE_WITH_KNOTS('',3,(#5347,#5348,#5349,#5350,#5351,
    #5352,#5353,#5354,#5355,#5356,#5357,#5358,#5359,#5360,#5361,#5362,
    #5363,#5364,#5365,#5366,#5367,#5368,#5369,#5370,#5371,#5372,#5373,
    #5374,#5375,#5376,#5377,#5378,#5379,#5380,#5381,#5382,#5383,#5384,
    #5385,#5386,#5387,#5388,#5389,#5390,#5391),.UNSPECIFIED.,.F.,.F.,(4,
    1,1,1,1,1,1,1,1,1,1,1,1,1,1,1,1,1,1,1,1,1,1,1,1,1,1,1,1,1,1,1,1,1,1,
    1,1,1,1,1,1,1,4),(0.,0.682243031795,1.36073038675,2.031787479255,
    2.691905531904,3.33783397807,3.966685540456,4.554451155201,
    5.144017040623,5.71133018399,6.256551195988,6.781263747608,
    7.28892317091,7.785457048834,8.280047766171,8.78607405982,
    9.322008260957,9.911580910146,10.629001082897,11.399049790332,
    12.272210591893,13.213322186779,14.154433781664,15.027594583225,
    15.79764329066,16.515063463411,17.1046361126,17.640570313737,
    18.146596607386,18.641187324723,19.137721202647,19.645380625949,
    20.170093177569,20.715314189567,21.282627332934,21.872193218356,
    22.459958833101,23.088810395487,23.734738841653,24.394856894302,
    25.065913986807,25.744401341762,26.426644373557),.UNSPECIFIED.);
#5347 = CARTESIAN_POINT('',(35.2,-8.659739592076E-15,5.));
#5348 = CARTESIAN_POINT('',(35.20001061882,0.227455706195,5.));
#5349 = CARTESIAN_POINT('',(35.184955455705,0.681138837464,5.));
#5350 = CARTESIAN_POINT('',(35.117232043914,1.355436695811,5.));
#5351 = CARTESIAN_POINT('',(35.007606507196,2.016965330101,5.));
#5352 = CARTESIAN_POINT('',(34.852965909473,2.657674322824,5.));
#5353 = CARTESIAN_POINT('',(34.677764945162,3.279596653284,5.));
#5354 = CARTESIAN_POINT('',(34.414156807259,3.845293209804,5.));
#5355 = CARTESIAN_POINT('',(34.327084236851,4.451176162296,5.));
#5356 = CARTESIAN_POINT('',(34.017465600566,4.952966465278,5.));
#5357 = CARTESIAN_POINT('',(33.738317642442,5.44483281286,5.));
#5358 = CARTESIAN_POINT('',(33.432240833265,5.897822245521,5.));
#5359 = CARTESIAN_POINT('',(33.119435246395,6.320510714025,5.));
#5360 = CARTESIAN_POINT('',(32.797756553797,6.716053879624,5.));
#5361 = CARTESIAN_POINT('',(32.46858422349,7.09197772426,5.));
#5362 = CARTESIAN_POINT('',(32.128797860432,7.457539074717,5.));
#5363 = CARTESIAN_POINT('',(31.775432164361,7.828318537321,5.));
#5364 = CARTESIAN_POINT('',(31.392732554898,8.21478459576,5.));
#5365 = CARTESIAN_POINT('',(30.99784235704,8.687375209323,5.));
#5366 = CARTESIAN_POINT('',(30.436276355005,9.106312917309,5.));
#5367 = CARTESIAN_POINT('',(30.000984958412,9.772005902733,5.));
#5368 = CARTESIAN_POINT('',(29.547105637799,10.502686281266,5.));
#5369 = CARTESIAN_POINT('',(29.179899664514,11.34855538529,5.));
#5370 = CARTESIAN_POINT('',(28.917481580346,12.232564161864,5.));
#5371 = CARTESIAN_POINT('',(28.795501017786,13.084045809118,5.));
#5372 = CARTESIAN_POINT('',(28.701054370398,13.873796137758,5.));
#5373 = CARTESIAN_POINT('',(28.861950917778,14.555688709103,5.));
#5374 = CARTESIAN_POINT('',(28.860678968636,15.171544648863,5.));
#5375 = CARTESIAN_POINT('',(28.90542828392,15.713589392579,5.));
#5376 = CARTESIAN_POINT('',(28.937789667296,16.224762030652,5.));
#5377 = CARTESIAN_POINT('',(28.96310281591,16.723208735903,5.));
#5378 = CARTESIAN_POINT('',(28.973624260853,17.222771003496,5.));
#5379 = CARTESIAN_POINT('',(28.965794189843,17.732545725418,5.));
#5380 = CARTESIAN_POINT('',(28.933718261131,18.257411433367,5.));
#5381 = CARTESIAN_POINT('',(28.877010705334,18.8011638516,5.));
#5382 = CARTESIAN_POINT('',(28.774684853616,19.357388182674,5.));
#5383 = CARTESIAN_POINT('',(28.689321900011,19.940800879016,5.));
#5384 = CARTESIAN_POINT('',(28.366569303938,20.460903317355,5.));
#5385 = CARTESIAN_POINT('',(28.204882115766,21.063696065825,5.));
#5386 = CARTESIAN_POINT('',(27.939329872699,21.652733220191,5.));
#5387 = CARTESIAN_POINT('',(27.645951641327,22.242945843893,5.));
#5388 = CARTESIAN_POINT('',(27.30470726498,22.820172114862,5.));
#5389 = CARTESIAN_POINT('',(26.923156099668,23.380246012241,5.));
#5390 = CARTESIAN_POINT('',(26.643067128209,23.737464726199,5.));
#5391 = CARTESIAN_POINT('',(26.496853284026,23.911699080339,5.));
#5392 = ORIENTED_EDGE('',*,*,#4063,.F.);
#5393 = ORIENTED_EDGE('',*,*,#5394,.F.);
#5394 = EDGE_CURVE('',#5237,#4064,#5395,.T.);
#5395 = B_SPLINE_CURVE_WITH_KNOTS('',3,(#5396,#5397,#5398,#5399,#5400,
    #5401,#5402,#5403,#5404,#5405,#5406,#5407,#5408,#5409,#5410,#5411,
    #5412,#5413,#5414,#5415,#5416,#5417,#5418,#5419,#5420,#5421,#5422,
    #5423,#5424,#5425,#5426,#5427,#5428,#5429,#5430,#5431,#5432,#5433,
    #5434,#5435,#5436,#5437,#5438,#5439,#5440),.UNSPECIFIED.,.F.,.F.,(4,
    1,1,1,1,1,1,1,1,1,1,1,1,1,1,1,1,1,1,1,1,1,1,1,1,1,1,1,1,1,1,1,1,1,1,
    1,1,1,1,1,1,1,4),(0.,0.682243031795,1.36073038675,2.031787479255,
    2.691905531904,3.33783397807,3.966685540456,4.554451155201,
    5.144017040623,5.71133018399,6.256551195988,6.781263747608,
    7.28892317091,7.785457048834,8.280047766171,8.78607405982,
    9.322008260957,9.911580910146,10.629001082897,11.399049790332,
    12.272210591893,13.213322186779,14.154433781664,15.027594583225,
    15.79764329066,16.515063463411,17.1046361126,17.640570313737,
    18.146596607386,18.641187324723,19.137721202647,19.645380625949,
    20.170093177569,20.715314189567,21.282627332934,21.872193218356,
    22.459958833101,23.088810395487,23.734738841653,24.394856894302,
    25.065913986807,25.744401341762,26.426644373557),.UNSPECIFIED.);
#5396 = CARTESIAN_POINT('',(35.2,-8.659739592076E-15,0.));
#5397 = CARTESIAN_POINT('',(35.20001061882,0.227455706195,0.));
#5398 = CARTESIAN_POINT('',(35.184955455705,0.681138837464,0.));
#5399 = CARTESIAN_POINT('',(35.117232043914,1.355436695811,0.));
#5400 = CARTESIAN_POINT('',(35.007606507196,2.016965330101,0.));
#5401 = CARTESIAN_POINT('',(34.852965909473,2.657674322824,0.));
#5402 = CARTESIAN_POINT('',(34.677764945162,3.279596653284,0.));
#5403 = CARTESIAN_POINT('',(34.414156807259,3.845293209804,0.));
#5404 = CARTESIAN_POINT('',(34.327084236851,4.451176162296,0.));
#5405 = CARTESIAN_POINT('',(34.017465600566,4.952966465278,0.));
#5406 = CARTESIAN_POINT('',(33.738317642442,5.44483281286,0.));
#5407 = CARTESIAN_POINT('',(33.432240833265,5.897822245521,0.));
#5408 = CARTESIAN_POINT('',(33.119435246395,6.320510714025,0.));
#5409 = CARTESIAN_POINT('',(32.797756553797,6.716053879624,0.));
#5410 = CARTESIAN_POINT('',(32.46858422349,7.09197772426,0.));
#5411 = CARTESIAN_POINT('',(32.128797860432,7.457539074717,0.));
#5412 = CARTESIAN_POINT('',(31.775432164361,7.828318537321,0.));
#5413 = CARTESIAN_POINT('',(31.392732554898,8.21478459576,0.));
#5414 = CARTESIAN_POINT('',(30.99784235704,8.687375209323,0.));
#5415 = CARTESIAN_POINT('',(30.436276355005,9.106312917309,0.));
#5416 = CARTESIAN_POINT('',(30.000984958412,9.772005902733,0.));
#5417 = CARTESIAN_POINT('',(29.547105637799,10.502686281266,0.));
#5418 = CARTESIAN_POINT('',(29.179899664514,11.34855538529,0.));
#5419 = CARTESIAN_POINT('',(28.917481580346,12.232564161864,0.));
#5420 = CARTESIAN_POINT('',(28.795501017786,13.084045809118,0.));
#5421 = CARTESIAN_POINT('',(28.701054370398,13.873796137758,0.));
#5422 = CARTESIAN_POINT('',(28.861950917778,14.555688709103,0.));
#5423 = CARTESIAN_POINT('',(28.860678968636,15.171544648863,0.));
#5424 = CARTESIAN_POINT('',(28.90542828392,15.713589392579,0.));
#5425 = CARTESIAN_POINT('',(28.937789667296,16.224762030652,0.));
#5426 = CARTESIAN_POINT('',(28.96310281591,16.723208735903,0.));
#5427 = CARTESIAN_POINT('',(28.973624260853,17.222771003496,0.));
#5428 = CARTESIAN_POINT('',(28.965794189843,17.732545725418,0.));
#5429 = CARTESIAN_POINT('',(28.933718261131,18.257411433367,0.));
#5430 = CARTESIAN_POINT('',(28.877010705334,18.8011638516,0.));
#5431 = CARTESIAN_POINT('',(28.774684853616,19.357388182674,0.));
#5432 = CARTESIAN_POINT('',(28.689321900011,19.940800879016,0.));
#5433 = CARTESIAN_POINT('',(28.366569303938,20.460903317355,0.));
#5434 = CARTESIAN_POINT('',(28.204882115766,21.063696065825,0.));
#5435 = CARTESIAN_POINT('',(27.939329872699,21.652733220191,0.));
#5436 = CARTESIAN_POINT('',(27.645951641327,22.242945843893,0.));
#5437 = CARTESIAN_POINT('',(27.30470726498,22.820172114862,0.));
#5438 = CARTESIAN_POINT('',(26.923156099668,23.380246012241,0.));
#5439 = CARTESIAN_POINT('',(26.643067128209,23.737464726199,0.));
#5440 = CARTESIAN_POINT('',(26.496853284026,23.911699080339,0.));
#5441 = SURFACE_OF_LINEAR_EXTRUSION('',#5442,#5488);
#5442 = B_SPLINE_CURVE_WITH_KNOTS('',3,(#5443,#5444,#5445,#5446,#5447,
    #5448,#5449,#5450,#5451,#5452,#5453,#5454,#5455,#5456,#5457,#5458,
    #5459,#5460,#5461,#5462,#5463,#5464,#5465,#5466,#5467,#5468,#5469,
    #5470,#5471,#5472,#5473,#5474,#5475,#5476,#5477,#5478,#5479,#5480,
    #5481,#5482,#5483,#5484,#5485,#5486,#5487),.UNSPECIFIED.,.F.,.F.,(4,
    1,1,1,1,1,1,1,1,1,1,1,1,1,1,1,1,1,1,1,1,1,1,1,1,1,1,1,1,1,1,1,1,1,1,
    1,1,1,1,1,1,1,4),(0.,0.682243031795,1.36073038675,2.031787479255,
    2.691905531904,3.33783397807,3.966685540456,4.554451155201,
    5.144017040623,5.71133018399,6.256551195988,6.781263747608,
    7.28892317091,7.785457048834,8.280047766171,8.78607405982,
    9.322008260957,9.911580910146,10.629001082897,11.399049790332,
    12.272210591893,13.213322186779,14.154433781664,15.027594583225,
    15.79764329066,16.515063463411,17.1046361126,17.640570313737,
    18.146596607386,18.641187324723,19.137721202647,19.645380625949,
    20.170093177569,20.715314189567,21.282627332934,21.872193218356,
    22.459958833101,23.088810395487,23.734738841653,24.394856894302,
    25.065913986807,25.744401341762,26.426644373557),.UNSPECIFIED.);
#5443 = CARTESIAN_POINT('',(35.2,-8.659739592076E-15,0.));
#5444 = CARTESIAN_POINT('',(35.20001061882,0.227455706195,0.));
#5445 = CARTESIAN_POINT('',(35.184955455705,0.681138837464,0.));
#5446 = CARTESIAN_POINT('',(35.117232043914,1.355436695811,0.));
#5447 = CARTESIAN_POINT('',(35.007606507196,2.016965330101,0.));
#5448 = CARTESIAN_POINT('',(34.852965909473,2.657674322824,0.));
#5449 = CARTESIAN_POINT('',(34.677764945162,3.279596653284,0.));
#5450 = CARTESIAN_POINT('',(34.414156807259,3.845293209804,0.));
#5451 = CARTESIAN_POINT('',(34.327084236851,4.451176162296,0.));
#5452 = CARTESIAN_POINT('',(34.017465600566,4.952966465278,0.));
#5453 = CARTESIAN_POINT('',(33.738317642442,5.44483281286,0.));
#5454 = CARTESIAN_POINT('',(33.432240833265,5.897822245521,0.));
#5455 = CARTESIAN_POINT('',(33.119435246395,6.320510714025,0.));
#5456 = CARTESIAN_POINT('',(32.797756553797,6.716053879624,0.));
#5457 = CARTESIAN_POINT('',(32.46858422349,7.09197772426,0.));
#5458 = CARTESIAN_POINT('',(32.128797860432,7.457539074717,0.));
#5459 = CARTESIAN_POINT('',(31.775432164361,7.828318537321,0.));
#5460 = CARTESIAN_POINT('',(31.392732554898,8.21478459576,0.));
#5461 = CARTESIAN_POINT('',(30.99784235704,8.687375209323,0.));
#5462 = CARTESIAN_POINT('',(30.436276355005,9.106312917309,0.));
#5463 = CARTESIAN_POINT('',(30.000984958412,9.772005902733,0.));
#5464 = CARTESIAN_POINT('',(29.547105637799,10.502686281266,0.));
#5465 = CARTESIAN_POINT('',(29.179899664514,11.34855538529,0.));
#5466 = CARTESIAN_POINT('',(28.917481580346,12.232564161864,0.));
#5467 = CARTESIAN_POINT('',(28.795501017786,13.084045809118,0.));
#5468 = CARTESIAN_POINT('',(28.701054370398,13.873796137758,0.));
#5469 = CARTESIAN_POINT('',(28.861950917778,14.555688709103,0.));
#5470 = CARTESIAN_POINT('',(28.860678968636,15.171544648863,0.));
#5471 = CARTESIAN_POINT('',(28.90542828392,15.713589392579,0.));
#5472 = CARTESIAN_POINT('',(28.937789667296,16.224762030652,0.));
#5473 = CARTESIAN_POINT('',(28.96310281591,16.723208735903,0.));
#5474 = CARTESIAN_POINT('',(28.973624260853,17.222771003496,0.));
#5475 = CARTESIAN_POINT('',(28.965794189843,17.732545725418,0.));
#5476 = CARTESIAN_POINT('',(28.933718261131,18.257411433367,0.));
#5477 = CARTESIAN_POINT('',(28.877010705334,18.8011638516,0.));
#5478 = CARTESIAN_POINT('',(28.774684853616,19.357388182674,0.));
#5479 = CARTESIAN_POINT('',(28.689321900011,19.940800879016,0.));
#5480 = CARTESIAN_POINT('',(28.366569303938,20.460903317355,0.));
#5481 = CARTESIAN_POINT('',(28.204882115766,21.063696065825,0.));
#5482 = CARTESIAN_POINT('',(27.939329872699,21.652733220191,0.));
#5483 = CARTESIAN_POINT('',(27.645951641327,22.242945843893,0.));
#5484 = CARTESIAN_POINT('',(27.30470726498,22.820172114862,0.));
#5485 = CARTESIAN_POINT('',(26.923156099668,23.380246012241,0.));
#5486 = CARTESIAN_POINT('',(26.643067128209,23.737464726199,0.));
#5487 = CARTESIAN_POINT('',(26.496853284026,23.911699080339,0.));
#5488 = VECTOR('',#5489,1.);
#5489 = DIRECTION('',(-0.,-0.,-1.));
#5490 = ADVANCED_FACE('',(#5491),#5518,.F.);
#5491 = FACE_BOUND('',#5492,.T.);
#5492 = EDGE_LOOP('',(#5493,#5503,#5510,#5511));
#5493 = ORIENTED_EDGE('',*,*,#5494,.T.);
#5494 = EDGE_CURVE('',#5495,#5497,#5499,.T.);
#5495 = VERTEX_POINT('',#5496);
#5496 = CARTESIAN_POINT('',(-7.5,21.650635094611,0.));
#5497 = VERTEX_POINT('',#5498);
#5498 = CARTESIAN_POINT('',(-7.5,21.650635094611,5.));
#5499 = LINE('',#5500,#5501);
#5500 = CARTESIAN_POINT('',(-7.5,21.650635094611,0.));
#5501 = VECTOR('',#5502,1.);
#5502 = DIRECTION('',(0.,0.,1.));
#5503 = ORIENTED_EDGE('',*,*,#5504,.T.);
#5504 = EDGE_CURVE('',#5497,#5497,#5505,.T.);
#5505 = CIRCLE('',#5506,7.);
#5506 = AXIS2_PLACEMENT_3D('',#5507,#5508,#5509);
#5507 = CARTESIAN_POINT('',(-14.5,21.650635094611,5.));
#5508 = DIRECTION('',(0.,0.,1.));
#5509 = DIRECTION('',(1.,0.,0.));
#5510 = ORIENTED_EDGE('',*,*,#5494,.F.);
#5511 = ORIENTED_EDGE('',*,*,#5512,.F.);
#5512 = EDGE_CURVE('',#5495,#5495,#5513,.T.);
#5513 = CIRCLE('',#5514,7.);
#5514 = AXIS2_PLACEMENT_3D('',#5515,#5516,#5517);
#5515 = CARTESIAN_POINT('',(-14.5,21.650635094611,0.));
#5516 = DIRECTION('',(0.,0.,1.));
#5517 = DIRECTION('',(1.,0.,0.));
#5518 = CYLINDRICAL_SURFACE('',#5519,7.);
#5519 = AXIS2_PLACEMENT_3D('',#5520,#5521,#5522);
#5520 = CARTESIAN_POINT('',(-14.5,21.650635094611,0.));
#5521 = DIRECTION('',(-0.,-0.,-1.));
#5522 = DIRECTION('',(1.,0.,0.));
#5523 = ADVANCED_FACE('',(#5524),#5551,.F.);
#5524 = FACE_BOUND('',#5525,.T.);
#5525 = EDGE_LOOP('',(#5526,#5536,#5543,#5544));
#5526 = ORIENTED_EDGE('',*,*,#5527,.T.);
#5527 = EDGE_CURVE('',#5528,#5530,#5532,.T.);
#5528 = VERTEX_POINT('',#5529);
#5529 = CARTESIAN_POINT('',(17.5,21.650635094611,0.));
#5530 = VERTEX_POINT('',#5531);
#5531 = CARTESIAN_POINT('',(17.5,21.650635094611,5.));
#5532 = LINE('',#5533,#5534);
#5533 = CARTESIAN_POINT('',(17.5,21.650635094611,0.));
#5534 = VECTOR('',#5535,1.);
#5535 = DIRECTION('',(0.,0.,1.));
#5536 = ORIENTED_EDGE('',*,*,#5537,.T.);
#5537 = EDGE_CURVE('',#5530,#5530,#5538,.T.);
#5538 = CIRCLE('',#5539,7.);
#5539 = AXIS2_PLACEMENT_3D('',#5540,#5541,#5542);
#5540 = CARTESIAN_POINT('',(10.5,21.650635094611,5.));
#5541 = DIRECTION('',(0.,0.,1.));
#5542 = DIRECTION('',(1.,0.,0.));
#5543 = ORIENTED_EDGE('',*,*,#5527,.F.);
#5544 = ORIENTED_EDGE('',*,*,#5545,.F.);
#5545 = EDGE_CURVE('',#5528,#5528,#5546,.T.);
#5546 = CIRCLE('',#5547,7.);
#5547 = AXIS2_PLACEMENT_3D('',#5548,#5549,#5550);
#5548 = CARTESIAN_POINT('',(10.5,21.650635094611,0.));
#5549 = DIRECTION('',(0.,0.,1.));
#5550 = DIRECTION('',(1.,0.,0.));
#5551 = CYLINDRICAL_SURFACE('',#5552,7.);
#5552 = AXIS2_PLACEMENT_3D('',#5553,#5554,#5555);
#5553 = CARTESIAN_POINT('',(10.5,21.650635094611,0.));
#5554 = DIRECTION('',(-0.,-0.,-1.));
#5555 = DIRECTION('',(1.,0.,0.));
#5556 = ADVANCED_FACE('',(#5557),#5584,.F.);
#5557 = FACE_BOUND('',#5558,.T.);
#5558 = EDGE_LOOP('',(#5559,#5569,#5576,#5577));
#5559 = ORIENTED_EDGE('',*,*,#5560,.T.);
#5560 = EDGE_CURVE('',#5561,#5563,#5565,.T.);
#5561 = VERTEX_POINT('',#5562);
#5562 = CARTESIAN_POINT('',(30.,0.,0.));
#5563 = VERTEX_POINT('',#5564);
#5564 = CARTESIAN_POINT('',(30.,0.,5.));
#5565 = LINE('',#5566,#5567);
#5566 = CARTESIAN_POINT('',(30.,0.,0.));
#5567 = VECTOR('',#5568,1.);
#5568 = DIRECTION('',(0.,0.,1.));
#5569 = ORIENTED_EDGE('',*,*,#5570,.T.);
#5570 = EDGE_CURVE('',#5563,#5563,#5571,.T.);
#5571 = CIRCLE('',#5572,7.);
#5572 = AXIS2_PLACEMENT_3D('',#5573,#5574,#5575);
#5573 = CARTESIAN_POINT('',(23.,0.,5.));
#5574 = DIRECTION('',(0.,0.,1.));
#5575 = DIRECTION('',(1.,0.,0.));
#5576 = ORIENTED_EDGE('',*,*,#5560,.F.);
#5577 = ORIENTED_EDGE('',*,*,#5578,.F.);
#5578 = EDGE_CURVE('',#5561,#5561,#5579,.T.);
#5579 = CIRCLE('',#5580,7.);
#5580 = AXIS2_PLACEMENT_3D('',#5581,#5582,#5583);
#5581 = CARTESIAN_POINT('',(23.,0.,0.));
#5582 = DIRECTION('',(0.,0.,1.));
#5583 = DIRECTION('',(1.,0.,0.));
#5584 = CYLINDRICAL_SURFACE('',#5585,7.);
#5585 = AXIS2_PLACEMENT_3D('',#5586,#5587,#5588);
#5586 = CARTESIAN_POINT('',(23.,0.,0.));
#5587 = DIRECTION('',(-0.,-0.,-1.));
#5588 = DIRECTION('',(1.,0.,0.));
#5589 = ADVANCED_FACE('',(#5590),#5617,.F.);
#5590 = FACE_BOUND('',#5591,.T.);
#5591 = EDGE_LOOP('',(#5592,#5602,#5609,#5610));
#5592 = ORIENTED_EDGE('',*,*,#5593,.T.);
#5593 = EDGE_CURVE('',#5594,#5596,#5598,.T.);
#5594 = VERTEX_POINT('',#5595);
#5595 = CARTESIAN_POINT('',(17.5,-21.65063509461,0.));
#5596 = VERTEX_POINT('',#5597);
#5597 = CARTESIAN_POINT('',(17.5,-21.65063509461,5.));
#5598 = LINE('',#5599,#5600);
#5599 = CARTESIAN_POINT('',(17.5,-21.65063509461,0.));
#5600 = VECTOR('',#5601,1.);
#5601 = DIRECTION('',(0.,0.,1.));
#5602 = ORIENTED_EDGE('',*,*,#5603,.T.);
#5603 = EDGE_CURVE('',#5596,#5596,#5604,.T.);
#5604 = CIRCLE('',#5605,7.);
#5605 = AXIS2_PLACEMENT_3D('',#5606,#5607,#5608);
#5606 = CARTESIAN_POINT('',(10.5,-21.65063509461,5.));
#5607 = DIRECTION('',(0.,0.,1.));
#5608 = DIRECTION('',(1.,0.,0.));
#5609 = ORIENTED_EDGE('',*,*,#5593,.F.);
#5610 = ORIENTED_EDGE('',*,*,#5611,.F.);
#5611 = EDGE_CURVE('',#5594,#5594,#5612,.T.);
#5612 = CIRCLE('',#5613,7.);
#5613 = AXIS2_PLACEMENT_3D('',#5614,#5615,#5616);
#5614 = CARTESIAN_POINT('',(10.5,-21.65063509461,0.));
#5615 = DIRECTION('',(0.,0.,1.));
#5616 = DIRECTION('',(1.,0.,0.));
#5617 = CYLINDRICAL_SURFACE('',#5618,7.);
#5618 = AXIS2_PLACEMENT_3D('',#5619,#5620,#5621);
#5619 = CARTESIAN_POINT('',(10.5,-21.65063509461,0.));
#5620 = DIRECTION('',(-0.,-0.,-1.));
#5621 = DIRECTION('',(1.,0.,0.));
#5622 = ADVANCED_FACE('',(#5623),#5650,.F.);
#5623 = FACE_BOUND('',#5624,.T.);
#5624 = EDGE_LOOP('',(#5625,#5635,#5642,#5643));
#5625 = ORIENTED_EDGE('',*,*,#5626,.T.);
#5626 = EDGE_CURVE('',#5627,#5629,#5631,.T.);
#5627 = VERTEX_POINT('',#5628);
#5628 = CARTESIAN_POINT('',(-7.5,-21.65063509461,0.));
#5629 = VERTEX_POINT('',#5630);
#5630 = CARTESIAN_POINT('',(-7.5,-21.65063509461,5.));
#5631 = LINE('',#5632,#5633);
#5632 = CARTESIAN_POINT('',(-7.5,-21.65063509461,0.));
#5633 = VECTOR('',#5634,1.);
#5634 = DIRECTION('',(0.,0.,1.));
#5635 = ORIENTED_EDGE('',*,*,#5636,.T.);
#5636 = EDGE_CURVE('',#5629,#5629,#5637,.T.);
#5637 = CIRCLE('',#5638,7.);
#5638 = AXIS2_PLACEMENT_3D('',#5639,#5640,#5641);
#5639 = CARTESIAN_POINT('',(-14.5,-21.65063509461,5.));
#5640 = DIRECTION('',(0.,0.,1.));
#5641 = DIRECTION('',(1.,0.,0.));
#5642 = ORIENTED_EDGE('',*,*,#5626,.F.);
#5643 = ORIENTED_EDGE('',*,*,#5644,.F.);
#5644 = EDGE_CURVE('',#5627,#5627,#5645,.T.);
#5645 = CIRCLE('',#5646,7.);
#5646 = AXIS2_PLACEMENT_3D('',#5647,#5648,#5649);
#5647 = CARTESIAN_POINT('',(-14.5,-21.65063509461,0.));
#5648 = DIRECTION('',(0.,0.,1.));
#5649 = DIRECTION('',(1.,0.,0.));
#5650 = CYLINDRICAL_SURFACE('',#5651,7.);
#5651 = AXIS2_PLACEMENT_3D('',#5652,#5653,#5654);
#5652 = CARTESIAN_POINT('',(-14.5,-21.65063509461,0.));
#5653 = DIRECTION('',(-0.,-0.,-1.));
#5654 = DIRECTION('',(1.,0.,0.));
#5655 = ADVANCED_FACE('',(#5656),#5683,.F.);
#5656 = FACE_BOUND('',#5657,.T.);
#5657 = EDGE_LOOP('',(#5658,#5668,#5675,#5676));
#5658 = ORIENTED_EDGE('',*,*,#5659,.T.);
#5659 = EDGE_CURVE('',#5660,#5662,#5664,.T.);
#5660 = VERTEX_POINT('',#5661);
#5661 = CARTESIAN_POINT('',(-20.,0.,0.));
#5662 = VERTEX_POINT('',#5663);
#5663 = CARTESIAN_POINT('',(-20.,0.,5.));
#5664 = LINE('',#5665,#5666);
#5665 = CARTESIAN_POINT('',(-20.,0.,0.));
#5666 = VECTOR('',#5667,1.);
#5667 = DIRECTION('',(0.,0.,1.));
#5668 = ORIENTED_EDGE('',*,*,#5669,.T.);
#5669 = EDGE_CURVE('',#5662,#5662,#5670,.T.);
#5670 = CIRCLE('',#5671,7.);
#5671 = AXIS2_PLACEMENT_3D('',#5672,#5673,#5674);
#5672 = CARTESIAN_POINT('',(-27.,0.,5.));
#5673 = DIRECTION('',(0.,0.,1.));
#5674 = DIRECTION('',(1.,0.,0.));
#5675 = ORIENTED_EDGE('',*,*,#5659,.F.);
#5676 = ORIENTED_EDGE('',*,*,#5677,.F.);
#5677 = EDGE_CURVE('',#5660,#5660,#5678,.T.);
#5678 = CIRCLE('',#5679,7.);
#5679 = AXIS2_PLACEMENT_3D('',#5680,#5681,#5682);
#5680 = CARTESIAN_POINT('',(-27.,0.,0.));
#5681 = DIRECTION('',(0.,0.,1.));
#5682 = DIRECTION('',(1.,0.,0.));
#5683 = CYLINDRICAL_SURFACE('',#5684,7.);
#5684 = AXIS2_PLACEMENT_3D('',#5685,#5686,#5687);
#5685 = CARTESIAN_POINT('',(-27.,0.,0.));
#5686 = DIRECTION('',(-0.,-0.,-1.));
#5687 = DIRECTION('',(1.,0.,0.));
#5688 = ADVANCED_FACE('',(#5689),#5716,.F.);
#5689 = FACE_BOUND('',#5690,.T.);
#5690 = EDGE_LOOP('',(#5691,#5701,#5708,#5709));
#5691 = ORIENTED_EDGE('',*,*,#5692,.T.);
#5692 = EDGE_CURVE('',#5693,#5695,#5697,.T.);
#5693 = VERTEX_POINT('',#5694);
#5694 = CARTESIAN_POINT('',(4.8,0.,0.));
#5695 = VERTEX_POINT('',#5696);
#5696 = CARTESIAN_POINT('',(4.8,0.,5.));
#5697 = LINE('',#5698,#5699);
#5698 = CARTESIAN_POINT('',(4.8,0.,0.));
#5699 = VECTOR('',#5700,1.);
#5700 = DIRECTION('',(0.,0.,1.));
#5701 = ORIENTED_EDGE('',*,*,#5702,.T.);
#5702 = EDGE_CURVE('',#5695,#5695,#5703,.T.);
#5703 = CIRCLE('',#5704,6.8);
#5704 = AXIS2_PLACEMENT_3D('',#5705,#5706,#5707);
#5705 = CARTESIAN_POINT('',(-2.,0.,5.));
#5706 = DIRECTION('',(0.,0.,1.));
#5707 = DIRECTION('',(1.,0.,0.));
#5708 = ORIENTED_EDGE('',*,*,#5692,.F.);
#5709 = ORIENTED_EDGE('',*,*,#5710,.F.);
#5710 = EDGE_CURVE('',#5693,#5693,#5711,.T.);
#5711 = CIRCLE('',#5712,6.8);
#5712 = AXIS2_PLACEMENT_3D('',#5713,#5714,#5715);
#5713 = CARTESIAN_POINT('',(-2.,0.,0.));
#5714 = DIRECTION('',(0.,0.,1.));
#5715 = DIRECTION('',(1.,0.,0.));
#5716 = CYLINDRICAL_SURFACE('',#5717,6.8);
#5717 = AXIS2_PLACEMENT_3D('',#5718,#5719,#5720);
#5718 = CARTESIAN_POINT('',(-2.,0.,0.));
#5719 = DIRECTION('',(-0.,-0.,-1.));
#5720 = DIRECTION('',(1.,0.,0.));
#5721 = ADVANCED_FACE('',(#5722,#5733,#5736,#5739,#5742,#5745,#5748,
    #5751),#5754,.F.);
#5722 = FACE_BOUND('',#5723,.F.);
#5723 = EDGE_LOOP('',(#5724,#5725,#5726,#5727,#5728,#5729,#5730,#5731,
    #5732));
#5724 = ORIENTED_EDGE('',*,*,#4131,.T.);
#5725 = ORIENTED_EDGE('',*,*,#4290,.T.);
#5726 = ORIENTED_EDGE('',*,*,#4449,.T.);
#5727 = ORIENTED_EDGE('',*,*,#4608,.T.);
#5728 = ORIENTED_EDGE('',*,*,#4767,.T.);
#5729 = ORIENTED_EDGE('',*,*,#4926,.T.);
#5730 = ORIENTED_EDGE('',*,*,#5085,.T.);
#5731 = ORIENTED_EDGE('',*,*,#5244,.T.);
#5732 = ORIENTED_EDGE('',*,*,#5394,.T.);
#5733 = FACE_BOUND('',#5734,.T.);
#5734 = EDGE_LOOP('',(#5735));
#5735 = ORIENTED_EDGE('',*,*,#5512,.T.);
#5736 = FACE_BOUND('',#5737,.T.);
#5737 = EDGE_LOOP('',(#5738));
#5738 = ORIENTED_EDGE('',*,*,#5545,.T.);
#5739 = FACE_BOUND('',#5740,.T.);
#5740 = EDGE_LOOP('',(#5741));
#5741 = ORIENTED_EDGE('',*,*,#5578,.T.);
#5742 = FACE_BOUND('',#5743,.T.);
#5743 = EDGE_LOOP('',(#5744));
#5744 = ORIENTED_EDGE('',*,*,#5611,.T.);
#5745 = FACE_BOUND('',#5746,.T.);
#5746 = EDGE_LOOP('',(#5747));
#5747 = ORIENTED_EDGE('',*,*,#5644,.T.);
#5748 = FACE_BOUND('',#5749,.T.);
#5749 = EDGE_LOOP('',(#5750));
#5750 = ORIENTED_EDGE('',*,*,#5677,.T.);
#5751 = FACE_BOUND('',#5752,.T.);
#5752 = EDGE_LOOP('',(#5753));
#5753 = ORIENTED_EDGE('',*,*,#5710,.T.);
#5754 = PLANE('',#5755);
#5755 = AXIS2_PLACEMENT_3D('',#5756,#5757,#5758);
#5756 = CARTESIAN_POINT('',(-2.,-1.90832079855E-15,0.));
#5757 = DIRECTION('',(0.,0.,1.));
#5758 = DIRECTION('',(1.,0.,0.));
#5759 = ADVANCED_FACE('',(#5760,#5771,#5774,#5777,#5780,#5783,#5786,
    #5789),#5792,.T.);
#5760 = FACE_BOUND('',#5761,.T.);
#5761 = EDGE_LOOP('',(#5762,#5763,#5764,#5765,#5766,#5767,#5768,#5769,
    #5770));
#5762 = ORIENTED_EDGE('',*,*,#4073,.T.);
#5763 = ORIENTED_EDGE('',*,*,#4232,.T.);
#5764 = ORIENTED_EDGE('',*,*,#4391,.T.);
#5765 = ORIENTED_EDGE('',*,*,#4550,.T.);
#5766 = ORIENTED_EDGE('',*,*,#4709,.T.);
#5767 = ORIENTED_EDGE('',*,*,#4868,.T.);
#5768 = ORIENTED_EDGE('',*,*,#5027,.T.);
#5769 = ORIENTED_EDGE('',*,*,#5186,.T.);
#5770 = ORIENTED_EDGE('',*,*,#5345,.T.);
#5771 = FACE_BOUND('',#5772,.F.);
#5772 = EDGE_LOOP('',(#5773));
#5773 = ORIENTED_EDGE('',*,*,#5504,.T.);
#5774 = FACE_BOUND('',#5775,.F.);
#5775 = EDGE_LOOP('',(#5776));
#5776 = ORIENTED_EDGE('',*,*,#5537,.T.);
#5777 = FACE_BOUND('',#5778,.F.);
#5778 = EDGE_LOOP('',(#5779));
#5779 = ORIENTED_EDGE('',*,*,#5570,.T.);
#5780 = FACE_BOUND('',#5781,.F.);
#5781 = EDGE_LOOP('',(#5782));
#5782 = ORIENTED_EDGE('',*,*,#5603,.T.);
#5783 = FACE_BOUND('',#5784,.F.);
#5784 = EDGE_LOOP('',(#5785));
#5785 = ORIENTED_EDGE('',*,*,#5636,.T.);
#5786 = FACE_BOUND('',#5787,.F.);
#5787 = EDGE_LOOP('',(#5788));
#5788 = ORIENTED_EDGE('',*,*,#5669,.T.);
#5789 = FACE_BOUND('',#5790,.F.);
#5790 = EDGE_LOOP('',(#5791));
#5791 = ORIENTED_EDGE('',*,*,#5702,.T.);
#5792 = PLANE('',#5793);
#5793 = AXIS2_PLACEMENT_3D('',#5794,#5795,#5796);
#5794 = CARTESIAN_POINT('',(-2.,-1.90832079855E-15,5.));
#5795 = DIRECTION('',(0.,0.,1.));
#5796 = DIRECTION('',(1.,0.,0.));
#5797 = ( GEOMETRIC_REPRESENTATION_CONTEXT(3) 
GLOBAL_UNCERTAINTY_ASSIGNED_CONTEXT((#5801)) 
GLOBAL_UNIT_ASSIGNED_CONTEXT((#5798,#5799,#5800)) REPRESENTATION_CONTEXT
('Context #1','3D Context with UNIT and UNCERTAINTY') );
#5798 = ( LENGTH_UNIT() NAMED_UNIT(*) SI_UNIT(.MILLI.,.METRE.) );
#5799 = ( NAMED_UNIT(*) PLANE_ANGLE_UNIT() SI_UNIT($,.RADIAN.) );
#5800 = ( NAMED_UNIT(*) SI_UNIT($,.STERADIAN.) SOLID_ANGLE_UNIT() );
#5801 = UNCERTAINTY_MEASURE_WITH_UNIT(LENGTH_MEASURE(1.E-07),#5798,
  'distance_accuracy_value','confusion accuracy');
#5802 = CONTEXT_DEPENDENT_SHAPE_REPRESENTATION(#5803,#5805);
#5803 = ( REPRESENTATION_RELATIONSHIP('','',#4056,#10) 
REPRESENTATION_RELATIONSHIP_WITH_TRANSFORMATION(#5804) 
SHAPE_REPRESENTATION_RELATIONSHIP() );
#5804 = ITEM_DEFINED_TRANSFORMATION('','',#11,#31);
#5805 = PRODUCT_DEFINITION_SHAPE('Placement','Placement of an item',
  #5806);
#5806 = NEXT_ASSEMBLY_USAGE_OCCURRENCE('5','cycloidalDisk2','',#5,#4051,
  $);
#5807 = PRODUCT_RELATED_PRODUCT_CATEGORY('part',$,(#4053));
#5808 = SHAPE_DEFINITION_REPRESENTATION(#5809,#5815);
#5809 = PRODUCT_DEFINITION_SHAPE('','',#5810);
#5810 = PRODUCT_DEFINITION('design','',#5811,#5814);
#5811 = PRODUCT_DEFINITION_FORMATION('','',#5812);
#5812 = PRODUCT('eccentricKey','eccentricKey','',(#5813));
#5813 = PRODUCT_CONTEXT('',#2,'mechanical');
#5814 = PRODUCT_DEFINITION_CONTEXT('part definition',#2,'design');
#5815 = ADVANCED_BREP_SHAPE_REPRESENTATION('',(#11,#5816),#6052);
#5816 = MANIFOLD_SOLID_BREP('',#5817);
#5817 = CLOSED_SHELL('',(#5818,#5869,#5895,#5911,#5920,#5947,#5983,#6015
    ,#6038));
#5818 = ADVANCED_FACE('',(#5819),#5864,.T.);
#5819 = FACE_BOUND('',#5820,.F.);
#5820 = EDGE_LOOP('',(#5821,#5832,#5840,#5847,#5848,#5857));
#5821 = ORIENTED_EDGE('',*,*,#5822,.F.);
#5822 = EDGE_CURVE('',#5823,#5825,#5827,.T.);
#5823 = VERTEX_POINT('',#5824);
#5824 = CARTESIAN_POINT('',(8.5,0.,0.));
#5825 = VERTEX_POINT('',#5826);
#5826 = CARTESIAN_POINT('',(2.553512956638E-15,6.184658438426,0.));
#5827 = CIRCLE('',#5828,6.5);
#5828 = AXIS2_PLACEMENT_3D('',#5829,#5830,#5831);
#5829 = CARTESIAN_POINT('',(2.,0.,0.));
#5830 = DIRECTION('',(0.,0.,1.));
#5831 = DIRECTION('',(1.,0.,0.));
#5832 = ORIENTED_EDGE('',*,*,#5833,.T.);
#5833 = EDGE_CURVE('',#5823,#5834,#5836,.T.);
#5834 = VERTEX_POINT('',#5835);
#5835 = CARTESIAN_POINT('',(8.5,0.,5.));
#5836 = LINE('',#5837,#5838);
#5837 = CARTESIAN_POINT('',(8.5,0.,0.));
#5838 = VECTOR('',#5839,1.);
#5839 = DIRECTION('',(0.,0.,1.));
#5840 = ORIENTED_EDGE('',*,*,#5841,.T.);
#5841 = EDGE_CURVE('',#5834,#5834,#5842,.T.);
#5842 = CIRCLE('',#5843,6.5);
#5843 = AXIS2_PLACEMENT_3D('',#5844,#5845,#5846);
#5844 = CARTESIAN_POINT('',(2.,0.,5.));
#5845 = DIRECTION('',(0.,0.,1.));
#5846 = DIRECTION('',(1.,0.,0.));
#5847 = ORIENTED_EDGE('',*,*,#5833,.F.);
#5848 = ORIENTED_EDGE('',*,*,#5849,.F.);
#5849 = EDGE_CURVE('',#5850,#5823,#5852,.T.);
#5850 = VERTEX_POINT('',#5851);
#5851 = CARTESIAN_POINT('',(-6.661338147751E-15,-6.184658438426,0.));
#5852 = CIRCLE('',#5853,6.5);
#5853 = AXIS2_PLACEMENT_3D('',#5854,#5855,#5856);
#5854 = CARTESIAN_POINT('',(2.,0.,0.));
#5855 = DIRECTION('',(0.,0.,1.));
#5856 = DIRECTION('',(1.,0.,0.));
#5857 = ORIENTED_EDGE('',*,*,#5858,.F.);
#5858 = EDGE_CURVE('',#5825,#5850,#5859,.T.);
#5859 = CIRCLE('',#5860,6.5);
#5860 = AXIS2_PLACEMENT_3D('',#5861,#5862,#5863);
#5861 = CARTESIAN_POINT('',(2.,0.,0.));
#5862 = DIRECTION('',(0.,0.,1.));
#5863 = DIRECTION('',(1.,0.,0.));
#5864 = CYLINDRICAL_SURFACE('',#5865,6.5);
#5865 = AXIS2_PLACEMENT_3D('',#5866,#5867,#5868);
#5866 = CARTESIAN_POINT('',(2.,0.,0.));
#5867 = DIRECTION('',(-0.,-0.,-1.));
#5868 = DIRECTION('',(1.,0.,0.));
#5869 = ADVANCED_FACE('',(#5870),#5890,.F.);
#5870 = FACE_BOUND('',#5871,.F.);
#5871 = EDGE_LOOP('',(#5872,#5873,#5874,#5883));
#5872 = ORIENTED_EDGE('',*,*,#5849,.T.);
#5873 = ORIENTED_EDGE('',*,*,#5822,.T.);
#5874 = ORIENTED_EDGE('',*,*,#5875,.F.);
#5875 = EDGE_CURVE('',#5876,#5825,#5878,.T.);
#5876 = VERTEX_POINT('',#5877);
#5877 = CARTESIAN_POINT('',(4.5,0.,0.));
#5878 = CIRCLE('',#5879,6.5);
#5879 = AXIS2_PLACEMENT_3D('',#5880,#5881,#5882);
#5880 = CARTESIAN_POINT('',(-2.,0.,0.));
#5881 = DIRECTION('',(0.,0.,1.));
#5882 = DIRECTION('',(1.,0.,0.));
#5883 = ORIENTED_EDGE('',*,*,#5884,.F.);
#5884 = EDGE_CURVE('',#5850,#5876,#5885,.T.);
#5885 = CIRCLE('',#5886,6.5);
#5886 = AXIS2_PLACEMENT_3D('',#5887,#5888,#5889);
#5887 = CARTESIAN_POINT('',(-2.,0.,0.));
#5888 = DIRECTION('',(0.,0.,1.));
#5889 = DIRECTION('',(1.,0.,0.));
#5890 = PLANE('',#5891);
#5891 = AXIS2_PLACEMENT_3D('',#5892,#5893,#5894);
#5892 = CARTESIAN_POINT('',(2.,5.76161480209E-16,0.));
#5893 = DIRECTION('',(0.,0.,1.));
#5894 = DIRECTION('',(1.,0.,0.));
#5895 = ADVANCED_FACE('',(#5896),#5906,.T.);
#5896 = FACE_BOUND('',#5897,.T.);
#5897 = EDGE_LOOP('',(#5898,#5899));
#5898 = ORIENTED_EDGE('',*,*,#5858,.F.);
#5899 = ORIENTED_EDGE('',*,*,#5900,.T.);
#5900 = EDGE_CURVE('',#5825,#5850,#5901,.T.);
#5901 = CIRCLE('',#5902,6.5);
#5902 = AXIS2_PLACEMENT_3D('',#5903,#5904,#5905);
#5903 = CARTESIAN_POINT('',(-2.,0.,0.));
#5904 = DIRECTION('',(0.,0.,1.));
#5905 = DIRECTION('',(1.,0.,0.));
#5906 = PLANE('',#5907);
#5907 = AXIS2_PLACEMENT_3D('',#5908,#5909,#5910);
#5908 = CARTESIAN_POINT('',(-2.,5.76161480209E-16,0.));
#5909 = DIRECTION('',(0.,0.,1.));
#5910 = DIRECTION('',(1.,0.,0.));
#5911 = ADVANCED_FACE('',(#5912),#5915,.T.);
#5912 = FACE_BOUND('',#5913,.T.);
#5913 = EDGE_LOOP('',(#5914));
#5914 = ORIENTED_EDGE('',*,*,#5841,.T.);
#5915 = PLANE('',#5916);
#5916 = AXIS2_PLACEMENT_3D('',#5917,#5918,#5919);
#5917 = CARTESIAN_POINT('',(2.,5.76161480209E-16,5.));
#5918 = DIRECTION('',(0.,0.,1.));
#5919 = DIRECTION('',(1.,0.,0.));
#5920 = ADVANCED_FACE('',(#5921),#5942,.T.);
#5921 = FACE_BOUND('',#5922,.T.);
#5922 = EDGE_LOOP('',(#5923,#5931,#5932,#5933,#5934,#5935));
#5923 = ORIENTED_EDGE('',*,*,#5924,.F.);
#5924 = EDGE_CURVE('',#5876,#5925,#5927,.T.);
#5925 = VERTEX_POINT('',#5926);
#5926 = CARTESIAN_POINT('',(4.5,0.,-5.));
#5927 = LINE('',#5928,#5929);
#5928 = CARTESIAN_POINT('',(4.5,0.,0.));
#5929 = VECTOR('',#5930,1.);
#5930 = DIRECTION('',(-0.,-0.,-1.));
#5931 = ORIENTED_EDGE('',*,*,#5884,.F.);
#5932 = ORIENTED_EDGE('',*,*,#5900,.F.);
#5933 = ORIENTED_EDGE('',*,*,#5875,.F.);
#5934 = ORIENTED_EDGE('',*,*,#5924,.T.);
#5935 = ORIENTED_EDGE('',*,*,#5936,.T.);
#5936 = EDGE_CURVE('',#5925,#5925,#5937,.T.);
#5937 = CIRCLE('',#5938,6.5);
#5938 = AXIS2_PLACEMENT_3D('',#5939,#5940,#5941);
#5939 = CARTESIAN_POINT('',(-2.,0.,-5.));
#5940 = DIRECTION('',(0.,0.,1.));
#5941 = DIRECTION('',(1.,0.,0.));
#5942 = CYLINDRICAL_SURFACE('',#5943,6.5);
#5943 = AXIS2_PLACEMENT_3D('',#5944,#5945,#5946);
#5944 = CARTESIAN_POINT('',(-2.,0.,0.));
#5945 = DIRECTION('',(0.,0.,1.));
#5946 = DIRECTION('',(1.,0.,0.));
#5947 = ADVANCED_FACE('',(#5948,#5951),#5978,.F.);
#5948 = FACE_BOUND('',#5949,.F.);
#5949 = EDGE_LOOP('',(#5950));
#5950 = ORIENTED_EDGE('',*,*,#5936,.T.);
#5951 = FACE_BOUND('',#5952,.F.);
#5952 = EDGE_LOOP('',(#5953,#5962,#5971));
#5953 = ORIENTED_EDGE('',*,*,#5954,.F.);
#5954 = EDGE_CURVE('',#5925,#5955,#5957,.T.);
#5955 = VERTEX_POINT('',#5956);
#5956 = CARTESIAN_POINT('',(2.125,1.964529205688,-5.));
#5957 = CIRCLE('',#5958,2.);
#5958 = AXIS2_PLACEMENT_3D('',#5959,#5960,#5961);
#5959 = CARTESIAN_POINT('',(2.5,0.,-5.));
#5960 = DIRECTION('',(0.,0.,1.));
#5961 = DIRECTION('',(1.,0.,0.));
#5962 = ORIENTED_EDGE('',*,*,#5963,.F.);
#5963 = EDGE_CURVE('',#5964,#5925,#5966,.T.);
#5964 = VERTEX_POINT('',#5965);
#5965 = CARTESIAN_POINT('',(2.125,-1.964529205688,-5.));
#5966 = CIRCLE('',#5967,2.);
#5967 = AXIS2_PLACEMENT_3D('',#5968,#5969,#5970);
#5968 = CARTESIAN_POINT('',(2.5,0.,-5.));
#5969 = DIRECTION('',(0.,0.,1.));
#5970 = DIRECTION('',(1.,0.,0.));
#5971 = ORIENTED_EDGE('',*,*,#5972,.F.);
#5972 = EDGE_CURVE('',#5955,#5964,#5973,.T.);
#5973 = CIRCLE('',#5974,2.);
#5974 = AXIS2_PLACEMENT_3D('',#5975,#5976,#5977);
#5975 = CARTESIAN_POINT('',(1.75,0.,-5.));
#5976 = DIRECTION('',(0.,0.,1.));
#5977 = DIRECTION('',(1.,0.,0.));
#5978 = PLANE('',#5979);
#5979 = AXIS2_PLACEMENT_3D('',#5980,#5981,#5982);
#5980 = CARTESIAN_POINT('',(-2.,5.76161480209E-16,-5.));
#5981 = DIRECTION('',(0.,0.,1.));
#5982 = DIRECTION('',(1.,0.,0.));
#5983 = ADVANCED_FACE('',(#5984),#6010,.F.);
#5984 = FACE_BOUND('',#5985,.F.);
#5985 = EDGE_LOOP('',(#5986,#5997,#6003,#6004));
#5986 = ORIENTED_EDGE('',*,*,#5987,.F.);
#5987 = EDGE_CURVE('',#5988,#5990,#5992,.T.);
#5988 = VERTEX_POINT('',#5989);
#5989 = CARTESIAN_POINT('',(2.125,1.964529205688,0.));
#5990 = VERTEX_POINT('',#5991);
#5991 = CARTESIAN_POINT('',(2.125,-1.964529205688,0.));
#5992 = CIRCLE('',#5993,2.);
#5993 = AXIS2_PLACEMENT_3D('',#5994,#5995,#5996);
#5994 = CARTESIAN_POINT('',(1.75,0.,0.));
#5995 = DIRECTION('',(0.,0.,1.));
#5996 = DIRECTION('',(1.,0.,0.));
#5997 = ORIENTED_EDGE('',*,*,#5998,.F.);
#5998 = EDGE_CURVE('',#5955,#5988,#5999,.T.);
#5999 = LINE('',#6000,#6001);
#6000 = CARTESIAN_POINT('',(2.125,1.964529205688,0.));
#6001 = VECTOR('',#6002,1.);
#6002 = DIRECTION('',(0.,0.,1.));
#6003 = ORIENTED_EDGE('',*,*,#5972,.T.);
#6004 = ORIENTED_EDGE('',*,*,#6005,.T.);
#6005 = EDGE_CURVE('',#5964,#5990,#6006,.T.);
#6006 = LINE('',#6007,#6008);
#6007 = CARTESIAN_POINT('',(2.125,-1.964529205688,0.));
#6008 = VECTOR('',#6009,1.);
#6009 = DIRECTION('',(0.,0.,1.));
#6010 = CYLINDRICAL_SURFACE('',#6011,2.);
#6011 = AXIS2_PLACEMENT_3D('',#6012,#6013,#6014);
#6012 = CARTESIAN_POINT('',(1.75,0.,0.));
#6013 = DIRECTION('',(0.,0.,1.));
#6014 = DIRECTION('',(1.,0.,0.));
#6015 = ADVANCED_FACE('',(#6016),#6033,.T.);
#6016 = FACE_BOUND('',#6017,.T.);
#6017 = EDGE_LOOP('',(#6018,#6025,#6026));
#6018 = ORIENTED_EDGE('',*,*,#6019,.F.);
#6019 = EDGE_CURVE('',#5990,#5876,#6020,.T.);
#6020 = CIRCLE('',#6021,2.);
#6021 = AXIS2_PLACEMENT_3D('',#6022,#6023,#6024);
#6022 = CARTESIAN_POINT('',(2.5,0.,0.));
#6023 = DIRECTION('',(0.,0.,1.));
#6024 = DIRECTION('',(1.,0.,0.));
#6025 = ORIENTED_EDGE('',*,*,#5987,.F.);
#6026 = ORIENTED_EDGE('',*,*,#6027,.F.);
#6027 = EDGE_CURVE('',#5876,#5988,#6028,.T.);
#6028 = CIRCLE('',#6029,2.);
#6029 = AXIS2_PLACEMENT_3D('',#6030,#6031,#6032);
#6030 = CARTESIAN_POINT('',(2.5,0.,0.));
#6031 = DIRECTION('',(0.,0.,1.));
#6032 = DIRECTION('',(1.,0.,0.));
#6033 = PLANE('',#6034);
#6034 = AXIS2_PLACEMENT_3D('',#6035,#6036,#6037);
#6035 = CARTESIAN_POINT('',(2.205180142691,-2.77998776884E-16,0.));
#6036 = DIRECTION('',(-0.,-0.,-1.));
#6037 = DIRECTION('',(-1.,0.,0.));
#6038 = ADVANCED_FACE('',(#6039),#6047,.F.);
#6039 = FACE_BOUND('',#6040,.F.);
#6040 = EDGE_LOOP('',(#6041,#6042,#6043,#6044,#6045,#6046));
#6041 = ORIENTED_EDGE('',*,*,#6005,.F.);
#6042 = ORIENTED_EDGE('',*,*,#5963,.T.);
#6043 = ORIENTED_EDGE('',*,*,#5954,.T.);
#6044 = ORIENTED_EDGE('',*,*,#5998,.T.);
#6045 = ORIENTED_EDGE('',*,*,#6027,.F.);
#6046 = ORIENTED_EDGE('',*,*,#6019,.F.);
#6047 = CYLINDRICAL_SURFACE('',#6048,2.);
#6048 = AXIS2_PLACEMENT_3D('',#6049,#6050,#6051);
#6049 = CARTESIAN_POINT('',(2.5,0.,0.));
#6050 = DIRECTION('',(0.,0.,1.));
#6051 = DIRECTION('',(1.,0.,0.));
#6052 = ( GEOMETRIC_REPRESENTATION_CONTEXT(3) 
GLOBAL_UNCERTAINTY_ASSIGNED_CONTEXT((#6056)) 
GLOBAL_UNIT_ASSIGNED_CONTEXT((#6053,#6054,#6055)) REPRESENTATION_CONTEXT
('Context #1','3D Context with UNIT and UNCERTAINTY') );
#6053 = ( LENGTH_UNIT() NAMED_UNIT(*) SI_UNIT(.MILLI.,.METRE.) );
#6054 = ( NAMED_UNIT(*) PLANE_ANGLE_UNIT() SI_UNIT($,.RADIAN.) );
#6055 = ( NAMED_UNIT(*) SI_UNIT($,.STERADIAN.) SOLID_ANGLE_UNIT() );
#6056 = UNCERTAINTY_MEASURE_WITH_UNIT(LENGTH_MEASURE(2.E-06),#6053,
  'distance_accuracy_value','confusion accuracy');
#6057 = CONTEXT_DEPENDENT_SHAPE_REPRESENTATION(#6058,#6060);
#6058 = ( REPRESENTATION_RELATIONSHIP('','',#5815,#10) 
REPRESENTATION_RELATIONSHIP_WITH_TRANSFORMATION(#6059) 
SHAPE_REPRESENTATION_RELATIONSHIP() );
#6059 = ITEM_DEFINED_TRANSFORMATION('','',#11,#35);
#6060 = PRODUCT_DEFINITION_SHAPE('Placement','Placement of an item',
  #6061);
#6061 = NEXT_ASSEMBLY_USAGE_OCCURRENCE('6','eccentricKey','',#5,#5810,$
  );
#6062 = PRODUCT_RELATED_PRODUCT_CATEGORY('part',$,(#5812));
#6063 = SHAPE_DEFINITION_REPRESENTATION(#6064,#6070);
#6064 = PRODUCT_DEFINITION_SHAPE('','',#6065);
#6065 = PRODUCT_DEFINITION('design','',#6066,#6069);
#6066 = PRODUCT_DEFINITION_FORMATION('','',#6067);
#6067 = PRODUCT('outputShaft','outputShaft','',(#6068));
#6068 = PRODUCT_CONTEXT('',#2,'mechanical');
#6069 = PRODUCT_DEFINITION_CONTEXT('part definition',#2,'design');
#6070 = ADVANCED_BREP_SHAPE_REPRESENTATION('',(#11,#6071),#6436);
#6071 = MANIFOLD_SOLID_BREP('',#6072);
#6072 = CLOSED_SHELL('',(#6073,#6106,#6181,#6275,#6292,#6309,#6326,#6343
    ,#6360,#6377,#6408,#6426));
#6073 = ADVANCED_FACE('',(#6074),#6101,.T.);
#6074 = FACE_BOUND('',#6075,.F.);
#6075 = EDGE_LOOP('',(#6076,#6086,#6093,#6094));
#6076 = ORIENTED_EDGE('',*,*,#6077,.T.);
#6077 = EDGE_CURVE('',#6078,#6080,#6082,.T.);
#6078 = VERTEX_POINT('',#6079);
#6079 = CARTESIAN_POINT('',(33.908915126443,0.,0.));
#6080 = VERTEX_POINT('',#6081);
#6081 = CARTESIAN_POINT('',(33.908915126443,0.,5.));
#6082 = LINE('',#6083,#6084);
#6083 = CARTESIAN_POINT('',(33.908915126443,0.,0.));
#6084 = VECTOR('',#6085,1.);
#6085 = DIRECTION('',(0.,0.,1.));
#6086 = ORIENTED_EDGE('',*,*,#6087,.T.);
#6087 = EDGE_CURVE('',#6080,#6080,#6088,.T.);
#6088 = CIRCLE('',#6089,33.908915126443);
#6089 = AXIS2_PLACEMENT_3D('',#6090,#6091,#6092);
#6090 = CARTESIAN_POINT('',(0.,0.,5.));
#6091 = DIRECTION('',(0.,0.,1.));
#6092 = DIRECTION('',(1.,0.,0.));
#6093 = ORIENTED_EDGE('',*,*,#6077,.F.);
#6094 = ORIENTED_EDGE('',*,*,#6095,.F.);
#6095 = EDGE_CURVE('',#6078,#6078,#6096,.T.);
#6096 = CIRCLE('',#6097,33.908915126443);
#6097 = AXIS2_PLACEMENT_3D('',#6098,#6099,#6100);
#6098 = CARTESIAN_POINT('',(0.,0.,0.));
#6099 = DIRECTION('',(0.,0.,1.));
#6100 = DIRECTION('',(1.,0.,0.));
#6101 = CYLINDRICAL_SURFACE('',#6102,33.908915126443);
#6102 = AXIS2_PLACEMENT_3D('',#6103,#6104,#6105);
#6103 = CARTESIAN_POINT('',(0.,0.,0.));
#6104 = DIRECTION('',(-0.,-0.,-1.));
#6105 = DIRECTION('',(1.,0.,0.));
#6106 = ADVANCED_FACE('',(#6107,#6110,#6121,#6132,#6143,#6154,#6165),
  #6176,.T.);
#6107 = FACE_BOUND('',#6108,.T.);
#6108 = EDGE_LOOP('',(#6109));
#6109 = ORIENTED_EDGE('',*,*,#6095,.F.);
#6110 = FACE_BOUND('',#6111,.T.);
#6111 = EDGE_LOOP('',(#6112));
#6112 = ORIENTED_EDGE('',*,*,#6113,.T.);
#6113 = EDGE_CURVE('',#6114,#6114,#6116,.T.);
#6114 = VERTEX_POINT('',#6115);
#6115 = CARTESIAN_POINT('',(9.85,-17.06070045455,0.));
#6116 = CIRCLE('',#6117,5.3);
#6117 = AXIS2_PLACEMENT_3D('',#6118,#6119,#6120);
#6118 = CARTESIAN_POINT('',(12.5,-21.65063509461,0.));
#6119 = DIRECTION('',(0.,0.,1.));
#6120 = DIRECTION('',(-0.5,0.866025403784,0.));
#6121 = FACE_BOUND('',#6122,.T.);
#6122 = EDGE_LOOP('',(#6123));
#6123 = ORIENTED_EDGE('',*,*,#6124,.T.);
#6124 = EDGE_CURVE('',#6125,#6125,#6127,.T.);
#6125 = VERTEX_POINT('',#6126);
#6126 = CARTESIAN_POINT('',(19.7,-2.41255419432E-15,0.));
#6127 = CIRCLE('',#6128,5.3);
#6128 = AXIS2_PLACEMENT_3D('',#6129,#6130,#6131);
#6129 = CARTESIAN_POINT('',(25.,-3.061616997868E-15,0.));
#6130 = DIRECTION('',(0.,0.,1.));
#6131 = DIRECTION('',(-1.,1.224646799147E-16,0.));
#6132 = FACE_BOUND('',#6133,.T.);
#6133 = EDGE_LOOP('',(#6134));
#6134 = ORIENTED_EDGE('',*,*,#6135,.T.);
#6135 = EDGE_CURVE('',#6136,#6136,#6138,.T.);
#6136 = VERTEX_POINT('',#6137);
#6137 = CARTESIAN_POINT('',(-9.85,-17.06070045455,0.));
#6138 = CIRCLE('',#6139,5.3);
#6139 = AXIS2_PLACEMENT_3D('',#6140,#6141,#6142);
#6140 = CARTESIAN_POINT('',(-12.5,-21.65063509461,0.));
#6141 = DIRECTION('',(0.,-0.,1.));
#6142 = DIRECTION('',(0.5,0.866025403784,0.));
#6143 = FACE_BOUND('',#6144,.T.);
#6144 = EDGE_LOOP('',(#6145));
#6145 = ORIENTED_EDGE('',*,*,#6146,.T.);
#6146 = EDGE_CURVE('',#6147,#6147,#6149,.T.);
#6147 = VERTEX_POINT('',#6148);
#6148 = CARTESIAN_POINT('',(-19.7,0.,0.));
#6149 = CIRCLE('',#6150,5.3);
#6150 = AXIS2_PLACEMENT_3D('',#6151,#6152,#6153);
#6151 = CARTESIAN_POINT('',(-25.,0.,0.));
#6152 = DIRECTION('',(0.,0.,1.));
#6153 = DIRECTION('',(1.,0.,0.));
#6154 = FACE_BOUND('',#6155,.T.);
#6155 = EDGE_LOOP('',(#6156));
#6156 = ORIENTED_EDGE('',*,*,#6157,.T.);
#6157 = EDGE_CURVE('',#6158,#6158,#6160,.T.);
#6158 = VERTEX_POINT('',#6159);
#6159 = CARTESIAN_POINT('',(9.85,17.060700454553,0.));
#6160 = CIRCLE('',#6161,5.3);
#6161 = AXIS2_PLACEMENT_3D('',#6162,#6163,#6164);
#6162 = CARTESIAN_POINT('',(12.5,21.650635094611,0.));
#6163 = DIRECTION('',(0.,0.,1.));
#6164 = DIRECTION('',(-0.5,-0.866025403784,0.));
#6165 = FACE_BOUND('',#6166,.T.);
#6166 = EDGE_LOOP('',(#6167));
#6167 = ORIENTED_EDGE('',*,*,#6168,.T.);
#6168 = EDGE_CURVE('',#6169,#6169,#6171,.T.);
#6169 = VERTEX_POINT('',#6170);
#6170 = CARTESIAN_POINT('',(-9.85,17.060700454553,0.));
#6171 = CIRCLE('',#6172,5.3);
#6172 = AXIS2_PLACEMENT_3D('',#6173,#6174,#6175);
#6173 = CARTESIAN_POINT('',(-12.5,21.650635094611,0.));
#6174 = DIRECTION('',(-0.,0.,1.));
#6175 = DIRECTION('',(0.5,-0.866025403784,0.));
#6176 = PLANE('',#6177);
#6177 = AXIS2_PLACEMENT_3D('',#6178,#6179,#6180);
#6178 = CARTESIAN_POINT('',(-6.452297880674E-16,1.196704339864E-15,0.));
#6179 = DIRECTION('',(-0.,-0.,-1.));
#6180 = DIRECTION('',(-1.,0.,0.));
#6181 = ADVANCED_FACE('',(#6182,#6185,#6196,#6207,#6226,#6237,#6248,
    #6259),#6270,.T.);
#6182 = FACE_BOUND('',#6183,.T.);
#6183 = EDGE_LOOP('',(#6184));
#6184 = ORIENTED_EDGE('',*,*,#6087,.T.);
#6185 = FACE_BOUND('',#6186,.T.);
#6186 = EDGE_LOOP('',(#6187));
#6187 = ORIENTED_EDGE('',*,*,#6188,.F.);
#6188 = EDGE_CURVE('',#6189,#6189,#6191,.T.);
#6189 = VERTEX_POINT('',#6190);
#6190 = CARTESIAN_POINT('',(-9.85,-17.06070045455,5.));
#6191 = CIRCLE('',#6192,5.3);
#6192 = AXIS2_PLACEMENT_3D('',#6193,#6194,#6195);
#6193 = CARTESIAN_POINT('',(-12.5,-21.65063509461,5.));
#6194 = DIRECTION('',(0.,-0.,1.));
#6195 = DIRECTION('',(0.5,0.866025403784,0.));
#6196 = FACE_BOUND('',#6197,.T.);
#6197 = EDGE_LOOP('',(#6198));
#6198 = ORIENTED_EDGE('',*,*,#6199,.F.);
#6199 = EDGE_CURVE('',#6200,#6200,#6202,.T.);
#6200 = VERTEX_POINT('',#6201);
#6201 = CARTESIAN_POINT('',(-19.7,0.,5.));
#6202 = CIRCLE('',#6203,5.3);
#6203 = AXIS2_PLACEMENT_3D('',#6204,#6205,#6206);
#6204 = CARTESIAN_POINT('',(-25.,0.,5.));
#6205 = DIRECTION('',(0.,0.,1.));
#6206 = DIRECTION('',(1.,0.,0.));
#6207 = FACE_BOUND('',#6208,.T.);
#6208 = EDGE_LOOP('',(#6209,#6219));
#6209 = ORIENTED_EDGE('',*,*,#6210,.F.);
#6210 = EDGE_CURVE('',#6211,#6213,#6215,.T.);
#6211 = VERTEX_POINT('',#6212);
#6212 = CARTESIAN_POINT('',(0.979795897113,2.3,5.));
#6213 = VERTEX_POINT('',#6214);
#6214 = CARTESIAN_POINT('',(-0.979795897113,2.3,5.));
#6215 = LINE('',#6216,#6217);
#6216 = CARTESIAN_POINT('',(-0.489897948557,2.3,5.));
#6217 = VECTOR('',#6218,1.);
#6218 = DIRECTION('',(-1.,0.,0.));
#6219 = ORIENTED_EDGE('',*,*,#6220,.T.);
#6220 = EDGE_CURVE('',#6211,#6213,#6221,.T.);
#6221 = CIRCLE('',#6222,2.5);
#6222 = AXIS2_PLACEMENT_3D('',#6223,#6224,#6225);
#6223 = CARTESIAN_POINT('',(0.,0.,5.));
#6224 = DIRECTION('',(0.,0.,-1.));
#6225 = DIRECTION('',(1.,0.,0.));
#6226 = FACE_BOUND('',#6227,.T.);
#6227 = EDGE_LOOP('',(#6228));
#6228 = ORIENTED_EDGE('',*,*,#6229,.F.);
#6229 = EDGE_CURVE('',#6230,#6230,#6232,.T.);
#6230 = VERTEX_POINT('',#6231);
#6231 = CARTESIAN_POINT('',(9.85,-17.06070045455,5.));
#6232 = CIRCLE('',#6233,5.3);
#6233 = AXIS2_PLACEMENT_3D('',#6234,#6235,#6236);
#6234 = CARTESIAN_POINT('',(12.5,-21.65063509461,5.));
#6235 = DIRECTION('',(0.,0.,1.));
#6236 = DIRECTION('',(-0.5,0.866025403784,0.));
#6237 = FACE_BOUND('',#6238,.T.);
#6238 = EDGE_LOOP('',(#6239));
#6239 = ORIENTED_EDGE('',*,*,#6240,.F.);
#6240 = EDGE_CURVE('',#6241,#6241,#6243,.T.);
#6241 = VERTEX_POINT('',#6242);
#6242 = CARTESIAN_POINT('',(19.7,-2.41255419432E-15,5.));
#6243 = CIRCLE('',#6244,5.3);
#6244 = AXIS2_PLACEMENT_3D('',#6245,#6246,#6247);
#6245 = CARTESIAN_POINT('',(25.,-3.061616997868E-15,5.));
#6246 = DIRECTION('',(0.,0.,1.));
#6247 = DIRECTION('',(-1.,1.224646799147E-16,0.));
#6248 = FACE_BOUND('',#6249,.T.);
#6249 = EDGE_LOOP('',(#6250));
#6250 = ORIENTED_EDGE('',*,*,#6251,.F.);
#6251 = EDGE_CURVE('',#6252,#6252,#6254,.T.);
#6252 = VERTEX_POINT('',#6253);
#6253 = CARTESIAN_POINT('',(-9.85,17.060700454553,5.));
#6254 = CIRCLE('',#6255,5.3);
#6255 = AXIS2_PLACEMENT_3D('',#6256,#6257,#6258);
#6256 = CARTESIAN_POINT('',(-12.5,21.650635094611,5.));
#6257 = DIRECTION('',(-0.,0.,1.));
#6258 = DIRECTION('',(0.5,-0.866025403784,0.));
#6259 = FACE_BOUND('',#6260,.T.);
#6260 = EDGE_LOOP('',(#6261));
#6261 = ORIENTED_EDGE('',*,*,#6262,.F.);
#6262 = EDGE_CURVE('',#6263,#6263,#6265,.T.);
#6263 = VERTEX_POINT('',#6264);
#6264 = CARTESIAN_POINT('',(9.85,17.060700454553,5.));
#6265 = CIRCLE('',#6266,5.3);
#6266 = AXIS2_PLACEMENT_3D('',#6267,#6268,#6269);
#6267 = CARTESIAN_POINT('',(12.5,21.650635094611,5.));
#6268 = DIRECTION('',(0.,0.,1.));
#6269 = DIRECTION('',(-0.5,-0.866025403784,0.));
#6270 = PLANE('',#6271);
#6271 = AXIS2_PLACEMENT_3D('',#6272,#6273,#6274);
#6272 = CARTESIAN_POINT('',(-6.452297880674E-16,1.196704339864E-15,5.));
#6273 = DIRECTION('',(0.,0.,1.));
#6274 = DIRECTION('',(1.,0.,0.));
#6275 = ADVANCED_FACE('',(#6276),#6287,.F.);
#6276 = FACE_BOUND('',#6277,.T.);
#6277 = EDGE_LOOP('',(#6278,#6284,#6285,#6286));
#6278 = ORIENTED_EDGE('',*,*,#6279,.T.);
#6279 = EDGE_CURVE('',#6114,#6230,#6280,.T.);
#6280 = LINE('',#6281,#6282);
#6281 = CARTESIAN_POINT('',(9.85,-17.06070045455,0.));
#6282 = VECTOR('',#6283,1.);
#6283 = DIRECTION('',(0.,0.,1.));
#6284 = ORIENTED_EDGE('',*,*,#6229,.T.);
#6285 = ORIENTED_EDGE('',*,*,#6279,.F.);
#6286 = ORIENTED_EDGE('',*,*,#6113,.F.);
#6287 = CYLINDRICAL_SURFACE('',#6288,5.3);
#6288 = AXIS2_PLACEMENT_3D('',#6289,#6290,#6291);
#6289 = CARTESIAN_POINT('',(12.5,-21.65063509461,0.));
#6290 = DIRECTION('',(-0.,0.,-1.));
#6291 = DIRECTION('',(-0.5,0.866025403784,0.));
#6292 = ADVANCED_FACE('',(#6293),#6304,.F.);
#6293 = FACE_BOUND('',#6294,.T.);
#6294 = EDGE_LOOP('',(#6295,#6301,#6302,#6303));
#6295 = ORIENTED_EDGE('',*,*,#6296,.T.);
#6296 = EDGE_CURVE('',#6125,#6241,#6297,.T.);
#6297 = LINE('',#6298,#6299);
#6298 = CARTESIAN_POINT('',(19.7,-2.41255419432E-15,0.));
#6299 = VECTOR('',#6300,1.);
#6300 = DIRECTION('',(0.,0.,1.));
#6301 = ORIENTED_EDGE('',*,*,#6240,.T.);
#6302 = ORIENTED_EDGE('',*,*,#6296,.F.);
#6303 = ORIENTED_EDGE('',*,*,#6124,.F.);
#6304 = CYLINDRICAL_SURFACE('',#6305,5.3);
#6305 = AXIS2_PLACEMENT_3D('',#6306,#6307,#6308);
#6306 = CARTESIAN_POINT('',(25.,-3.061616997868E-15,0.));
#6307 = DIRECTION('',(0.,0.,-1.));
#6308 = DIRECTION('',(-1.,1.224646799147E-16,0.));
#6309 = ADVANCED_FACE('',(#6310),#6321,.F.);
#6310 = FACE_BOUND('',#6311,.T.);
#6311 = EDGE_LOOP('',(#6312,#6318,#6319,#6320));
#6312 = ORIENTED_EDGE('',*,*,#6313,.T.);
#6313 = EDGE_CURVE('',#6136,#6189,#6314,.T.);
#6314 = LINE('',#6315,#6316);
#6315 = CARTESIAN_POINT('',(-9.85,-17.06070045455,0.));
#6316 = VECTOR('',#6317,1.);
#6317 = DIRECTION('',(0.,0.,1.));
#6318 = ORIENTED_EDGE('',*,*,#6188,.T.);
#6319 = ORIENTED_EDGE('',*,*,#6313,.F.);
#6320 = ORIENTED_EDGE('',*,*,#6135,.F.);
#6321 = CYLINDRICAL_SURFACE('',#6322,5.3);
#6322 = AXIS2_PLACEMENT_3D('',#6323,#6324,#6325);
#6323 = CARTESIAN_POINT('',(-12.5,-21.65063509461,0.));
#6324 = DIRECTION('',(0.,-0.,-1.));
#6325 = DIRECTION('',(0.5,0.866025403784,0.));
#6326 = ADVANCED_FACE('',(#6327),#6338,.F.);
#6327 = FACE_BOUND('',#6328,.T.);
#6328 = EDGE_LOOP('',(#6329,#6335,#6336,#6337));
#6329 = ORIENTED_EDGE('',*,*,#6330,.T.);
#6330 = EDGE_CURVE('',#6147,#6200,#6331,.T.);
#6331 = LINE('',#6332,#6333);
#6332 = CARTESIAN_POINT('',(-19.7,0.,0.));
#6333 = VECTOR('',#6334,1.);
#6334 = DIRECTION('',(0.,0.,1.));
#6335 = ORIENTED_EDGE('',*,*,#6199,.T.);
#6336 = ORIENTED_EDGE('',*,*,#6330,.F.);
#6337 = ORIENTED_EDGE('',*,*,#6146,.F.);
#6338 = CYLINDRICAL_SURFACE('',#6339,5.3);
#6339 = AXIS2_PLACEMENT_3D('',#6340,#6341,#6342);
#6340 = CARTESIAN_POINT('',(-25.,0.,0.));
#6341 = DIRECTION('',(-0.,-0.,-1.));
#6342 = DIRECTION('',(1.,0.,0.));
#6343 = ADVANCED_FACE('',(#6344),#6355,.F.);
#6344 = FACE_BOUND('',#6345,.T.);
#6345 = EDGE_LOOP('',(#6346,#6352,#6353,#6354));
#6346 = ORIENTED_EDGE('',*,*,#6347,.T.);
#6347 = EDGE_CURVE('',#6158,#6263,#6348,.T.);
#6348 = LINE('',#6349,#6350);
#6349 = CARTESIAN_POINT('',(9.85,17.060700454553,0.));
#6350 = VECTOR('',#6351,1.);
#6351 = DIRECTION('',(0.,0.,1.));
#6352 = ORIENTED_EDGE('',*,*,#6262,.T.);
#6353 = ORIENTED_EDGE('',*,*,#6347,.F.);
#6354 = ORIENTED_EDGE('',*,*,#6157,.F.);
#6355 = CYLINDRICAL_SURFACE('',#6356,5.3);
#6356 = AXIS2_PLACEMENT_3D('',#6357,#6358,#6359);
#6357 = CARTESIAN_POINT('',(12.5,21.650635094611,0.));
#6358 = DIRECTION('',(0.,0.,-1.));
#6359 = DIRECTION('',(-0.5,-0.866025403784,0.));
#6360 = ADVANCED_FACE('',(#6361),#6372,.F.);
#6361 = FACE_BOUND('',#6362,.T.);
#6362 = EDGE_LOOP('',(#6363,#6369,#6370,#6371));
#6363 = ORIENTED_EDGE('',*,*,#6364,.T.);
#6364 = EDGE_CURVE('',#6169,#6252,#6365,.T.);
#6365 = LINE('',#6366,#6367);
#6366 = CARTESIAN_POINT('',(-9.85,17.060700454553,0.));
#6367 = VECTOR('',#6368,1.);
#6368 = DIRECTION('',(0.,0.,1.));
#6369 = ORIENTED_EDGE('',*,*,#6251,.T.);
#6370 = ORIENTED_EDGE('',*,*,#6364,.F.);
#6371 = ORIENTED_EDGE('',*,*,#6168,.F.);
#6372 = CYLINDRICAL_SURFACE('',#6373,5.3);
#6373 = AXIS2_PLACEMENT_3D('',#6374,#6375,#6376);
#6374 = CARTESIAN_POINT('',(-12.5,21.650635094611,0.));
#6375 = DIRECTION('',(0.,0.,-1.));
#6376 = DIRECTION('',(0.5,-0.866025403784,0.));
#6377 = ADVANCED_FACE('',(#6378),#6403,.T.);
#6378 = FACE_BOUND('',#6379,.T.);
#6379 = EDGE_LOOP('',(#6380,#6381,#6389,#6397));
#6380 = ORIENTED_EDGE('',*,*,#6210,.T.);
#6381 = ORIENTED_EDGE('',*,*,#6382,.T.);
#6382 = EDGE_CURVE('',#6213,#6383,#6385,.T.);
#6383 = VERTEX_POINT('',#6384);
#6384 = CARTESIAN_POINT('',(-0.979795897113,2.3,20.));
#6385 = LINE('',#6386,#6387);
#6386 = CARTESIAN_POINT('',(-0.979795897113,2.3,0.));
#6387 = VECTOR('',#6388,1.);
#6388 = DIRECTION('',(0.,0.,1.));
#6389 = ORIENTED_EDGE('',*,*,#6390,.T.);
#6390 = EDGE_CURVE('',#6383,#6391,#6393,.T.);
#6391 = VERTEX_POINT('',#6392);
#6392 = CARTESIAN_POINT('',(0.979795897113,2.3,20.));
#6393 = LINE('',#6394,#6395);
#6394 = CARTESIAN_POINT('',(-0.979795897113,2.3,20.));
#6395 = VECTOR('',#6396,1.);
#6396 = DIRECTION('',(1.,0.,0.));
#6397 = ORIENTED_EDGE('',*,*,#6398,.F.);
#6398 = EDGE_CURVE('',#6211,#6391,#6399,.T.);
#6399 = LINE('',#6400,#6401);
#6400 = CARTESIAN_POINT('',(0.979795897113,2.3,0.));
#6401 = VECTOR('',#6402,1.);
#6402 = DIRECTION('',(0.,0.,1.));
#6403 = PLANE('',#6404);
#6404 = AXIS2_PLACEMENT_3D('',#6405,#6406,#6407);
#6405 = CARTESIAN_POINT('',(-0.979795897113,2.3,0.));
#6406 = DIRECTION('',(0.,1.,0.));
#6407 = DIRECTION('',(1.,0.,0.));
#6408 = ADVANCED_FACE('',(#6409),#6421,.T.);
#6409 = FACE_BOUND('',#6410,.F.);
#6410 = EDGE_LOOP('',(#6411,#6412,#6413,#6420));
#6411 = ORIENTED_EDGE('',*,*,#6220,.T.);
#6412 = ORIENTED_EDGE('',*,*,#6382,.T.);
#6413 = ORIENTED_EDGE('',*,*,#6414,.T.);
#6414 = EDGE_CURVE('',#6383,#6391,#6415,.T.);
#6415 = CIRCLE('',#6416,2.5);
#6416 = AXIS2_PLACEMENT_3D('',#6417,#6418,#6419);
#6417 = CARTESIAN_POINT('',(0.,0.,20.));
#6418 = DIRECTION('',(0.,0.,1.));
#6419 = DIRECTION('',(1.,0.,0.));
#6420 = ORIENTED_EDGE('',*,*,#6398,.F.);
#6421 = CYLINDRICAL_SURFACE('',#6422,2.5);
#6422 = AXIS2_PLACEMENT_3D('',#6423,#6424,#6425);
#6423 = CARTESIAN_POINT('',(0.,0.,0.));
#6424 = DIRECTION('',(-0.,-0.,-1.));
#6425 = DIRECTION('',(1.,0.,0.));
#6426 = ADVANCED_FACE('',(#6427),#6431,.T.);
#6427 = FACE_BOUND('',#6428,.T.);
#6428 = EDGE_LOOP('',(#6429,#6430));
#6429 = ORIENTED_EDGE('',*,*,#6414,.T.);
#6430 = ORIENTED_EDGE('',*,*,#6390,.F.);
#6431 = PLANE('',#6432);
#6432 = AXIS2_PLACEMENT_3D('',#6433,#6434,#6435);
#6433 = CARTESIAN_POINT('',(1.605605622194E-17,0.10931767404,20.));
#6434 = DIRECTION('',(0.,0.,1.));
#6435 = DIRECTION('',(1.,0.,0.));
#6436 = ( GEOMETRIC_REPRESENTATION_CONTEXT(3) 
GLOBAL_UNCERTAINTY_ASSIGNED_CONTEXT((#6440)) 
GLOBAL_UNIT_ASSIGNED_CONTEXT((#6437,#6438,#6439)) REPRESENTATION_CONTEXT
('Context #1','3D Context with UNIT and UNCERTAINTY') );
#6437 = ( LENGTH_UNIT() NAMED_UNIT(*) SI_UNIT(.MILLI.,.METRE.) );
#6438 = ( NAMED_UNIT(*) PLANE_ANGLE_UNIT() SI_UNIT($,.RADIAN.) );
#6439 = ( NAMED_UNIT(*) SI_UNIT($,.STERADIAN.) SOLID_ANGLE_UNIT() );
#6440 = UNCERTAINTY_MEASURE_WITH_UNIT(LENGTH_MEASURE(5.E-06),#6437,
  'distance_accuracy_value','confusion accuracy');
#6441 = CONTEXT_DEPENDENT_SHAPE_REPRESENTATION(#6442,#6444);
#6442 = ( REPRESENTATION_RELATIONSHIP('','',#6070,#10) 
REPRESENTATION_RELATIONSHIP_WITH_TRANSFORMATION(#6443) 
SHAPE_REPRESENTATION_RELATIONSHIP() );
#6443 = ITEM_DEFINED_TRANSFORMATION('','',#11,#39);
#6444 = PRODUCT_DEFINITION_SHAPE('Placement','Placement of an item',
  #6445);
#6445 = NEXT_ASSEMBLY_USAGE_OCCURRENCE('7','outputShaft','',#5,#6065,$);
#6446 = PRODUCT_RELATED_PRODUCT_CATEGORY('part',$,(#6067));
ENDSEC;
END-ISO-10303-21;
