ISO-10303-21;
HEADER;
FILE_DESCRIPTION(('FreeCAD Model'),'2;1');
FILE_NAME('Open CASCADE Shape Model','2026-05-26T02:31:40',('Author'),(
    ''),'Open CASCADE STEP processor 7.8','FreeCAD','Unknown');
FILE_SCHEMA(('AUTOMOTIVE_DESIGN { 1 0 10303 214 1 1 1 1 }'));
ENDSEC;
DATA;
#1 = APPLICATION_PROTOCOL_DEFINITION('international standard',
  'automotive_design',2000,#2);
#2 = APPLICATION_CONTEXT(
  'core data for automotive mechanical design processes');
#3 = SHAPE_DEFINITION_REPRESENTATION(#4,#10);
#4 = PRODUCT_DEFINITION_SHAPE('','',#5);
#5 = PRODUCT_DEFINITION('design','',#6,#9);
#6 = PRODUCT_DEFINITION_FORMATION('','',#7);
#7 = PRODUCT('CycloidalReducer','CycloidalReducer','',(#8));
#8 = PRODUCT_CONTEXT('',#2,'mechanical');
#9 = PRODUCT_DEFINITION_CONTEXT('part definition',#2,'design');
#10 = SHAPE_REPRESENTATION('',(#11,#15,#19,#23,#27,#31,#35,#39),#43);
#11 = AXIS2_PLACEMENT_3D('',#12,#13,#14);
#12 = CARTESIAN_POINT('',(0.,0.,0.));
#13 = DIRECTION('',(0.,0.,1.));
#14 = DIRECTION('',(1.,0.,-0.));
#15 = AXIS2_PLACEMENT_3D('',#16,#17,#18);
#16 = CARTESIAN_POINT('',(0.,0.,0.));
#17 = DIRECTION('',(0.,0.,1.));
#18 = DIRECTION('',(1.,0.,0.));
#19 = AXIS2_PLACEMENT_3D('',#20,#21,#22);
#20 = CARTESIAN_POINT('',(0.,0.,5.));
#21 = DIRECTION('',(0.,0.,1.));
#22 = DIRECTION('',(1.,0.,0.));
#23 = AXIS2_PLACEMENT_3D('',#24,#25,#26);
#24 = CARTESIAN_POINT('',(0.,0.,5.));
#25 = DIRECTION('',(0.,0.,1.));
#26 = DIRECTION('',(-1.,1.224646799147E-16,0.));
#27 = AXIS2_PLACEMENT_3D('',#28,#29,#30);
#28 = CARTESIAN_POINT('',(0.,0.,10.));
#29 = DIRECTION('',(0.,0.,1.));
#30 = DIRECTION('',(-0.999823363146,1.879474678984E-02,0.));
#31 = AXIS2_PLACEMENT_3D('',#32,#33,#34);
#32 = CARTESIAN_POINT('',(0.,0.,15.));
#33 = DIRECTION('',(0.,0.,1.));
#34 = DIRECTION('',(1.,0.,0.));
#35 = AXIS2_PLACEMENT_3D('',#36,#37,#38);
#36 = CARTESIAN_POINT('',(0.,0.,15.));
#37 = DIRECTION('',(0.,0.,1.));
#38 = DIRECTION('',(-1.,1.224646799147E-16,0.));
#39 = AXIS2_PLACEMENT_3D('',#40,#41,#42);
#40 = CARTESIAN_POINT('',(0.,0.,20.));
#41 = DIRECTION('',(0.,0.,1.));
#42 = DIRECTION('',(1.,0.,0.));
#43 = ( GEOMETRIC_REPRESENTATION_CONTEXT(3) 
GLOBAL_UNCERTAINTY_ASSIGNED_CONTEXT((#47)) GLOBAL_UNIT_ASSIGNED_CONTEXT(
(#44,#45,#46)) REPRESENTATION_CONTEXT('Context #1',
  '3D Context with UNIT and UNCERTAINTY') );
#44 = ( LENGTH_UNIT() NAMED_UNIT(*) SI_UNIT(.MILLI.,.METRE.) );
#45 = ( NAMED_UNIT(*) PLANE_ANGLE_UNIT() SI_UNIT($,.RADIAN.) );
#46 = ( NAMED_UNIT(*) SI_UNIT($,.STERADIAN.) SOLID_ANGLE_UNIT() );
#47 = UNCERTAINTY_MEASURE_WITH_UNIT(LENGTH_MEASURE(5.E-07),#44,
  'distance_accuracy_value','confusion accuracy');
#48 = PRODUCT_RELATED_PRODUCT_CATEGORY('part',$,(#7));
#49 = SHAPE_DEFINITION_REPRESENTATION(#50,#56);
#50 = PRODUCT_DEFINITION_SHAPE('','',#51);
#51 = PRODUCT_DEFINITION('design','',#52,#55);
#52 = PRODUCT_DEFINITION_FORMATION('','',#53);
#53 = PRODUCT('pinDisk','pinDisk','',(#54));
#54 = PRODUCT_CONTEXT('',#2,'mechanical');
#55 = PRODUCT_DEFINITION_CONTEXT('part definition',#2,'design');
#56 = ADVANCED_BREP_SHAPE_REPRESENTATION('',(#11,#57),#2083);
#57 = MANIFOLD_SOLID_BREP('',#58);
#58 = CLOSED_SHELL('',(#59,#241,#265,#290,#315,#340,#365,#390,#415,#440,
    #465,#490,#515,#540,#565,#590,#615,#640,#660,#680,#700,#720,#740,
    #760,#780,#800,#820,#840,#860,#880,#900,#920,#940,#965,#990,#1015,
    #1040,#1065,#1090,#1115,#1140,#1165,#1190,#1215,#1240,#1265,#1290,
    #1315,#1324,#1333,#1342,#1351,#1360,#1369,#1378,#1387,#1396,#1405,
    #1414,#1423,#1432,#1441,#1607,#1632,#1641,#1666,#1675,#1700,#1709,
    #1734,#1743,#1768,#1777,#1802,#1811,#1836,#1845,#1870,#1879,#1904,
    #1913,#1938,#1947,#1972,#1981,#2006,#2015,#2040,#2049,#2074));
#59 = ADVANCED_FACE('',(#60,#71,#82,#93,#104,#115,#126,#137,#148,#159,
    #170,#181,#192,#203,#214,#225),#236,.T.);
#60 = FACE_BOUND('',#61,.T.);
#61 = EDGE_LOOP('',(#62));
#62 = ORIENTED_EDGE('',*,*,#63,.T.);
#63 = EDGE_CURVE('',#64,#64,#66,.T.);
#64 = VERTEX_POINT('',#65);
#65 = CARTESIAN_POINT('',(47.5,0.,10.));
#66 = CIRCLE('',#67,47.5);
#67 = AXIS2_PLACEMENT_3D('',#68,#69,#70);
#68 = CARTESIAN_POINT('',(0.,0.,10.));
#69 = DIRECTION('',(0.,0.,1.));
#70 = DIRECTION('',(1.,0.,0.));
#71 = FACE_BOUND('',#72,.T.);
#72 = EDGE_LOOP('',(#73));
#73 = ORIENTED_EDGE('',*,*,#74,.T.);
#74 = EDGE_CURVE('',#75,#75,#77,.T.);
#75 = VERTEX_POINT('',#76);
#76 = CARTESIAN_POINT('',(-22.38328388672,-28.0677502206,10.));
#77 = CIRCLE('',#78,4.7);
#78 = AXIS2_PLACEMENT_3D('',#79,#80,#81);
#79 = CARTESIAN_POINT('',(-25.31368595546,-31.7423581882,10.));
#80 = DIRECTION('',(0.,0.,-1.));
#81 = DIRECTION('',(0.623489801859,0.781831482468,0.));
#82 = FACE_BOUND('',#83,.T.);
#83 = EDGE_LOOP('',(#84));
#84 = ORIENTED_EDGE('',*,*,#85,.T.);
#85 = EDGE_CURVE('',#86,#86,#88,.T.);
#86 = VERTEX_POINT('',#87);
#87 = CARTESIAN_POINT('',(-7.988501529032,-34.99991204732,10.));
#88 = CIRCLE('',#89,4.7);
#89 = AXIS2_PLACEMENT_3D('',#90,#91,#92);
#90 = CARTESIAN_POINT('',(-9.034349918626,-39.58207323458,10.));
#91 = DIRECTION('',(0.,0.,-1.));
#92 = DIRECTION('',(0.222520933956,0.974927912182,0.));
#93 = FACE_BOUND('',#94,.T.);
#94 = EDGE_LOOP('',(#95));
#95 = ORIENTED_EDGE('',*,*,#96,.T.);
#96 = EDGE_CURVE('',#97,#97,#99,.T.);
#97 = VERTEX_POINT('',#98);
#98 = CARTESIAN_POINT('',(-32.34478235769,-15.57642623432,10.));
#99 = CIRCLE('',#100,4.7);
#100 = AXIS2_PLACEMENT_3D('',#101,#102,#103);
#101 = CARTESIAN_POINT('',(-36.57933603683,-17.61567980817,10.));
#102 = DIRECTION('',(0.,0.,-1.));
#103 = DIRECTION('',(0.900968867902,0.433883739118,0.));
#104 = FACE_BOUND('',#105,.T.);
#105 = EDGE_LOOP('',(#106));
#106 = ORIENTED_EDGE('',*,*,#107,.T.);
#107 = EDGE_CURVE('',#108,#108,#110,.T.);
#108 = VERTEX_POINT('',#109);
#109 = CARTESIAN_POINT('',(7.988501529032,-34.99991204732,10.));
#110 = CIRCLE('',#111,4.7);
#111 = AXIS2_PLACEMENT_3D('',#112,#113,#114);
#112 = CARTESIAN_POINT('',(9.034349918626,-39.58207323458,10.));
#113 = DIRECTION('',(0.,0.,-1.));
#114 = DIRECTION('',(-0.222520933956,0.974927912182,0.));
#115 = FACE_BOUND('',#116,.T.);
#116 = EDGE_LOOP('',(#117));
#117 = ORIENTED_EDGE('',*,*,#118,.T.);
#118 = EDGE_CURVE('',#119,#119,#121,.T.);
#119 = VERTEX_POINT('',#120);
#120 = CARTESIAN_POINT('',(22.383283886729,-28.0677502206,10.));
#121 = CIRCLE('',#122,4.7);
#122 = AXIS2_PLACEMENT_3D('',#123,#124,#125);
#123 = CARTESIAN_POINT('',(25.313685955465,-31.7423581882,10.));
#124 = DIRECTION('',(0.,0.,-1.));
#125 = DIRECTION('',(-0.623489801859,0.781831482468,0.));
#126 = FACE_BOUND('',#127,.T.);
#127 = EDGE_LOOP('',(#128));
#128 = ORIENTED_EDGE('',*,*,#129,.T.);
#129 = EDGE_CURVE('',#130,#130,#132,.T.);
#130 = VERTEX_POINT('',#131);
#131 = CARTESIAN_POINT('',(32.344782357697,-15.57642623432,10.));
#132 = CIRCLE('',#133,4.7);
#133 = AXIS2_PLACEMENT_3D('',#134,#135,#136);
#134 = CARTESIAN_POINT('',(36.579336036838,-17.61567980817,10.));
#135 = DIRECTION('',(0.,0.,-1.));
#136 = DIRECTION('',(-0.900968867902,0.433883739118,0.));
#137 = FACE_BOUND('',#138,.T.);
#138 = EDGE_LOOP('',(#139));
#139 = ORIENTED_EDGE('',*,*,#140,.T.);
#140 = EDGE_CURVE('',#141,#141,#143,.T.);
#141 = VERTEX_POINT('',#142);
#142 = CARTESIAN_POINT('',(35.9,-4.396482008939E-15,10.));
#143 = CIRCLE('',#144,4.7);
#144 = AXIS2_PLACEMENT_3D('',#145,#146,#147);
#145 = CARTESIAN_POINT('',(40.6,-4.972066004538E-15,10.));
#146 = DIRECTION('',(0.,0.,-1.));
#147 = DIRECTION('',(-1.,1.224646799147E-16,0.));
#148 = FACE_BOUND('',#149,.T.);
#149 = EDGE_LOOP('',(#150));
#150 = ORIENTED_EDGE('',*,*,#151,.T.);
#151 = EDGE_CURVE('',#152,#152,#154,.T.);
#152 = VERTEX_POINT('',#153);
#153 = CARTESIAN_POINT('',(-35.9,0.,10.));
#154 = CIRCLE('',#155,4.7);
#155 = AXIS2_PLACEMENT_3D('',#156,#157,#158);
#156 = CARTESIAN_POINT('',(-40.6,0.,10.));
#157 = DIRECTION('',(0.,0.,-1.));
#158 = DIRECTION('',(1.,0.,0.));
#159 = FACE_BOUND('',#160,.T.);
#160 = EDGE_LOOP('',(#161));
#161 = ORIENTED_EDGE('',*,*,#162,.T.);
#162 = EDGE_CURVE('',#163,#163,#165,.T.);
#163 = VERTEX_POINT('',#164);
#164 = CARTESIAN_POINT('',(-32.34478235769,15.57642623432,10.));
#165 = CIRCLE('',#166,4.7);
#166 = AXIS2_PLACEMENT_3D('',#167,#168,#169);
#167 = CARTESIAN_POINT('',(-36.57933603683,17.615679808173,10.));
#168 = DIRECTION('',(0.,-0.,-1.));
#169 = DIRECTION('',(0.900968867902,-0.433883739118,0.));
#170 = FACE_BOUND('',#171,.T.);
#171 = EDGE_LOOP('',(#172));
#172 = ORIENTED_EDGE('',*,*,#173,.T.);
#173 = EDGE_CURVE('',#174,#174,#176,.T.);
#174 = VERTEX_POINT('',#175);
#175 = CARTESIAN_POINT('',(-22.38328388672,28.067750220602,10.));
#176 = CIRCLE('',#177,4.7);
#177 = AXIS2_PLACEMENT_3D('',#178,#179,#180);
#178 = CARTESIAN_POINT('',(-25.31368595546,31.742358188202,10.));
#179 = DIRECTION('',(0.,-0.,-1.));
#180 = DIRECTION('',(0.623489801859,-0.781831482468,0.));
#181 = FACE_BOUND('',#182,.T.);
#182 = EDGE_LOOP('',(#183));
#183 = ORIENTED_EDGE('',*,*,#184,.T.);
#184 = EDGE_CURVE('',#185,#185,#187,.T.);
#185 = VERTEX_POINT('',#186);
#186 = CARTESIAN_POINT('',(-7.988501529032,34.999912047327,10.));
#187 = CIRCLE('',#188,4.7);
#188 = AXIS2_PLACEMENT_3D('',#189,#190,#191);
#189 = CARTESIAN_POINT('',(-9.034349918626,39.582073234582,10.));
#190 = DIRECTION('',(0.,-0.,-1.));
#191 = DIRECTION('',(0.222520933956,-0.974927912182,0.));
#192 = FACE_BOUND('',#193,.T.);
#193 = EDGE_LOOP('',(#194));
#194 = ORIENTED_EDGE('',*,*,#195,.F.);
#195 = EDGE_CURVE('',#196,#196,#198,.T.);
#196 = VERTEX_POINT('',#197);
#197 = CARTESIAN_POINT('',(34.208915126443,0.,10.));
#198 = CIRCLE('',#199,34.208915126443);
#199 = AXIS2_PLACEMENT_3D('',#200,#201,#202);
#200 = CARTESIAN_POINT('',(0.,0.,10.));
#201 = DIRECTION('',(0.,0.,1.));
#202 = DIRECTION('',(1.,0.,0.));
#203 = FACE_BOUND('',#204,.T.);
#204 = EDGE_LOOP('',(#205));
#205 = ORIENTED_EDGE('',*,*,#206,.T.);
#206 = EDGE_CURVE('',#207,#207,#209,.T.);
#207 = VERTEX_POINT('',#208);
#208 = CARTESIAN_POINT('',(32.344782357697,15.57642623432,10.));
#209 = CIRCLE('',#210,4.7);
#210 = AXIS2_PLACEMENT_3D('',#211,#212,#213);
#211 = CARTESIAN_POINT('',(36.579336036838,17.615679808173,10.));
#212 = DIRECTION('',(0.,0.,-1.));
#213 = DIRECTION('',(-0.900968867902,-0.433883739118,-0.));
#214 = FACE_BOUND('',#215,.T.);
#215 = EDGE_LOOP('',(#216));
#216 = ORIENTED_EDGE('',*,*,#217,.T.);
#217 = EDGE_CURVE('',#218,#218,#220,.T.);
#218 = VERTEX_POINT('',#219);
#219 = CARTESIAN_POINT('',(7.988501529032,34.999912047327,10.));
#220 = CIRCLE('',#221,4.7);
#221 = AXIS2_PLACEMENT_3D('',#222,#223,#224);
#222 = CARTESIAN_POINT('',(9.034349918626,39.582073234582,10.));
#223 = DIRECTION('',(0.,0.,-1.));
#224 = DIRECTION('',(-0.222520933956,-0.974927912182,-0.));
#225 = FACE_BOUND('',#226,.T.);
#226 = EDGE_LOOP('',(#227));
#227 = ORIENTED_EDGE('',*,*,#228,.T.);
#228 = EDGE_CURVE('',#229,#229,#231,.T.);
#229 = VERTEX_POINT('',#230);
#230 = CARTESIAN_POINT('',(22.383283886729,28.067750220602,10.));
#231 = CIRCLE('',#232,4.7);
#232 = AXIS2_PLACEMENT_3D('',#233,#234,#235);
#233 = CARTESIAN_POINT('',(25.313685955465,31.742358188202,10.));
#234 = DIRECTION('',(0.,0.,-1.));
#235 = DIRECTION('',(-0.623489801859,-0.781831482468,-0.));
#236 = PLANE('',#237);
#237 = AXIS2_PLACEMENT_3D('',#238,#239,#240);
#238 = CARTESIAN_POINT('',(-2.405905655199E-15,2.00257539828E-15,10.));
#239 = DIRECTION('',(0.,0.,1.));
#240 = DIRECTION('',(1.,0.,0.));
#241 = ADVANCED_FACE('',(#242),#260,.T.);
#242 = FACE_BOUND('',#243,.F.);
#243 = EDGE_LOOP('',(#244,#253,#258,#259));
#244 = ORIENTED_EDGE('',*,*,#245,.F.);
#245 = EDGE_CURVE('',#246,#246,#248,.T.);
#246 = VERTEX_POINT('',#247);
#247 = CARTESIAN_POINT('',(47.5,0.,0.));
#248 = CIRCLE('',#249,47.5);
#249 = AXIS2_PLACEMENT_3D('',#250,#251,#252);
#250 = CARTESIAN_POINT('',(0.,0.,0.));
#251 = DIRECTION('',(0.,0.,1.));
#252 = DIRECTION('',(1.,0.,0.));
#253 = ORIENTED_EDGE('',*,*,#254,.F.);
#254 = EDGE_CURVE('',#64,#246,#255,.T.);
#255 = B_SPLINE_CURVE_WITH_KNOTS('',1,(#256,#257),.UNSPECIFIED.,.F.,.F.,
  (2,2),(-10.,0.),.PIECEWISE_BEZIER_KNOTS.);
#256 = CARTESIAN_POINT('',(47.5,-1.16341445919E-14,10.));
#257 = CARTESIAN_POINT('',(47.5,-1.16341445919E-14,0.));
#258 = ORIENTED_EDGE('',*,*,#63,.T.);
#259 = ORIENTED_EDGE('',*,*,#254,.T.);
#260 = CYLINDRICAL_SURFACE('',#261,47.5);
#261 = AXIS2_PLACEMENT_3D('',#262,#263,#264);
#262 = CARTESIAN_POINT('',(0.,0.,0.));
#263 = DIRECTION('',(-0.,-0.,-1.));
#264 = DIRECTION('',(1.,0.,0.));
#265 = ADVANCED_FACE('',(#266),#285,.T.);
#266 = FACE_BOUND('',#267,.F.);
#267 = EDGE_LOOP('',(#268,#269,#277,#284));
#268 = ORIENTED_EDGE('',*,*,#74,.T.);
#269 = ORIENTED_EDGE('',*,*,#270,.T.);
#270 = EDGE_CURVE('',#75,#271,#273,.T.);
#271 = VERTEX_POINT('',#272);
#272 = CARTESIAN_POINT('',(-22.38328388672,-28.0677502206,25.));
#273 = LINE('',#274,#275);
#274 = CARTESIAN_POINT('',(-22.38328388672,-28.0677502206,0.));
#275 = VECTOR('',#276,1.);
#276 = DIRECTION('',(0.,0.,1.));
#277 = ORIENTED_EDGE('',*,*,#278,.T.);
#278 = EDGE_CURVE('',#271,#271,#279,.T.);
#279 = CIRCLE('',#280,4.7);
#280 = AXIS2_PLACEMENT_3D('',#281,#282,#283);
#281 = CARTESIAN_POINT('',(-25.31368595546,-31.7423581882,25.));
#282 = DIRECTION('',(0.,-0.,1.));
#283 = DIRECTION('',(0.623489801859,0.781831482468,0.));
#284 = ORIENTED_EDGE('',*,*,#270,.F.);
#285 = CYLINDRICAL_SURFACE('',#286,4.7);
#286 = AXIS2_PLACEMENT_3D('',#287,#288,#289);
#287 = CARTESIAN_POINT('',(-25.31368595546,-31.7423581882,0.));
#288 = DIRECTION('',(0.,-0.,-1.));
#289 = DIRECTION('',(0.623489801859,0.781831482468,0.));
#290 = ADVANCED_FACE('',(#291),#310,.T.);
#291 = FACE_BOUND('',#292,.F.);
#292 = EDGE_LOOP('',(#293,#294,#302,#309));
#293 = ORIENTED_EDGE('',*,*,#85,.T.);
#294 = ORIENTED_EDGE('',*,*,#295,.T.);
#295 = EDGE_CURVE('',#86,#296,#298,.T.);
#296 = VERTEX_POINT('',#297);
#297 = CARTESIAN_POINT('',(-7.988501529032,-34.99991204732,25.));
#298 = LINE('',#299,#300);
#299 = CARTESIAN_POINT('',(-7.988501529032,-34.99991204732,0.));
#300 = VECTOR('',#301,1.);
#301 = DIRECTION('',(0.,0.,1.));
#302 = ORIENTED_EDGE('',*,*,#303,.T.);
#303 = EDGE_CURVE('',#296,#296,#304,.T.);
#304 = CIRCLE('',#305,4.7);
#305 = AXIS2_PLACEMENT_3D('',#306,#307,#308);
#306 = CARTESIAN_POINT('',(-9.034349918626,-39.58207323458,25.));
#307 = DIRECTION('',(0.,-0.,1.));
#308 = DIRECTION('',(0.222520933956,0.974927912182,0.));
#309 = ORIENTED_EDGE('',*,*,#295,.F.);
#310 = CYLINDRICAL_SURFACE('',#311,4.7);
#311 = AXIS2_PLACEMENT_3D('',#312,#313,#314);
#312 = CARTESIAN_POINT('',(-9.034349918626,-39.58207323458,0.));
#313 = DIRECTION('',(0.,-0.,-1.));
#314 = DIRECTION('',(0.222520933956,0.974927912182,0.));
#315 = ADVANCED_FACE('',(#316),#335,.T.);
#316 = FACE_BOUND('',#317,.F.);
#317 = EDGE_LOOP('',(#318,#319,#327,#334));
#318 = ORIENTED_EDGE('',*,*,#96,.T.);
#319 = ORIENTED_EDGE('',*,*,#320,.T.);
#320 = EDGE_CURVE('',#97,#321,#323,.T.);
#321 = VERTEX_POINT('',#322);
#322 = CARTESIAN_POINT('',(-32.34478235769,-15.57642623432,25.));
#323 = LINE('',#324,#325);
#324 = CARTESIAN_POINT('',(-32.34478235769,-15.57642623432,0.));
#325 = VECTOR('',#326,1.);
#326 = DIRECTION('',(0.,0.,1.));
#327 = ORIENTED_EDGE('',*,*,#328,.T.);
#328 = EDGE_CURVE('',#321,#321,#329,.T.);
#329 = CIRCLE('',#330,4.7);
#330 = AXIS2_PLACEMENT_3D('',#331,#332,#333);
#331 = CARTESIAN_POINT('',(-36.57933603683,-17.61567980817,25.));
#332 = DIRECTION('',(0.,-0.,1.));
#333 = DIRECTION('',(0.900968867902,0.433883739118,0.));
#334 = ORIENTED_EDGE('',*,*,#320,.F.);
#335 = CYLINDRICAL_SURFACE('',#336,4.7);
#336 = AXIS2_PLACEMENT_3D('',#337,#338,#339);
#337 = CARTESIAN_POINT('',(-36.57933603683,-17.61567980817,0.));
#338 = DIRECTION('',(0.,0.,-1.));
#339 = DIRECTION('',(0.900968867902,0.433883739118,0.));
#340 = ADVANCED_FACE('',(#341),#360,.T.);
#341 = FACE_BOUND('',#342,.F.);
#342 = EDGE_LOOP('',(#343,#344,#352,#359));
#343 = ORIENTED_EDGE('',*,*,#107,.T.);
#344 = ORIENTED_EDGE('',*,*,#345,.T.);
#345 = EDGE_CURVE('',#108,#346,#348,.T.);
#346 = VERTEX_POINT('',#347);
#347 = CARTESIAN_POINT('',(7.988501529032,-34.99991204732,25.));
#348 = LINE('',#349,#350);
#349 = CARTESIAN_POINT('',(7.988501529032,-34.99991204732,0.));
#350 = VECTOR('',#351,1.);
#351 = DIRECTION('',(0.,0.,1.));
#352 = ORIENTED_EDGE('',*,*,#353,.T.);
#353 = EDGE_CURVE('',#346,#346,#354,.T.);
#354 = CIRCLE('',#355,4.7);
#355 = AXIS2_PLACEMENT_3D('',#356,#357,#358);
#356 = CARTESIAN_POINT('',(9.034349918626,-39.58207323458,25.));
#357 = DIRECTION('',(0.,0.,1.));
#358 = DIRECTION('',(-0.222520933956,0.974927912182,0.));
#359 = ORIENTED_EDGE('',*,*,#345,.F.);
#360 = CYLINDRICAL_SURFACE('',#361,4.7);
#361 = AXIS2_PLACEMENT_3D('',#362,#363,#364);
#362 = CARTESIAN_POINT('',(9.034349918626,-39.58207323458,0.));
#363 = DIRECTION('',(-0.,0.,-1.));
#364 = DIRECTION('',(-0.222520933956,0.974927912182,0.));
#365 = ADVANCED_FACE('',(#366),#385,.T.);
#366 = FACE_BOUND('',#367,.F.);
#367 = EDGE_LOOP('',(#368,#369,#377,#384));
#368 = ORIENTED_EDGE('',*,*,#118,.T.);
#369 = ORIENTED_EDGE('',*,*,#370,.T.);
#370 = EDGE_CURVE('',#119,#371,#373,.T.);
#371 = VERTEX_POINT('',#372);
#372 = CARTESIAN_POINT('',(22.383283886729,-28.0677502206,25.));
#373 = LINE('',#374,#375);
#374 = CARTESIAN_POINT('',(22.383283886729,-28.0677502206,0.));
#375 = VECTOR('',#376,1.);
#376 = DIRECTION('',(0.,0.,1.));
#377 = ORIENTED_EDGE('',*,*,#378,.T.);
#378 = EDGE_CURVE('',#371,#371,#379,.T.);
#379 = CIRCLE('',#380,4.7);
#380 = AXIS2_PLACEMENT_3D('',#381,#382,#383);
#381 = CARTESIAN_POINT('',(25.313685955465,-31.7423581882,25.));
#382 = DIRECTION('',(0.,0.,1.));
#383 = DIRECTION('',(-0.623489801859,0.781831482468,0.));
#384 = ORIENTED_EDGE('',*,*,#370,.F.);
#385 = CYLINDRICAL_SURFACE('',#386,4.7);
#386 = AXIS2_PLACEMENT_3D('',#387,#388,#389);
#387 = CARTESIAN_POINT('',(25.313685955465,-31.7423581882,0.));
#388 = DIRECTION('',(-0.,0.,-1.));
#389 = DIRECTION('',(-0.623489801859,0.781831482468,0.));
#390 = ADVANCED_FACE('',(#391),#410,.T.);
#391 = FACE_BOUND('',#392,.F.);
#392 = EDGE_LOOP('',(#393,#394,#402,#409));
#393 = ORIENTED_EDGE('',*,*,#129,.T.);
#394 = ORIENTED_EDGE('',*,*,#395,.T.);
#395 = EDGE_CURVE('',#130,#396,#398,.T.);
#396 = VERTEX_POINT('',#397);
#397 = CARTESIAN_POINT('',(32.344782357697,-15.57642623432,25.));
#398 = LINE('',#399,#400);
#399 = CARTESIAN_POINT('',(32.344782357697,-15.57642623432,0.));
#400 = VECTOR('',#401,1.);
#401 = DIRECTION('',(0.,0.,1.));
#402 = ORIENTED_EDGE('',*,*,#403,.T.);
#403 = EDGE_CURVE('',#396,#396,#404,.T.);
#404 = CIRCLE('',#405,4.7);
#405 = AXIS2_PLACEMENT_3D('',#406,#407,#408);
#406 = CARTESIAN_POINT('',(36.579336036838,-17.61567980817,25.));
#407 = DIRECTION('',(0.,0.,1.));
#408 = DIRECTION('',(-0.900968867902,0.433883739118,0.));
#409 = ORIENTED_EDGE('',*,*,#395,.F.);
#410 = CYLINDRICAL_SURFACE('',#411,4.7);
#411 = AXIS2_PLACEMENT_3D('',#412,#413,#414);
#412 = CARTESIAN_POINT('',(36.579336036838,-17.61567980817,0.));
#413 = DIRECTION('',(0.,0.,-1.));
#414 = DIRECTION('',(-0.900968867902,0.433883739118,0.));
#415 = ADVANCED_FACE('',(#416),#435,.T.);
#416 = FACE_BOUND('',#417,.F.);
#417 = EDGE_LOOP('',(#418,#419,#427,#434));
#418 = ORIENTED_EDGE('',*,*,#140,.T.);
#419 = ORIENTED_EDGE('',*,*,#420,.T.);
#420 = EDGE_CURVE('',#141,#421,#423,.T.);
#421 = VERTEX_POINT('',#422);
#422 = CARTESIAN_POINT('',(35.9,-4.396482008939E-15,25.));
#423 = LINE('',#424,#425);
#424 = CARTESIAN_POINT('',(35.9,-4.396482008939E-15,0.));
#425 = VECTOR('',#426,1.);
#426 = DIRECTION('',(0.,0.,1.));
#427 = ORIENTED_EDGE('',*,*,#428,.T.);
#428 = EDGE_CURVE('',#421,#421,#429,.T.);
#429 = CIRCLE('',#430,4.7);
#430 = AXIS2_PLACEMENT_3D('',#431,#432,#433);
#431 = CARTESIAN_POINT('',(40.6,-4.972066004538E-15,25.));
#432 = DIRECTION('',(0.,0.,1.));
#433 = DIRECTION('',(-1.,1.224646799147E-16,0.));
#434 = ORIENTED_EDGE('',*,*,#420,.F.);
#435 = CYLINDRICAL_SURFACE('',#436,4.7);
#436 = AXIS2_PLACEMENT_3D('',#437,#438,#439);
#437 = CARTESIAN_POINT('',(40.6,-4.972066004538E-15,0.));
#438 = DIRECTION('',(0.,0.,-1.));
#439 = DIRECTION('',(-1.,1.224646799147E-16,0.));
#440 = ADVANCED_FACE('',(#441),#460,.T.);
#441 = FACE_BOUND('',#442,.F.);
#442 = EDGE_LOOP('',(#443,#444,#452,#459));
#443 = ORIENTED_EDGE('',*,*,#151,.T.);
#444 = ORIENTED_EDGE('',*,*,#445,.T.);
#445 = EDGE_CURVE('',#152,#446,#448,.T.);
#446 = VERTEX_POINT('',#447);
#447 = CARTESIAN_POINT('',(-35.9,0.,25.));
#448 = LINE('',#449,#450);
#449 = CARTESIAN_POINT('',(-35.9,0.,0.));
#450 = VECTOR('',#451,1.);
#451 = DIRECTION('',(0.,0.,1.));
#452 = ORIENTED_EDGE('',*,*,#453,.T.);
#453 = EDGE_CURVE('',#446,#446,#454,.T.);
#454 = CIRCLE('',#455,4.7);
#455 = AXIS2_PLACEMENT_3D('',#456,#457,#458);
#456 = CARTESIAN_POINT('',(-40.6,0.,25.));
#457 = DIRECTION('',(0.,0.,1.));
#458 = DIRECTION('',(1.,0.,0.));
#459 = ORIENTED_EDGE('',*,*,#445,.F.);
#460 = CYLINDRICAL_SURFACE('',#461,4.7);
#461 = AXIS2_PLACEMENT_3D('',#462,#463,#464);
#462 = CARTESIAN_POINT('',(-40.6,0.,0.));
#463 = DIRECTION('',(-0.,-0.,-1.));
#464 = DIRECTION('',(1.,0.,0.));
#465 = ADVANCED_FACE('',(#466),#485,.T.);
#466 = FACE_BOUND('',#467,.F.);
#467 = EDGE_LOOP('',(#468,#469,#477,#484));
#468 = ORIENTED_EDGE('',*,*,#162,.T.);
#469 = ORIENTED_EDGE('',*,*,#470,.T.);
#470 = EDGE_CURVE('',#163,#471,#473,.T.);
#471 = VERTEX_POINT('',#472);
#472 = CARTESIAN_POINT('',(-32.34478235769,15.57642623432,25.));
#473 = LINE('',#474,#475);
#474 = CARTESIAN_POINT('',(-32.34478235769,15.57642623432,0.));
#475 = VECTOR('',#476,1.);
#476 = DIRECTION('',(0.,0.,1.));
#477 = ORIENTED_EDGE('',*,*,#478,.T.);
#478 = EDGE_CURVE('',#471,#471,#479,.T.);
#479 = CIRCLE('',#480,4.7);
#480 = AXIS2_PLACEMENT_3D('',#481,#482,#483);
#481 = CARTESIAN_POINT('',(-36.57933603683,17.615679808173,25.));
#482 = DIRECTION('',(-0.,0.,1.));
#483 = DIRECTION('',(0.900968867902,-0.433883739118,0.));
#484 = ORIENTED_EDGE('',*,*,#470,.F.);
#485 = CYLINDRICAL_SURFACE('',#486,4.7);
#486 = AXIS2_PLACEMENT_3D('',#487,#488,#489);
#487 = CARTESIAN_POINT('',(-36.57933603683,17.615679808173,0.));
#488 = DIRECTION('',(0.,0.,-1.));
#489 = DIRECTION('',(0.900968867902,-0.433883739118,0.));
#490 = ADVANCED_FACE('',(#491),#510,.T.);
#491 = FACE_BOUND('',#492,.F.);
#492 = EDGE_LOOP('',(#493,#494,#502,#509));
#493 = ORIENTED_EDGE('',*,*,#173,.T.);
#494 = ORIENTED_EDGE('',*,*,#495,.T.);
#495 = EDGE_CURVE('',#174,#496,#498,.T.);
#496 = VERTEX_POINT('',#497);
#497 = CARTESIAN_POINT('',(-22.38328388672,28.067750220602,25.));
#498 = LINE('',#499,#500);
#499 = CARTESIAN_POINT('',(-22.38328388672,28.067750220602,0.));
#500 = VECTOR('',#501,1.);
#501 = DIRECTION('',(0.,0.,1.));
#502 = ORIENTED_EDGE('',*,*,#503,.T.);
#503 = EDGE_CURVE('',#496,#496,#504,.T.);
#504 = CIRCLE('',#505,4.7);
#505 = AXIS2_PLACEMENT_3D('',#506,#507,#508);
#506 = CARTESIAN_POINT('',(-25.31368595546,31.742358188202,25.));
#507 = DIRECTION('',(-0.,0.,1.));
#508 = DIRECTION('',(0.623489801859,-0.781831482468,0.));
#509 = ORIENTED_EDGE('',*,*,#495,.F.);
#510 = CYLINDRICAL_SURFACE('',#511,4.7);
#511 = AXIS2_PLACEMENT_3D('',#512,#513,#514);
#512 = CARTESIAN_POINT('',(-25.31368595546,31.742358188202,0.));
#513 = DIRECTION('',(0.,0.,-1.));
#514 = DIRECTION('',(0.623489801859,-0.781831482468,0.));
#515 = ADVANCED_FACE('',(#516),#535,.T.);
#516 = FACE_BOUND('',#517,.F.);
#517 = EDGE_LOOP('',(#518,#519,#527,#534));
#518 = ORIENTED_EDGE('',*,*,#184,.T.);
#519 = ORIENTED_EDGE('',*,*,#520,.T.);
#520 = EDGE_CURVE('',#185,#521,#523,.T.);
#521 = VERTEX_POINT('',#522);
#522 = CARTESIAN_POINT('',(-7.988501529032,34.999912047327,25.));
#523 = LINE('',#524,#525);
#524 = CARTESIAN_POINT('',(-7.988501529032,34.999912047327,0.));
#525 = VECTOR('',#526,1.);
#526 = DIRECTION('',(0.,0.,1.));
#527 = ORIENTED_EDGE('',*,*,#528,.T.);
#528 = EDGE_CURVE('',#521,#521,#529,.T.);
#529 = CIRCLE('',#530,4.7);
#530 = AXIS2_PLACEMENT_3D('',#531,#532,#533);
#531 = CARTESIAN_POINT('',(-9.034349918626,39.582073234582,25.));
#532 = DIRECTION('',(-0.,0.,1.));
#533 = DIRECTION('',(0.222520933956,-0.974927912182,0.));
#534 = ORIENTED_EDGE('',*,*,#520,.F.);
#535 = CYLINDRICAL_SURFACE('',#536,4.7);
#536 = AXIS2_PLACEMENT_3D('',#537,#538,#539);
#537 = CARTESIAN_POINT('',(-9.034349918626,39.582073234582,0.));
#538 = DIRECTION('',(0.,0.,-1.));
#539 = DIRECTION('',(0.222520933956,-0.974927912182,0.));
#540 = ADVANCED_FACE('',(#541),#560,.F.);
#541 = FACE_BOUND('',#542,.T.);
#542 = EDGE_LOOP('',(#543,#552,#558,#559));
#543 = ORIENTED_EDGE('',*,*,#544,.T.);
#544 = EDGE_CURVE('',#545,#545,#547,.T.);
#545 = VERTEX_POINT('',#546);
#546 = CARTESIAN_POINT('',(34.208915126443,0.,5.));
#547 = CIRCLE('',#548,34.208915126443);
#548 = AXIS2_PLACEMENT_3D('',#549,#550,#551);
#549 = CARTESIAN_POINT('',(0.,0.,5.));
#550 = DIRECTION('',(0.,0.,-1.));
#551 = DIRECTION('',(1.,0.,0.));
#552 = ORIENTED_EDGE('',*,*,#553,.T.);
#553 = EDGE_CURVE('',#545,#196,#554,.T.);
#554 = LINE('',#555,#556);
#555 = CARTESIAN_POINT('',(34.208915126443,0.,0.));
#556 = VECTOR('',#557,1.);
#557 = DIRECTION('',(0.,0.,1.));
#558 = ORIENTED_EDGE('',*,*,#195,.T.);
#559 = ORIENTED_EDGE('',*,*,#553,.F.);
#560 = CYLINDRICAL_SURFACE('',#561,34.208915126443);
#561 = AXIS2_PLACEMENT_3D('',#562,#563,#564);
#562 = CARTESIAN_POINT('',(0.,0.,0.));
#563 = DIRECTION('',(-0.,-0.,-1.));
#564 = DIRECTION('',(1.,0.,0.));
#565 = ADVANCED_FACE('',(#566),#585,.T.);
#566 = FACE_BOUND('',#567,.F.);
#567 = EDGE_LOOP('',(#568,#569,#577,#584));
#568 = ORIENTED_EDGE('',*,*,#206,.T.);
#569 = ORIENTED_EDGE('',*,*,#570,.T.);
#570 = EDGE_CURVE('',#207,#571,#573,.T.);
#571 = VERTEX_POINT('',#572);
#572 = CARTESIAN_POINT('',(32.344782357697,15.57642623432,25.));
#573 = LINE('',#574,#575);
#574 = CARTESIAN_POINT('',(32.344782357697,15.57642623432,0.));
#575 = VECTOR('',#576,1.);
#576 = DIRECTION('',(0.,0.,1.));
#577 = ORIENTED_EDGE('',*,*,#578,.T.);
#578 = EDGE_CURVE('',#571,#571,#579,.T.);
#579 = CIRCLE('',#580,4.7);
#580 = AXIS2_PLACEMENT_3D('',#581,#582,#583);
#581 = CARTESIAN_POINT('',(36.579336036838,17.615679808173,25.));
#582 = DIRECTION('',(0.,0.,1.));
#583 = DIRECTION('',(-0.900968867902,-0.433883739118,0.));
#584 = ORIENTED_EDGE('',*,*,#570,.F.);
#585 = CYLINDRICAL_SURFACE('',#586,4.7);
#586 = AXIS2_PLACEMENT_3D('',#587,#588,#589);
#587 = CARTESIAN_POINT('',(36.579336036838,17.615679808173,0.));
#588 = DIRECTION('',(0.,0.,-1.));
#589 = DIRECTION('',(-0.900968867902,-0.433883739118,0.));
#590 = ADVANCED_FACE('',(#591),#610,.T.);
#591 = FACE_BOUND('',#592,.F.);
#592 = EDGE_LOOP('',(#593,#594,#602,#609));
#593 = ORIENTED_EDGE('',*,*,#217,.T.);
#594 = ORIENTED_EDGE('',*,*,#595,.T.);
#595 = EDGE_CURVE('',#218,#596,#598,.T.);
#596 = VERTEX_POINT('',#597);
#597 = CARTESIAN_POINT('',(7.988501529032,34.999912047327,25.));
#598 = LINE('',#599,#600);
#599 = CARTESIAN_POINT('',(7.988501529032,34.999912047327,0.));
#600 = VECTOR('',#601,1.);
#601 = DIRECTION('',(0.,0.,1.));
#602 = ORIENTED_EDGE('',*,*,#603,.T.);
#603 = EDGE_CURVE('',#596,#596,#604,.T.);
#604 = CIRCLE('',#605,4.7);
#605 = AXIS2_PLACEMENT_3D('',#606,#607,#608);
#606 = CARTESIAN_POINT('',(9.034349918626,39.582073234582,25.));
#607 = DIRECTION('',(0.,0.,1.));
#608 = DIRECTION('',(-0.222520933956,-0.974927912182,0.));
#609 = ORIENTED_EDGE('',*,*,#595,.F.);
#610 = CYLINDRICAL_SURFACE('',#611,4.7);
#611 = AXIS2_PLACEMENT_3D('',#612,#613,#614);
#612 = CARTESIAN_POINT('',(9.034349918626,39.582073234582,0.));
#613 = DIRECTION('',(0.,0.,-1.));
#614 = DIRECTION('',(-0.222520933956,-0.974927912182,0.));
#615 = ADVANCED_FACE('',(#616),#635,.T.);
#616 = FACE_BOUND('',#617,.F.);
#617 = EDGE_LOOP('',(#618,#619,#627,#634));
#618 = ORIENTED_EDGE('',*,*,#228,.T.);
#619 = ORIENTED_EDGE('',*,*,#620,.T.);
#620 = EDGE_CURVE('',#229,#621,#623,.T.);
#621 = VERTEX_POINT('',#622);
#622 = CARTESIAN_POINT('',(22.383283886729,28.067750220602,25.));
#623 = LINE('',#624,#625);
#624 = CARTESIAN_POINT('',(22.383283886729,28.067750220602,0.));
#625 = VECTOR('',#626,1.);
#626 = DIRECTION('',(0.,0.,1.));
#627 = ORIENTED_EDGE('',*,*,#628,.T.);
#628 = EDGE_CURVE('',#621,#621,#629,.T.);
#629 = CIRCLE('',#630,4.7);
#630 = AXIS2_PLACEMENT_3D('',#631,#632,#633);
#631 = CARTESIAN_POINT('',(25.313685955465,31.742358188202,25.));
#632 = DIRECTION('',(0.,0.,1.));
#633 = DIRECTION('',(-0.623489801859,-0.781831482468,0.));
#634 = ORIENTED_EDGE('',*,*,#620,.F.);
#635 = CYLINDRICAL_SURFACE('',#636,4.7);
#636 = AXIS2_PLACEMENT_3D('',#637,#638,#639);
#637 = CARTESIAN_POINT('',(25.313685955465,31.742358188202,0.));
#638 = DIRECTION('',(0.,0.,-1.));
#639 = DIRECTION('',(-0.623489801859,-0.781831482468,0.));
#640 = ADVANCED_FACE('',(#641,#644),#655,.T.);
#641 = FACE_BOUND('',#642,.T.);
#642 = EDGE_LOOP('',(#643));
#643 = ORIENTED_EDGE('',*,*,#278,.T.);
#644 = FACE_BOUND('',#645,.T.);
#645 = EDGE_LOOP('',(#646));
#646 = ORIENTED_EDGE('',*,*,#647,.T.);
#647 = EDGE_CURVE('',#648,#648,#650,.T.);
#648 = VERTEX_POINT('',#649);
#649 = CARTESIAN_POINT('',(-24.58108543828,-30.8237061963,25.));
#650 = CIRCLE('',#651,1.175);
#651 = AXIS2_PLACEMENT_3D('',#652,#653,#654);
#652 = CARTESIAN_POINT('',(-25.31368595546,-31.7423581882,25.));
#653 = DIRECTION('',(0.,0.,-1.));
#654 = DIRECTION('',(0.623489801859,0.781831482468,0.));
#655 = PLANE('',#656);
#656 = AXIS2_PLACEMENT_3D('',#657,#658,#659);
#657 = CARTESIAN_POINT('',(-25.31368595546,-31.7423581882,25.));
#658 = DIRECTION('',(0.,0.,1.));
#659 = DIRECTION('',(0.623489801859,0.781831482468,0.));
#660 = ADVANCED_FACE('',(#661,#664),#675,.T.);
#661 = FACE_BOUND('',#662,.T.);
#662 = EDGE_LOOP('',(#663));
#663 = ORIENTED_EDGE('',*,*,#303,.T.);
#664 = FACE_BOUND('',#665,.T.);
#665 = EDGE_LOOP('',(#666));
#666 = ORIENTED_EDGE('',*,*,#667,.T.);
#667 = EDGE_CURVE('',#668,#668,#670,.T.);
#668 = VERTEX_POINT('',#669);
#669 = CARTESIAN_POINT('',(-8.772887821228,-38.43653293776,25.));
#670 = CIRCLE('',#671,1.175);
#671 = AXIS2_PLACEMENT_3D('',#672,#673,#674);
#672 = CARTESIAN_POINT('',(-9.034349918626,-39.58207323458,25.));
#673 = DIRECTION('',(0.,0.,-1.));
#674 = DIRECTION('',(0.222520933956,0.974927912182,0.));
#675 = PLANE('',#676);
#676 = AXIS2_PLACEMENT_3D('',#677,#678,#679);
#677 = CARTESIAN_POINT('',(-9.034349918626,-39.58207323458,25.));
#678 = DIRECTION('',(0.,0.,1.));
#679 = DIRECTION('',(0.222520933956,0.974927912182,0.));
#680 = ADVANCED_FACE('',(#681,#684),#695,.T.);
#681 = FACE_BOUND('',#682,.T.);
#682 = EDGE_LOOP('',(#683));
#683 = ORIENTED_EDGE('',*,*,#328,.T.);
#684 = FACE_BOUND('',#685,.T.);
#685 = EDGE_LOOP('',(#686));
#686 = ORIENTED_EDGE('',*,*,#687,.T.);
#687 = EDGE_CURVE('',#688,#688,#690,.T.);
#688 = VERTEX_POINT('',#689);
#689 = CARTESIAN_POINT('',(-35.52069761705,-17.10586641471,25.));
#690 = CIRCLE('',#691,1.175);
#691 = AXIS2_PLACEMENT_3D('',#692,#693,#694);
#692 = CARTESIAN_POINT('',(-36.57933603683,-17.61567980817,25.));
#693 = DIRECTION('',(0.,0.,-1.));
#694 = DIRECTION('',(0.900968867902,0.433883739118,0.));
#695 = PLANE('',#696);
#696 = AXIS2_PLACEMENT_3D('',#697,#698,#699);
#697 = CARTESIAN_POINT('',(-36.57933603683,-17.61567980817,25.));
#698 = DIRECTION('',(0.,0.,1.));
#699 = DIRECTION('',(0.900968867902,0.433883739118,0.));
#700 = ADVANCED_FACE('',(#701,#704),#715,.T.);
#701 = FACE_BOUND('',#702,.T.);
#702 = EDGE_LOOP('',(#703));
#703 = ORIENTED_EDGE('',*,*,#353,.T.);
#704 = FACE_BOUND('',#705,.T.);
#705 = EDGE_LOOP('',(#706));
#706 = ORIENTED_EDGE('',*,*,#707,.T.);
#707 = EDGE_CURVE('',#708,#708,#710,.T.);
#708 = VERTEX_POINT('',#709);
#709 = CARTESIAN_POINT('',(8.772887821228,-38.43653293776,25.));
#710 = CIRCLE('',#711,1.175);
#711 = AXIS2_PLACEMENT_3D('',#712,#713,#714);
#712 = CARTESIAN_POINT('',(9.034349918626,-39.58207323458,25.));
#713 = DIRECTION('',(0.,0.,-1.));
#714 = DIRECTION('',(-0.222520933956,0.974927912182,0.));
#715 = PLANE('',#716);
#716 = AXIS2_PLACEMENT_3D('',#717,#718,#719);
#717 = CARTESIAN_POINT('',(9.034349918626,-39.58207323458,25.));
#718 = DIRECTION('',(0.,0.,1.));
#719 = DIRECTION('',(-0.222520933956,0.974927912182,0.));
#720 = ADVANCED_FACE('',(#721,#724),#735,.T.);
#721 = FACE_BOUND('',#722,.T.);
#722 = EDGE_LOOP('',(#723));
#723 = ORIENTED_EDGE('',*,*,#378,.T.);
#724 = FACE_BOUND('',#725,.T.);
#725 = EDGE_LOOP('',(#726));
#726 = ORIENTED_EDGE('',*,*,#727,.T.);
#727 = EDGE_CURVE('',#728,#728,#730,.T.);
#728 = VERTEX_POINT('',#729);
#729 = CARTESIAN_POINT('',(24.581085438281,-30.8237061963,25.));
#730 = CIRCLE('',#731,1.175);
#731 = AXIS2_PLACEMENT_3D('',#732,#733,#734);
#732 = CARTESIAN_POINT('',(25.313685955465,-31.7423581882,25.));
#733 = DIRECTION('',(0.,0.,-1.));
#734 = DIRECTION('',(-0.623489801859,0.781831482468,0.));
#735 = PLANE('',#736);
#736 = AXIS2_PLACEMENT_3D('',#737,#738,#739);
#737 = CARTESIAN_POINT('',(25.313685955465,-31.7423581882,25.));
#738 = DIRECTION('',(0.,0.,1.));
#739 = DIRECTION('',(-0.623489801859,0.781831482468,0.));
#740 = ADVANCED_FACE('',(#741,#744),#755,.T.);
#741 = FACE_BOUND('',#742,.T.);
#742 = EDGE_LOOP('',(#743));
#743 = ORIENTED_EDGE('',*,*,#403,.T.);
#744 = FACE_BOUND('',#745,.T.);
#745 = EDGE_LOOP('',(#746));
#746 = ORIENTED_EDGE('',*,*,#747,.T.);
#747 = EDGE_CURVE('',#748,#748,#750,.T.);
#748 = VERTEX_POINT('',#749);
#749 = CARTESIAN_POINT('',(35.520697617053,-17.10586641471,25.));
#750 = CIRCLE('',#751,1.175);
#751 = AXIS2_PLACEMENT_3D('',#752,#753,#754);
#752 = CARTESIAN_POINT('',(36.579336036838,-17.61567980817,25.));
#753 = DIRECTION('',(0.,0.,-1.));
#754 = DIRECTION('',(-0.900968867902,0.433883739118,0.));
#755 = PLANE('',#756);
#756 = AXIS2_PLACEMENT_3D('',#757,#758,#759);
#757 = CARTESIAN_POINT('',(36.579336036838,-17.61567980817,25.));
#758 = DIRECTION('',(0.,0.,1.));
#759 = DIRECTION('',(-0.900968867902,0.433883739118,0.));
#760 = ADVANCED_FACE('',(#761,#764),#775,.T.);
#761 = FACE_BOUND('',#762,.T.);
#762 = EDGE_LOOP('',(#763));
#763 = ORIENTED_EDGE('',*,*,#428,.T.);
#764 = FACE_BOUND('',#765,.T.);
#765 = EDGE_LOOP('',(#766));
#766 = ORIENTED_EDGE('',*,*,#767,.T.);
#767 = EDGE_CURVE('',#768,#768,#770,.T.);
#768 = VERTEX_POINT('',#769);
#769 = CARTESIAN_POINT('',(39.425,-4.828170005638E-15,25.));
#770 = CIRCLE('',#771,1.175);
#771 = AXIS2_PLACEMENT_3D('',#772,#773,#774);
#772 = CARTESIAN_POINT('',(40.6,-4.972066004538E-15,25.));
#773 = DIRECTION('',(0.,0.,-1.));
#774 = DIRECTION('',(-1.,1.224646799147E-16,0.));
#775 = PLANE('',#776);
#776 = AXIS2_PLACEMENT_3D('',#777,#778,#779);
#777 = CARTESIAN_POINT('',(40.6,-5.250521998295E-15,25.));
#778 = DIRECTION('',(0.,0.,1.));
#779 = DIRECTION('',(-1.,1.224646799147E-16,0.));
#780 = ADVANCED_FACE('',(#781,#784),#795,.T.);
#781 = FACE_BOUND('',#782,.T.);
#782 = EDGE_LOOP('',(#783));
#783 = ORIENTED_EDGE('',*,*,#453,.T.);
#784 = FACE_BOUND('',#785,.T.);
#785 = EDGE_LOOP('',(#786));
#786 = ORIENTED_EDGE('',*,*,#787,.T.);
#787 = EDGE_CURVE('',#788,#788,#790,.T.);
#788 = VERTEX_POINT('',#789);
#789 = CARTESIAN_POINT('',(-39.425,0.,25.));
#790 = CIRCLE('',#791,1.175);
#791 = AXIS2_PLACEMENT_3D('',#792,#793,#794);
#792 = CARTESIAN_POINT('',(-40.6,0.,25.));
#793 = DIRECTION('',(0.,0.,-1.));
#794 = DIRECTION('',(1.,0.,0.));
#795 = PLANE('',#796);
#796 = AXIS2_PLACEMENT_3D('',#797,#798,#799);
#797 = CARTESIAN_POINT('',(-40.6,2.784559937569E-16,25.));
#798 = DIRECTION('',(0.,0.,1.));
#799 = DIRECTION('',(1.,0.,0.));
#800 = ADVANCED_FACE('',(#801,#804),#815,.T.);
#801 = FACE_BOUND('',#802,.T.);
#802 = EDGE_LOOP('',(#803));
#803 = ORIENTED_EDGE('',*,*,#478,.T.);
#804 = FACE_BOUND('',#805,.T.);
#805 = EDGE_LOOP('',(#806));
#806 = ORIENTED_EDGE('',*,*,#807,.T.);
#807 = EDGE_CURVE('',#808,#808,#810,.T.);
#808 = VERTEX_POINT('',#809);
#809 = CARTESIAN_POINT('',(-35.52069761705,17.10586641471,25.));
#810 = CIRCLE('',#811,1.175);
#811 = AXIS2_PLACEMENT_3D('',#812,#813,#814);
#812 = CARTESIAN_POINT('',(-36.57933603683,17.615679808173,25.));
#813 = DIRECTION('',(0.,-0.,-1.));
#814 = DIRECTION('',(0.900968867902,-0.433883739118,0.));
#815 = PLANE('',#816);
#816 = AXIS2_PLACEMENT_3D('',#817,#818,#819);
#817 = CARTESIAN_POINT('',(-36.57933603683,17.615679808173,25.));
#818 = DIRECTION('',(0.,0.,1.));
#819 = DIRECTION('',(0.900968867902,-0.433883739118,0.));
#820 = ADVANCED_FACE('',(#821,#824),#835,.T.);
#821 = FACE_BOUND('',#822,.T.);
#822 = EDGE_LOOP('',(#823));
#823 = ORIENTED_EDGE('',*,*,#503,.T.);
#824 = FACE_BOUND('',#825,.T.);
#825 = EDGE_LOOP('',(#826));
#826 = ORIENTED_EDGE('',*,*,#827,.T.);
#827 = EDGE_CURVE('',#828,#828,#830,.T.);
#828 = VERTEX_POINT('',#829);
#829 = CARTESIAN_POINT('',(-24.58108543828,30.823706196302,25.));
#830 = CIRCLE('',#831,1.175);
#831 = AXIS2_PLACEMENT_3D('',#832,#833,#834);
#832 = CARTESIAN_POINT('',(-25.31368595546,31.742358188202,25.));
#833 = DIRECTION('',(0.,-0.,-1.));
#834 = DIRECTION('',(0.623489801859,-0.781831482468,0.));
#835 = PLANE('',#836);
#836 = AXIS2_PLACEMENT_3D('',#837,#838,#839);
#837 = CARTESIAN_POINT('',(-25.31368595546,31.742358188202,25.));
#838 = DIRECTION('',(0.,0.,1.));
#839 = DIRECTION('',(0.623489801859,-0.781831482468,0.));
#840 = ADVANCED_FACE('',(#841,#844),#855,.T.);
#841 = FACE_BOUND('',#842,.T.);
#842 = EDGE_LOOP('',(#843));
#843 = ORIENTED_EDGE('',*,*,#528,.T.);
#844 = FACE_BOUND('',#845,.T.);
#845 = EDGE_LOOP('',(#846));
#846 = ORIENTED_EDGE('',*,*,#847,.T.);
#847 = EDGE_CURVE('',#848,#848,#850,.T.);
#848 = VERTEX_POINT('',#849);
#849 = CARTESIAN_POINT('',(-8.772887821228,38.436532937768,25.));
#850 = CIRCLE('',#851,1.175);
#851 = AXIS2_PLACEMENT_3D('',#852,#853,#854);
#852 = CARTESIAN_POINT('',(-9.034349918626,39.582073234582,25.));
#853 = DIRECTION('',(0.,-0.,-1.));
#854 = DIRECTION('',(0.222520933956,-0.974927912182,0.));
#855 = PLANE('',#856);
#856 = AXIS2_PLACEMENT_3D('',#857,#858,#859);
#857 = CARTESIAN_POINT('',(-9.034349918626,39.582073234582,25.));
#858 = DIRECTION('',(0.,0.,1.));
#859 = DIRECTION('',(0.222520933956,-0.974927912182,0.));
#860 = ADVANCED_FACE('',(#861,#864),#875,.T.);
#861 = FACE_BOUND('',#862,.T.);
#862 = EDGE_LOOP('',(#863));
#863 = ORIENTED_EDGE('',*,*,#544,.F.);
#864 = FACE_BOUND('',#865,.T.);
#865 = EDGE_LOOP('',(#866));
#866 = ORIENTED_EDGE('',*,*,#867,.F.);
#867 = EDGE_CURVE('',#868,#868,#870,.T.);
#868 = VERTEX_POINT('',#869);
#869 = CARTESIAN_POINT('',(6.8,0.,5.));
#870 = CIRCLE('',#871,6.8);
#871 = AXIS2_PLACEMENT_3D('',#872,#873,#874);
#872 = CARTESIAN_POINT('',(0.,0.,5.));
#873 = DIRECTION('',(0.,0.,1.));
#874 = DIRECTION('',(1.,0.,0.));
#875 = PLANE('',#876);
#876 = AXIS2_PLACEMENT_3D('',#877,#878,#879);
#877 = CARTESIAN_POINT('',(-2.505714423346E-15,2.477788577387E-15,5.));
#878 = DIRECTION('',(0.,0.,1.));
#879 = DIRECTION('',(1.,0.,0.));
#880 = ADVANCED_FACE('',(#881,#884),#895,.T.);
#881 = FACE_BOUND('',#882,.T.);
#882 = EDGE_LOOP('',(#883));
#883 = ORIENTED_EDGE('',*,*,#578,.T.);
#884 = FACE_BOUND('',#885,.T.);
#885 = EDGE_LOOP('',(#886));
#886 = ORIENTED_EDGE('',*,*,#887,.T.);
#887 = EDGE_CURVE('',#888,#888,#890,.T.);
#888 = VERTEX_POINT('',#889);
#889 = CARTESIAN_POINT('',(35.520697617053,17.10586641471,25.));
#890 = CIRCLE('',#891,1.175);
#891 = AXIS2_PLACEMENT_3D('',#892,#893,#894);
#892 = CARTESIAN_POINT('',(36.579336036838,17.615679808173,25.));
#893 = DIRECTION('',(0.,0.,-1.));
#894 = DIRECTION('',(-0.900968867902,-0.433883739118,-0.));
#895 = PLANE('',#896);
#896 = AXIS2_PLACEMENT_3D('',#897,#898,#899);
#897 = CARTESIAN_POINT('',(36.579336036838,17.615679808173,25.));
#898 = DIRECTION('',(0.,0.,1.));
#899 = DIRECTION('',(-0.900968867902,-0.433883739118,0.));
#900 = ADVANCED_FACE('',(#901,#904),#915,.T.);
#901 = FACE_BOUND('',#902,.T.);
#902 = EDGE_LOOP('',(#903));
#903 = ORIENTED_EDGE('',*,*,#603,.T.);
#904 = FACE_BOUND('',#905,.T.);
#905 = EDGE_LOOP('',(#906));
#906 = ORIENTED_EDGE('',*,*,#907,.T.);
#907 = EDGE_CURVE('',#908,#908,#910,.T.);
#908 = VERTEX_POINT('',#909);
#909 = CARTESIAN_POINT('',(8.772887821228,38.436532937768,25.));
#910 = CIRCLE('',#911,1.175);
#911 = AXIS2_PLACEMENT_3D('',#912,#913,#914);
#912 = CARTESIAN_POINT('',(9.034349918626,39.582073234582,25.));
#913 = DIRECTION('',(0.,0.,-1.));
#914 = DIRECTION('',(-0.222520933956,-0.974927912182,-0.));
#915 = PLANE('',#916);
#916 = AXIS2_PLACEMENT_3D('',#917,#918,#919);
#917 = CARTESIAN_POINT('',(9.034349918626,39.582073234582,25.));
#918 = DIRECTION('',(0.,0.,1.));
#919 = DIRECTION('',(-0.222520933956,-0.974927912182,0.));
#920 = ADVANCED_FACE('',(#921,#924),#935,.T.);
#921 = FACE_BOUND('',#922,.T.);
#922 = EDGE_LOOP('',(#923));
#923 = ORIENTED_EDGE('',*,*,#628,.T.);
#924 = FACE_BOUND('',#925,.T.);
#925 = EDGE_LOOP('',(#926));
#926 = ORIENTED_EDGE('',*,*,#927,.T.);
#927 = EDGE_CURVE('',#928,#928,#930,.T.);
#928 = VERTEX_POINT('',#929);
#929 = CARTESIAN_POINT('',(24.581085438281,30.823706196302,25.));
#930 = CIRCLE('',#931,1.175);
#931 = AXIS2_PLACEMENT_3D('',#932,#933,#934);
#932 = CARTESIAN_POINT('',(25.313685955465,31.742358188202,25.));
#933 = DIRECTION('',(0.,0.,-1.));
#934 = DIRECTION('',(-0.623489801859,-0.781831482468,-0.));
#935 = PLANE('',#936);
#936 = AXIS2_PLACEMENT_3D('',#937,#938,#939);
#937 = CARTESIAN_POINT('',(25.313685955465,31.742358188202,25.));
#938 = DIRECTION('',(0.,0.,1.));
#939 = DIRECTION('',(-0.623489801859,-0.781831482468,0.));
#940 = ADVANCED_FACE('',(#941),#960,.F.);
#941 = FACE_BOUND('',#942,.T.);
#942 = EDGE_LOOP('',(#943,#951,#952,#953));
#943 = ORIENTED_EDGE('',*,*,#944,.T.);
#944 = EDGE_CURVE('',#945,#868,#947,.T.);
#945 = VERTEX_POINT('',#946);
#946 = CARTESIAN_POINT('',(6.8,0.,0.));
#947 = LINE('',#948,#949);
#948 = CARTESIAN_POINT('',(6.8,0.,0.));
#949 = VECTOR('',#950,1.);
#950 = DIRECTION('',(0.,0.,1.));
#951 = ORIENTED_EDGE('',*,*,#867,.T.);
#952 = ORIENTED_EDGE('',*,*,#944,.F.);
#953 = ORIENTED_EDGE('',*,*,#954,.F.);
#954 = EDGE_CURVE('',#945,#945,#955,.T.);
#955 = CIRCLE('',#956,6.8);
#956 = AXIS2_PLACEMENT_3D('',#957,#958,#959);
#957 = CARTESIAN_POINT('',(0.,0.,0.));
#958 = DIRECTION('',(0.,0.,1.));
#959 = DIRECTION('',(1.,0.,0.));
#960 = CYLINDRICAL_SURFACE('',#961,6.8);
#961 = AXIS2_PLACEMENT_3D('',#962,#963,#964);
#962 = CARTESIAN_POINT('',(0.,0.,0.));
#963 = DIRECTION('',(-0.,-0.,-1.));
#964 = DIRECTION('',(1.,0.,0.));
#965 = ADVANCED_FACE('',(#966),#985,.T.);
#966 = FACE_BOUND('',#967,.F.);
#967 = EDGE_LOOP('',(#968,#969,#977,#984));
#968 = ORIENTED_EDGE('',*,*,#647,.T.);
#969 = ORIENTED_EDGE('',*,*,#970,.T.);
#970 = EDGE_CURVE('',#648,#971,#973,.T.);
#971 = VERTEX_POINT('',#972);
#972 = CARTESIAN_POINT('',(-24.58108543828,-30.8237061963,30.));
#973 = LINE('',#974,#975);
#974 = CARTESIAN_POINT('',(-24.58108543828,-30.8237061963,0.));
#975 = VECTOR('',#976,1.);
#976 = DIRECTION('',(0.,0.,1.));
#977 = ORIENTED_EDGE('',*,*,#978,.T.);
#978 = EDGE_CURVE('',#971,#971,#979,.T.);
#979 = CIRCLE('',#980,1.175);
#980 = AXIS2_PLACEMENT_3D('',#981,#982,#983);
#981 = CARTESIAN_POINT('',(-25.31368595546,-31.7423581882,30.));
#982 = DIRECTION('',(0.,-0.,1.));
#983 = DIRECTION('',(0.623489801859,0.781831482468,0.));
#984 = ORIENTED_EDGE('',*,*,#970,.F.);
#985 = CYLINDRICAL_SURFACE('',#986,1.175);
#986 = AXIS2_PLACEMENT_3D('',#987,#988,#989);
#987 = CARTESIAN_POINT('',(-25.31368595546,-31.7423581882,0.));
#988 = DIRECTION('',(0.,-0.,-1.));
#989 = DIRECTION('',(0.623489801859,0.781831482468,0.));
#990 = ADVANCED_FACE('',(#991),#1010,.T.);
#991 = FACE_BOUND('',#992,.F.);
#992 = EDGE_LOOP('',(#993,#994,#1002,#1009));
#993 = ORIENTED_EDGE('',*,*,#667,.T.);
#994 = ORIENTED_EDGE('',*,*,#995,.T.);
#995 = EDGE_CURVE('',#668,#996,#998,.T.);
#996 = VERTEX_POINT('',#997);
#997 = CARTESIAN_POINT('',(-8.772887821228,-38.43653293776,30.));
#998 = LINE('',#999,#1000);
#999 = CARTESIAN_POINT('',(-8.772887821228,-38.43653293776,0.));
#1000 = VECTOR('',#1001,1.);
#1001 = DIRECTION('',(0.,0.,1.));
#1002 = ORIENTED_EDGE('',*,*,#1003,.T.);
#1003 = EDGE_CURVE('',#996,#996,#1004,.T.);
#1004 = CIRCLE('',#1005,1.175);
#1005 = AXIS2_PLACEMENT_3D('',#1006,#1007,#1008);
#1006 = CARTESIAN_POINT('',(-9.034349918626,-39.58207323458,30.));
#1007 = DIRECTION('',(0.,-0.,1.));
#1008 = DIRECTION('',(0.222520933956,0.974927912182,0.));
#1009 = ORIENTED_EDGE('',*,*,#995,.F.);
#1010 = CYLINDRICAL_SURFACE('',#1011,1.175);
#1011 = AXIS2_PLACEMENT_3D('',#1012,#1013,#1014);
#1012 = CARTESIAN_POINT('',(-9.034349918626,-39.58207323458,0.));
#1013 = DIRECTION('',(0.,-0.,-1.));
#1014 = DIRECTION('',(0.222520933956,0.974927912182,0.));
#1015 = ADVANCED_FACE('',(#1016),#1035,.T.);
#1016 = FACE_BOUND('',#1017,.F.);
#1017 = EDGE_LOOP('',(#1018,#1019,#1027,#1034));
#1018 = ORIENTED_EDGE('',*,*,#687,.T.);
#1019 = ORIENTED_EDGE('',*,*,#1020,.T.);
#1020 = EDGE_CURVE('',#688,#1021,#1023,.T.);
#1021 = VERTEX_POINT('',#1022);
#1022 = CARTESIAN_POINT('',(-35.52069761705,-17.10586641471,30.));
#1023 = LINE('',#1024,#1025);
#1024 = CARTESIAN_POINT('',(-35.52069761705,-17.10586641471,0.));
#1025 = VECTOR('',#1026,1.);
#1026 = DIRECTION('',(0.,0.,1.));
#1027 = ORIENTED_EDGE('',*,*,#1028,.T.);
#1028 = EDGE_CURVE('',#1021,#1021,#1029,.T.);
#1029 = CIRCLE('',#1030,1.175);
#1030 = AXIS2_PLACEMENT_3D('',#1031,#1032,#1033);
#1031 = CARTESIAN_POINT('',(-36.57933603683,-17.61567980817,30.));
#1032 = DIRECTION('',(0.,-0.,1.));
#1033 = DIRECTION('',(0.900968867902,0.433883739118,0.));
#1034 = ORIENTED_EDGE('',*,*,#1020,.F.);
#1035 = CYLINDRICAL_SURFACE('',#1036,1.175);
#1036 = AXIS2_PLACEMENT_3D('',#1037,#1038,#1039);
#1037 = CARTESIAN_POINT('',(-36.57933603683,-17.61567980817,0.));
#1038 = DIRECTION('',(0.,0.,-1.));
#1039 = DIRECTION('',(0.900968867902,0.433883739118,0.));
#1040 = ADVANCED_FACE('',(#1041),#1060,.T.);
#1041 = FACE_BOUND('',#1042,.F.);
#1042 = EDGE_LOOP('',(#1043,#1044,#1052,#1059));
#1043 = ORIENTED_EDGE('',*,*,#707,.T.);
#1044 = ORIENTED_EDGE('',*,*,#1045,.T.);
#1045 = EDGE_CURVE('',#708,#1046,#1048,.T.);
#1046 = VERTEX_POINT('',#1047);
#1047 = CARTESIAN_POINT('',(8.772887821228,-38.43653293776,30.));
#1048 = LINE('',#1049,#1050);
#1049 = CARTESIAN_POINT('',(8.772887821228,-38.43653293776,0.));
#1050 = VECTOR('',#1051,1.);
#1051 = DIRECTION('',(0.,0.,1.));
#1052 = ORIENTED_EDGE('',*,*,#1053,.T.);
#1053 = EDGE_CURVE('',#1046,#1046,#1054,.T.);
#1054 = CIRCLE('',#1055,1.175);
#1055 = AXIS2_PLACEMENT_3D('',#1056,#1057,#1058);
#1056 = CARTESIAN_POINT('',(9.034349918626,-39.58207323458,30.));
#1057 = DIRECTION('',(0.,0.,1.));
#1058 = DIRECTION('',(-0.222520933956,0.974927912182,0.));
#1059 = ORIENTED_EDGE('',*,*,#1045,.F.);
#1060 = CYLINDRICAL_SURFACE('',#1061,1.175);
#1061 = AXIS2_PLACEMENT_3D('',#1062,#1063,#1064);
#1062 = CARTESIAN_POINT('',(9.034349918626,-39.58207323458,0.));
#1063 = DIRECTION('',(-0.,0.,-1.));
#1064 = DIRECTION('',(-0.222520933956,0.974927912182,0.));
#1065 = ADVANCED_FACE('',(#1066),#1085,.T.);
#1066 = FACE_BOUND('',#1067,.F.);
#1067 = EDGE_LOOP('',(#1068,#1069,#1077,#1084));
#1068 = ORIENTED_EDGE('',*,*,#727,.T.);
#1069 = ORIENTED_EDGE('',*,*,#1070,.T.);
#1070 = EDGE_CURVE('',#728,#1071,#1073,.T.);
#1071 = VERTEX_POINT('',#1072);
#1072 = CARTESIAN_POINT('',(24.581085438281,-30.8237061963,30.));
#1073 = LINE('',#1074,#1075);
#1074 = CARTESIAN_POINT('',(24.581085438281,-30.8237061963,0.));
#1075 = VECTOR('',#1076,1.);
#1076 = DIRECTION('',(0.,0.,1.));
#1077 = ORIENTED_EDGE('',*,*,#1078,.T.);
#1078 = EDGE_CURVE('',#1071,#1071,#1079,.T.);
#1079 = CIRCLE('',#1080,1.175);
#1080 = AXIS2_PLACEMENT_3D('',#1081,#1082,#1083);
#1081 = CARTESIAN_POINT('',(25.313685955465,-31.7423581882,30.));
#1082 = DIRECTION('',(0.,0.,1.));
#1083 = DIRECTION('',(-0.623489801859,0.781831482468,0.));
#1084 = ORIENTED_EDGE('',*,*,#1070,.F.);
#1085 = CYLINDRICAL_SURFACE('',#1086,1.175);
#1086 = AXIS2_PLACEMENT_3D('',#1087,#1088,#1089);
#1087 = CARTESIAN_POINT('',(25.313685955465,-31.7423581882,0.));
#1088 = DIRECTION('',(-0.,0.,-1.));
#1089 = DIRECTION('',(-0.623489801859,0.781831482468,0.));
#1090 = ADVANCED_FACE('',(#1091),#1110,.T.);
#1091 = FACE_BOUND('',#1092,.F.);
#1092 = EDGE_LOOP('',(#1093,#1094,#1102,#1109));
#1093 = ORIENTED_EDGE('',*,*,#747,.T.);
#1094 = ORIENTED_EDGE('',*,*,#1095,.T.);
#1095 = EDGE_CURVE('',#748,#1096,#1098,.T.);
#1096 = VERTEX_POINT('',#1097);
#1097 = CARTESIAN_POINT('',(35.520697617053,-17.10586641471,30.));
#1098 = LINE('',#1099,#1100);
#1099 = CARTESIAN_POINT('',(35.520697617053,-17.10586641471,0.));
#1100 = VECTOR('',#1101,1.);
#1101 = DIRECTION('',(0.,0.,1.));
#1102 = ORIENTED_EDGE('',*,*,#1103,.T.);
#1103 = EDGE_CURVE('',#1096,#1096,#1104,.T.);
#1104 = CIRCLE('',#1105,1.175);
#1105 = AXIS2_PLACEMENT_3D('',#1106,#1107,#1108);
#1106 = CARTESIAN_POINT('',(36.579336036838,-17.61567980817,30.));
#1107 = DIRECTION('',(0.,0.,1.));
#1108 = DIRECTION('',(-0.900968867902,0.433883739118,0.));
#1109 = ORIENTED_EDGE('',*,*,#1095,.F.);
#1110 = CYLINDRICAL_SURFACE('',#1111,1.175);
#1111 = AXIS2_PLACEMENT_3D('',#1112,#1113,#1114);
#1112 = CARTESIAN_POINT('',(36.579336036838,-17.61567980817,0.));
#1113 = DIRECTION('',(0.,0.,-1.));
#1114 = DIRECTION('',(-0.900968867902,0.433883739118,0.));
#1115 = ADVANCED_FACE('',(#1116),#1135,.T.);
#1116 = FACE_BOUND('',#1117,.F.);
#1117 = EDGE_LOOP('',(#1118,#1119,#1127,#1134));
#1118 = ORIENTED_EDGE('',*,*,#767,.T.);
#1119 = ORIENTED_EDGE('',*,*,#1120,.T.);
#1120 = EDGE_CURVE('',#768,#1121,#1123,.T.);
#1121 = VERTEX_POINT('',#1122);
#1122 = CARTESIAN_POINT('',(39.425,-4.828170005638E-15,30.));
#1123 = LINE('',#1124,#1125);
#1124 = CARTESIAN_POINT('',(39.425,-4.828170005638E-15,0.));
#1125 = VECTOR('',#1126,1.);
#1126 = DIRECTION('',(0.,0.,1.));
#1127 = ORIENTED_EDGE('',*,*,#1128,.T.);
#1128 = EDGE_CURVE('',#1121,#1121,#1129,.T.);
#1129 = CIRCLE('',#1130,1.175);
#1130 = AXIS2_PLACEMENT_3D('',#1131,#1132,#1133);
#1131 = CARTESIAN_POINT('',(40.6,-4.972066004538E-15,30.));
#1132 = DIRECTION('',(0.,0.,1.));
#1133 = DIRECTION('',(-1.,1.224646799147E-16,0.));
#1134 = ORIENTED_EDGE('',*,*,#1120,.F.);
#1135 = CYLINDRICAL_SURFACE('',#1136,1.175);
#1136 = AXIS2_PLACEMENT_3D('',#1137,#1138,#1139);
#1137 = CARTESIAN_POINT('',(40.6,-4.972066004538E-15,0.));
#1138 = DIRECTION('',(0.,0.,-1.));
#1139 = DIRECTION('',(-1.,1.224646799147E-16,0.));
#1140 = ADVANCED_FACE('',(#1141),#1160,.T.);
#1141 = FACE_BOUND('',#1142,.F.);
#1142 = EDGE_LOOP('',(#1143,#1144,#1152,#1159));
#1143 = ORIENTED_EDGE('',*,*,#787,.T.);
#1144 = ORIENTED_EDGE('',*,*,#1145,.T.);
#1145 = EDGE_CURVE('',#788,#1146,#1148,.T.);
#1146 = VERTEX_POINT('',#1147);
#1147 = CARTESIAN_POINT('',(-39.425,0.,30.));
#1148 = LINE('',#1149,#1150);
#1149 = CARTESIAN_POINT('',(-39.425,0.,0.));
#1150 = VECTOR('',#1151,1.);
#1151 = DIRECTION('',(0.,0.,1.));
#1152 = ORIENTED_EDGE('',*,*,#1153,.T.);
#1153 = EDGE_CURVE('',#1146,#1146,#1154,.T.);
#1154 = CIRCLE('',#1155,1.175);
#1155 = AXIS2_PLACEMENT_3D('',#1156,#1157,#1158);
#1156 = CARTESIAN_POINT('',(-40.6,0.,30.));
#1157 = DIRECTION('',(0.,0.,1.));
#1158 = DIRECTION('',(1.,0.,0.));
#1159 = ORIENTED_EDGE('',*,*,#1145,.F.);
#1160 = CYLINDRICAL_SURFACE('',#1161,1.175);
#1161 = AXIS2_PLACEMENT_3D('',#1162,#1163,#1164);
#1162 = CARTESIAN_POINT('',(-40.6,0.,0.));
#1163 = DIRECTION('',(-0.,-0.,-1.));
#1164 = DIRECTION('',(1.,0.,0.));
#1165 = ADVANCED_FACE('',(#1166),#1185,.T.);
#1166 = FACE_BOUND('',#1167,.F.);
#1167 = EDGE_LOOP('',(#1168,#1169,#1177,#1184));
#1168 = ORIENTED_EDGE('',*,*,#807,.T.);
#1169 = ORIENTED_EDGE('',*,*,#1170,.T.);
#1170 = EDGE_CURVE('',#808,#1171,#1173,.T.);
#1171 = VERTEX_POINT('',#1172);
#1172 = CARTESIAN_POINT('',(-35.52069761705,17.10586641471,30.));
#1173 = LINE('',#1174,#1175);
#1174 = CARTESIAN_POINT('',(-35.52069761705,17.10586641471,0.));
#1175 = VECTOR('',#1176,1.);
#1176 = DIRECTION('',(0.,0.,1.));
#1177 = ORIENTED_EDGE('',*,*,#1178,.T.);
#1178 = EDGE_CURVE('',#1171,#1171,#1179,.T.);
#1179 = CIRCLE('',#1180,1.175);
#1180 = AXIS2_PLACEMENT_3D('',#1181,#1182,#1183);
#1181 = CARTESIAN_POINT('',(-36.57933603683,17.615679808173,30.));
#1182 = DIRECTION('',(-0.,0.,1.));
#1183 = DIRECTION('',(0.900968867902,-0.433883739118,0.));
#1184 = ORIENTED_EDGE('',*,*,#1170,.F.);
#1185 = CYLINDRICAL_SURFACE('',#1186,1.175);
#1186 = AXIS2_PLACEMENT_3D('',#1187,#1188,#1189);
#1187 = CARTESIAN_POINT('',(-36.57933603683,17.615679808173,0.));
#1188 = DIRECTION('',(0.,0.,-1.));
#1189 = DIRECTION('',(0.900968867902,-0.433883739118,0.));
#1190 = ADVANCED_FACE('',(#1191),#1210,.T.);
#1191 = FACE_BOUND('',#1192,.F.);
#1192 = EDGE_LOOP('',(#1193,#1194,#1202,#1209));
#1193 = ORIENTED_EDGE('',*,*,#827,.T.);
#1194 = ORIENTED_EDGE('',*,*,#1195,.T.);
#1195 = EDGE_CURVE('',#828,#1196,#1198,.T.);
#1196 = VERTEX_POINT('',#1197);
#1197 = CARTESIAN_POINT('',(-24.58108543828,30.823706196302,30.));
#1198 = LINE('',#1199,#1200);
#1199 = CARTESIAN_POINT('',(-24.58108543828,30.823706196302,0.));
#1200 = VECTOR('',#1201,1.);
#1201 = DIRECTION('',(0.,0.,1.));
#1202 = ORIENTED_EDGE('',*,*,#1203,.T.);
#1203 = EDGE_CURVE('',#1196,#1196,#1204,.T.);
#1204 = CIRCLE('',#1205,1.175);
#1205 = AXIS2_PLACEMENT_3D('',#1206,#1207,#1208);
#1206 = CARTESIAN_POINT('',(-25.31368595546,31.742358188202,30.));
#1207 = DIRECTION('',(-0.,0.,1.));
#1208 = DIRECTION('',(0.623489801859,-0.781831482468,0.));
#1209 = ORIENTED_EDGE('',*,*,#1195,.F.);
#1210 = CYLINDRICAL_SURFACE('',#1211,1.175);
#1211 = AXIS2_PLACEMENT_3D('',#1212,#1213,#1214);
#1212 = CARTESIAN_POINT('',(-25.31368595546,31.742358188202,0.));
#1213 = DIRECTION('',(0.,0.,-1.));
#1214 = DIRECTION('',(0.623489801859,-0.781831482468,0.));
#1215 = ADVANCED_FACE('',(#1216),#1235,.T.);
#1216 = FACE_BOUND('',#1217,.F.);
#1217 = EDGE_LOOP('',(#1218,#1219,#1227,#1234));
#1218 = ORIENTED_EDGE('',*,*,#847,.T.);
#1219 = ORIENTED_EDGE('',*,*,#1220,.T.);
#1220 = EDGE_CURVE('',#848,#1221,#1223,.T.);
#1221 = VERTEX_POINT('',#1222);
#1222 = CARTESIAN_POINT('',(-8.772887821228,38.436532937768,30.));
#1223 = LINE('',#1224,#1225);
#1224 = CARTESIAN_POINT('',(-8.772887821228,38.436532937768,0.));
#1225 = VECTOR('',#1226,1.);
#1226 = DIRECTION('',(0.,0.,1.));
#1227 = ORIENTED_EDGE('',*,*,#1228,.T.);
#1228 = EDGE_CURVE('',#1221,#1221,#1229,.T.);
#1229 = CIRCLE('',#1230,1.175);
#1230 = AXIS2_PLACEMENT_3D('',#1231,#1232,#1233);
#1231 = CARTESIAN_POINT('',(-9.034349918626,39.582073234582,30.));
#1232 = DIRECTION('',(-0.,0.,1.));
#1233 = DIRECTION('',(0.222520933956,-0.974927912182,0.));
#1234 = ORIENTED_EDGE('',*,*,#1220,.F.);
#1235 = CYLINDRICAL_SURFACE('',#1236,1.175);
#1236 = AXIS2_PLACEMENT_3D('',#1237,#1238,#1239);
#1237 = CARTESIAN_POINT('',(-9.034349918626,39.582073234582,0.));
#1238 = DIRECTION('',(0.,0.,-1.));
#1239 = DIRECTION('',(0.222520933956,-0.974927912182,0.));
#1240 = ADVANCED_FACE('',(#1241),#1260,.T.);
#1241 = FACE_BOUND('',#1242,.F.);
#1242 = EDGE_LOOP('',(#1243,#1244,#1252,#1259));
#1243 = ORIENTED_EDGE('',*,*,#887,.T.);
#1244 = ORIENTED_EDGE('',*,*,#1245,.T.);
#1245 = EDGE_CURVE('',#888,#1246,#1248,.T.);
#1246 = VERTEX_POINT('',#1247);
#1247 = CARTESIAN_POINT('',(35.520697617053,17.10586641471,30.));
#1248 = LINE('',#1249,#1250);
#1249 = CARTESIAN_POINT('',(35.520697617053,17.10586641471,0.));
#1250 = VECTOR('',#1251,1.);
#1251 = DIRECTION('',(0.,0.,1.));
#1252 = ORIENTED_EDGE('',*,*,#1253,.T.);
#1253 = EDGE_CURVE('',#1246,#1246,#1254,.T.);
#1254 = CIRCLE('',#1255,1.175);
#1255 = AXIS2_PLACEMENT_3D('',#1256,#1257,#1258);
#1256 = CARTESIAN_POINT('',(36.579336036838,17.615679808173,30.));
#1257 = DIRECTION('',(0.,0.,1.));
#1258 = DIRECTION('',(-0.900968867902,-0.433883739118,0.));
#1259 = ORIENTED_EDGE('',*,*,#1245,.F.);
#1260 = CYLINDRICAL_SURFACE('',#1261,1.175);
#1261 = AXIS2_PLACEMENT_3D('',#1262,#1263,#1264);
#1262 = CARTESIAN_POINT('',(36.579336036838,17.615679808173,0.));
#1263 = DIRECTION('',(0.,0.,-1.));
#1264 = DIRECTION('',(-0.900968867902,-0.433883739118,0.));
#1265 = ADVANCED_FACE('',(#1266),#1285,.T.);
#1266 = FACE_BOUND('',#1267,.F.);
#1267 = EDGE_LOOP('',(#1268,#1269,#1277,#1284));
#1268 = ORIENTED_EDGE('',*,*,#907,.T.);
#1269 = ORIENTED_EDGE('',*,*,#1270,.T.);
#1270 = EDGE_CURVE('',#908,#1271,#1273,.T.);
#1271 = VERTEX_POINT('',#1272);
#1272 = CARTESIAN_POINT('',(8.772887821228,38.436532937768,30.));
#1273 = LINE('',#1274,#1275);
#1274 = CARTESIAN_POINT('',(8.772887821228,38.436532937768,0.));
#1275 = VECTOR('',#1276,1.);
#1276 = DIRECTION('',(0.,0.,1.));
#1277 = ORIENTED_EDGE('',*,*,#1278,.T.);
#1278 = EDGE_CURVE('',#1271,#1271,#1279,.T.);
#1279 = CIRCLE('',#1280,1.175);
#1280 = AXIS2_PLACEMENT_3D('',#1281,#1282,#1283);
#1281 = CARTESIAN_POINT('',(9.034349918626,39.582073234582,30.));
#1282 = DIRECTION('',(0.,0.,1.));
#1283 = DIRECTION('',(-0.222520933956,-0.974927912182,0.));
#1284 = ORIENTED_EDGE('',*,*,#1270,.F.);
#1285 = CYLINDRICAL_SURFACE('',#1286,1.175);
#1286 = AXIS2_PLACEMENT_3D('',#1287,#1288,#1289);
#1287 = CARTESIAN_POINT('',(9.034349918626,39.582073234582,0.));
#1288 = DIRECTION('',(0.,0.,-1.));
#1289 = DIRECTION('',(-0.222520933956,-0.974927912182,0.));
#1290 = ADVANCED_FACE('',(#1291),#1310,.T.);
#1291 = FACE_BOUND('',#1292,.F.);
#1292 = EDGE_LOOP('',(#1293,#1294,#1302,#1309));
#1293 = ORIENTED_EDGE('',*,*,#927,.T.);
#1294 = ORIENTED_EDGE('',*,*,#1295,.T.);
#1295 = EDGE_CURVE('',#928,#1296,#1298,.T.);
#1296 = VERTEX_POINT('',#1297);
#1297 = CARTESIAN_POINT('',(24.581085438281,30.823706196302,30.));
#1298 = LINE('',#1299,#1300);
#1299 = CARTESIAN_POINT('',(24.581085438281,30.823706196302,0.));
#1300 = VECTOR('',#1301,1.);
#1301 = DIRECTION('',(0.,0.,1.));
#1302 = ORIENTED_EDGE('',*,*,#1303,.T.);
#1303 = EDGE_CURVE('',#1296,#1296,#1304,.T.);
#1304 = CIRCLE('',#1305,1.175);
#1305 = AXIS2_PLACEMENT_3D('',#1306,#1307,#1308);
#1306 = CARTESIAN_POINT('',(25.313685955465,31.742358188202,30.));
#1307 = DIRECTION('',(0.,0.,1.));
#1308 = DIRECTION('',(-0.623489801859,-0.781831482468,0.));
#1309 = ORIENTED_EDGE('',*,*,#1295,.F.);
#1310 = CYLINDRICAL_SURFACE('',#1311,1.175);
#1311 = AXIS2_PLACEMENT_3D('',#1312,#1313,#1314);
#1312 = CARTESIAN_POINT('',(25.313685955465,31.742358188202,0.));
#1313 = DIRECTION('',(0.,0.,-1.));
#1314 = DIRECTION('',(-0.623489801859,-0.781831482468,0.));
#1315 = ADVANCED_FACE('',(#1316),#1319,.T.);
#1316 = FACE_BOUND('',#1317,.T.);
#1317 = EDGE_LOOP('',(#1318));
#1318 = ORIENTED_EDGE('',*,*,#978,.T.);
#1319 = PLANE('',#1320);
#1320 = AXIS2_PLACEMENT_3D('',#1321,#1322,#1323);
#1321 = CARTESIAN_POINT('',(-25.31368595546,-31.7423581882,30.));
#1322 = DIRECTION('',(0.,0.,1.));
#1323 = DIRECTION('',(0.623489801859,0.781831482468,0.));
#1324 = ADVANCED_FACE('',(#1325),#1328,.T.);
#1325 = FACE_BOUND('',#1326,.T.);
#1326 = EDGE_LOOP('',(#1327));
#1327 = ORIENTED_EDGE('',*,*,#1003,.T.);
#1328 = PLANE('',#1329);
#1329 = AXIS2_PLACEMENT_3D('',#1330,#1331,#1332);
#1330 = CARTESIAN_POINT('',(-9.034349918626,-39.58207323458,30.));
#1331 = DIRECTION('',(0.,0.,1.));
#1332 = DIRECTION('',(0.222520933956,0.974927912182,0.));
#1333 = ADVANCED_FACE('',(#1334),#1337,.T.);
#1334 = FACE_BOUND('',#1335,.T.);
#1335 = EDGE_LOOP('',(#1336));
#1336 = ORIENTED_EDGE('',*,*,#1028,.T.);
#1337 = PLANE('',#1338);
#1338 = AXIS2_PLACEMENT_3D('',#1339,#1340,#1341);
#1339 = CARTESIAN_POINT('',(-36.57933603683,-17.61567980817,30.));
#1340 = DIRECTION('',(0.,0.,1.));
#1341 = DIRECTION('',(0.900968867902,0.433883739118,0.));
#1342 = ADVANCED_FACE('',(#1343),#1346,.T.);
#1343 = FACE_BOUND('',#1344,.T.);
#1344 = EDGE_LOOP('',(#1345));
#1345 = ORIENTED_EDGE('',*,*,#1053,.T.);
#1346 = PLANE('',#1347);
#1347 = AXIS2_PLACEMENT_3D('',#1348,#1349,#1350);
#1348 = CARTESIAN_POINT('',(9.034349918626,-39.58207323458,30.));
#1349 = DIRECTION('',(0.,0.,1.));
#1350 = DIRECTION('',(-0.222520933956,0.974927912182,0.));
#1351 = ADVANCED_FACE('',(#1352),#1355,.T.);
#1352 = FACE_BOUND('',#1353,.T.);
#1353 = EDGE_LOOP('',(#1354));
#1354 = ORIENTED_EDGE('',*,*,#1078,.T.);
#1355 = PLANE('',#1356);
#1356 = AXIS2_PLACEMENT_3D('',#1357,#1358,#1359);
#1357 = CARTESIAN_POINT('',(25.313685955465,-31.7423581882,30.));
#1358 = DIRECTION('',(0.,0.,1.));
#1359 = DIRECTION('',(-0.623489801859,0.781831482468,0.));
#1360 = ADVANCED_FACE('',(#1361),#1364,.T.);
#1361 = FACE_BOUND('',#1362,.T.);
#1362 = EDGE_LOOP('',(#1363));
#1363 = ORIENTED_EDGE('',*,*,#1103,.T.);
#1364 = PLANE('',#1365);
#1365 = AXIS2_PLACEMENT_3D('',#1366,#1367,#1368);
#1366 = CARTESIAN_POINT('',(36.579336036838,-17.61567980817,30.));
#1367 = DIRECTION('',(0.,0.,1.));
#1368 = DIRECTION('',(-0.900968867902,0.433883739118,0.));
#1369 = ADVANCED_FACE('',(#1370),#1373,.T.);
#1370 = FACE_BOUND('',#1371,.T.);
#1371 = EDGE_LOOP('',(#1372));
#1372 = ORIENTED_EDGE('',*,*,#1128,.T.);
#1373 = PLANE('',#1374);
#1374 = AXIS2_PLACEMENT_3D('',#1375,#1376,#1377);
#1375 = CARTESIAN_POINT('',(40.6,-4.975337280943E-15,30.));
#1376 = DIRECTION('',(0.,0.,1.));
#1377 = DIRECTION('',(-1.,1.224646799147E-16,0.));
#1378 = ADVANCED_FACE('',(#1379),#1382,.T.);
#1379 = FACE_BOUND('',#1380,.T.);
#1380 = EDGE_LOOP('',(#1381));
#1381 = ORIENTED_EDGE('',*,*,#1153,.T.);
#1382 = PLANE('',#1383);
#1383 = AXIS2_PLACEMENT_3D('',#1384,#1385,#1386);
#1384 = CARTESIAN_POINT('',(-40.6,3.271276404536E-18,30.));
#1385 = DIRECTION('',(0.,0.,1.));
#1386 = DIRECTION('',(1.,0.,0.));
#1387 = ADVANCED_FACE('',(#1388),#1391,.T.);
#1388 = FACE_BOUND('',#1389,.T.);
#1389 = EDGE_LOOP('',(#1390));
#1390 = ORIENTED_EDGE('',*,*,#1178,.T.);
#1391 = PLANE('',#1392);
#1392 = AXIS2_PLACEMENT_3D('',#1393,#1394,#1395);
#1393 = CARTESIAN_POINT('',(-36.57933603683,17.615679808173,30.));
#1394 = DIRECTION('',(0.,0.,1.));
#1395 = DIRECTION('',(0.900968867902,-0.433883739118,0.));
#1396 = ADVANCED_FACE('',(#1397),#1400,.T.);
#1397 = FACE_BOUND('',#1398,.T.);
#1398 = EDGE_LOOP('',(#1399));
#1399 = ORIENTED_EDGE('',*,*,#1203,.T.);
#1400 = PLANE('',#1401);
#1401 = AXIS2_PLACEMENT_3D('',#1402,#1403,#1404);
#1402 = CARTESIAN_POINT('',(-25.31368595546,31.742358188202,30.));
#1403 = DIRECTION('',(0.,0.,1.));
#1404 = DIRECTION('',(0.623489801859,-0.781831482468,0.));
#1405 = ADVANCED_FACE('',(#1406),#1409,.T.);
#1406 = FACE_BOUND('',#1407,.T.);
#1407 = EDGE_LOOP('',(#1408));
#1408 = ORIENTED_EDGE('',*,*,#1228,.T.);
#1409 = PLANE('',#1410);
#1410 = AXIS2_PLACEMENT_3D('',#1411,#1412,#1413);
#1411 = CARTESIAN_POINT('',(-9.034349918626,39.582073234582,30.));
#1412 = DIRECTION('',(0.,0.,1.));
#1413 = DIRECTION('',(0.222520933956,-0.974927912182,0.));
#1414 = ADVANCED_FACE('',(#1415),#1418,.T.);
#1415 = FACE_BOUND('',#1416,.T.);
#1416 = EDGE_LOOP('',(#1417));
#1417 = ORIENTED_EDGE('',*,*,#1253,.T.);
#1418 = PLANE('',#1419);
#1419 = AXIS2_PLACEMENT_3D('',#1420,#1421,#1422);
#1420 = CARTESIAN_POINT('',(36.579336036838,17.615679808173,30.));
#1421 = DIRECTION('',(0.,0.,1.));
#1422 = DIRECTION('',(-0.900968867902,-0.433883739118,0.));
#1423 = ADVANCED_FACE('',(#1424),#1427,.T.);
#1424 = FACE_BOUND('',#1425,.T.);
#1425 = EDGE_LOOP('',(#1426));
#1426 = ORIENTED_EDGE('',*,*,#1278,.T.);
#1427 = PLANE('',#1428);
#1428 = AXIS2_PLACEMENT_3D('',#1429,#1430,#1431);
#1429 = CARTESIAN_POINT('',(9.034349918626,39.582073234582,30.));
#1430 = DIRECTION('',(0.,0.,1.));
#1431 = DIRECTION('',(-0.222520933956,-0.974927912182,0.));
#1432 = ADVANCED_FACE('',(#1433),#1436,.T.);
#1433 = FACE_BOUND('',#1434,.T.);
#1434 = EDGE_LOOP('',(#1435));
#1435 = ORIENTED_EDGE('',*,*,#1303,.T.);
#1436 = PLANE('',#1437);
#1437 = AXIS2_PLACEMENT_3D('',#1438,#1439,#1440);
#1438 = CARTESIAN_POINT('',(25.313685955465,31.742358188202,30.));
#1439 = DIRECTION('',(0.,0.,1.));
#1440 = DIRECTION('',(-0.623489801859,-0.781831482468,0.));
#1441 = ADVANCED_FACE('',(#1442,#1445,#1448,#1459,#1470,#1481,#1492,
    #1503,#1514,#1525,#1536,#1547,#1558,#1569,#1580,#1591),#1602,.T.);
#1442 = FACE_BOUND('',#1443,.T.);
#1443 = EDGE_LOOP('',(#1444));
#1444 = ORIENTED_EDGE('',*,*,#245,.F.);
#1445 = FACE_BOUND('',#1446,.T.);
#1446 = EDGE_LOOP('',(#1447));
#1447 = ORIENTED_EDGE('',*,*,#954,.T.);
#1448 = FACE_BOUND('',#1449,.T.);
#1449 = EDGE_LOOP('',(#1450));
#1450 = ORIENTED_EDGE('',*,*,#1451,.T.);
#1451 = EDGE_CURVE('',#1452,#1452,#1454,.T.);
#1452 = VERTEX_POINT('',#1453);
#1453 = CARTESIAN_POINT('',(35.250406956682,-16.97570129297,0.));
#1454 = CIRCLE('',#1455,1.475);
#1455 = AXIS2_PLACEMENT_3D('',#1456,#1457,#1458);
#1456 = CARTESIAN_POINT('',(36.579336036838,-17.61567980817,0.));
#1457 = DIRECTION('',(0.,0.,1.));
#1458 = DIRECTION('',(-0.900968867902,0.433883739118,0.));
#1459 = FACE_BOUND('',#1460,.T.);
#1460 = EDGE_LOOP('',(#1461));
#1461 = ORIENTED_EDGE('',*,*,#1462,.T.);
#1462 = EDGE_CURVE('',#1463,#1463,#1465,.T.);
#1463 = VERTEX_POINT('',#1464);
#1464 = CARTESIAN_POINT('',(-24.39403849772,-30.58915675156,0.));
#1465 = CIRCLE('',#1466,1.475);
#1466 = AXIS2_PLACEMENT_3D('',#1467,#1468,#1469);
#1467 = CARTESIAN_POINT('',(-25.31368595546,-31.7423581882,0.));
#1468 = DIRECTION('',(0.,-0.,1.));
#1469 = DIRECTION('',(0.623489801859,0.781831482468,0.));
#1470 = FACE_BOUND('',#1471,.T.);
#1471 = EDGE_LOOP('',(#1472));
#1472 = ORIENTED_EDGE('',*,*,#1473,.T.);
#1473 = EDGE_CURVE('',#1474,#1474,#1476,.T.);
#1474 = VERTEX_POINT('',#1475);
#1475 = CARTESIAN_POINT('',(-35.25040695668,-16.97570129297,0.));
#1476 = CIRCLE('',#1477,1.475);
#1477 = AXIS2_PLACEMENT_3D('',#1478,#1479,#1480);
#1478 = CARTESIAN_POINT('',(-36.57933603683,-17.61567980817,0.));
#1479 = DIRECTION('',(0.,-0.,1.));
#1480 = DIRECTION('',(0.900968867902,0.433883739118,0.));
#1481 = FACE_BOUND('',#1482,.T.);
#1482 = EDGE_LOOP('',(#1483));
#1483 = ORIENTED_EDGE('',*,*,#1484,.T.);
#1484 = EDGE_CURVE('',#1485,#1485,#1487,.T.);
#1485 = VERTEX_POINT('',#1486);
#1486 = CARTESIAN_POINT('',(35.250406956682,16.975701292974,0.));
#1487 = CIRCLE('',#1488,1.475);
#1488 = AXIS2_PLACEMENT_3D('',#1489,#1490,#1491);
#1489 = CARTESIAN_POINT('',(36.579336036838,17.615679808173,0.));
#1490 = DIRECTION('',(0.,0.,1.));
#1491 = DIRECTION('',(-0.900968867902,-0.433883739118,0.));
#1492 = FACE_BOUND('',#1493,.T.);
#1493 = EDGE_LOOP('',(#1494));
#1494 = ORIENTED_EDGE('',*,*,#1495,.T.);
#1495 = EDGE_CURVE('',#1496,#1496,#1498,.T.);
#1496 = VERTEX_POINT('',#1497);
#1497 = CARTESIAN_POINT('',(-35.25040695668,16.975701292974,0.));
#1498 = CIRCLE('',#1499,1.475);
#1499 = AXIS2_PLACEMENT_3D('',#1500,#1501,#1502);
#1500 = CARTESIAN_POINT('',(-36.57933603683,17.615679808173,0.));
#1501 = DIRECTION('',(-0.,0.,1.));
#1502 = DIRECTION('',(0.900968867902,-0.433883739118,0.));
#1503 = FACE_BOUND('',#1504,.T.);
#1504 = EDGE_LOOP('',(#1505));
#1505 = ORIENTED_EDGE('',*,*,#1506,.T.);
#1506 = EDGE_CURVE('',#1507,#1507,#1509,.T.);
#1507 = VERTEX_POINT('',#1508);
#1508 = CARTESIAN_POINT('',(-39.125,0.,0.));
#1509 = CIRCLE('',#1510,1.475);
#1510 = AXIS2_PLACEMENT_3D('',#1511,#1512,#1513);
#1511 = CARTESIAN_POINT('',(-40.6,0.,0.));
#1512 = DIRECTION('',(0.,0.,1.));
#1513 = DIRECTION('',(1.,0.,0.));
#1514 = FACE_BOUND('',#1515,.T.);
#1515 = EDGE_LOOP('',(#1516));
#1516 = ORIENTED_EDGE('',*,*,#1517,.T.);
#1517 = EDGE_CURVE('',#1518,#1518,#1520,.T.);
#1518 = VERTEX_POINT('',#1519);
#1519 = CARTESIAN_POINT('',(39.125,-4.791430601664E-15,0.));
#1520 = CIRCLE('',#1521,1.475);
#1521 = AXIS2_PLACEMENT_3D('',#1522,#1523,#1524);
#1522 = CARTESIAN_POINT('',(40.6,-4.972066004538E-15,0.));
#1523 = DIRECTION('',(0.,0.,1.));
#1524 = DIRECTION('',(-1.,1.224646799147E-16,0.));
#1525 = FACE_BOUND('',#1526,.T.);
#1526 = EDGE_LOOP('',(#1527));
#1527 = ORIENTED_EDGE('',*,*,#1528,.T.);
#1528 = EDGE_CURVE('',#1529,#1529,#1531,.T.);
#1529 = VERTEX_POINT('',#1530);
#1530 = CARTESIAN_POINT('',(24.394038497723,-30.58915675156,0.));
#1531 = CIRCLE('',#1532,1.475);
#1532 = AXIS2_PLACEMENT_3D('',#1533,#1534,#1535);
#1533 = CARTESIAN_POINT('',(25.313685955465,-31.7423581882,0.));
#1534 = DIRECTION('',(0.,0.,1.));
#1535 = DIRECTION('',(-0.623489801859,0.781831482468,0.));
#1536 = FACE_BOUND('',#1537,.T.);
#1537 = EDGE_LOOP('',(#1538));
#1538 = ORIENTED_EDGE('',*,*,#1539,.T.);
#1539 = EDGE_CURVE('',#1540,#1540,#1542,.T.);
#1540 = VERTEX_POINT('',#1541);
#1541 = CARTESIAN_POINT('',(8.706131541041,-38.14405456411,0.));
#1542 = CIRCLE('',#1543,1.475);
#1543 = AXIS2_PLACEMENT_3D('',#1544,#1545,#1546);
#1544 = CARTESIAN_POINT('',(9.034349918626,-39.58207323458,0.));
#1545 = DIRECTION('',(0.,0.,1.));
#1546 = DIRECTION('',(-0.222520933956,0.974927912182,0.));
#1547 = FACE_BOUND('',#1548,.T.);
#1548 = EDGE_LOOP('',(#1549));
#1549 = ORIENTED_EDGE('',*,*,#1550,.T.);
#1550 = EDGE_CURVE('',#1551,#1551,#1553,.T.);
#1551 = VERTEX_POINT('',#1552);
#1552 = CARTESIAN_POINT('',(-8.706131541041,-38.14405456411,0.));
#1553 = CIRCLE('',#1554,1.475);
#1554 = AXIS2_PLACEMENT_3D('',#1555,#1556,#1557);
#1555 = CARTESIAN_POINT('',(-9.034349918626,-39.58207323458,0.));
#1556 = DIRECTION('',(0.,-0.,1.));
#1557 = DIRECTION('',(0.222520933956,0.974927912182,0.));
#1558 = FACE_BOUND('',#1559,.T.);
#1559 = EDGE_LOOP('',(#1560));
#1560 = ORIENTED_EDGE('',*,*,#1561,.T.);
#1561 = EDGE_CURVE('',#1562,#1562,#1564,.T.);
#1562 = VERTEX_POINT('',#1563);
#1563 = CARTESIAN_POINT('',(24.394038497723,30.589156751562,0.));
#1564 = CIRCLE('',#1565,1.475);
#1565 = AXIS2_PLACEMENT_3D('',#1566,#1567,#1568);
#1566 = CARTESIAN_POINT('',(25.313685955465,31.742358188202,0.));
#1567 = DIRECTION('',(0.,0.,1.));
#1568 = DIRECTION('',(-0.623489801859,-0.781831482468,0.));
#1569 = FACE_BOUND('',#1570,.T.);
#1570 = EDGE_LOOP('',(#1571));
#1571 = ORIENTED_EDGE('',*,*,#1572,.T.);
#1572 = EDGE_CURVE('',#1573,#1573,#1575,.T.);
#1573 = VERTEX_POINT('',#1574);
#1574 = CARTESIAN_POINT('',(8.706131541041,38.144054564114,0.));
#1575 = CIRCLE('',#1576,1.475);
#1576 = AXIS2_PLACEMENT_3D('',#1577,#1578,#1579);
#1577 = CARTESIAN_POINT('',(9.034349918626,39.582073234582,0.));
#1578 = DIRECTION('',(0.,0.,1.));
#1579 = DIRECTION('',(-0.222520933956,-0.974927912182,0.));
#1580 = FACE_BOUND('',#1581,.T.);
#1581 = EDGE_LOOP('',(#1582));
#1582 = ORIENTED_EDGE('',*,*,#1583,.T.);
#1583 = EDGE_CURVE('',#1584,#1584,#1586,.T.);
#1584 = VERTEX_POINT('',#1585);
#1585 = CARTESIAN_POINT('',(-8.706131541041,38.144054564114,0.));
#1586 = CIRCLE('',#1587,1.475);
#1587 = AXIS2_PLACEMENT_3D('',#1588,#1589,#1590);
#1588 = CARTESIAN_POINT('',(-9.034349918626,39.582073234582,0.));
#1589 = DIRECTION('',(-0.,0.,1.));
#1590 = DIRECTION('',(0.222520933956,-0.974927912182,0.));
#1591 = FACE_BOUND('',#1592,.T.);
#1592 = EDGE_LOOP('',(#1593));
#1593 = ORIENTED_EDGE('',*,*,#1594,.T.);
#1594 = EDGE_CURVE('',#1595,#1595,#1597,.T.);
#1595 = VERTEX_POINT('',#1596);
#1596 = CARTESIAN_POINT('',(-24.39403849772,30.589156751562,0.));
#1597 = CIRCLE('',#1598,1.475);
#1598 = AXIS2_PLACEMENT_3D('',#1599,#1600,#1601);
#1599 = CARTESIAN_POINT('',(-25.31368595546,31.742358188202,0.));
#1600 = DIRECTION('',(-0.,0.,1.));
#1601 = DIRECTION('',(0.623489801859,-0.781831482468,0.));
#1602 = PLANE('',#1603);
#1603 = AXIS2_PLACEMENT_3D('',#1604,#1605,#1606);
#1604 = CARTESIAN_POINT('',(-2.864427225004E-15,2.832503573728E-15,0.));
#1605 = DIRECTION('',(-0.,-0.,-1.));
#1606 = DIRECTION('',(-1.,0.,0.));
#1607 = ADVANCED_FACE('',(#1608),#1627,.F.);
#1608 = FACE_BOUND('',#1609,.T.);
#1609 = EDGE_LOOP('',(#1610,#1618,#1625,#1626));
#1610 = ORIENTED_EDGE('',*,*,#1611,.T.);
#1611 = EDGE_CURVE('',#1452,#1612,#1614,.T.);
#1612 = VERTEX_POINT('',#1613);
#1613 = CARTESIAN_POINT('',(35.250406956682,-16.97570129297,15.));
#1614 = LINE('',#1615,#1616);
#1615 = CARTESIAN_POINT('',(35.250406956682,-16.97570129297,0.));
#1616 = VECTOR('',#1617,1.);
#1617 = DIRECTION('',(0.,0.,1.));
#1618 = ORIENTED_EDGE('',*,*,#1619,.T.);
#1619 = EDGE_CURVE('',#1612,#1612,#1620,.T.);
#1620 = CIRCLE('',#1621,1.475);
#1621 = AXIS2_PLACEMENT_3D('',#1622,#1623,#1624);
#1622 = CARTESIAN_POINT('',(36.579336036838,-17.61567980817,15.));
#1623 = DIRECTION('',(0.,0.,1.));
#1624 = DIRECTION('',(-0.900968867902,0.433883739118,0.));
#1625 = ORIENTED_EDGE('',*,*,#1611,.F.);
#1626 = ORIENTED_EDGE('',*,*,#1451,.F.);
#1627 = CYLINDRICAL_SURFACE('',#1628,1.475);
#1628 = AXIS2_PLACEMENT_3D('',#1629,#1630,#1631);
#1629 = CARTESIAN_POINT('',(36.579336036838,-17.61567980817,0.));
#1630 = DIRECTION('',(0.,0.,-1.));
#1631 = DIRECTION('',(-0.900968867902,0.433883739118,0.));
#1632 = ADVANCED_FACE('',(#1633),#1636,.F.);
#1633 = FACE_BOUND('',#1634,.F.);
#1634 = EDGE_LOOP('',(#1635));
#1635 = ORIENTED_EDGE('',*,*,#1619,.T.);
#1636 = PLANE('',#1637);
#1637 = AXIS2_PLACEMENT_3D('',#1638,#1639,#1640);
#1638 = CARTESIAN_POINT('',(36.579336036838,-17.61567980817,15.));
#1639 = DIRECTION('',(0.,0.,1.));
#1640 = DIRECTION('',(-0.900968867902,0.433883739118,0.));
#1641 = ADVANCED_FACE('',(#1642),#1661,.F.);
#1642 = FACE_BOUND('',#1643,.T.);
#1643 = EDGE_LOOP('',(#1644,#1652,#1659,#1660));
#1644 = ORIENTED_EDGE('',*,*,#1645,.T.);
#1645 = EDGE_CURVE('',#1463,#1646,#1648,.T.);
#1646 = VERTEX_POINT('',#1647);
#1647 = CARTESIAN_POINT('',(-24.39403849772,-30.58915675156,15.));
#1648 = LINE('',#1649,#1650);
#1649 = CARTESIAN_POINT('',(-24.39403849772,-30.58915675156,0.));
#1650 = VECTOR('',#1651,1.);
#1651 = DIRECTION('',(0.,0.,1.));
#1652 = ORIENTED_EDGE('',*,*,#1653,.T.);
#1653 = EDGE_CURVE('',#1646,#1646,#1654,.T.);
#1654 = CIRCLE('',#1655,1.475);
#1655 = AXIS2_PLACEMENT_3D('',#1656,#1657,#1658);
#1656 = CARTESIAN_POINT('',(-25.31368595546,-31.7423581882,15.));
#1657 = DIRECTION('',(0.,-0.,1.));
#1658 = DIRECTION('',(0.623489801859,0.781831482468,0.));
#1659 = ORIENTED_EDGE('',*,*,#1645,.F.);
#1660 = ORIENTED_EDGE('',*,*,#1462,.F.);
#1661 = CYLINDRICAL_SURFACE('',#1662,1.475);
#1662 = AXIS2_PLACEMENT_3D('',#1663,#1664,#1665);
#1663 = CARTESIAN_POINT('',(-25.31368595546,-31.7423581882,0.));
#1664 = DIRECTION('',(0.,-0.,-1.));
#1665 = DIRECTION('',(0.623489801859,0.781831482468,0.));
#1666 = ADVANCED_FACE('',(#1667),#1670,.F.);
#1667 = FACE_BOUND('',#1668,.F.);
#1668 = EDGE_LOOP('',(#1669));
#1669 = ORIENTED_EDGE('',*,*,#1653,.T.);
#1670 = PLANE('',#1671);
#1671 = AXIS2_PLACEMENT_3D('',#1672,#1673,#1674);
#1672 = CARTESIAN_POINT('',(-25.31368595546,-31.7423581882,15.));
#1673 = DIRECTION('',(0.,0.,1.));
#1674 = DIRECTION('',(0.623489801859,0.781831482468,0.));
#1675 = ADVANCED_FACE('',(#1676),#1695,.F.);
#1676 = FACE_BOUND('',#1677,.T.);
#1677 = EDGE_LOOP('',(#1678,#1686,#1693,#1694));
#1678 = ORIENTED_EDGE('',*,*,#1679,.T.);
#1679 = EDGE_CURVE('',#1474,#1680,#1682,.T.);
#1680 = VERTEX_POINT('',#1681);
#1681 = CARTESIAN_POINT('',(-35.25040695668,-16.97570129297,15.));
#1682 = LINE('',#1683,#1684);
#1683 = CARTESIAN_POINT('',(-35.25040695668,-16.97570129297,0.));
#1684 = VECTOR('',#1685,1.);
#1685 = DIRECTION('',(0.,0.,1.));
#1686 = ORIENTED_EDGE('',*,*,#1687,.T.);
#1687 = EDGE_CURVE('',#1680,#1680,#1688,.T.);
#1688 = CIRCLE('',#1689,1.475);
#1689 = AXIS2_PLACEMENT_3D('',#1690,#1691,#1692);
#1690 = CARTESIAN_POINT('',(-36.57933603683,-17.61567980817,15.));
#1691 = DIRECTION('',(0.,-0.,1.));
#1692 = DIRECTION('',(0.900968867902,0.433883739118,0.));
#1693 = ORIENTED_EDGE('',*,*,#1679,.F.);
#1694 = ORIENTED_EDGE('',*,*,#1473,.F.);
#1695 = CYLINDRICAL_SURFACE('',#1696,1.475);
#1696 = AXIS2_PLACEMENT_3D('',#1697,#1698,#1699);
#1697 = CARTESIAN_POINT('',(-36.57933603683,-17.61567980817,0.));
#1698 = DIRECTION('',(0.,0.,-1.));
#1699 = DIRECTION('',(0.900968867902,0.433883739118,0.));
#1700 = ADVANCED_FACE('',(#1701),#1704,.F.);
#1701 = FACE_BOUND('',#1702,.F.);
#1702 = EDGE_LOOP('',(#1703));
#1703 = ORIENTED_EDGE('',*,*,#1687,.T.);
#1704 = PLANE('',#1705);
#1705 = AXIS2_PLACEMENT_3D('',#1706,#1707,#1708);
#1706 = CARTESIAN_POINT('',(-36.57933603683,-17.61567980817,15.));
#1707 = DIRECTION('',(0.,0.,1.));
#1708 = DIRECTION('',(0.900968867902,0.433883739118,0.));
#1709 = ADVANCED_FACE('',(#1710),#1729,.F.);
#1710 = FACE_BOUND('',#1711,.T.);
#1711 = EDGE_LOOP('',(#1712,#1720,#1727,#1728));
#1712 = ORIENTED_EDGE('',*,*,#1713,.T.);
#1713 = EDGE_CURVE('',#1485,#1714,#1716,.T.);
#1714 = VERTEX_POINT('',#1715);
#1715 = CARTESIAN_POINT('',(35.250406956682,16.975701292974,15.));
#1716 = LINE('',#1717,#1718);
#1717 = CARTESIAN_POINT('',(35.250406956682,16.975701292974,0.));
#1718 = VECTOR('',#1719,1.);
#1719 = DIRECTION('',(0.,0.,1.));
#1720 = ORIENTED_EDGE('',*,*,#1721,.T.);
#1721 = EDGE_CURVE('',#1714,#1714,#1722,.T.);
#1722 = CIRCLE('',#1723,1.475);
#1723 = AXIS2_PLACEMENT_3D('',#1724,#1725,#1726);
#1724 = CARTESIAN_POINT('',(36.579336036838,17.615679808173,15.));
#1725 = DIRECTION('',(0.,0.,1.));
#1726 = DIRECTION('',(-0.900968867902,-0.433883739118,0.));
#1727 = ORIENTED_EDGE('',*,*,#1713,.F.);
#1728 = ORIENTED_EDGE('',*,*,#1484,.F.);
#1729 = CYLINDRICAL_SURFACE('',#1730,1.475);
#1730 = AXIS2_PLACEMENT_3D('',#1731,#1732,#1733);
#1731 = CARTESIAN_POINT('',(36.579336036838,17.615679808173,0.));
#1732 = DIRECTION('',(0.,0.,-1.));
#1733 = DIRECTION('',(-0.900968867902,-0.433883739118,0.));
#1734 = ADVANCED_FACE('',(#1735),#1738,.F.);
#1735 = FACE_BOUND('',#1736,.F.);
#1736 = EDGE_LOOP('',(#1737));
#1737 = ORIENTED_EDGE('',*,*,#1721,.T.);
#1738 = PLANE('',#1739);
#1739 = AXIS2_PLACEMENT_3D('',#1740,#1741,#1742);
#1740 = CARTESIAN_POINT('',(36.579336036838,17.615679808173,15.));
#1741 = DIRECTION('',(0.,0.,1.));
#1742 = DIRECTION('',(-0.900968867902,-0.433883739118,0.));
#1743 = ADVANCED_FACE('',(#1744),#1763,.F.);
#1744 = FACE_BOUND('',#1745,.T.);
#1745 = EDGE_LOOP('',(#1746,#1754,#1761,#1762));
#1746 = ORIENTED_EDGE('',*,*,#1747,.T.);
#1747 = EDGE_CURVE('',#1496,#1748,#1750,.T.);
#1748 = VERTEX_POINT('',#1749);
#1749 = CARTESIAN_POINT('',(-35.25040695668,16.975701292974,15.));
#1750 = LINE('',#1751,#1752);
#1751 = CARTESIAN_POINT('',(-35.25040695668,16.975701292974,0.));
#1752 = VECTOR('',#1753,1.);
#1753 = DIRECTION('',(0.,0.,1.));
#1754 = ORIENTED_EDGE('',*,*,#1755,.T.);
#1755 = EDGE_CURVE('',#1748,#1748,#1756,.T.);
#1756 = CIRCLE('',#1757,1.475);
#1757 = AXIS2_PLACEMENT_3D('',#1758,#1759,#1760);
#1758 = CARTESIAN_POINT('',(-36.57933603683,17.615679808173,15.));
#1759 = DIRECTION('',(-0.,0.,1.));
#1760 = DIRECTION('',(0.900968867902,-0.433883739118,0.));
#1761 = ORIENTED_EDGE('',*,*,#1747,.F.);
#1762 = ORIENTED_EDGE('',*,*,#1495,.F.);
#1763 = CYLINDRICAL_SURFACE('',#1764,1.475);
#1764 = AXIS2_PLACEMENT_3D('',#1765,#1766,#1767);
#1765 = CARTESIAN_POINT('',(-36.57933603683,17.615679808173,0.));
#1766 = DIRECTION('',(0.,0.,-1.));
#1767 = DIRECTION('',(0.900968867902,-0.433883739118,0.));
#1768 = ADVANCED_FACE('',(#1769),#1772,.F.);
#1769 = FACE_BOUND('',#1770,.F.);
#1770 = EDGE_LOOP('',(#1771));
#1771 = ORIENTED_EDGE('',*,*,#1755,.T.);
#1772 = PLANE('',#1773);
#1773 = AXIS2_PLACEMENT_3D('',#1774,#1775,#1776);
#1774 = CARTESIAN_POINT('',(-36.57933603683,17.615679808173,15.));
#1775 = DIRECTION('',(0.,0.,1.));
#1776 = DIRECTION('',(0.900968867902,-0.433883739118,0.));
#1777 = ADVANCED_FACE('',(#1778),#1797,.F.);
#1778 = FACE_BOUND('',#1779,.T.);
#1779 = EDGE_LOOP('',(#1780,#1788,#1795,#1796));
#1780 = ORIENTED_EDGE('',*,*,#1781,.T.);
#1781 = EDGE_CURVE('',#1507,#1782,#1784,.T.);
#1782 = VERTEX_POINT('',#1783);
#1783 = CARTESIAN_POINT('',(-39.125,0.,15.));
#1784 = LINE('',#1785,#1786);
#1785 = CARTESIAN_POINT('',(-39.125,0.,0.));
#1786 = VECTOR('',#1787,1.);
#1787 = DIRECTION('',(0.,0.,1.));
#1788 = ORIENTED_EDGE('',*,*,#1789,.T.);
#1789 = EDGE_CURVE('',#1782,#1782,#1790,.T.);
#1790 = CIRCLE('',#1791,1.475);
#1791 = AXIS2_PLACEMENT_3D('',#1792,#1793,#1794);
#1792 = CARTESIAN_POINT('',(-40.6,0.,15.));
#1793 = DIRECTION('',(0.,0.,1.));
#1794 = DIRECTION('',(1.,0.,0.));
#1795 = ORIENTED_EDGE('',*,*,#1781,.F.);
#1796 = ORIENTED_EDGE('',*,*,#1506,.F.);
#1797 = CYLINDRICAL_SURFACE('',#1798,1.475);
#1798 = AXIS2_PLACEMENT_3D('',#1799,#1800,#1801);
#1799 = CARTESIAN_POINT('',(-40.6,0.,0.));
#1800 = DIRECTION('',(-0.,-0.,-1.));
#1801 = DIRECTION('',(1.,0.,0.));
#1802 = ADVANCED_FACE('',(#1803),#1806,.F.);
#1803 = FACE_BOUND('',#1804,.F.);
#1804 = EDGE_LOOP('',(#1805));
#1805 = ORIENTED_EDGE('',*,*,#1789,.T.);
#1806 = PLANE('',#1807);
#1807 = AXIS2_PLACEMENT_3D('',#1808,#1809,#1810);
#1808 = CARTESIAN_POINT('',(-40.6,-3.40762890335E-16,15.));
#1809 = DIRECTION('',(0.,0.,1.));
#1810 = DIRECTION('',(1.,0.,0.));
#1811 = ADVANCED_FACE('',(#1812),#1831,.F.);
#1812 = FACE_BOUND('',#1813,.T.);
#1813 = EDGE_LOOP('',(#1814,#1822,#1829,#1830));
#1814 = ORIENTED_EDGE('',*,*,#1815,.T.);
#1815 = EDGE_CURVE('',#1518,#1816,#1818,.T.);
#1816 = VERTEX_POINT('',#1817);
#1817 = CARTESIAN_POINT('',(39.125,-4.791430601664E-15,15.));
#1818 = LINE('',#1819,#1820);
#1819 = CARTESIAN_POINT('',(39.125,-4.791430601664E-15,0.));
#1820 = VECTOR('',#1821,1.);
#1821 = DIRECTION('',(0.,0.,1.));
#1822 = ORIENTED_EDGE('',*,*,#1823,.T.);
#1823 = EDGE_CURVE('',#1816,#1816,#1824,.T.);
#1824 = CIRCLE('',#1825,1.475);
#1825 = AXIS2_PLACEMENT_3D('',#1826,#1827,#1828);
#1826 = CARTESIAN_POINT('',(40.6,-4.972066004538E-15,15.));
#1827 = DIRECTION('',(0.,0.,1.));
#1828 = DIRECTION('',(-1.,1.224646799147E-16,0.));
#1829 = ORIENTED_EDGE('',*,*,#1815,.F.);
#1830 = ORIENTED_EDGE('',*,*,#1517,.F.);
#1831 = CYLINDRICAL_SURFACE('',#1832,1.475);
#1832 = AXIS2_PLACEMENT_3D('',#1833,#1834,#1835);
#1833 = CARTESIAN_POINT('',(40.6,-4.972066004538E-15,0.));
#1834 = DIRECTION('',(0.,0.,-1.));
#1835 = DIRECTION('',(-1.,1.224646799147E-16,0.));
#1836 = ADVANCED_FACE('',(#1837),#1840,.F.);
#1837 = FACE_BOUND('',#1838,.F.);
#1838 = EDGE_LOOP('',(#1839));
#1839 = ORIENTED_EDGE('',*,*,#1823,.T.);
#1840 = PLANE('',#1841);
#1841 = AXIS2_PLACEMENT_3D('',#1842,#1843,#1844);
#1842 = CARTESIAN_POINT('',(40.6,-4.631303114203E-15,15.));
#1843 = DIRECTION('',(0.,0.,1.));
#1844 = DIRECTION('',(-1.,1.224646799147E-16,0.));
#1845 = ADVANCED_FACE('',(#1846),#1865,.F.);
#1846 = FACE_BOUND('',#1847,.T.);
#1847 = EDGE_LOOP('',(#1848,#1856,#1863,#1864));
#1848 = ORIENTED_EDGE('',*,*,#1849,.T.);
#1849 = EDGE_CURVE('',#1529,#1850,#1852,.T.);
#1850 = VERTEX_POINT('',#1851);
#1851 = CARTESIAN_POINT('',(24.394038497723,-30.58915675156,15.));
#1852 = LINE('',#1853,#1854);
#1853 = CARTESIAN_POINT('',(24.394038497723,-30.58915675156,0.));
#1854 = VECTOR('',#1855,1.);
#1855 = DIRECTION('',(0.,0.,1.));
#1856 = ORIENTED_EDGE('',*,*,#1857,.T.);
#1857 = EDGE_CURVE('',#1850,#1850,#1858,.T.);
#1858 = CIRCLE('',#1859,1.475);
#1859 = AXIS2_PLACEMENT_3D('',#1860,#1861,#1862);
#1860 = CARTESIAN_POINT('',(25.313685955465,-31.7423581882,15.));
#1861 = DIRECTION('',(0.,0.,1.));
#1862 = DIRECTION('',(-0.623489801859,0.781831482468,0.));
#1863 = ORIENTED_EDGE('',*,*,#1849,.F.);
#1864 = ORIENTED_EDGE('',*,*,#1528,.F.);
#1865 = CYLINDRICAL_SURFACE('',#1866,1.475);
#1866 = AXIS2_PLACEMENT_3D('',#1867,#1868,#1869);
#1867 = CARTESIAN_POINT('',(25.313685955465,-31.7423581882,0.));
#1868 = DIRECTION('',(-0.,0.,-1.));
#1869 = DIRECTION('',(-0.623489801859,0.781831482468,0.));
#1870 = ADVANCED_FACE('',(#1871),#1874,.F.);
#1871 = FACE_BOUND('',#1872,.F.);
#1872 = EDGE_LOOP('',(#1873));
#1873 = ORIENTED_EDGE('',*,*,#1857,.T.);
#1874 = PLANE('',#1875);
#1875 = AXIS2_PLACEMENT_3D('',#1876,#1877,#1878);
#1876 = CARTESIAN_POINT('',(25.313685955465,-31.7423581882,15.));
#1877 = DIRECTION('',(0.,0.,1.));
#1878 = DIRECTION('',(-0.623489801859,0.781831482468,0.));
#1879 = ADVANCED_FACE('',(#1880),#1899,.F.);
#1880 = FACE_BOUND('',#1881,.T.);
#1881 = EDGE_LOOP('',(#1882,#1890,#1897,#1898));
#1882 = ORIENTED_EDGE('',*,*,#1883,.T.);
#1883 = EDGE_CURVE('',#1540,#1884,#1886,.T.);
#1884 = VERTEX_POINT('',#1885);
#1885 = CARTESIAN_POINT('',(8.706131541041,-38.14405456411,15.));
#1886 = LINE('',#1887,#1888);
#1887 = CARTESIAN_POINT('',(8.706131541041,-38.14405456411,0.));
#1888 = VECTOR('',#1889,1.);
#1889 = DIRECTION('',(0.,0.,1.));
#1890 = ORIENTED_EDGE('',*,*,#1891,.T.);
#1891 = EDGE_CURVE('',#1884,#1884,#1892,.T.);
#1892 = CIRCLE('',#1893,1.475);
#1893 = AXIS2_PLACEMENT_3D('',#1894,#1895,#1896);
#1894 = CARTESIAN_POINT('',(9.034349918626,-39.58207323458,15.));
#1895 = DIRECTION('',(0.,0.,1.));
#1896 = DIRECTION('',(-0.222520933956,0.974927912182,0.));
#1897 = ORIENTED_EDGE('',*,*,#1883,.F.);
#1898 = ORIENTED_EDGE('',*,*,#1539,.F.);
#1899 = CYLINDRICAL_SURFACE('',#1900,1.475);
#1900 = AXIS2_PLACEMENT_3D('',#1901,#1902,#1903);
#1901 = CARTESIAN_POINT('',(9.034349918626,-39.58207323458,0.));
#1902 = DIRECTION('',(-0.,0.,-1.));
#1903 = DIRECTION('',(-0.222520933956,0.974927912182,0.));
#1904 = ADVANCED_FACE('',(#1905),#1908,.F.);
#1905 = FACE_BOUND('',#1906,.F.);
#1906 = EDGE_LOOP('',(#1907));
#1907 = ORIENTED_EDGE('',*,*,#1891,.T.);
#1908 = PLANE('',#1909);
#1909 = AXIS2_PLACEMENT_3D('',#1910,#1911,#1912);
#1910 = CARTESIAN_POINT('',(9.034349918626,-39.58207323458,15.));
#1911 = DIRECTION('',(0.,0.,1.));
#1912 = DIRECTION('',(-0.222520933956,0.974927912182,0.));
#1913 = ADVANCED_FACE('',(#1914),#1933,.F.);
#1914 = FACE_BOUND('',#1915,.T.);
#1915 = EDGE_LOOP('',(#1916,#1924,#1931,#1932));
#1916 = ORIENTED_EDGE('',*,*,#1917,.T.);
#1917 = EDGE_CURVE('',#1551,#1918,#1920,.T.);
#1918 = VERTEX_POINT('',#1919);
#1919 = CARTESIAN_POINT('',(-8.706131541041,-38.14405456411,15.));
#1920 = LINE('',#1921,#1922);
#1921 = CARTESIAN_POINT('',(-8.706131541041,-38.14405456411,0.));
#1922 = VECTOR('',#1923,1.);
#1923 = DIRECTION('',(0.,0.,1.));
#1924 = ORIENTED_EDGE('',*,*,#1925,.T.);
#1925 = EDGE_CURVE('',#1918,#1918,#1926,.T.);
#1926 = CIRCLE('',#1927,1.475);
#1927 = AXIS2_PLACEMENT_3D('',#1928,#1929,#1930);
#1928 = CARTESIAN_POINT('',(-9.034349918626,-39.58207323458,15.));
#1929 = DIRECTION('',(0.,-0.,1.));
#1930 = DIRECTION('',(0.222520933956,0.974927912182,0.));
#1931 = ORIENTED_EDGE('',*,*,#1917,.F.);
#1932 = ORIENTED_EDGE('',*,*,#1550,.F.);
#1933 = CYLINDRICAL_SURFACE('',#1934,1.475);
#1934 = AXIS2_PLACEMENT_3D('',#1935,#1936,#1937);
#1935 = CARTESIAN_POINT('',(-9.034349918626,-39.58207323458,0.));
#1936 = DIRECTION('',(0.,-0.,-1.));
#1937 = DIRECTION('',(0.222520933956,0.974927912182,0.));
#1938 = ADVANCED_FACE('',(#1939),#1942,.F.);
#1939 = FACE_BOUND('',#1940,.F.);
#1940 = EDGE_LOOP('',(#1941));
#1941 = ORIENTED_EDGE('',*,*,#1925,.T.);
#1942 = PLANE('',#1943);
#1943 = AXIS2_PLACEMENT_3D('',#1944,#1945,#1946);
#1944 = CARTESIAN_POINT('',(-9.034349918626,-39.58207323458,15.));
#1945 = DIRECTION('',(0.,0.,1.));
#1946 = DIRECTION('',(0.222520933956,0.974927912182,0.));
#1947 = ADVANCED_FACE('',(#1948),#1967,.F.);
#1948 = FACE_BOUND('',#1949,.T.);
#1949 = EDGE_LOOP('',(#1950,#1958,#1965,#1966));
#1950 = ORIENTED_EDGE('',*,*,#1951,.T.);
#1951 = EDGE_CURVE('',#1562,#1952,#1954,.T.);
#1952 = VERTEX_POINT('',#1953);
#1953 = CARTESIAN_POINT('',(24.394038497723,30.589156751562,15.));
#1954 = LINE('',#1955,#1956);
#1955 = CARTESIAN_POINT('',(24.394038497723,30.589156751562,0.));
#1956 = VECTOR('',#1957,1.);
#1957 = DIRECTION('',(0.,0.,1.));
#1958 = ORIENTED_EDGE('',*,*,#1959,.T.);
#1959 = EDGE_CURVE('',#1952,#1952,#1960,.T.);
#1960 = CIRCLE('',#1961,1.475);
#1961 = AXIS2_PLACEMENT_3D('',#1962,#1963,#1964);
#1962 = CARTESIAN_POINT('',(25.313685955465,31.742358188202,15.));
#1963 = DIRECTION('',(0.,0.,1.));
#1964 = DIRECTION('',(-0.623489801859,-0.781831482468,0.));
#1965 = ORIENTED_EDGE('',*,*,#1951,.F.);
#1966 = ORIENTED_EDGE('',*,*,#1561,.F.);
#1967 = CYLINDRICAL_SURFACE('',#1968,1.475);
#1968 = AXIS2_PLACEMENT_3D('',#1969,#1970,#1971);
#1969 = CARTESIAN_POINT('',(25.313685955465,31.742358188202,0.));
#1970 = DIRECTION('',(0.,0.,-1.));
#1971 = DIRECTION('',(-0.623489801859,-0.781831482468,0.));
#1972 = ADVANCED_FACE('',(#1973),#1976,.F.);
#1973 = FACE_BOUND('',#1974,.F.);
#1974 = EDGE_LOOP('',(#1975));
#1975 = ORIENTED_EDGE('',*,*,#1959,.T.);
#1976 = PLANE('',#1977);
#1977 = AXIS2_PLACEMENT_3D('',#1978,#1979,#1980);
#1978 = CARTESIAN_POINT('',(25.313685955465,31.742358188202,15.));
#1979 = DIRECTION('',(0.,0.,1.));
#1980 = DIRECTION('',(-0.623489801859,-0.781831482468,0.));
#1981 = ADVANCED_FACE('',(#1982),#2001,.F.);
#1982 = FACE_BOUND('',#1983,.T.);
#1983 = EDGE_LOOP('',(#1984,#1992,#1999,#2000));
#1984 = ORIENTED_EDGE('',*,*,#1985,.T.);
#1985 = EDGE_CURVE('',#1573,#1986,#1988,.T.);
#1986 = VERTEX_POINT('',#1987);
#1987 = CARTESIAN_POINT('',(8.706131541041,38.144054564114,15.));
#1988 = LINE('',#1989,#1990);
#1989 = CARTESIAN_POINT('',(8.706131541041,38.144054564114,0.));
#1990 = VECTOR('',#1991,1.);
#1991 = DIRECTION('',(0.,0.,1.));
#1992 = ORIENTED_EDGE('',*,*,#1993,.T.);
#1993 = EDGE_CURVE('',#1986,#1986,#1994,.T.);
#1994 = CIRCLE('',#1995,1.475);
#1995 = AXIS2_PLACEMENT_3D('',#1996,#1997,#1998);
#1996 = CARTESIAN_POINT('',(9.034349918626,39.582073234582,15.));
#1997 = DIRECTION('',(0.,0.,1.));
#1998 = DIRECTION('',(-0.222520933956,-0.974927912182,0.));
#1999 = ORIENTED_EDGE('',*,*,#1985,.F.);
#2000 = ORIENTED_EDGE('',*,*,#1572,.F.);
#2001 = CYLINDRICAL_SURFACE('',#2002,1.475);
#2002 = AXIS2_PLACEMENT_3D('',#2003,#2004,#2005);
#2003 = CARTESIAN_POINT('',(9.034349918626,39.582073234582,0.));
#2004 = DIRECTION('',(0.,0.,-1.));
#2005 = DIRECTION('',(-0.222520933956,-0.974927912182,0.));
#2006 = ADVANCED_FACE('',(#2007),#2010,.F.);
#2007 = FACE_BOUND('',#2008,.F.);
#2008 = EDGE_LOOP('',(#2009));
#2009 = ORIENTED_EDGE('',*,*,#1993,.T.);
#2010 = PLANE('',#2011);
#2011 = AXIS2_PLACEMENT_3D('',#2012,#2013,#2014);
#2012 = CARTESIAN_POINT('',(9.034349918626,39.582073234582,15.));
#2013 = DIRECTION('',(0.,0.,1.));
#2014 = DIRECTION('',(-0.222520933956,-0.974927912182,0.));
#2015 = ADVANCED_FACE('',(#2016),#2035,.F.);
#2016 = FACE_BOUND('',#2017,.T.);
#2017 = EDGE_LOOP('',(#2018,#2026,#2033,#2034));
#2018 = ORIENTED_EDGE('',*,*,#2019,.T.);
#2019 = EDGE_CURVE('',#1584,#2020,#2022,.T.);
#2020 = VERTEX_POINT('',#2021);
#2021 = CARTESIAN_POINT('',(-8.706131541041,38.144054564114,15.));
#2022 = LINE('',#2023,#2024);
#2023 = CARTESIAN_POINT('',(-8.706131541041,38.144054564114,0.));
#2024 = VECTOR('',#2025,1.);
#2025 = DIRECTION('',(0.,0.,1.));
#2026 = ORIENTED_EDGE('',*,*,#2027,.T.);
#2027 = EDGE_CURVE('',#2020,#2020,#2028,.T.);
#2028 = CIRCLE('',#2029,1.475);
#2029 = AXIS2_PLACEMENT_3D('',#2030,#2031,#2032);
#2030 = CARTESIAN_POINT('',(-9.034349918626,39.582073234582,15.));
#2031 = DIRECTION('',(-0.,0.,1.));
#2032 = DIRECTION('',(0.222520933956,-0.974927912182,0.));
#2033 = ORIENTED_EDGE('',*,*,#2019,.F.);
#2034 = ORIENTED_EDGE('',*,*,#1583,.F.);
#2035 = CYLINDRICAL_SURFACE('',#2036,1.475);
#2036 = AXIS2_PLACEMENT_3D('',#2037,#2038,#2039);
#2037 = CARTESIAN_POINT('',(-9.034349918626,39.582073234582,0.));
#2038 = DIRECTION('',(0.,0.,-1.));
#2039 = DIRECTION('',(0.222520933956,-0.974927912182,0.));
#2040 = ADVANCED_FACE('',(#2041),#2044,.F.);
#2041 = FACE_BOUND('',#2042,.F.);
#2042 = EDGE_LOOP('',(#2043));
#2043 = ORIENTED_EDGE('',*,*,#2027,.T.);
#2044 = PLANE('',#2045);
#2045 = AXIS2_PLACEMENT_3D('',#2046,#2047,#2048);
#2046 = CARTESIAN_POINT('',(-9.034349918626,39.582073234582,15.));
#2047 = DIRECTION('',(0.,0.,1.));
#2048 = DIRECTION('',(0.222520933956,-0.974927912182,0.));
#2049 = ADVANCED_FACE('',(#2050),#2069,.F.);
#2050 = FACE_BOUND('',#2051,.T.);
#2051 = EDGE_LOOP('',(#2052,#2060,#2067,#2068));
#2052 = ORIENTED_EDGE('',*,*,#2053,.T.);
#2053 = EDGE_CURVE('',#1595,#2054,#2056,.T.);
#2054 = VERTEX_POINT('',#2055);
#2055 = CARTESIAN_POINT('',(-24.39403849772,30.589156751562,15.));
#2056 = LINE('',#2057,#2058);
#2057 = CARTESIAN_POINT('',(-24.39403849772,30.589156751562,0.));
#2058 = VECTOR('',#2059,1.);
#2059 = DIRECTION('',(0.,0.,1.));
#2060 = ORIENTED_EDGE('',*,*,#2061,.T.);
#2061 = EDGE_CURVE('',#2054,#2054,#2062,.T.);
#2062 = CIRCLE('',#2063,1.475);
#2063 = AXIS2_PLACEMENT_3D('',#2064,#2065,#2066);
#2064 = CARTESIAN_POINT('',(-25.31368595546,31.742358188202,15.));
#2065 = DIRECTION('',(-0.,0.,1.));
#2066 = DIRECTION('',(0.623489801859,-0.781831482468,0.));
#2067 = ORIENTED_EDGE('',*,*,#2053,.F.);
#2068 = ORIENTED_EDGE('',*,*,#1594,.F.);
#2069 = CYLINDRICAL_SURFACE('',#2070,1.475);
#2070 = AXIS2_PLACEMENT_3D('',#2071,#2072,#2073);
#2071 = CARTESIAN_POINT('',(-25.31368595546,31.742358188202,0.));
#2072 = DIRECTION('',(0.,0.,-1.));
#2073 = DIRECTION('',(0.623489801859,-0.781831482468,0.));
#2074 = ADVANCED_FACE('',(#2075),#2078,.F.);
#2075 = FACE_BOUND('',#2076,.F.);
#2076 = EDGE_LOOP('',(#2077));
#2077 = ORIENTED_EDGE('',*,*,#2061,.T.);
#2078 = PLANE('',#2079);
#2079 = AXIS2_PLACEMENT_3D('',#2080,#2081,#2082);
#2080 = CARTESIAN_POINT('',(-25.31368595546,31.742358188202,15.));
#2081 = DIRECTION('',(0.,0.,1.));
#2082 = DIRECTION('',(0.623489801859,-0.781831482468,0.));
#2083 = ( GEOMETRIC_REPRESENTATION_CONTEXT(3) 
GLOBAL_UNCERTAINTY_ASSIGNED_CONTEXT((#2087)) 
GLOBAL_UNIT_ASSIGNED_CONTEXT((#2084,#2085,#2086)) REPRESENTATION_CONTEXT
('Context #1','3D Context with UNIT and UNCERTAINTY') );
#2084 = ( LENGTH_UNIT() NAMED_UNIT(*) SI_UNIT(.MILLI.,.METRE.) );
#2085 = ( NAMED_UNIT(*) PLANE_ANGLE_UNIT() SI_UNIT($,.RADIAN.) );
#2086 = ( NAMED_UNIT(*) SI_UNIT($,.STERADIAN.) SOLID_ANGLE_UNIT() );
#2087 = UNCERTAINTY_MEASURE_WITH_UNIT(LENGTH_MEASURE(2.E-07),#2084,
  'distance_accuracy_value','confusion accuracy');
#2088 = CONTEXT_DEPENDENT_SHAPE_REPRESENTATION(#2089,#2091);
#2089 = ( REPRESENTATION_RELATIONSHIP('','',#56,#10) 
REPRESENTATION_RELATIONSHIP_WITH_TRANSFORMATION(#2090) 
SHAPE_REPRESENTATION_RELATIONSHIP() );
#2090 = ITEM_DEFINED_TRANSFORMATION('','',#11,#15);
#2091 = PRODUCT_DEFINITION_SHAPE('Placement','Placement of an item',
  #2092);
#2092 = NEXT_ASSEMBLY_USAGE_OCCURRENCE('1','pinDisk','',#5,#51,$);
#2093 = PRODUCT_RELATED_PRODUCT_CATEGORY('part',$,(#53));
#2094 = SHAPE_DEFINITION_REPRESENTATION(#2095,#2101);
#2095 = PRODUCT_DEFINITION_SHAPE('','',#2096);
#2096 = PRODUCT_DEFINITION('design','',#2097,#2100);
#2097 = PRODUCT_DEFINITION_FORMATION('','',#2098);
#2098 = PRODUCT('driverDisk','driverDisk','',(#2099));
#2099 = PRODUCT_CONTEXT('',#2,'mechanical');
#2100 = PRODUCT_DEFINITION_CONTEXT('part definition',#2,'design');
#2101 = ADVANCED_BREP_SHAPE_REPRESENTATION('',(#11,#2102),#2464);
#2102 = MANIFOLD_SOLID_BREP('',#2103);
#2103 = CLOSED_SHELL('',(#2104,#2137,#2223,#2248,#2273,#2298,#2323,#2348
    ,#2373,#2398,#2407,#2416,#2425,#2434,#2443,#2452));
#2104 = ADVANCED_FACE('',(#2105),#2132,.T.);
#2105 = FACE_BOUND('',#2106,.F.);
#2106 = EDGE_LOOP('',(#2107,#2117,#2124,#2125));
#2107 = ORIENTED_EDGE('',*,*,#2108,.T.);
#2108 = EDGE_CURVE('',#2109,#2111,#2113,.T.);
#2109 = VERTEX_POINT('',#2110);
#2110 = CARTESIAN_POINT('',(33.908915126443,0.,0.));
#2111 = VERTEX_POINT('',#2112);
#2112 = CARTESIAN_POINT('',(33.908915126443,0.,5.));
#2113 = LINE('',#2114,#2115);
#2114 = CARTESIAN_POINT('',(33.908915126443,0.,0.));
#2115 = VECTOR('',#2116,1.);
#2116 = DIRECTION('',(0.,0.,1.));
#2117 = ORIENTED_EDGE('',*,*,#2118,.T.);
#2118 = EDGE_CURVE('',#2111,#2111,#2119,.T.);
#2119 = CIRCLE('',#2120,33.908915126443);
#2120 = AXIS2_PLACEMENT_3D('',#2121,#2122,#2123);
#2121 = CARTESIAN_POINT('',(0.,0.,5.));
#2122 = DIRECTION('',(0.,0.,1.));
#2123 = DIRECTION('',(1.,0.,0.));
#2124 = ORIENTED_EDGE('',*,*,#2108,.F.);
#2125 = ORIENTED_EDGE('',*,*,#2126,.F.);
#2126 = EDGE_CURVE('',#2109,#2109,#2127,.T.);
#2127 = CIRCLE('',#2128,33.908915126443);
#2128 = AXIS2_PLACEMENT_3D('',#2129,#2130,#2131);
#2129 = CARTESIAN_POINT('',(0.,0.,0.));
#2130 = DIRECTION('',(0.,0.,1.));
#2131 = DIRECTION('',(1.,0.,0.));
#2132 = CYLINDRICAL_SURFACE('',#2133,33.908915126443);
#2133 = AXIS2_PLACEMENT_3D('',#2134,#2135,#2136);
#2134 = CARTESIAN_POINT('',(0.,0.,0.));
#2135 = DIRECTION('',(-0.,-0.,-1.));
#2136 = DIRECTION('',(1.,0.,0.));
#2137 = ADVANCED_FACE('',(#2138,#2141,#2152,#2163,#2174,#2185,#2196,
    #2207),#2218,.T.);
#2138 = FACE_BOUND('',#2139,.T.);
#2139 = EDGE_LOOP('',(#2140));
#2140 = ORIENTED_EDGE('',*,*,#2118,.T.);
#2141 = FACE_BOUND('',#2142,.T.);
#2142 = EDGE_LOOP('',(#2143));
#2143 = ORIENTED_EDGE('',*,*,#2144,.T.);
#2144 = EDGE_CURVE('',#2145,#2145,#2147,.T.);
#2145 = VERTEX_POINT('',#2146);
#2146 = CARTESIAN_POINT('',(-10.,-17.32050807568,5.));
#2147 = CIRCLE('',#2148,5.);
#2148 = AXIS2_PLACEMENT_3D('',#2149,#2150,#2151);
#2149 = CARTESIAN_POINT('',(-12.5,-21.65063509461,5.));
#2150 = DIRECTION('',(0.,0.,-1.));
#2151 = DIRECTION('',(0.5,0.866025403784,0.));
#2152 = FACE_BOUND('',#2153,.T.);
#2153 = EDGE_LOOP('',(#2154));
#2154 = ORIENTED_EDGE('',*,*,#2155,.T.);
#2155 = EDGE_CURVE('',#2156,#2156,#2158,.T.);
#2156 = VERTEX_POINT('',#2157);
#2157 = CARTESIAN_POINT('',(-20.,0.,5.));
#2158 = CIRCLE('',#2159,5.);
#2159 = AXIS2_PLACEMENT_3D('',#2160,#2161,#2162);
#2160 = CARTESIAN_POINT('',(-25.,0.,5.));
#2161 = DIRECTION('',(0.,0.,-1.));
#2162 = DIRECTION('',(1.,0.,0.));
#2163 = FACE_BOUND('',#2164,.T.);
#2164 = EDGE_LOOP('',(#2165));
#2165 = ORIENTED_EDGE('',*,*,#2166,.T.);
#2166 = EDGE_CURVE('',#2167,#2167,#2169,.T.);
#2167 = VERTEX_POINT('',#2168);
#2168 = CARTESIAN_POINT('',(10.,-17.32050807568,5.));
#2169 = CIRCLE('',#2170,5.);
#2170 = AXIS2_PLACEMENT_3D('',#2171,#2172,#2173);
#2171 = CARTESIAN_POINT('',(12.5,-21.65063509461,5.));
#2172 = DIRECTION('',(0.,0.,-1.));
#2173 = DIRECTION('',(-0.5,0.866025403784,0.));
#2174 = FACE_BOUND('',#2175,.T.);
#2175 = EDGE_LOOP('',(#2176));
#2176 = ORIENTED_EDGE('',*,*,#2177,.F.);
#2177 = EDGE_CURVE('',#2178,#2178,#2180,.T.);
#2178 = VERTEX_POINT('',#2179);
#2179 = CARTESIAN_POINT('',(7.65,0.,5.));
#2180 = CIRCLE('',#2181,7.65);
#2181 = AXIS2_PLACEMENT_3D('',#2182,#2183,#2184);
#2182 = CARTESIAN_POINT('',(0.,0.,5.));
#2183 = DIRECTION('',(0.,0.,1.));
#2184 = DIRECTION('',(1.,0.,0.));
#2185 = FACE_BOUND('',#2186,.T.);
#2186 = EDGE_LOOP('',(#2187));
#2187 = ORIENTED_EDGE('',*,*,#2188,.T.);
#2188 = EDGE_CURVE('',#2189,#2189,#2191,.T.);
#2189 = VERTEX_POINT('',#2190);
#2190 = CARTESIAN_POINT('',(20.,-2.449293598295E-15,5.));
#2191 = CIRCLE('',#2192,5.);
#2192 = AXIS2_PLACEMENT_3D('',#2193,#2194,#2195);
#2193 = CARTESIAN_POINT('',(25.,-3.061616997868E-15,5.));
#2194 = DIRECTION('',(0.,0.,-1.));
#2195 = DIRECTION('',(-1.,1.224646799147E-16,0.));
#2196 = FACE_BOUND('',#2197,.T.);
#2197 = EDGE_LOOP('',(#2198));
#2198 = ORIENTED_EDGE('',*,*,#2199,.T.);
#2199 = EDGE_CURVE('',#2200,#2200,#2202,.T.);
#2200 = VERTEX_POINT('',#2201);
#2201 = CARTESIAN_POINT('',(-10.,17.320508075689,5.));
#2202 = CIRCLE('',#2203,5.);
#2203 = AXIS2_PLACEMENT_3D('',#2204,#2205,#2206);
#2204 = CARTESIAN_POINT('',(-12.5,21.650635094611,5.));
#2205 = DIRECTION('',(0.,-0.,-1.));
#2206 = DIRECTION('',(0.5,-0.866025403784,0.));
#2207 = FACE_BOUND('',#2208,.T.);
#2208 = EDGE_LOOP('',(#2209));
#2209 = ORIENTED_EDGE('',*,*,#2210,.T.);
#2210 = EDGE_CURVE('',#2211,#2211,#2213,.T.);
#2211 = VERTEX_POINT('',#2212);
#2212 = CARTESIAN_POINT('',(10.,17.320508075689,5.));
#2213 = CIRCLE('',#2214,5.);
#2214 = AXIS2_PLACEMENT_3D('',#2215,#2216,#2217);
#2215 = CARTESIAN_POINT('',(12.5,21.650635094611,5.));
#2216 = DIRECTION('',(0.,0.,-1.));
#2217 = DIRECTION('',(-0.5,-0.866025403784,-0.));
#2218 = PLANE('',#2219);
#2219 = AXIS2_PLACEMENT_3D('',#2220,#2221,#2222);
#2220 = CARTESIAN_POINT('',(-1.072041997069E-15,9.839120002488E-16,5.));
#2221 = DIRECTION('',(0.,0.,1.));
#2222 = DIRECTION('',(1.,0.,0.));
#2223 = ADVANCED_FACE('',(#2224),#2243,.F.);
#2224 = FACE_BOUND('',#2225,.T.);
#2225 = EDGE_LOOP('',(#2226,#2234,#2235,#2236));
#2226 = ORIENTED_EDGE('',*,*,#2227,.T.);
#2227 = EDGE_CURVE('',#2228,#2178,#2230,.T.);
#2228 = VERTEX_POINT('',#2229);
#2229 = CARTESIAN_POINT('',(7.65,0.,0.));
#2230 = LINE('',#2231,#2232);
#2231 = CARTESIAN_POINT('',(7.65,0.,0.));
#2232 = VECTOR('',#2233,1.);
#2233 = DIRECTION('',(0.,0.,1.));
#2234 = ORIENTED_EDGE('',*,*,#2177,.T.);
#2235 = ORIENTED_EDGE('',*,*,#2227,.F.);
#2236 = ORIENTED_EDGE('',*,*,#2237,.F.);
#2237 = EDGE_CURVE('',#2228,#2228,#2238,.T.);
#2238 = CIRCLE('',#2239,7.65);
#2239 = AXIS2_PLACEMENT_3D('',#2240,#2241,#2242);
#2240 = CARTESIAN_POINT('',(0.,0.,0.));
#2241 = DIRECTION('',(0.,0.,1.));
#2242 = DIRECTION('',(1.,0.,0.));
#2243 = CYLINDRICAL_SURFACE('',#2244,7.65);
#2244 = AXIS2_PLACEMENT_3D('',#2245,#2246,#2247);
#2245 = CARTESIAN_POINT('',(0.,0.,0.));
#2246 = DIRECTION('',(-0.,-0.,-1.));
#2247 = DIRECTION('',(1.,0.,0.));
#2248 = ADVANCED_FACE('',(#2249),#2268,.T.);
#2249 = FACE_BOUND('',#2250,.F.);
#2250 = EDGE_LOOP('',(#2251,#2252,#2260,#2267));
#2251 = ORIENTED_EDGE('',*,*,#2144,.T.);
#2252 = ORIENTED_EDGE('',*,*,#2253,.T.);
#2253 = EDGE_CURVE('',#2145,#2254,#2256,.T.);
#2254 = VERTEX_POINT('',#2255);
#2255 = CARTESIAN_POINT('',(-10.,-17.32050807568,20.));
#2256 = LINE('',#2257,#2258);
#2257 = CARTESIAN_POINT('',(-10.,-17.32050807568,0.));
#2258 = VECTOR('',#2259,1.);
#2259 = DIRECTION('',(0.,0.,1.));
#2260 = ORIENTED_EDGE('',*,*,#2261,.T.);
#2261 = EDGE_CURVE('',#2254,#2254,#2262,.T.);
#2262 = CIRCLE('',#2263,5.);
#2263 = AXIS2_PLACEMENT_3D('',#2264,#2265,#2266);
#2264 = CARTESIAN_POINT('',(-12.5,-21.65063509461,20.));
#2265 = DIRECTION('',(0.,-0.,1.));
#2266 = DIRECTION('',(0.5,0.866025403784,0.));
#2267 = ORIENTED_EDGE('',*,*,#2253,.F.);
#2268 = CYLINDRICAL_SURFACE('',#2269,5.);
#2269 = AXIS2_PLACEMENT_3D('',#2270,#2271,#2272);
#2270 = CARTESIAN_POINT('',(-12.5,-21.65063509461,0.));
#2271 = DIRECTION('',(0.,-0.,-1.));
#2272 = DIRECTION('',(0.5,0.866025403784,0.));
#2273 = ADVANCED_FACE('',(#2274),#2293,.T.);
#2274 = FACE_BOUND('',#2275,.F.);
#2275 = EDGE_LOOP('',(#2276,#2277,#2285,#2292));
#2276 = ORIENTED_EDGE('',*,*,#2155,.T.);
#2277 = ORIENTED_EDGE('',*,*,#2278,.T.);
#2278 = EDGE_CURVE('',#2156,#2279,#2281,.T.);
#2279 = VERTEX_POINT('',#2280);
#2280 = CARTESIAN_POINT('',(-20.,0.,20.));
#2281 = LINE('',#2282,#2283);
#2282 = CARTESIAN_POINT('',(-20.,0.,0.));
#2283 = VECTOR('',#2284,1.);
#2284 = DIRECTION('',(0.,0.,1.));
#2285 = ORIENTED_EDGE('',*,*,#2286,.T.);
#2286 = EDGE_CURVE('',#2279,#2279,#2287,.T.);
#2287 = CIRCLE('',#2288,5.);
#2288 = AXIS2_PLACEMENT_3D('',#2289,#2290,#2291);
#2289 = CARTESIAN_POINT('',(-25.,0.,20.));
#2290 = DIRECTION('',(0.,0.,1.));
#2291 = DIRECTION('',(1.,0.,0.));
#2292 = ORIENTED_EDGE('',*,*,#2278,.F.);
#2293 = CYLINDRICAL_SURFACE('',#2294,5.);
#2294 = AXIS2_PLACEMENT_3D('',#2295,#2296,#2297);
#2295 = CARTESIAN_POINT('',(-25.,0.,0.));
#2296 = DIRECTION('',(-0.,-0.,-1.));
#2297 = DIRECTION('',(1.,0.,0.));
#2298 = ADVANCED_FACE('',(#2299),#2318,.T.);
#2299 = FACE_BOUND('',#2300,.F.);
#2300 = EDGE_LOOP('',(#2301,#2302,#2310,#2317));
#2301 = ORIENTED_EDGE('',*,*,#2166,.T.);
#2302 = ORIENTED_EDGE('',*,*,#2303,.T.);
#2303 = EDGE_CURVE('',#2167,#2304,#2306,.T.);
#2304 = VERTEX_POINT('',#2305);
#2305 = CARTESIAN_POINT('',(10.,-17.32050807568,20.));
#2306 = LINE('',#2307,#2308);
#2307 = CARTESIAN_POINT('',(10.,-17.32050807568,0.));
#2308 = VECTOR('',#2309,1.);
#2309 = DIRECTION('',(0.,0.,1.));
#2310 = ORIENTED_EDGE('',*,*,#2311,.T.);
#2311 = EDGE_CURVE('',#2304,#2304,#2312,.T.);
#2312 = CIRCLE('',#2313,5.);
#2313 = AXIS2_PLACEMENT_3D('',#2314,#2315,#2316);
#2314 = CARTESIAN_POINT('',(12.5,-21.65063509461,20.));
#2315 = DIRECTION('',(0.,0.,1.));
#2316 = DIRECTION('',(-0.5,0.866025403784,0.));
#2317 = ORIENTED_EDGE('',*,*,#2303,.F.);
#2318 = CYLINDRICAL_SURFACE('',#2319,5.);
#2319 = AXIS2_PLACEMENT_3D('',#2320,#2321,#2322);
#2320 = CARTESIAN_POINT('',(12.5,-21.65063509461,0.));
#2321 = DIRECTION('',(-0.,0.,-1.));
#2322 = DIRECTION('',(-0.5,0.866025403784,0.));
#2323 = ADVANCED_FACE('',(#2324),#2343,.T.);
#2324 = FACE_BOUND('',#2325,.F.);
#2325 = EDGE_LOOP('',(#2326,#2327,#2335,#2342));
#2326 = ORIENTED_EDGE('',*,*,#2188,.T.);
#2327 = ORIENTED_EDGE('',*,*,#2328,.T.);
#2328 = EDGE_CURVE('',#2189,#2329,#2331,.T.);
#2329 = VERTEX_POINT('',#2330);
#2330 = CARTESIAN_POINT('',(20.,-2.449293598295E-15,20.));
#2331 = LINE('',#2332,#2333);
#2332 = CARTESIAN_POINT('',(20.,-2.449293598295E-15,0.));
#2333 = VECTOR('',#2334,1.);
#2334 = DIRECTION('',(0.,0.,1.));
#2335 = ORIENTED_EDGE('',*,*,#2336,.T.);
#2336 = EDGE_CURVE('',#2329,#2329,#2337,.T.);
#2337 = CIRCLE('',#2338,5.);
#2338 = AXIS2_PLACEMENT_3D('',#2339,#2340,#2341);
#2339 = CARTESIAN_POINT('',(25.,-3.061616997868E-15,20.));
#2340 = DIRECTION('',(0.,0.,1.));
#2341 = DIRECTION('',(-1.,1.224646799147E-16,0.));
#2342 = ORIENTED_EDGE('',*,*,#2328,.F.);
#2343 = CYLINDRICAL_SURFACE('',#2344,5.);
#2344 = AXIS2_PLACEMENT_3D('',#2345,#2346,#2347);
#2345 = CARTESIAN_POINT('',(25.,-3.061616997868E-15,0.));
#2346 = DIRECTION('',(0.,0.,-1.));
#2347 = DIRECTION('',(-1.,1.224646799147E-16,0.));
#2348 = ADVANCED_FACE('',(#2349),#2368,.T.);
#2349 = FACE_BOUND('',#2350,.F.);
#2350 = EDGE_LOOP('',(#2351,#2352,#2360,#2367));
#2351 = ORIENTED_EDGE('',*,*,#2199,.T.);
#2352 = ORIENTED_EDGE('',*,*,#2353,.T.);
#2353 = EDGE_CURVE('',#2200,#2354,#2356,.T.);
#2354 = VERTEX_POINT('',#2355);
#2355 = CARTESIAN_POINT('',(-10.,17.320508075689,20.));
#2356 = LINE('',#2357,#2358);
#2357 = CARTESIAN_POINT('',(-10.,17.320508075689,0.));
#2358 = VECTOR('',#2359,1.);
#2359 = DIRECTION('',(0.,0.,1.));
#2360 = ORIENTED_EDGE('',*,*,#2361,.T.);
#2361 = EDGE_CURVE('',#2354,#2354,#2362,.T.);
#2362 = CIRCLE('',#2363,5.);
#2363 = AXIS2_PLACEMENT_3D('',#2364,#2365,#2366);
#2364 = CARTESIAN_POINT('',(-12.5,21.650635094611,20.));
#2365 = DIRECTION('',(-0.,0.,1.));
#2366 = DIRECTION('',(0.5,-0.866025403784,0.));
#2367 = ORIENTED_EDGE('',*,*,#2353,.F.);
#2368 = CYLINDRICAL_SURFACE('',#2369,5.);
#2369 = AXIS2_PLACEMENT_3D('',#2370,#2371,#2372);
#2370 = CARTESIAN_POINT('',(-12.5,21.650635094611,0.));
#2371 = DIRECTION('',(0.,0.,-1.));
#2372 = DIRECTION('',(0.5,-0.866025403784,0.));
#2373 = ADVANCED_FACE('',(#2374),#2393,.T.);
#2374 = FACE_BOUND('',#2375,.F.);
#2375 = EDGE_LOOP('',(#2376,#2377,#2385,#2392));
#2376 = ORIENTED_EDGE('',*,*,#2210,.T.);
#2377 = ORIENTED_EDGE('',*,*,#2378,.T.);
#2378 = EDGE_CURVE('',#2211,#2379,#2381,.T.);
#2379 = VERTEX_POINT('',#2380);
#2380 = CARTESIAN_POINT('',(10.,17.320508075689,20.));
#2381 = LINE('',#2382,#2383);
#2382 = CARTESIAN_POINT('',(10.,17.320508075689,0.));
#2383 = VECTOR('',#2384,1.);
#2384 = DIRECTION('',(0.,0.,1.));
#2385 = ORIENTED_EDGE('',*,*,#2386,.T.);
#2386 = EDGE_CURVE('',#2379,#2379,#2387,.T.);
#2387 = CIRCLE('',#2388,5.);
#2388 = AXIS2_PLACEMENT_3D('',#2389,#2390,#2391);
#2389 = CARTESIAN_POINT('',(12.5,21.650635094611,20.));
#2390 = DIRECTION('',(0.,0.,1.));
#2391 = DIRECTION('',(-0.5,-0.866025403784,0.));
#2392 = ORIENTED_EDGE('',*,*,#2378,.F.);
#2393 = CYLINDRICAL_SURFACE('',#2394,5.);
#2394 = AXIS2_PLACEMENT_3D('',#2395,#2396,#2397);
#2395 = CARTESIAN_POINT('',(12.5,21.650635094611,0.));
#2396 = DIRECTION('',(0.,0.,-1.));
#2397 = DIRECTION('',(-0.5,-0.866025403784,0.));
#2398 = ADVANCED_FACE('',(#2399),#2402,.T.);
#2399 = FACE_BOUND('',#2400,.T.);
#2400 = EDGE_LOOP('',(#2401));
#2401 = ORIENTED_EDGE('',*,*,#2261,.T.);
#2402 = PLANE('',#2403);
#2403 = AXIS2_PLACEMENT_3D('',#2404,#2405,#2406);
#2404 = CARTESIAN_POINT('',(-12.5,-21.65063509461,20.));
#2405 = DIRECTION('',(0.,0.,1.));
#2406 = DIRECTION('',(0.5,0.866025403784,0.));
#2407 = ADVANCED_FACE('',(#2408),#2411,.T.);
#2408 = FACE_BOUND('',#2409,.T.);
#2409 = EDGE_LOOP('',(#2410));
#2410 = ORIENTED_EDGE('',*,*,#2286,.T.);
#2411 = PLANE('',#2412);
#2412 = AXIS2_PLACEMENT_3D('',#2413,#2414,#2415);
#2413 = CARTESIAN_POINT('',(-25.,1.111733404556E-16,20.));
#2414 = DIRECTION('',(0.,0.,1.));
#2415 = DIRECTION('',(1.,0.,0.));
#2416 = ADVANCED_FACE('',(#2417),#2420,.T.);
#2417 = FACE_BOUND('',#2418,.T.);
#2418 = EDGE_LOOP('',(#2419));
#2419 = ORIENTED_EDGE('',*,*,#2311,.T.);
#2420 = PLANE('',#2421);
#2421 = AXIS2_PLACEMENT_3D('',#2422,#2423,#2424);
#2422 = CARTESIAN_POINT('',(12.5,-21.65063509461,20.));
#2423 = DIRECTION('',(0.,0.,1.));
#2424 = DIRECTION('',(-0.5,0.866025403784,0.));
#2425 = ADVANCED_FACE('',(#2426),#2429,.T.);
#2426 = FACE_BOUND('',#2427,.T.);
#2427 = EDGE_LOOP('',(#2428));
#2428 = ORIENTED_EDGE('',*,*,#2336,.T.);
#2429 = PLANE('',#2430);
#2430 = AXIS2_PLACEMENT_3D('',#2431,#2432,#2433);
#2431 = CARTESIAN_POINT('',(25.,-3.172790338324E-15,20.));
#2432 = DIRECTION('',(0.,0.,1.));
#2433 = DIRECTION('',(-1.,1.224646799147E-16,0.));
#2434 = ADVANCED_FACE('',(#2435),#2438,.T.);
#2435 = FACE_BOUND('',#2436,.T.);
#2436 = EDGE_LOOP('',(#2437));
#2437 = ORIENTED_EDGE('',*,*,#2361,.T.);
#2438 = PLANE('',#2439);
#2439 = AXIS2_PLACEMENT_3D('',#2440,#2441,#2442);
#2440 = CARTESIAN_POINT('',(-12.5,21.650635094611,20.));
#2441 = DIRECTION('',(0.,0.,1.));
#2442 = DIRECTION('',(0.5,-0.866025403784,0.));
#2443 = ADVANCED_FACE('',(#2444),#2447,.T.);
#2444 = FACE_BOUND('',#2445,.T.);
#2445 = EDGE_LOOP('',(#2446));
#2446 = ORIENTED_EDGE('',*,*,#2386,.T.);
#2447 = PLANE('',#2448);
#2448 = AXIS2_PLACEMENT_3D('',#2449,#2450,#2451);
#2449 = CARTESIAN_POINT('',(12.5,21.650635094611,20.));
#2450 = DIRECTION('',(0.,0.,1.));
#2451 = DIRECTION('',(-0.5,-0.866025403784,0.));
#2452 = ADVANCED_FACE('',(#2453,#2456),#2459,.T.);
#2453 = FACE_BOUND('',#2454,.T.);
#2454 = EDGE_LOOP('',(#2455));
#2455 = ORIENTED_EDGE('',*,*,#2126,.F.);
#2456 = FACE_BOUND('',#2457,.T.);
#2457 = EDGE_LOOP('',(#2458));
#2458 = ORIENTED_EDGE('',*,*,#2237,.T.);
#2459 = PLANE('',#2460);
#2460 = AXIS2_PLACEMENT_3D('',#2461,#2462,#2463);
#2461 = CARTESIAN_POINT('',(-1.199474982758E-15,1.174130011908E-15,0.));
#2462 = DIRECTION('',(-0.,-0.,-1.));
#2463 = DIRECTION('',(-1.,0.,0.));
#2464 = ( GEOMETRIC_REPRESENTATION_CONTEXT(3) 
GLOBAL_UNCERTAINTY_ASSIGNED_CONTEXT((#2468)) 
GLOBAL_UNIT_ASSIGNED_CONTEXT((#2465,#2466,#2467)) REPRESENTATION_CONTEXT
('Context #1','3D Context with UNIT and UNCERTAINTY') );
#2465 = ( LENGTH_UNIT() NAMED_UNIT(*) SI_UNIT(.MILLI.,.METRE.) );
#2466 = ( NAMED_UNIT(*) PLANE_ANGLE_UNIT() SI_UNIT($,.RADIAN.) );
#2467 = ( NAMED_UNIT(*) SI_UNIT($,.STERADIAN.) SOLID_ANGLE_UNIT() );
#2468 = UNCERTAINTY_MEASURE_WITH_UNIT(LENGTH_MEASURE(1.E-07),#2465,
  'distance_accuracy_value','confusion accuracy');
#2469 = CONTEXT_DEPENDENT_SHAPE_REPRESENTATION(#2470,#2472);
#2470 = ( REPRESENTATION_RELATIONSHIP('','',#2101,#10) 
REPRESENTATION_RELATIONSHIP_WITH_TRANSFORMATION(#2471) 
SHAPE_REPRESENTATION_RELATIONSHIP() );
#2471 = ITEM_DEFINED_TRANSFORMATION('','',#11,#19);
#2472 = PRODUCT_DEFINITION_SHAPE('Placement','Placement of an item',
  #2473);
#2473 = NEXT_ASSEMBLY_USAGE_OCCURRENCE('2','driverDisk','',#5,#2096,$);
#2474 = PRODUCT_RELATED_PRODUCT_CATEGORY('part',$,(#2098));
#2475 = SHAPE_DEFINITION_REPRESENTATION(#2476,#2482);
#2476 = PRODUCT_DEFINITION_SHAPE('','',#2477);
#2477 = PRODUCT_DEFINITION('design','',#2478,#2481);
#2478 = PRODUCT_DEFINITION_FORMATION('','',#2479);
#2479 = PRODUCT('inputShaft','inputShaft','',(#2480));
#2480 = PRODUCT_CONTEXT('',#2,'mechanical');
#2481 = PRODUCT_DEFINITION_CONTEXT('part definition',#2,'design');
#2482 = ADVANCED_BREP_SHAPE_REPRESENTATION('',(#11,#2483),#2819);
#2483 = MANIFOLD_SOLID_BREP('',#2484);
#2484 = CLOSED_SHELL('',(#2485,#2518,#2538,#2547,#2572,#2645,#2687,#2712
    ,#2761,#2778,#2796,#2809));
#2485 = ADVANCED_FACE('',(#2486),#2513,.T.);
#2486 = FACE_BOUND('',#2487,.T.);
#2487 = EDGE_LOOP('',(#2488,#2498,#2505,#2506));
#2488 = ORIENTED_EDGE('',*,*,#2489,.T.);
#2489 = EDGE_CURVE('',#2490,#2492,#2494,.T.);
#2490 = VERTEX_POINT('',#2491);
#2491 = CARTESIAN_POINT('',(6.5,0.,0.));
#2492 = VERTEX_POINT('',#2493);
#2493 = CARTESIAN_POINT('',(6.5,0.,-5.));
#2494 = LINE('',#2495,#2496);
#2495 = CARTESIAN_POINT('',(6.5,0.,0.));
#2496 = VECTOR('',#2497,1.);
#2497 = DIRECTION('',(-0.,-0.,-1.));
#2498 = ORIENTED_EDGE('',*,*,#2499,.T.);
#2499 = EDGE_CURVE('',#2492,#2492,#2500,.T.);
#2500 = CIRCLE('',#2501,6.5);
#2501 = AXIS2_PLACEMENT_3D('',#2502,#2503,#2504);
#2502 = CARTESIAN_POINT('',(0.,0.,-5.));
#2503 = DIRECTION('',(0.,0.,1.));
#2504 = DIRECTION('',(1.,0.,0.));
#2505 = ORIENTED_EDGE('',*,*,#2489,.F.);
#2506 = ORIENTED_EDGE('',*,*,#2507,.F.);
#2507 = EDGE_CURVE('',#2490,#2490,#2508,.T.);
#2508 = CIRCLE('',#2509,6.5);
#2509 = AXIS2_PLACEMENT_3D('',#2510,#2511,#2512);
#2510 = CARTESIAN_POINT('',(0.,0.,0.));
#2511 = DIRECTION('',(0.,0.,1.));
#2512 = DIRECTION('',(1.,0.,0.));
#2513 = CYLINDRICAL_SURFACE('',#2514,6.5);
#2514 = AXIS2_PLACEMENT_3D('',#2515,#2516,#2517);
#2515 = CARTESIAN_POINT('',(0.,0.,0.));
#2516 = DIRECTION('',(0.,0.,1.));
#2517 = DIRECTION('',(1.,0.,0.));
#2518 = ADVANCED_FACE('',(#2519,#2530),#2533,.F.);
#2519 = FACE_BOUND('',#2520,.F.);
#2520 = EDGE_LOOP('',(#2521));
#2521 = ORIENTED_EDGE('',*,*,#2522,.T.);
#2522 = EDGE_CURVE('',#2523,#2523,#2525,.T.);
#2523 = VERTEX_POINT('',#2524);
#2524 = CARTESIAN_POINT('',(7.5,0.,0.));
#2525 = CIRCLE('',#2526,7.5);
#2526 = AXIS2_PLACEMENT_3D('',#2527,#2528,#2529);
#2527 = CARTESIAN_POINT('',(0.,0.,0.));
#2528 = DIRECTION('',(0.,0.,1.));
#2529 = DIRECTION('',(1.,0.,0.));
#2530 = FACE_BOUND('',#2531,.F.);
#2531 = EDGE_LOOP('',(#2532));
#2532 = ORIENTED_EDGE('',*,*,#2507,.F.);
#2533 = PLANE('',#2534);
#2534 = AXIS2_PLACEMENT_3D('',#2535,#2536,#2537);
#2535 = CARTESIAN_POINT('',(-5.469760530158E-16,1.667600106834E-16,0.));
#2536 = DIRECTION('',(0.,0.,1.));
#2537 = DIRECTION('',(1.,0.,0.));
#2538 = ADVANCED_FACE('',(#2539),#2542,.F.);
#2539 = FACE_BOUND('',#2540,.F.);
#2540 = EDGE_LOOP('',(#2541));
#2541 = ORIENTED_EDGE('',*,*,#2499,.T.);
#2542 = PLANE('',#2543);
#2543 = AXIS2_PLACEMENT_3D('',#2544,#2545,#2546);
#2544 = CARTESIAN_POINT('',(-2.235238678189E-16,6.182204997657E-16,-5.)
  );
#2545 = DIRECTION('',(0.,0.,1.));
#2546 = DIRECTION('',(1.,0.,0.));
#2547 = ADVANCED_FACE('',(#2548),#2567,.T.);
#2548 = FACE_BOUND('',#2549,.F.);
#2549 = EDGE_LOOP('',(#2550,#2558,#2565,#2566));
#2550 = ORIENTED_EDGE('',*,*,#2551,.T.);
#2551 = EDGE_CURVE('',#2523,#2552,#2554,.T.);
#2552 = VERTEX_POINT('',#2553);
#2553 = CARTESIAN_POINT('',(7.5,0.,5.));
#2554 = LINE('',#2555,#2556);
#2555 = CARTESIAN_POINT('',(7.5,0.,0.));
#2556 = VECTOR('',#2557,1.);
#2557 = DIRECTION('',(0.,0.,1.));
#2558 = ORIENTED_EDGE('',*,*,#2559,.T.);
#2559 = EDGE_CURVE('',#2552,#2552,#2560,.T.);
#2560 = CIRCLE('',#2561,7.5);
#2561 = AXIS2_PLACEMENT_3D('',#2562,#2563,#2564);
#2562 = CARTESIAN_POINT('',(0.,0.,5.));
#2563 = DIRECTION('',(0.,0.,1.));
#2564 = DIRECTION('',(1.,0.,0.));
#2565 = ORIENTED_EDGE('',*,*,#2551,.F.);
#2566 = ORIENTED_EDGE('',*,*,#2522,.F.);
#2567 = CYLINDRICAL_SURFACE('',#2568,7.5);
#2568 = AXIS2_PLACEMENT_3D('',#2569,#2570,#2571);
#2569 = CARTESIAN_POINT('',(0.,0.,0.));
#2570 = DIRECTION('',(-0.,-0.,-1.));
#2571 = DIRECTION('',(1.,0.,0.));
#2572 = ADVANCED_FACE('',(#2573,#2576),#2640,.T.);
#2573 = FACE_BOUND('',#2574,.T.);
#2574 = EDGE_LOOP('',(#2575));
#2575 = ORIENTED_EDGE('',*,*,#2559,.T.);
#2576 = FACE_BOUND('',#2577,.T.);
#2577 = EDGE_LOOP('',(#2578,#2589,#2598,#2607,#2616,#2624,#2633));
#2578 = ORIENTED_EDGE('',*,*,#2579,.T.);
#2579 = EDGE_CURVE('',#2580,#2582,#2584,.T.);
#2580 = VERTEX_POINT('',#2581);
#2581 = CARTESIAN_POINT('',(2.125,1.964529205688,5.));
#2582 = VERTEX_POINT('',#2583);
#2583 = CARTESIAN_POINT('',(4.5,0.,5.));
#2584 = CIRCLE('',#2585,2.);
#2585 = AXIS2_PLACEMENT_3D('',#2586,#2587,#2588);
#2586 = CARTESIAN_POINT('',(2.5,0.,5.));
#2587 = DIRECTION('',(0.,0.,-1.));
#2588 = DIRECTION('',(1.,0.,0.));
#2589 = ORIENTED_EDGE('',*,*,#2590,.T.);
#2590 = EDGE_CURVE('',#2582,#2591,#2593,.T.);
#2591 = VERTEX_POINT('',#2592);
#2592 = CARTESIAN_POINT('',(2.125,-1.964529205688,5.));
#2593 = CIRCLE('',#2594,2.);
#2594 = AXIS2_PLACEMENT_3D('',#2595,#2596,#2597);
#2595 = CARTESIAN_POINT('',(2.5,0.,5.));
#2596 = DIRECTION('',(0.,0.,-1.));
#2597 = DIRECTION('',(1.,0.,0.));
#2598 = ORIENTED_EDGE('',*,*,#2599,.T.);
#2599 = EDGE_CURVE('',#2591,#2600,#2602,.T.);
#2600 = VERTEX_POINT('',#2601);
#2601 = CARTESIAN_POINT('',(1.517857142857,-1.986481737615,5.));
#2602 = CIRCLE('',#2603,2.);
#2603 = AXIS2_PLACEMENT_3D('',#2604,#2605,#2606);
#2604 = CARTESIAN_POINT('',(1.75,0.,5.));
#2605 = DIRECTION('',(0.,0.,-1.));
#2606 = DIRECTION('',(1.,0.,0.));
#2607 = ORIENTED_EDGE('',*,*,#2608,.T.);
#2608 = EDGE_CURVE('',#2600,#2609,#2611,.T.);
#2609 = VERTEX_POINT('',#2610);
#2610 = CARTESIAN_POINT('',(-0.979795897113,2.3,5.));
#2611 = CIRCLE('',#2612,2.5);
#2612 = AXIS2_PLACEMENT_3D('',#2613,#2614,#2615);
#2613 = CARTESIAN_POINT('',(0.,0.,5.));
#2614 = DIRECTION('',(0.,0.,-1.));
#2615 = DIRECTION('',(1.,0.,0.));
#2616 = ORIENTED_EDGE('',*,*,#2617,.F.);
#2617 = EDGE_CURVE('',#2618,#2609,#2620,.T.);
#2618 = VERTEX_POINT('',#2619);
#2619 = CARTESIAN_POINT('',(0.979795897113,2.3,5.));
#2620 = LINE('',#2621,#2622);
#2621 = CARTESIAN_POINT('',(-0.489897948557,2.3,5.));
#2622 = VECTOR('',#2623,1.);
#2623 = DIRECTION('',(-1.,0.,0.));
#2624 = ORIENTED_EDGE('',*,*,#2625,.T.);
#2625 = EDGE_CURVE('',#2618,#2626,#2628,.T.);
#2626 = VERTEX_POINT('',#2627);
#2627 = CARTESIAN_POINT('',(1.517857142857,1.986481737615,5.));
#2628 = CIRCLE('',#2629,2.5);
#2629 = AXIS2_PLACEMENT_3D('',#2630,#2631,#2632);
#2630 = CARTESIAN_POINT('',(0.,0.,5.));
#2631 = DIRECTION('',(0.,0.,-1.));
#2632 = DIRECTION('',(1.,0.,0.));
#2633 = ORIENTED_EDGE('',*,*,#2634,.T.);
#2634 = EDGE_CURVE('',#2626,#2580,#2635,.T.);
#2635 = CIRCLE('',#2636,2.);
#2636 = AXIS2_PLACEMENT_3D('',#2637,#2638,#2639);
#2637 = CARTESIAN_POINT('',(1.75,0.,5.));
#2638 = DIRECTION('',(0.,0.,-1.));
#2639 = DIRECTION('',(1.,0.,0.));
#2640 = PLANE('',#2641);
#2641 = AXIS2_PLACEMENT_3D('',#2642,#2643,#2644);
#2642 = CARTESIAN_POINT('',(-5.469760530158E-16,1.667600106834E-16,5.));
#2643 = DIRECTION('',(0.,0.,1.));
#2644 = DIRECTION('',(1.,0.,0.));
#2645 = ADVANCED_FACE('',(#2646),#2682,.T.);
#2646 = FACE_BOUND('',#2647,.F.);
#2647 = EDGE_LOOP('',(#2648,#2656,#2657,#2658,#2666,#2675));
#2648 = ORIENTED_EDGE('',*,*,#2649,.T.);
#2649 = EDGE_CURVE('',#2650,#2580,#2652,.T.);
#2650 = VERTEX_POINT('',#2651);
#2651 = CARTESIAN_POINT('',(2.125,1.964529205688,10.));
#2652 = LINE('',#2653,#2654);
#2653 = CARTESIAN_POINT('',(2.125,1.964529205688,0.));
#2654 = VECTOR('',#2655,1.);
#2655 = DIRECTION('',(-0.,-0.,-1.));
#2656 = ORIENTED_EDGE('',*,*,#2579,.T.);
#2657 = ORIENTED_EDGE('',*,*,#2590,.T.);
#2658 = ORIENTED_EDGE('',*,*,#2659,.F.);
#2659 = EDGE_CURVE('',#2660,#2591,#2662,.T.);
#2660 = VERTEX_POINT('',#2661);
#2661 = CARTESIAN_POINT('',(2.125,-1.964529205688,10.));
#2662 = LINE('',#2663,#2664);
#2663 = CARTESIAN_POINT('',(2.125,-1.964529205688,0.));
#2664 = VECTOR('',#2665,1.);
#2665 = DIRECTION('',(-0.,-0.,-1.));
#2666 = ORIENTED_EDGE('',*,*,#2667,.T.);
#2667 = EDGE_CURVE('',#2660,#2668,#2670,.T.);
#2668 = VERTEX_POINT('',#2669);
#2669 = CARTESIAN_POINT('',(4.5,0.,10.));
#2670 = CIRCLE('',#2671,2.);
#2671 = AXIS2_PLACEMENT_3D('',#2672,#2673,#2674);
#2672 = CARTESIAN_POINT('',(2.5,0.,10.));
#2673 = DIRECTION('',(0.,0.,1.));
#2674 = DIRECTION('',(1.,0.,0.));
#2675 = ORIENTED_EDGE('',*,*,#2676,.T.);
#2676 = EDGE_CURVE('',#2668,#2650,#2677,.T.);
#2677 = CIRCLE('',#2678,2.);
#2678 = AXIS2_PLACEMENT_3D('',#2679,#2680,#2681);
#2679 = CARTESIAN_POINT('',(2.5,0.,10.));
#2680 = DIRECTION('',(0.,0.,1.));
#2681 = DIRECTION('',(1.,0.,0.));
#2682 = CYLINDRICAL_SURFACE('',#2683,2.);
#2683 = AXIS2_PLACEMENT_3D('',#2684,#2685,#2686);
#2684 = CARTESIAN_POINT('',(2.5,0.,0.));
#2685 = DIRECTION('',(-0.,-0.,-1.));
#2686 = DIRECTION('',(1.,0.,0.));
#2687 = ADVANCED_FACE('',(#2688),#2707,.T.);
#2688 = FACE_BOUND('',#2689,.F.);
#2689 = EDGE_LOOP('',(#2690,#2699,#2705,#2706));
#2690 = ORIENTED_EDGE('',*,*,#2691,.T.);
#2691 = EDGE_CURVE('',#2650,#2692,#2694,.T.);
#2692 = VERTEX_POINT('',#2693);
#2693 = CARTESIAN_POINT('',(1.517857142857,1.986481737615,10.));
#2694 = CIRCLE('',#2695,2.);
#2695 = AXIS2_PLACEMENT_3D('',#2696,#2697,#2698);
#2696 = CARTESIAN_POINT('',(1.75,0.,10.));
#2697 = DIRECTION('',(0.,0.,1.));
#2698 = DIRECTION('',(1.,0.,0.));
#2699 = ORIENTED_EDGE('',*,*,#2700,.T.);
#2700 = EDGE_CURVE('',#2692,#2626,#2701,.T.);
#2701 = LINE('',#2702,#2703);
#2702 = CARTESIAN_POINT('',(1.517857142857,1.986481737615,0.));
#2703 = VECTOR('',#2704,1.);
#2704 = DIRECTION('',(-0.,-0.,-1.));
#2705 = ORIENTED_EDGE('',*,*,#2634,.T.);
#2706 = ORIENTED_EDGE('',*,*,#2649,.F.);
#2707 = CYLINDRICAL_SURFACE('',#2708,2.);
#2708 = AXIS2_PLACEMENT_3D('',#2709,#2710,#2711);
#2709 = CARTESIAN_POINT('',(1.75,0.,0.));
#2710 = DIRECTION('',(-0.,-0.,-1.));
#2711 = DIRECTION('',(1.,0.,0.));
#2712 = ADVANCED_FACE('',(#2713),#2756,.F.);
#2713 = FACE_BOUND('',#2714,.T.);
#2714 = EDGE_LOOP('',(#2715,#2726,#2732,#2733,#2741,#2748,#2749,#2750));
#2715 = ORIENTED_EDGE('',*,*,#2716,.F.);
#2716 = EDGE_CURVE('',#2717,#2719,#2721,.T.);
#2717 = VERTEX_POINT('',#2718);
#2718 = CARTESIAN_POINT('',(-0.979795897113,2.3,0.));
#2719 = VERTEX_POINT('',#2720);
#2720 = CARTESIAN_POINT('',(0.979795897113,2.3,0.));
#2721 = CIRCLE('',#2722,2.5);
#2722 = AXIS2_PLACEMENT_3D('',#2723,#2724,#2725);
#2723 = CARTESIAN_POINT('',(0.,0.,0.));
#2724 = DIRECTION('',(0.,0.,1.));
#2725 = DIRECTION('',(1.,0.,0.));
#2726 = ORIENTED_EDGE('',*,*,#2727,.T.);
#2727 = EDGE_CURVE('',#2717,#2609,#2728,.T.);
#2728 = LINE('',#2729,#2730);
#2729 = CARTESIAN_POINT('',(-0.979795897113,2.3,0.));
#2730 = VECTOR('',#2731,1.);
#2731 = DIRECTION('',(0.,0.,1.));
#2732 = ORIENTED_EDGE('',*,*,#2608,.F.);
#2733 = ORIENTED_EDGE('',*,*,#2734,.F.);
#2734 = EDGE_CURVE('',#2735,#2600,#2737,.T.);
#2735 = VERTEX_POINT('',#2736);
#2736 = CARTESIAN_POINT('',(1.517857142857,-1.986481737615,10.));
#2737 = LINE('',#2738,#2739);
#2738 = CARTESIAN_POINT('',(1.517857142857,-1.986481737615,0.));
#2739 = VECTOR('',#2740,1.);
#2740 = DIRECTION('',(-0.,-0.,-1.));
#2741 = ORIENTED_EDGE('',*,*,#2742,.F.);
#2742 = EDGE_CURVE('',#2692,#2735,#2743,.T.);
#2743 = CIRCLE('',#2744,2.5);
#2744 = AXIS2_PLACEMENT_3D('',#2745,#2746,#2747);
#2745 = CARTESIAN_POINT('',(0.,0.,10.));
#2746 = DIRECTION('',(0.,0.,-1.));
#2747 = DIRECTION('',(1.,0.,0.));
#2748 = ORIENTED_EDGE('',*,*,#2700,.T.);
#2749 = ORIENTED_EDGE('',*,*,#2625,.F.);
#2750 = ORIENTED_EDGE('',*,*,#2751,.F.);
#2751 = EDGE_CURVE('',#2719,#2618,#2752,.T.);
#2752 = LINE('',#2753,#2754);
#2753 = CARTESIAN_POINT('',(0.979795897113,2.3,0.));
#2754 = VECTOR('',#2755,1.);
#2755 = DIRECTION('',(0.,0.,1.));
#2756 = CYLINDRICAL_SURFACE('',#2757,2.5);
#2757 = AXIS2_PLACEMENT_3D('',#2758,#2759,#2760);
#2758 = CARTESIAN_POINT('',(0.,0.,0.));
#2759 = DIRECTION('',(-0.,-0.,-1.));
#2760 = DIRECTION('',(1.,0.,0.));
#2761 = ADVANCED_FACE('',(#2762),#2773,.F.);
#2762 = FACE_BOUND('',#2763,.F.);
#2763 = EDGE_LOOP('',(#2764,#2770,#2771,#2772));
#2764 = ORIENTED_EDGE('',*,*,#2765,.F.);
#2765 = EDGE_CURVE('',#2717,#2719,#2766,.T.);
#2766 = LINE('',#2767,#2768);
#2767 = CARTESIAN_POINT('',(-0.979795897113,2.3,0.));
#2768 = VECTOR('',#2769,1.);
#2769 = DIRECTION('',(1.,0.,0.));
#2770 = ORIENTED_EDGE('',*,*,#2727,.T.);
#2771 = ORIENTED_EDGE('',*,*,#2617,.F.);
#2772 = ORIENTED_EDGE('',*,*,#2751,.F.);
#2773 = PLANE('',#2774);
#2774 = AXIS2_PLACEMENT_3D('',#2775,#2776,#2777);
#2775 = CARTESIAN_POINT('',(-0.979795897113,2.3,0.));
#2776 = DIRECTION('',(0.,1.,0.));
#2777 = DIRECTION('',(1.,0.,0.));
#2778 = ADVANCED_FACE('',(#2779),#2791,.T.);
#2779 = FACE_BOUND('',#2780,.F.);
#2780 = EDGE_LOOP('',(#2781,#2788,#2789,#2790));
#2781 = ORIENTED_EDGE('',*,*,#2782,.T.);
#2782 = EDGE_CURVE('',#2735,#2660,#2783,.T.);
#2783 = CIRCLE('',#2784,2.);
#2784 = AXIS2_PLACEMENT_3D('',#2785,#2786,#2787);
#2785 = CARTESIAN_POINT('',(1.75,0.,10.));
#2786 = DIRECTION('',(0.,0.,1.));
#2787 = DIRECTION('',(1.,0.,0.));
#2788 = ORIENTED_EDGE('',*,*,#2659,.T.);
#2789 = ORIENTED_EDGE('',*,*,#2599,.T.);
#2790 = ORIENTED_EDGE('',*,*,#2734,.F.);
#2791 = CYLINDRICAL_SURFACE('',#2792,2.);
#2792 = AXIS2_PLACEMENT_3D('',#2793,#2794,#2795);
#2793 = CARTESIAN_POINT('',(1.75,0.,0.));
#2794 = DIRECTION('',(-0.,-0.,-1.));
#2795 = DIRECTION('',(1.,0.,0.));
#2796 = ADVANCED_FACE('',(#2797),#2804,.T.);
#2797 = FACE_BOUND('',#2798,.T.);
#2798 = EDGE_LOOP('',(#2799,#2800,#2801,#2802,#2803));
#2799 = ORIENTED_EDGE('',*,*,#2782,.T.);
#2800 = ORIENTED_EDGE('',*,*,#2667,.T.);
#2801 = ORIENTED_EDGE('',*,*,#2676,.T.);
#2802 = ORIENTED_EDGE('',*,*,#2691,.T.);
#2803 = ORIENTED_EDGE('',*,*,#2742,.T.);
#2804 = PLANE('',#2805);
#2805 = AXIS2_PLACEMENT_3D('',#2806,#2807,#2808);
#2806 = CARTESIAN_POINT('',(2.205180142691,2.283639193387E-16,10.));
#2807 = DIRECTION('',(0.,0.,1.));
#2808 = DIRECTION('',(1.,0.,0.));
#2809 = ADVANCED_FACE('',(#2810),#2814,.T.);
#2810 = FACE_BOUND('',#2811,.T.);
#2811 = EDGE_LOOP('',(#2812,#2813));
#2812 = ORIENTED_EDGE('',*,*,#2716,.T.);
#2813 = ORIENTED_EDGE('',*,*,#2765,.F.);
#2814 = PLANE('',#2815);
#2815 = AXIS2_PLACEMENT_3D('',#2816,#2817,#2818);
#2816 = CARTESIAN_POINT('',(7.652595469513E-17,0.10931767404,0.));
#2817 = DIRECTION('',(0.,0.,1.));
#2818 = DIRECTION('',(1.,0.,0.));
#2819 = ( GEOMETRIC_REPRESENTATION_CONTEXT(3) 
GLOBAL_UNCERTAINTY_ASSIGNED_CONTEXT((#2823)) 
GLOBAL_UNIT_ASSIGNED_CONTEXT((#2820,#2821,#2822)) REPRESENTATION_CONTEXT
('Context #1','3D Context with UNIT and UNCERTAINTY') );
#2820 = ( LENGTH_UNIT() NAMED_UNIT(*) SI_UNIT(.MILLI.,.METRE.) );
#2821 = ( NAMED_UNIT(*) PLANE_ANGLE_UNIT() SI_UNIT($,.RADIAN.) );
#2822 = ( NAMED_UNIT(*) SI_UNIT($,.STERADIAN.) SOLID_ANGLE_UNIT() );
#2823 = UNCERTAINTY_MEASURE_WITH_UNIT(LENGTH_MEASURE(1.E-06),#2820,
  'distance_accuracy_value','confusion accuracy');
#2824 = CONTEXT_DEPENDENT_SHAPE_REPRESENTATION(#2825,#2827);
#2825 = ( REPRESENTATION_RELATIONSHIP('','',#2482,#10) 
REPRESENTATION_RELATIONSHIP_WITH_TRANSFORMATION(#2826) 
SHAPE_REPRESENTATION_RELATIONSHIP() );
#2826 = ITEM_DEFINED_TRANSFORMATION('','',#11,#23);
#2827 = PRODUCT_DEFINITION_SHAPE('Placement','Placement of an item',
  #2828);
#2828 = NEXT_ASSEMBLY_USAGE_OCCURRENCE('3','inputShaft','',#5,#2477,$);
#2829 = PRODUCT_RELATED_PRODUCT_CATEGORY('part',$,(#2479));
#2830 = SHAPE_DEFINITION_REPRESENTATION(#2831,#2837);
#2831 = PRODUCT_DEFINITION_SHAPE('','',#2832);
#2832 = PRODUCT_DEFINITION('design','',#2833,#2836);
#2833 = PRODUCT_DEFINITION_FORMATION('','',#2834);
#2834 = PRODUCT('cycloidalDisk1','cycloidalDisk1','',(#2835));
#2835 = PRODUCT_CONTEXT('',#2,'mechanical');
#2836 = PRODUCT_DEFINITION_CONTEXT('part definition',#2,'design');
#2837 = ADVANCED_BREP_SHAPE_REPRESENTATION('',(#11,#2838),#5768);
#2838 = MANIFOLD_SOLID_BREP('',#2839);
#2839 = CLOSED_SHELL('',(#2840,#3050,#3251,#3452,#3653,#3854,#4055,#4256
    ,#4457,#4658,#4859,#5060,#5261,#5453,#5486,#5519,#5552,#5585,#5618,
    #5651,#5684,#5726));
#2840 = ADVANCED_FACE('',(#2841),#2987,.F.);
#2841 = FACE_BOUND('',#2842,.F.);
#2842 = EDGE_LOOP('',(#2843,#2853,#2917,#2925));
#2843 = ORIENTED_EDGE('',*,*,#2844,.T.);
#2844 = EDGE_CURVE('',#2845,#2847,#2849,.T.);
#2845 = VERTEX_POINT('',#2846);
#2846 = CARTESIAN_POINT('',(30.938964154299,17.287702000028,0.));
#2847 = VERTEX_POINT('',#2848);
#2848 = CARTESIAN_POINT('',(30.938964154299,17.287702000028,5.));
#2849 = LINE('',#2850,#2851);
#2850 = CARTESIAN_POINT('',(30.938964154299,17.287702000028,0.));
#2851 = VECTOR('',#2852,1.);
#2852 = DIRECTION('',(0.,0.,1.));
#2853 = ORIENTED_EDGE('',*,*,#2854,.T.);
#2854 = EDGE_CURVE('',#2847,#2855,#2857,.T.);
#2855 = VERTEX_POINT('',#2856);
#2856 = CARTESIAN_POINT('',(19.132008578399,30.614999811244,5.));
#2857 = B_SPLINE_CURVE_WITH_KNOTS('',3,(#2858,#2859,#2860,#2861,#2862,
    #2863,#2864,#2865,#2866,#2867,#2868,#2869,#2870,#2871,#2872,#2873,
    #2874,#2875,#2876,#2877,#2878,#2879,#2880,#2881,#2882,#2883,#2884,
    #2885,#2886,#2887,#2888,#2889,#2890,#2891,#2892,#2893,#2894,#2895,
    #2896,#2897,#2898,#2899,#2900,#2901,#2902,#2903,#2904,#2905,#2906,
    #2907,#2908,#2909,#2910,#2911,#2912,#2913,#2914,#2915,#2916),
  .UNSPECIFIED.,.F.,.F.,(4,1,1,1,1,1,1,1,1,1,1,1,1,1,1,1,1,1,1,1,1,1,1,1
    ,1,1,1,1,1,1,1,1,1,1,1,1,1,1,1,1,1,1,1,1,1,1,1,1,1,1,1,1,1,1,1,1,4),
  (0.,0.328013505293,0.654532141274,0.978073973054,1.297183287801,
    1.61044462083,1.916497973535,2.214055789897,2.501922432478,
    2.779017159017,3.044401987384,3.269623492035,3.510023310168,
    3.737105776354,3.950973242823,4.152195746167,4.341963344013,
    4.522306308509,4.696421126138,4.869164710127,5.047820617967,
    5.243309477393,5.472118985513,5.759336347265,6.143042595942,
    6.678887194379,7.495697516282,8.524531677202,9.766857061766,
    11.00918244633,12.03801660725,12.854826929153,13.39067152759,
    13.774377776267,14.061595138019,14.290404646139,14.485893505565,
    14.664549413405,14.837292997394,15.011407815023,15.191750779519,
    15.381518377365,15.582740880709,15.796608347178,16.023690813363,
    16.264090631496,16.489312136147,16.754696964515,17.031791691054,
    17.319658333634,17.617216149997,17.923269502701,18.236530835731,
    18.555640150478,18.879181982258,19.205700618239,19.533714123532),
  .UNSPECIFIED.);
#2858 = CARTESIAN_POINT('',(30.938964154299,17.287702000028,5.));
#2859 = CARTESIAN_POINT('',(30.888145872737,17.384526788182,5.));
#2860 = CARTESIAN_POINT('',(30.781436723055,17.574955671477,5.));
#2861 = CARTESIAN_POINT('',(30.606613757698,17.85033714936,5.));
#2862 = CARTESIAN_POINT('',(30.418709711207,18.113325782714,5.));
#2863 = CARTESIAN_POINT('',(30.219471677901,18.362187264886,5.));
#2864 = CARTESIAN_POINT('',(30.010965205123,18.595589694461,5.));
#2865 = CARTESIAN_POINT('',(29.794936512174,18.811960438413,5.));
#2866 = CARTESIAN_POINT('',(29.574905591998,19.011910169025,5.));
#2867 = CARTESIAN_POINT('',(29.348464034611,19.18966444612,5.));
#2868 = CARTESIAN_POINT('',(29.134340372684,19.363509648219,5.));
#2869 = CARTESIAN_POINT('',(28.885820138089,19.464990899232,5.));
#2870 = CARTESIAN_POINT('',(28.78431332592,19.710122137112,5.));
#2871 = CARTESIAN_POINT('',(28.549722258394,19.783000833998,5.));
#2872 = CARTESIAN_POINT('',(28.350386673714,19.885478261783,5.));
#2873 = CARTESIAN_POINT('',(28.149645900024,19.962723627836,5.));
#2874 = CARTESIAN_POINT('',(27.9595416491,20.029310100786,5.));
#2875 = CARTESIAN_POINT('',(27.776907843029,20.083734914417,5.));
#2876 = CARTESIAN_POINT('',(27.601110245929,20.128613064621,5.));
#2877 = CARTESIAN_POINT('',(27.429288758815,20.165682747259,5.));
#2878 = CARTESIAN_POINT('',(27.256918686635,20.19702133262,5.));
#2879 = CARTESIAN_POINT('',(27.076735939319,20.224809830503,5.));
#2880 = CARTESIAN_POINT('',(26.877563666304,20.251754772998,5.));
#2881 = CARTESIAN_POINT('',(26.64226755585,20.281655236508,5.));
#2882 = CARTESIAN_POINT('',(26.345247320693,20.322628024867,5.));
#2883 = CARTESIAN_POINT('',(25.947390771831,20.385689436269,5.));
#2884 = CARTESIAN_POINT('',(25.389553335937,20.538898119505,5.));
#2885 = CARTESIAN_POINT('',(24.596689259789,20.662889021094,5.));
#2886 = CARTESIAN_POINT('',(23.70445719875,21.213053146208,5.));
#2887 = CARTESIAN_POINT('',(22.806780509398,21.976889809507,5.));
#2888 = CARTESIAN_POINT('',(22.156716043456,22.960091760749,5.));
#2889 = CARTESIAN_POINT('',(21.7181099249,23.912133402734,5.));
#2890 = CARTESIAN_POINT('',(21.690592260219,24.71416205874,5.));
#2891 = CARTESIAN_POINT('',(21.605740513426,25.286399497719,5.));
#2892 = CARTESIAN_POINT('',(21.591095198331,25.688956437575,5.));
#2893 = CARTESIAN_POINT('',(21.586222980846,25.988749784692,5.));
#2894 = CARTESIAN_POINT('',(21.584902337411,26.22593442419,5.));
#2895 = CARTESIAN_POINT('',(21.582161418472,26.426902361003,5.));
#2896 = CARTESIAN_POINT('',(21.576294160226,26.609120906508,5.));
#2897 = CARTESIAN_POINT('',(21.565960984713,26.784011655833,5.));
#2898 = CARTESIAN_POINT('',(21.549872373452,26.959048627335,5.));
#2899 = CARTESIAN_POINT('',(21.526511494242,27.138973925263,5.));
#2900 = CARTESIAN_POINT('',(21.494497571466,27.326836311618,5.));
#2901 = CARTESIAN_POINT('',(21.451311124183,27.523580600914,5.));
#2902 = CARTESIAN_POINT('',(21.398825590271,27.732168648338,5.));
#2903 = CARTESIAN_POINT('',(21.321122587948,27.94240314112,5.));
#2904 = CARTESIAN_POINT('',(21.277052087313,28.184068331822,5.));
#2905 = CARTESIAN_POINT('',(21.045943426314,28.314382350683,5.));
#2906 = CARTESIAN_POINT('',(20.975157891933,28.573322806064,5.));
#2907 = CARTESIAN_POINT('',(20.828389972463,28.806839988953,5.));
#2908 = CARTESIAN_POINT('',(20.679226237781,29.053056442898,5.));
#2909 = CARTESIAN_POINT('',(20.5072561625,29.295584366679,5.));
#2910 = CARTESIAN_POINT('',(20.318502386372,29.536118578409,5.));
#2911 = CARTESIAN_POINT('',(20.111934401337,29.771238358267,5.));
#2912 = CARTESIAN_POINT('',(19.888902890679,29.999020658893,5.));
#2913 = CARTESIAN_POINT('',(19.650481070532,30.217254450132,5.));
#2914 = CARTESIAN_POINT('',(19.398180013552,30.423996328386,5.));
#2915 = CARTESIAN_POINT('',(19.222001937876,30.55288111364,5.));
#2916 = CARTESIAN_POINT('',(19.132008578399,30.614999811244,5.));
#2917 = ORIENTED_EDGE('',*,*,#2918,.F.);
#2918 = EDGE_CURVE('',#2919,#2855,#2921,.T.);
#2919 = VERTEX_POINT('',#2920);
#2920 = CARTESIAN_POINT('',(19.132008578399,30.614999811244,0.));
#2921 = LINE('',#2922,#2923);
#2922 = CARTESIAN_POINT('',(19.132008578399,30.614999811244,0.));
#2923 = VECTOR('',#2924,1.);
#2924 = DIRECTION('',(0.,0.,1.));
#2925 = ORIENTED_EDGE('',*,*,#2926,.F.);
#2926 = EDGE_CURVE('',#2845,#2919,#2927,.T.);
#2927 = B_SPLINE_CURVE_WITH_KNOTS('',3,(#2928,#2929,#2930,#2931,#2932,
    #2933,#2934,#2935,#2936,#2937,#2938,#2939,#2940,#2941,#2942,#2943,
    #2944,#2945,#2946,#2947,#2948,#2949,#2950,#2951,#2952,#2953,#2954,
    #2955,#2956,#2957,#2958,#2959,#2960,#2961,#2962,#2963,#2964,#2965,
    #2966,#2967,#2968,#2969,#2970,#2971,#2972,#2973,#2974,#2975,#2976,
    #2977,#2978,#2979,#2980,#2981,#2982,#2983,#2984,#2985,#2986),
  .UNSPECIFIED.,.F.,.F.,(4,1,1,1,1,1,1,1,1,1,1,1,1,1,1,1,1,1,1,1,1,1,1,1
    ,1,1,1,1,1,1,1,1,1,1,1,1,1,1,1,1,1,1,1,1,1,1,1,1,1,1,1,1,1,1,1,1,4),
  (0.,0.328013505293,0.654532141274,0.978073973054,1.297183287801,
    1.61044462083,1.916497973535,2.214055789897,2.501922432478,
    2.779017159017,3.044401987384,3.269623492035,3.510023310168,
    3.737105776354,3.950973242823,4.152195746167,4.341963344013,
    4.522306308509,4.696421126138,4.869164710127,5.047820617967,
    5.243309477393,5.472118985513,5.759336347265,6.143042595942,
    6.678887194379,7.495697516282,8.524531677202,9.766857061766,
    11.00918244633,12.03801660725,12.854826929153,13.39067152759,
    13.774377776267,14.061595138019,14.290404646139,14.485893505565,
    14.664549413405,14.837292997394,15.011407815023,15.191750779519,
    15.381518377365,15.582740880709,15.796608347178,16.023690813363,
    16.264090631496,16.489312136147,16.754696964515,17.031791691054,
    17.319658333634,17.617216149997,17.923269502701,18.236530835731,
    18.555640150478,18.879181982258,19.205700618239,19.533714123532),
  .UNSPECIFIED.);
#2928 = CARTESIAN_POINT('',(30.938964154299,17.287702000028,0.));
#2929 = CARTESIAN_POINT('',(30.888145872737,17.384526788182,0.));
#2930 = CARTESIAN_POINT('',(30.781436723055,17.574955671477,0.));
#2931 = CARTESIAN_POINT('',(30.606613757698,17.85033714936,0.));
#2932 = CARTESIAN_POINT('',(30.418709711207,18.113325782714,0.));
#2933 = CARTESIAN_POINT('',(30.219471677901,18.362187264886,0.));
#2934 = CARTESIAN_POINT('',(30.010965205123,18.595589694461,0.));
#2935 = CARTESIAN_POINT('',(29.794936512174,18.811960438413,0.));
#2936 = CARTESIAN_POINT('',(29.574905591998,19.011910169025,0.));
#2937 = CARTESIAN_POINT('',(29.348464034611,19.18966444612,0.));
#2938 = CARTESIAN_POINT('',(29.134340372684,19.363509648219,0.));
#2939 = CARTESIAN_POINT('',(28.885820138089,19.464990899232,0.));
#2940 = CARTESIAN_POINT('',(28.78431332592,19.710122137112,0.));
#2941 = CARTESIAN_POINT('',(28.549722258394,19.783000833998,0.));
#2942 = CARTESIAN_POINT('',(28.350386673714,19.885478261783,0.));
#2943 = CARTESIAN_POINT('',(28.149645900024,19.962723627836,0.));
#2944 = CARTESIAN_POINT('',(27.9595416491,20.029310100786,0.));
#2945 = CARTESIAN_POINT('',(27.776907843029,20.083734914417,0.));
#2946 = CARTESIAN_POINT('',(27.601110245929,20.128613064621,0.));
#2947 = CARTESIAN_POINT('',(27.429288758815,20.165682747259,0.));
#2948 = CARTESIAN_POINT('',(27.256918686635,20.19702133262,0.));
#2949 = CARTESIAN_POINT('',(27.076735939319,20.224809830503,0.));
#2950 = CARTESIAN_POINT('',(26.877563666304,20.251754772998,0.));
#2951 = CARTESIAN_POINT('',(26.64226755585,20.281655236508,0.));
#2952 = CARTESIAN_POINT('',(26.345247320693,20.322628024867,0.));
#2953 = CARTESIAN_POINT('',(25.947390771831,20.385689436269,0.));
#2954 = CARTESIAN_POINT('',(25.389553335937,20.538898119505,0.));
#2955 = CARTESIAN_POINT('',(24.596689259789,20.662889021094,0.));
#2956 = CARTESIAN_POINT('',(23.70445719875,21.213053146208,0.));
#2957 = CARTESIAN_POINT('',(22.806780509398,21.976889809507,0.));
#2958 = CARTESIAN_POINT('',(22.156716043456,22.960091760749,0.));
#2959 = CARTESIAN_POINT('',(21.7181099249,23.912133402734,0.));
#2960 = CARTESIAN_POINT('',(21.690592260219,24.71416205874,0.));
#2961 = CARTESIAN_POINT('',(21.605740513426,25.286399497719,0.));
#2962 = CARTESIAN_POINT('',(21.591095198331,25.688956437575,0.));
#2963 = CARTESIAN_POINT('',(21.586222980846,25.988749784692,0.));
#2964 = CARTESIAN_POINT('',(21.584902337411,26.22593442419,0.));
#2965 = CARTESIAN_POINT('',(21.582161418472,26.426902361003,0.));
#2966 = CARTESIAN_POINT('',(21.576294160226,26.609120906508,0.));
#2967 = CARTESIAN_POINT('',(21.565960984713,26.784011655833,0.));
#2968 = CARTESIAN_POINT('',(21.549872373452,26.959048627335,0.));
#2969 = CARTESIAN_POINT('',(21.526511494242,27.138973925263,0.));
#2970 = CARTESIAN_POINT('',(21.494497571466,27.326836311618,0.));
#2971 = CARTESIAN_POINT('',(21.451311124183,27.523580600914,0.));
#2972 = CARTESIAN_POINT('',(21.398825590271,27.732168648338,0.));
#2973 = CARTESIAN_POINT('',(21.321122587948,27.94240314112,0.));
#2974 = CARTESIAN_POINT('',(21.277052087313,28.184068331822,0.));
#2975 = CARTESIAN_POINT('',(21.045943426314,28.314382350683,0.));
#2976 = CARTESIAN_POINT('',(20.975157891933,28.573322806064,0.));
#2977 = CARTESIAN_POINT('',(20.828389972463,28.806839988953,0.));
#2978 = CARTESIAN_POINT('',(20.679226237781,29.053056442898,0.));
#2979 = CARTESIAN_POINT('',(20.5072561625,29.295584366679,0.));
#2980 = CARTESIAN_POINT('',(20.318502386372,29.536118578409,0.));
#2981 = CARTESIAN_POINT('',(20.111934401337,29.771238358267,0.));
#2982 = CARTESIAN_POINT('',(19.888902890679,29.999020658893,0.));
#2983 = CARTESIAN_POINT('',(19.650481070532,30.217254450132,0.));
#2984 = CARTESIAN_POINT('',(19.398180013552,30.423996328386,0.));
#2985 = CARTESIAN_POINT('',(19.222001937876,30.55288111364,0.));
#2986 = CARTESIAN_POINT('',(19.132008578399,30.614999811244,0.));
#2987 = SURFACE_OF_LINEAR_EXTRUSION('',#2988,#3048);
#2988 = B_SPLINE_CURVE_WITH_KNOTS('',3,(#2989,#2990,#2991,#2992,#2993,
    #2994,#2995,#2996,#2997,#2998,#2999,#3000,#3001,#3002,#3003,#3004,
    #3005,#3006,#3007,#3008,#3009,#3010,#3011,#3012,#3013,#3014,#3015,
    #3016,#3017,#3018,#3019,#3020,#3021,#3022,#3023,#3024,#3025,#3026,
    #3027,#3028,#3029,#3030,#3031,#3032,#3033,#3034,#3035,#3036,#3037,
    #3038,#3039,#3040,#3041,#3042,#3043,#3044,#3045,#3046,#3047),
  .UNSPECIFIED.,.F.,.F.,(4,1,1,1,1,1,1,1,1,1,1,1,1,1,1,1,1,1,1,1,1,1,1,1
    ,1,1,1,1,1,1,1,1,1,1,1,1,1,1,1,1,1,1,1,1,1,1,1,1,1,1,1,1,1,1,1,1,4),
  (0.,0.328013505293,0.654532141274,0.978073973054,1.297183287801,
    1.61044462083,1.916497973535,2.214055789897,2.501922432478,
    2.779017159017,3.044401987384,3.269623492035,3.510023310168,
    3.737105776354,3.950973242823,4.152195746167,4.341963344013,
    4.522306308509,4.696421126138,4.869164710127,5.047820617967,
    5.243309477393,5.472118985513,5.759336347265,6.143042595942,
    6.678887194379,7.495697516282,8.524531677202,9.766857061766,
    11.00918244633,12.03801660725,12.854826929153,13.39067152759,
    13.774377776267,14.061595138019,14.290404646139,14.485893505565,
    14.664549413405,14.837292997394,15.011407815023,15.191750779519,
    15.381518377365,15.582740880709,15.796608347178,16.023690813363,
    16.264090631496,16.489312136147,16.754696964515,17.031791691054,
    17.319658333634,17.617216149997,17.923269502701,18.236530835731,
    18.555640150478,18.879181982258,19.205700618239,19.533714123532),
  .UNSPECIFIED.);
#2989 = CARTESIAN_POINT('',(30.938964154299,17.287702000028,0.));
#2990 = CARTESIAN_POINT('',(30.888145872737,17.384526788182,0.));
#2991 = CARTESIAN_POINT('',(30.781436723055,17.574955671477,0.));
#2992 = CARTESIAN_POINT('',(30.606613757698,17.85033714936,0.));
#2993 = CARTESIAN_POINT('',(30.418709711207,18.113325782714,0.));
#2994 = CARTESIAN_POINT('',(30.219471677901,18.362187264886,0.));
#2995 = CARTESIAN_POINT('',(30.010965205123,18.595589694461,0.));
#2996 = CARTESIAN_POINT('',(29.794936512174,18.811960438413,0.));
#2997 = CARTESIAN_POINT('',(29.574905591998,19.011910169025,0.));
#2998 = CARTESIAN_POINT('',(29.348464034611,19.18966444612,0.));
#2999 = CARTESIAN_POINT('',(29.134340372684,19.363509648219,0.));
#3000 = CARTESIAN_POINT('',(28.885820138089,19.464990899232,0.));
#3001 = CARTESIAN_POINT('',(28.78431332592,19.710122137112,0.));
#3002 = CARTESIAN_POINT('',(28.549722258394,19.783000833998,0.));
#3003 = CARTESIAN_POINT('',(28.350386673714,19.885478261783,0.));
#3004 = CARTESIAN_POINT('',(28.149645900024,19.962723627836,0.));
#3005 = CARTESIAN_POINT('',(27.9595416491,20.029310100786,0.));
#3006 = CARTESIAN_POINT('',(27.776907843029,20.083734914417,0.));
#3007 = CARTESIAN_POINT('',(27.601110245929,20.128613064621,0.));
#3008 = CARTESIAN_POINT('',(27.429288758815,20.165682747259,0.));
#3009 = CARTESIAN_POINT('',(27.256918686635,20.19702133262,0.));
#3010 = CARTESIAN_POINT('',(27.076735939319,20.224809830503,0.));
#3011 = CARTESIAN_POINT('',(26.877563666304,20.251754772998,0.));
#3012 = CARTESIAN_POINT('',(26.64226755585,20.281655236508,0.));
#3013 = CARTESIAN_POINT('',(26.345247320693,20.322628024867,0.));
#3014 = CARTESIAN_POINT('',(25.947390771831,20.385689436269,0.));
#3015 = CARTESIAN_POINT('',(25.389553335937,20.538898119505,0.));
#3016 = CARTESIAN_POINT('',(24.596689259789,20.662889021094,0.));
#3017 = CARTESIAN_POINT('',(23.70445719875,21.213053146208,0.));
#3018 = CARTESIAN_POINT('',(22.806780509398,21.976889809507,0.));
#3019 = CARTESIAN_POINT('',(22.156716043456,22.960091760749,0.));
#3020 = CARTESIAN_POINT('',(21.7181099249,23.912133402734,0.));
#3021 = CARTESIAN_POINT('',(21.690592260219,24.71416205874,0.));
#3022 = CARTESIAN_POINT('',(21.605740513426,25.286399497719,0.));
#3023 = CARTESIAN_POINT('',(21.591095198331,25.688956437575,0.));
#3024 = CARTESIAN_POINT('',(21.586222980846,25.988749784692,0.));
#3025 = CARTESIAN_POINT('',(21.584902337411,26.22593442419,0.));
#3026 = CARTESIAN_POINT('',(21.582161418472,26.426902361003,0.));
#3027 = CARTESIAN_POINT('',(21.576294160226,26.609120906508,0.));
#3028 = CARTESIAN_POINT('',(21.565960984713,26.784011655833,0.));
#3029 = CARTESIAN_POINT('',(21.549872373452,26.959048627335,0.));
#3030 = CARTESIAN_POINT('',(21.526511494242,27.138973925263,0.));
#3031 = CARTESIAN_POINT('',(21.494497571466,27.326836311618,0.));
#3032 = CARTESIAN_POINT('',(21.451311124183,27.523580600914,0.));
#3033 = CARTESIAN_POINT('',(21.398825590271,27.732168648338,0.));
#3034 = CARTESIAN_POINT('',(21.321122587948,27.94240314112,0.));
#3035 = CARTESIAN_POINT('',(21.277052087313,28.184068331822,0.));
#3036 = CARTESIAN_POINT('',(21.045943426314,28.314382350683,0.));
#3037 = CARTESIAN_POINT('',(20.975157891933,28.573322806064,0.));
#3038 = CARTESIAN_POINT('',(20.828389972463,28.806839988953,0.));
#3039 = CARTESIAN_POINT('',(20.679226237781,29.053056442898,0.));
#3040 = CARTESIAN_POINT('',(20.5072561625,29.295584366679,0.));
#3041 = CARTESIAN_POINT('',(20.318502386372,29.536118578409,0.));
#3042 = CARTESIAN_POINT('',(20.111934401337,29.771238358267,0.));
#3043 = CARTESIAN_POINT('',(19.888902890679,29.999020658893,0.));
#3044 = CARTESIAN_POINT('',(19.650481070532,30.217254450132,0.));
#3045 = CARTESIAN_POINT('',(19.398180013552,30.423996328386,0.));
#3046 = CARTESIAN_POINT('',(19.222001937876,30.55288111364,0.));
#3047 = CARTESIAN_POINT('',(19.132008578399,30.614999811244,0.));
#3048 = VECTOR('',#3049,1.);
#3049 = DIRECTION('',(-0.,-0.,-1.));
#3050 = ADVANCED_FACE('',(#3051),#3188,.F.);
#3051 = FACE_BOUND('',#3052,.F.);
#3052 = EDGE_LOOP('',(#3053,#3054,#3118,#3126));
#3053 = ORIENTED_EDGE('',*,*,#2918,.T.);
#3054 = ORIENTED_EDGE('',*,*,#3055,.T.);
#3055 = EDGE_CURVE('',#2855,#3056,#3058,.T.);
#3056 = VERTEX_POINT('',#3057);
#3057 = CARTESIAN_POINT('',(2.483964505498,36.928770116448,5.));
#3058 = B_SPLINE_CURVE_WITH_KNOTS('',3,(#3059,#3060,#3061,#3062,#3063,
    #3064,#3065,#3066,#3067,#3068,#3069,#3070,#3071,#3072,#3073,#3074,
    #3075,#3076,#3077,#3078,#3079,#3080,#3081,#3082,#3083,#3084,#3085,
    #3086,#3087,#3088,#3089,#3090,#3091,#3092,#3093,#3094,#3095,#3096,
    #3097,#3098,#3099,#3100,#3101,#3102,#3103,#3104,#3105,#3106,#3107,
    #3108,#3109,#3110,#3111,#3112,#3113,#3114,#3115,#3116,#3117),
  .UNSPECIFIED.,.F.,.F.,(4,1,1,1,1,1,1,1,1,1,1,1,1,1,1,1,1,1,1,1,1,1,1,1
    ,1,1,1,1,1,1,1,1,1,1,1,1,1,1,1,1,1,1,1,1,1,1,1,1,1,1,1,1,1,1,1,1,4),
  (0.,0.328013505293,0.654532141274,0.978073973054,1.297183287801,
    1.61044462083,1.916497973535,2.214055789897,2.501922432478,
    2.779017159017,3.044401987384,3.269623492035,3.510023310168,
    3.737105776354,3.950973242823,4.152195746167,4.341963344013,
    4.522306308509,4.696421126138,4.869164710127,5.047820617967,
    5.243309477393,5.472118985513,5.759336347265,6.143042595942,
    6.678887194379,7.495697516282,8.524531677202,9.766857061766,
    11.00918244633,12.03801660725,12.854826929153,13.39067152759,
    13.774377776267,14.061595138019,14.290404646139,14.485893505565,
    14.664549413405,14.837292997394,15.011407815023,15.191750779519,
    15.381518377365,15.582740880709,15.796608347178,16.023690813363,
    16.264090631496,16.489312136147,16.754696964515,17.031791691054,
    17.319658333634,17.617216149997,17.923269502701,18.236530835731,
    18.555640150478,18.879181982258,19.205700618239,19.533714123532),
  .UNSPECIFIED.);
#3059 = CARTESIAN_POINT('',(19.132008578399,30.614999811244,5.));
#3060 = CARTESIAN_POINT('',(19.042014502093,30.677117470342,5.));
#3061 = CARTESIAN_POINT('',(18.859031527821,30.796143657988,5.));
#3062 = CARTESIAN_POINT('',(18.576257325799,30.958737563925,5.));
#3063 = CARTESIAN_POINT('',(18.287659643685,31.104279069482,5.));
#3064 = CARTESIAN_POINT('',(17.995591429161,31.232044437594,5.));
#3065 = CARTESIAN_POINT('',(17.702500599017,31.341814235843,5.));
#3066 = CARTESIAN_POINT('',(17.410664192665,31.433007475411,5.));
#3067 = CARTESIAN_POINT('',(17.122915215505,31.507800702036,5.));
#3068 = CARTESIAN_POINT('',(16.839804642563,31.559961658945,5.));
#3069 = CARTESIAN_POINT('',(16.56941766211,31.614385713294,5.));
#3070 = CARTESIAN_POINT('',(16.302203234018,31.588749786756,5.));
#3071 = CARTESIAN_POINT('',(16.098405249104,31.758630150677,5.));
#3072 = CARTESIAN_POINT('',(15.856816755607,31.714141126943,5.));
#3073 = CARTESIAN_POINT('',(15.632690225722,31.712244517655,5.));
#3074 = CARTESIAN_POINT('',(15.419045386526,31.687353003373,5.));
#3075 = CARTESIAN_POINT('',(15.219772155118,31.657966546565,5.));
#3076 = CARTESIAN_POINT('',(15.032765479016,31.621283164059,5.));
#3077 = CARTESIAN_POINT('',(14.85624852105,31.579323575616,5.));
#3078 = CARTESIAN_POINT('',(14.686881009446,31.53229772296,5.));
#3079 = CARTESIAN_POINT('',(14.519691123596,31.479942295494,5.));
#3080 = CARTESIAN_POINT('',(14.347233265384,31.420812690508,5.));
#3081 = CARTESIAN_POINT('',(14.158353036953,31.352111281703,5.));
#3082 = CARTESIAN_POINT('',(13.936113239891,31.269239272468,5.));
#3083 = CARTESIAN_POINT('',(13.654073878756,31.167486688964,5.));
#3084 = CARTESIAN_POINT('',(13.27248330108,31.038431638271,5.));
#3085 = CARTESIAN_POINT('',(12.707343156876,30.914851207332,5.));
#3086 = CARTESIAN_POINT('',(11.947675438035,30.656177389802,5.));
#3087 = CARTESIAN_POINT('',(10.901969165939,30.728682615878,5.));
#3088 = CARTESIAN_POINT('',(9.752143335173,30.987855233466,5.));
#3089 = CARTESIAN_POINT('',(8.719623107201,31.556337304981,5.));
#3090 = CARTESIAN_POINT('',(7.888820864856,32.195497886856,5.));
#3091 = CARTESIAN_POINT('',(7.491733881763,32.892870896645,5.));
#3092 = CARTESIAN_POINT('',(7.150669393473,33.360129412171,5.));
#3093 = CARTESIAN_POINT('',(6.950624072957,33.709769862948,5.));
#3094 = CARTESIAN_POINT('',(6.806989023396,33.972959456239,5.));
#3095 = CARTESIAN_POINT('',(6.695594453682,34.182362290869,5.));
#3096 = CARTESIAN_POINT('',(6.599773033416,34.35903679294,5.));
#3097 = CARTESIAN_POINT('',(6.509896653777,34.517656651179,5.));
#3098 = CARTESIAN_POINT('',(6.419471297467,34.667712652899,5.));
#3099 = CARTESIAN_POINT('',(6.323881803059,34.815223443568,5.));
#3100 = CARTESIAN_POINT('',(6.219581316615,34.963683040898,5.));
#3101 = CARTESIAN_POINT('',(6.103930391693,35.115149311148,5.));
#3102 = CARTESIAN_POINT('',(5.974259061517,35.269287984847,5.));
#3103 = CARTESIAN_POINT('',(5.830849730205,35.429592284512,5.));
#3104 = CARTESIAN_POINT('',(5.664346298229,35.579635297229,5.));
#3105 = CARTESIAN_POINT('',(5.513016393893,35.773138613678,5.));
#3106 = CARTESIAN_POINT('',(5.247819893223,35.781124396879,5.));
#3107 = CARTESIAN_POINT('',(5.064806785481,35.977509105309,5.));
#3108 = CARTESIAN_POINT('',(4.826329400855,36.116071848902,5.));
#3109 = CARTESIAN_POINT('',(4.579828981685,36.264765847726,5.));
#3110 = CARTESIAN_POINT('',(4.314848696247,36.399595180347,5.));
#3111 = CARTESIAN_POINT('',(4.03593370595,36.524859393921,5.));
#3112 = CARTESIAN_POINT('',(3.743761228987,36.637050690499,5.));
#3113 = CARTESIAN_POINT('',(3.440420920683,36.735093990026,5.));
#3114 = CARTESIAN_POINT('',(3.127890583674,36.817530270937,5.));
#3115 = CARTESIAN_POINT('',(2.808411351037,36.883340965282,5.));
#3116 = CARTESIAN_POINT('',(2.592517666109,36.915588740827,5.));
#3117 = CARTESIAN_POINT('',(2.483964505498,36.928770116448,5.));
#3118 = ORIENTED_EDGE('',*,*,#3119,.F.);
#3119 = EDGE_CURVE('',#3120,#3056,#3122,.T.);
#3120 = VERTEX_POINT('',#3121);
#3121 = CARTESIAN_POINT('',(2.483964505498,36.928770116448,0.));
#3122 = LINE('',#3123,#3124);
#3123 = CARTESIAN_POINT('',(2.483964505498,36.928770116448,0.));
#3124 = VECTOR('',#3125,1.);
#3125 = DIRECTION('',(0.,0.,1.));
#3126 = ORIENTED_EDGE('',*,*,#3127,.F.);
#3127 = EDGE_CURVE('',#2919,#3120,#3128,.T.);
#3128 = B_SPLINE_CURVE_WITH_KNOTS('',3,(#3129,#3130,#3131,#3132,#3133,
    #3134,#3135,#3136,#3137,#3138,#3139,#3140,#3141,#3142,#3143,#3144,
    #3145,#3146,#3147,#3148,#3149,#3150,#3151,#3152,#3153,#3154,#3155,
    #3156,#3157,#3158,#3159,#3160,#3161,#3162,#3163,#3164,#3165,#3166,
    #3167,#3168,#3169,#3170,#3171,#3172,#3173,#3174,#3175,#3176,#3177,
    #3178,#3179,#3180,#3181,#3182,#3183,#3184,#3185,#3186,#3187),
  .UNSPECIFIED.,.F.,.F.,(4,1,1,1,1,1,1,1,1,1,1,1,1,1,1,1,1,1,1,1,1,1,1,1
    ,1,1,1,1,1,1,1,1,1,1,1,1,1,1,1,1,1,1,1,1,1,1,1,1,1,1,1,1,1,1,1,1,4),
  (0.,0.328013505293,0.654532141274,0.978073973054,1.297183287801,
    1.61044462083,1.916497973535,2.214055789897,2.501922432478,
    2.779017159017,3.044401987384,3.269623492035,3.510023310168,
    3.737105776354,3.950973242823,4.152195746167,4.341963344013,
    4.522306308509,4.696421126138,4.869164710127,5.047820617967,
    5.243309477393,5.472118985513,5.759336347265,6.143042595942,
    6.678887194379,7.495697516282,8.524531677202,9.766857061766,
    11.00918244633,12.03801660725,12.854826929153,13.39067152759,
    13.774377776267,14.061595138019,14.290404646139,14.485893505565,
    14.664549413405,14.837292997394,15.011407815023,15.191750779519,
    15.381518377365,15.582740880709,15.796608347178,16.023690813363,
    16.264090631496,16.489312136147,16.754696964515,17.031791691054,
    17.319658333634,17.617216149997,17.923269502701,18.236530835731,
    18.555640150478,18.879181982258,19.205700618239,19.533714123532),
  .UNSPECIFIED.);
#3129 = CARTESIAN_POINT('',(19.132008578399,30.614999811244,0.));
#3130 = CARTESIAN_POINT('',(19.042014502093,30.677117470342,0.));
#3131 = CARTESIAN_POINT('',(18.859031527821,30.796143657988,0.));
#3132 = CARTESIAN_POINT('',(18.576257325799,30.958737563925,0.));
#3133 = CARTESIAN_POINT('',(18.287659643685,31.104279069482,0.));
#3134 = CARTESIAN_POINT('',(17.995591429161,31.232044437594,0.));
#3135 = CARTESIAN_POINT('',(17.702500599017,31.341814235843,0.));
#3136 = CARTESIAN_POINT('',(17.410664192665,31.433007475411,0.));
#3137 = CARTESIAN_POINT('',(17.122915215505,31.507800702036,0.));
#3138 = CARTESIAN_POINT('',(16.839804642563,31.559961658945,0.));
#3139 = CARTESIAN_POINT('',(16.56941766211,31.614385713294,0.));
#3140 = CARTESIAN_POINT('',(16.302203234018,31.588749786756,0.));
#3141 = CARTESIAN_POINT('',(16.098405249104,31.758630150677,0.));
#3142 = CARTESIAN_POINT('',(15.856816755607,31.714141126943,0.));
#3143 = CARTESIAN_POINT('',(15.632690225722,31.712244517655,0.));
#3144 = CARTESIAN_POINT('',(15.419045386526,31.687353003373,0.));
#3145 = CARTESIAN_POINT('',(15.219772155118,31.657966546565,0.));
#3146 = CARTESIAN_POINT('',(15.032765479016,31.621283164059,0.));
#3147 = CARTESIAN_POINT('',(14.85624852105,31.579323575616,0.));
#3148 = CARTESIAN_POINT('',(14.686881009446,31.53229772296,0.));
#3149 = CARTESIAN_POINT('',(14.519691123596,31.479942295494,0.));
#3150 = CARTESIAN_POINT('',(14.347233265384,31.420812690508,0.));
#3151 = CARTESIAN_POINT('',(14.158353036953,31.352111281703,0.));
#3152 = CARTESIAN_POINT('',(13.936113239891,31.269239272468,0.));
#3153 = CARTESIAN_POINT('',(13.654073878756,31.167486688964,0.));
#3154 = CARTESIAN_POINT('',(13.27248330108,31.038431638271,0.));
#3155 = CARTESIAN_POINT('',(12.707343156876,30.914851207332,0.));
#3156 = CARTESIAN_POINT('',(11.947675438035,30.656177389802,0.));
#3157 = CARTESIAN_POINT('',(10.901969165939,30.728682615878,0.));
#3158 = CARTESIAN_POINT('',(9.752143335173,30.987855233466,0.));
#3159 = CARTESIAN_POINT('',(8.719623107201,31.556337304981,0.));
#3160 = CARTESIAN_POINT('',(7.888820864856,32.195497886856,0.));
#3161 = CARTESIAN_POINT('',(7.491733881763,32.892870896645,0.));
#3162 = CARTESIAN_POINT('',(7.150669393473,33.360129412171,0.));
#3163 = CARTESIAN_POINT('',(6.950624072957,33.709769862948,0.));
#3164 = CARTESIAN_POINT('',(6.806989023396,33.972959456239,0.));
#3165 = CARTESIAN_POINT('',(6.695594453682,34.182362290869,0.));
#3166 = CARTESIAN_POINT('',(6.599773033416,34.35903679294,0.));
#3167 = CARTESIAN_POINT('',(6.509896653777,34.517656651179,0.));
#3168 = CARTESIAN_POINT('',(6.419471297467,34.667712652899,0.));
#3169 = CARTESIAN_POINT('',(6.323881803059,34.815223443568,0.));
#3170 = CARTESIAN_POINT('',(6.219581316615,34.963683040898,0.));
#3171 = CARTESIAN_POINT('',(6.103930391693,35.115149311148,0.));
#3172 = CARTESIAN_POINT('',(5.974259061517,35.269287984847,0.));
#3173 = CARTESIAN_POINT('',(5.830849730205,35.429592284512,0.));
#3174 = CARTESIAN_POINT('',(5.664346298229,35.579635297229,0.));
#3175 = CARTESIAN_POINT('',(5.513016393893,35.773138613678,0.));
#3176 = CARTESIAN_POINT('',(5.247819893223,35.781124396879,0.));
#3177 = CARTESIAN_POINT('',(5.064806785481,35.977509105309,0.));
#3178 = CARTESIAN_POINT('',(4.826329400855,36.116071848902,0.));
#3179 = CARTESIAN_POINT('',(4.579828981685,36.264765847726,0.));
#3180 = CARTESIAN_POINT('',(4.314848696247,36.399595180347,0.));
#3181 = CARTESIAN_POINT('',(4.03593370595,36.524859393921,0.));
#3182 = CARTESIAN_POINT('',(3.743761228987,36.637050690499,0.));
#3183 = CARTESIAN_POINT('',(3.440420920683,36.735093990026,0.));
#3184 = CARTESIAN_POINT('',(3.127890583674,36.817530270937,0.));
#3185 = CARTESIAN_POINT('',(2.808411351037,36.883340965282,0.));
#3186 = CARTESIAN_POINT('',(2.592517666109,36.915588740827,0.));
#3187 = CARTESIAN_POINT('',(2.483964505498,36.928770116448,0.));
#3188 = SURFACE_OF_LINEAR_EXTRUSION('',#3189,#3249);
#3189 = B_SPLINE_CURVE_WITH_KNOTS('',3,(#3190,#3191,#3192,#3193,#3194,
    #3195,#3196,#3197,#3198,#3199,#3200,#3201,#3202,#3203,#3204,#3205,
    #3206,#3207,#3208,#3209,#3210,#3211,#3212,#3213,#3214,#3215,#3216,
    #3217,#3218,#3219,#3220,#3221,#3222,#3223,#3224,#3225,#3226,#3227,
    #3228,#3229,#3230,#3231,#3232,#3233,#3234,#3235,#3236,#3237,#3238,
    #3239,#3240,#3241,#3242,#3243,#3244,#3245,#3246,#3247,#3248),
  .UNSPECIFIED.,.F.,.F.,(4,1,1,1,1,1,1,1,1,1,1,1,1,1,1,1,1,1,1,1,1,1,1,1
    ,1,1,1,1,1,1,1,1,1,1,1,1,1,1,1,1,1,1,1,1,1,1,1,1,1,1,1,1,1,1,1,1,4),
  (0.,0.328013505293,0.654532141274,0.978073973054,1.297183287801,
    1.61044462083,1.916497973535,2.214055789897,2.501922432478,
    2.779017159017,3.044401987384,3.269623492035,3.510023310168,
    3.737105776354,3.950973242823,4.152195746167,4.341963344013,
    4.522306308509,4.696421126138,4.869164710127,5.047820617967,
    5.243309477393,5.472118985513,5.759336347265,6.143042595942,
    6.678887194379,7.495697516282,8.524531677202,9.766857061766,
    11.00918244633,12.03801660725,12.854826929153,13.39067152759,
    13.774377776267,14.061595138019,14.290404646139,14.485893505565,
    14.664549413405,14.837292997394,15.011407815023,15.191750779519,
    15.381518377365,15.582740880709,15.796608347178,16.023690813363,
    16.264090631496,16.489312136147,16.754696964515,17.031791691054,
    17.319658333634,17.617216149997,17.923269502701,18.236530835731,
    18.555640150478,18.879181982258,19.205700618239,19.533714123532),
  .UNSPECIFIED.);
#3190 = CARTESIAN_POINT('',(19.132008578399,30.614999811244,0.));
#3191 = CARTESIAN_POINT('',(19.042014502093,30.677117470342,0.));
#3192 = CARTESIAN_POINT('',(18.859031527821,30.796143657988,0.));
#3193 = CARTESIAN_POINT('',(18.576257325799,30.958737563925,0.));
#3194 = CARTESIAN_POINT('',(18.287659643685,31.104279069482,0.));
#3195 = CARTESIAN_POINT('',(17.995591429161,31.232044437594,0.));
#3196 = CARTESIAN_POINT('',(17.702500599017,31.341814235843,0.));
#3197 = CARTESIAN_POINT('',(17.410664192665,31.433007475411,0.));
#3198 = CARTESIAN_POINT('',(17.122915215505,31.507800702036,0.));
#3199 = CARTESIAN_POINT('',(16.839804642563,31.559961658945,0.));
#3200 = CARTESIAN_POINT('',(16.56941766211,31.614385713294,0.));
#3201 = CARTESIAN_POINT('',(16.302203234018,31.588749786756,0.));
#3202 = CARTESIAN_POINT('',(16.098405249104,31.758630150677,0.));
#3203 = CARTESIAN_POINT('',(15.856816755607,31.714141126943,0.));
#3204 = CARTESIAN_POINT('',(15.632690225722,31.712244517655,0.));
#3205 = CARTESIAN_POINT('',(15.419045386526,31.687353003373,0.));
#3206 = CARTESIAN_POINT('',(15.219772155118,31.657966546565,0.));
#3207 = CARTESIAN_POINT('',(15.032765479016,31.621283164059,0.));
#3208 = CARTESIAN_POINT('',(14.85624852105,31.579323575616,0.));
#3209 = CARTESIAN_POINT('',(14.686881009446,31.53229772296,0.));
#3210 = CARTESIAN_POINT('',(14.519691123596,31.479942295494,0.));
#3211 = CARTESIAN_POINT('',(14.347233265384,31.420812690508,0.));
#3212 = CARTESIAN_POINT('',(14.158353036953,31.352111281703,0.));
#3213 = CARTESIAN_POINT('',(13.936113239891,31.269239272468,0.));
#3214 = CARTESIAN_POINT('',(13.654073878756,31.167486688964,0.));
#3215 = CARTESIAN_POINT('',(13.27248330108,31.038431638271,0.));
#3216 = CARTESIAN_POINT('',(12.707343156876,30.914851207332,0.));
#3217 = CARTESIAN_POINT('',(11.947675438035,30.656177389802,0.));
#3218 = CARTESIAN_POINT('',(10.901969165939,30.728682615878,0.));
#3219 = CARTESIAN_POINT('',(9.752143335173,30.987855233466,0.));
#3220 = CARTESIAN_POINT('',(8.719623107201,31.556337304981,0.));
#3221 = CARTESIAN_POINT('',(7.888820864856,32.195497886856,0.));
#3222 = CARTESIAN_POINT('',(7.491733881763,32.892870896645,0.));
#3223 = CARTESIAN_POINT('',(7.150669393473,33.360129412171,0.));
#3224 = CARTESIAN_POINT('',(6.950624072957,33.709769862948,0.));
#3225 = CARTESIAN_POINT('',(6.806989023396,33.972959456239,0.));
#3226 = CARTESIAN_POINT('',(6.695594453682,34.182362290869,0.));
#3227 = CARTESIAN_POINT('',(6.599773033416,34.35903679294,0.));
#3228 = CARTESIAN_POINT('',(6.509896653777,34.517656651179,0.));
#3229 = CARTESIAN_POINT('',(6.419471297467,34.667712652899,0.));
#3230 = CARTESIAN_POINT('',(6.323881803059,34.815223443568,0.));
#3231 = CARTESIAN_POINT('',(6.219581316615,34.963683040898,0.));
#3232 = CARTESIAN_POINT('',(6.103930391693,35.115149311148,0.));
#3233 = CARTESIAN_POINT('',(5.974259061517,35.269287984847,0.));
#3234 = CARTESIAN_POINT('',(5.830849730205,35.429592284512,0.));
#3235 = CARTESIAN_POINT('',(5.664346298229,35.579635297229,0.));
#3236 = CARTESIAN_POINT('',(5.513016393893,35.773138613678,0.));
#3237 = CARTESIAN_POINT('',(5.247819893223,35.781124396879,0.));
#3238 = CARTESIAN_POINT('',(5.064806785481,35.977509105309,0.));
#3239 = CARTESIAN_POINT('',(4.826329400855,36.116071848902,0.));
#3240 = CARTESIAN_POINT('',(4.579828981685,36.264765847726,0.));
#3241 = CARTESIAN_POINT('',(4.314848696247,36.399595180347,0.));
#3242 = CARTESIAN_POINT('',(4.03593370595,36.524859393921,0.));
#3243 = CARTESIAN_POINT('',(3.743761228987,36.637050690499,0.));
#3244 = CARTESIAN_POINT('',(3.440420920683,36.735093990026,0.));
#3245 = CARTESIAN_POINT('',(3.127890583674,36.817530270937,0.));
#3246 = CARTESIAN_POINT('',(2.808411351037,36.883340965282,0.));
#3247 = CARTESIAN_POINT('',(2.592517666109,36.915588740827,0.));
#3248 = CARTESIAN_POINT('',(2.483964505498,36.928770116448,0.));
#3249 = VECTOR('',#3250,1.);
#3250 = DIRECTION('',(-0.,-0.,-1.));
#3251 = ADVANCED_FACE('',(#3252),#3389,.F.);
#3252 = FACE_BOUND('',#3253,.F.);
#3253 = EDGE_LOOP('',(#3254,#3255,#3319,#3327));
#3254 = ORIENTED_EDGE('',*,*,#3119,.T.);
#3255 = ORIENTED_EDGE('',*,*,#3256,.T.);
#3256 = EDGE_CURVE('',#3056,#3257,#3259,.T.);
#3257 = VERTEX_POINT('',#3258);
#3258 = CARTESIAN_POINT('',(-15.19130179798,34.782604227897,5.));
#3259 = B_SPLINE_CURVE_WITH_KNOTS('',3,(#3260,#3261,#3262,#3263,#3264,
    #3265,#3266,#3267,#3268,#3269,#3270,#3271,#3272,#3273,#3274,#3275,
    #3276,#3277,#3278,#3279,#3280,#3281,#3282,#3283,#3284,#3285,#3286,
    #3287,#3288,#3289,#3290,#3291,#3292,#3293,#3294,#3295,#3296,#3297,
    #3298,#3299,#3300,#3301,#3302,#3303,#3304,#3305,#3306,#3307,#3308,
    #3309,#3310,#3311,#3312,#3313,#3314,#3315,#3316,#3317,#3318),
  .UNSPECIFIED.,.F.,.F.,(4,1,1,1,1,1,1,1,1,1,1,1,1,1,1,1,1,1,1,1,1,1,1,1
    ,1,1,1,1,1,1,1,1,1,1,1,1,1,1,1,1,1,1,1,1,1,1,1,1,1,1,1,1,1,1,1,1,4),
  (0.,0.328013505293,0.654532141274,0.978073973054,1.297183287801,
    1.61044462083,1.916497973535,2.214055789897,2.501922432478,
    2.779017159017,3.044401987384,3.269623492035,3.510023310168,
    3.737105776354,3.950973242823,4.152195746167,4.341963344013,
    4.522306308509,4.696421126138,4.869164710127,5.047820617967,
    5.243309477393,5.472118985513,5.759336347265,6.143042595942,
    6.678887194379,7.495697516282,8.524531677202,9.766857061766,
    11.00918244633,12.03801660725,12.854826929153,13.39067152759,
    13.774377776267,14.061595138019,14.290404646139,14.485893505565,
    14.664549413405,14.837292997394,15.011407815023,15.191750779519,
    15.381518377365,15.582740880709,15.796608347178,16.023690813363,
    16.264090631496,16.489312136147,16.754696964515,17.031791691054,
    17.319658333634,17.617216149997,17.923269502701,18.236530835731,
    18.555640150478,18.879181982258,19.205700618239,19.533714123532),
  .UNSPECIFIED.);
#3260 = CARTESIAN_POINT('',(2.483964505498,36.928770116448,5.));
#3261 = CARTESIAN_POINT('',(2.375411192784,36.941950239389,5.));
#3262 = CARTESIAN_POINT('',(2.158073588144,36.962306266217,5.));
#3263 = CARTESIAN_POINT('',(1.832128311342,36.974864295828,5.));
#3264 = CARTESIAN_POINT('',(1.508951244598,36.96961686863,5.));
#3265 = CARTESIAN_POINT('',(1.190962156999,36.947016616587,5.));
#3266 = CARTESIAN_POINT('',(0.880430546548,36.9080068456,5.));
#3267 = CARTESIAN_POINT('',(0.579642630478,36.853131308596,5.));
#3268 = CARTESIAN_POINT('',(0.290095419251,36.785633804372,5.));
#3269 = CARTESIAN_POINT('',(1.517305116217E-02,36.700251994474,5.));
#3270 = CARTESIAN_POINT('',(-0.24953484911,36.622787006102,5.));
#3271 = CARTESIAN_POINT('',(-0.474227865507,36.475906783837,5.));
#3272 = CARTESIAN_POINT('',(-0.733629360855,36.531618729706,5.));
#3273 = CARTESIAN_POINT('',(-0.926870267919,36.379953884538,5.));
#3274 = CARTESIAN_POINT('',(-1.124443056031,36.274117728508,5.));
#3275 = CARTESIAN_POINT('',(-1.302048502772,36.152791679838,5.));
#3276 = CARTESIAN_POINT('',(-1.46483961885,36.034164376381,5.));
#3277 = CARTESIAN_POINT('',(-1.613378189163,35.914776518589,5.));
#3278 = CARTESIAN_POINT('',(-1.750176600185,35.795591627542,5.));
#3279 = CARTESIAN_POINT('',(-1.87829008047,35.675243295713,5.));
#3280 = CARTESIAN_POINT('',(-2.001998591999,35.551187852902,5.));
#3281 = CARTESIAN_POINT('',(-2.127223544134,35.41868602496,5.));
#3282 = CARTESIAN_POINT('',(-2.2625415439,35.27007692967,5.));
#3283 = CARTESIAN_POINT('',(-2.420812568344,35.093417426289,5.));
#3284 = CARTESIAN_POINT('',(-2.623259236762,34.872249761553,5.));
#3285 = CARTESIAN_POINT('',(-2.901166040571,34.580643205596,5.));
#3286 = CARTESIAN_POINT('',(-3.344142096728,34.208584447904,5.));
#3287 = CARTESIAN_POINT('',(-3.896582738862,33.626504965495,5.));
#3288 = CARTESIAN_POINT('',(-4.856204517204,33.20474121902,5.));
#3289 = CARTESIAN_POINT('',(-5.99476824846,32.899876467576,5.));
#3290 = CARTESIAN_POINT('',(-7.173206297452,32.923406267733,5.));
#3291 = CARTESIAN_POINT('',(-8.205877882117,33.103261802911,5.));
#3292 = CARTESIAN_POINT('',(-8.881566341212,33.536219414196,5.));
#3293 = CARTESIAN_POINT('',(-9.400709807003,33.791455711436,5.));
#3294 = CARTESIAN_POINT('',(-9.740327160818,34.008081259486,5.));
#3295 = CARTESIAN_POINT('',(-9.98981998359,34.174373534906,5.));
#3296 = CARTESIAN_POINT('',(-10.18576932611,34.308022898832,5.));
#3297 = CARTESIAN_POINT('',(-10.35271971509,34.419929966895,5.));
#3298 = CARTESIAN_POINT('',(-10.50601562068,34.518613239923,5.));
#3299 = CARTESIAN_POINT('',(-10.6558177984,34.609458472413,5.));
#3300 = CARTESIAN_POINT('',(-10.80900977476,34.695650137805,5.));
#3301 = CARTESIAN_POINT('',(-10.97035588395,34.778633729921,5.));
#3302 = CARTESIAN_POINT('',(-11.14314957786,34.859004786917,5.));
#3303 = CARTESIAN_POINT('',(-11.3295996519,34.935226532447,5.));
#3304 = CARTESIAN_POINT('',(-11.53107943108,35.010523301177,5.));
#3305 = CARTESIAN_POINT('',(-11.74823936302,35.06600178783,5.));
#3306 = CARTESIAN_POINT('',(-11.9721608137,35.167013952195,5.));
#3307 = CARTESIAN_POINT('',(-12.2106918317,35.050842053044,5.));
#3308 = CARTESIAN_POINT('',(-12.46400641537,35.139681644515,5.));
#3309 = CARTESIAN_POINT('',(-12.7395609703,35.151546894115,5.));
#3310 = CARTESIAN_POINT('',(-13.02692779857,35.168654434646,5.));
#3311 = CARTESIAN_POINT('',(-13.32421450413,35.164897400872,5.));
#3312 = CARTESIAN_POINT('',(-13.62939464561,35.146195094559,5.));
#3313 = CARTESIAN_POINT('',(-13.94023842109,35.109756233861,5.));
#3314 = CARTESIAN_POINT('',(-14.25439591806,35.055599993919,5.));
#3315 = CARTESIAN_POINT('',(-14.56943783812,34.983353606009,5.));
#3316 = CARTESIAN_POINT('',(-14.88290640436,34.893156679476,5.));
#3317 = CARTESIAN_POINT('',(-15.08905705712,34.821379868563,5.));
#3318 = CARTESIAN_POINT('',(-15.19130179798,34.782604227897,5.));
#3319 = ORIENTED_EDGE('',*,*,#3320,.F.);
#3320 = EDGE_CURVE('',#3321,#3257,#3323,.T.);
#3321 = VERTEX_POINT('',#3322);
#3322 = CARTESIAN_POINT('',(-15.19130179798,34.782604227897,0.));
#3323 = LINE('',#3324,#3325);
#3324 = CARTESIAN_POINT('',(-15.19130179798,34.782604227897,0.));
#3325 = VECTOR('',#3326,1.);
#3326 = DIRECTION('',(0.,0.,1.));
#3327 = ORIENTED_EDGE('',*,*,#3328,.F.);
#3328 = EDGE_CURVE('',#3120,#3321,#3329,.T.);
#3329 = B_SPLINE_CURVE_WITH_KNOTS('',3,(#3330,#3331,#3332,#3333,#3334,
    #3335,#3336,#3337,#3338,#3339,#3340,#3341,#3342,#3343,#3344,#3345,
    #3346,#3347,#3348,#3349,#3350,#3351,#3352,#3353,#3354,#3355,#3356,
    #3357,#3358,#3359,#3360,#3361,#3362,#3363,#3364,#3365,#3366,#3367,
    #3368,#3369,#3370,#3371,#3372,#3373,#3374,#3375,#3376,#3377,#3378,
    #3379,#3380,#3381,#3382,#3383,#3384,#3385,#3386,#3387,#3388),
  .UNSPECIFIED.,.F.,.F.,(4,1,1,1,1,1,1,1,1,1,1,1,1,1,1,1,1,1,1,1,1,1,1,1
    ,1,1,1,1,1,1,1,1,1,1,1,1,1,1,1,1,1,1,1,1,1,1,1,1,1,1,1,1,1,1,1,1,4),
  (0.,0.328013505293,0.654532141274,0.978073973054,1.297183287801,
    1.61044462083,1.916497973535,2.214055789897,2.501922432478,
    2.779017159017,3.044401987384,3.269623492035,3.510023310168,
    3.737105776354,3.950973242823,4.152195746167,4.341963344013,
    4.522306308509,4.696421126138,4.869164710127,5.047820617967,
    5.243309477393,5.472118985513,5.759336347265,6.143042595942,
    6.678887194379,7.495697516282,8.524531677202,9.766857061766,
    11.00918244633,12.03801660725,12.854826929153,13.39067152759,
    13.774377776267,14.061595138019,14.290404646139,14.485893505565,
    14.664549413405,14.837292997394,15.011407815023,15.191750779519,
    15.381518377365,15.582740880709,15.796608347178,16.023690813363,
    16.264090631496,16.489312136147,16.754696964515,17.031791691054,
    17.319658333634,17.617216149997,17.923269502701,18.236530835731,
    18.555640150478,18.879181982258,19.205700618239,19.533714123532),
  .UNSPECIFIED.);
#3330 = CARTESIAN_POINT('',(2.483964505498,36.928770116448,0.));
#3331 = CARTESIAN_POINT('',(2.375411192784,36.941950239389,0.));
#3332 = CARTESIAN_POINT('',(2.158073588144,36.962306266217,0.));
#3333 = CARTESIAN_POINT('',(1.832128311342,36.974864295828,0.));
#3334 = CARTESIAN_POINT('',(1.508951244598,36.96961686863,0.));
#3335 = CARTESIAN_POINT('',(1.190962156999,36.947016616587,0.));
#3336 = CARTESIAN_POINT('',(0.880430546548,36.9080068456,0.));
#3337 = CARTESIAN_POINT('',(0.579642630478,36.853131308596,0.));
#3338 = CARTESIAN_POINT('',(0.290095419251,36.785633804372,0.));
#3339 = CARTESIAN_POINT('',(1.517305116217E-02,36.700251994474,0.));
#3340 = CARTESIAN_POINT('',(-0.24953484911,36.622787006102,0.));
#3341 = CARTESIAN_POINT('',(-0.474227865507,36.475906783837,0.));
#3342 = CARTESIAN_POINT('',(-0.733629360855,36.531618729706,0.));
#3343 = CARTESIAN_POINT('',(-0.926870267919,36.379953884538,0.));
#3344 = CARTESIAN_POINT('',(-1.124443056031,36.274117728508,0.));
#3345 = CARTESIAN_POINT('',(-1.302048502772,36.152791679838,0.));
#3346 = CARTESIAN_POINT('',(-1.46483961885,36.034164376381,0.));
#3347 = CARTESIAN_POINT('',(-1.613378189163,35.914776518589,0.));
#3348 = CARTESIAN_POINT('',(-1.750176600185,35.795591627542,0.));
#3349 = CARTESIAN_POINT('',(-1.87829008047,35.675243295713,0.));
#3350 = CARTESIAN_POINT('',(-2.001998591999,35.551187852902,0.));
#3351 = CARTESIAN_POINT('',(-2.127223544134,35.41868602496,0.));
#3352 = CARTESIAN_POINT('',(-2.2625415439,35.27007692967,0.));
#3353 = CARTESIAN_POINT('',(-2.420812568344,35.093417426289,0.));
#3354 = CARTESIAN_POINT('',(-2.623259236762,34.872249761553,0.));
#3355 = CARTESIAN_POINT('',(-2.901166040571,34.580643205596,0.));
#3356 = CARTESIAN_POINT('',(-3.344142096728,34.208584447904,0.));
#3357 = CARTESIAN_POINT('',(-3.896582738862,33.626504965495,0.));
#3358 = CARTESIAN_POINT('',(-4.856204517204,33.20474121902,0.));
#3359 = CARTESIAN_POINT('',(-5.99476824846,32.899876467576,0.));
#3360 = CARTESIAN_POINT('',(-7.173206297452,32.923406267733,0.));
#3361 = CARTESIAN_POINT('',(-8.205877882117,33.103261802911,0.));
#3362 = CARTESIAN_POINT('',(-8.881566341212,33.536219414196,0.));
#3363 = CARTESIAN_POINT('',(-9.400709807003,33.791455711436,0.));
#3364 = CARTESIAN_POINT('',(-9.740327160818,34.008081259486,0.));
#3365 = CARTESIAN_POINT('',(-9.98981998359,34.174373534906,0.));
#3366 = CARTESIAN_POINT('',(-10.18576932611,34.308022898832,0.));
#3367 = CARTESIAN_POINT('',(-10.35271971509,34.419929966895,0.));
#3368 = CARTESIAN_POINT('',(-10.50601562068,34.518613239923,0.));
#3369 = CARTESIAN_POINT('',(-10.6558177984,34.609458472413,0.));
#3370 = CARTESIAN_POINT('',(-10.80900977476,34.695650137805,0.));
#3371 = CARTESIAN_POINT('',(-10.97035588395,34.778633729921,0.));
#3372 = CARTESIAN_POINT('',(-11.14314957786,34.859004786917,0.));
#3373 = CARTESIAN_POINT('',(-11.3295996519,34.935226532447,0.));
#3374 = CARTESIAN_POINT('',(-11.53107943108,35.010523301177,0.));
#3375 = CARTESIAN_POINT('',(-11.74823936302,35.06600178783,0.));
#3376 = CARTESIAN_POINT('',(-11.9721608137,35.167013952195,0.));
#3377 = CARTESIAN_POINT('',(-12.2106918317,35.050842053044,0.));
#3378 = CARTESIAN_POINT('',(-12.46400641537,35.139681644515,0.));
#3379 = CARTESIAN_POINT('',(-12.7395609703,35.151546894115,0.));
#3380 = CARTESIAN_POINT('',(-13.02692779857,35.168654434646,0.));
#3381 = CARTESIAN_POINT('',(-13.32421450413,35.164897400872,0.));
#3382 = CARTESIAN_POINT('',(-13.62939464561,35.146195094559,0.));
#3383 = CARTESIAN_POINT('',(-13.94023842109,35.109756233861,0.));
#3384 = CARTESIAN_POINT('',(-14.25439591806,35.055599993919,0.));
#3385 = CARTESIAN_POINT('',(-14.56943783812,34.983353606009,0.));
#3386 = CARTESIAN_POINT('',(-14.88290640436,34.893156679476,0.));
#3387 = CARTESIAN_POINT('',(-15.08905705712,34.821379868563,0.));
#3388 = CARTESIAN_POINT('',(-15.19130179798,34.782604227897,0.));
#3389 = SURFACE_OF_LINEAR_EXTRUSION('',#3390,#3450);
#3390 = B_SPLINE_CURVE_WITH_KNOTS('',3,(#3391,#3392,#3393,#3394,#3395,
    #3396,#3397,#3398,#3399,#3400,#3401,#3402,#3403,#3404,#3405,#3406,
    #3407,#3408,#3409,#3410,#3411,#3412,#3413,#3414,#3415,#3416,#3417,
    #3418,#3419,#3420,#3421,#3422,#3423,#3424,#3425,#3426,#3427,#3428,
    #3429,#3430,#3431,#3432,#3433,#3434,#3435,#3436,#3437,#3438,#3439,
    #3440,#3441,#3442,#3443,#3444,#3445,#3446,#3447,#3448,#3449),
  .UNSPECIFIED.,.F.,.F.,(4,1,1,1,1,1,1,1,1,1,1,1,1,1,1,1,1,1,1,1,1,1,1,1
    ,1,1,1,1,1,1,1,1,1,1,1,1,1,1,1,1,1,1,1,1,1,1,1,1,1,1,1,1,1,1,1,1,4),
  (0.,0.328013505293,0.654532141274,0.978073973054,1.297183287801,
    1.61044462083,1.916497973535,2.214055789897,2.501922432478,
    2.779017159017,3.044401987384,3.269623492035,3.510023310168,
    3.737105776354,3.950973242823,4.152195746167,4.341963344013,
    4.522306308509,4.696421126138,4.869164710127,5.047820617967,
    5.243309477393,5.472118985513,5.759336347265,6.143042595942,
    6.678887194379,7.495697516282,8.524531677202,9.766857061766,
    11.00918244633,12.03801660725,12.854826929153,13.39067152759,
    13.774377776267,14.061595138019,14.290404646139,14.485893505565,
    14.664549413405,14.837292997394,15.011407815023,15.191750779519,
    15.381518377365,15.582740880709,15.796608347178,16.023690813363,
    16.264090631496,16.489312136147,16.754696964515,17.031791691054,
    17.319658333634,17.617216149997,17.923269502701,18.236530835731,
    18.555640150478,18.879181982258,19.205700618239,19.533714123532),
  .UNSPECIFIED.);
#3391 = CARTESIAN_POINT('',(2.483964505498,36.928770116448,0.));
#3392 = CARTESIAN_POINT('',(2.375411192784,36.941950239389,0.));
#3393 = CARTESIAN_POINT('',(2.158073588144,36.962306266217,0.));
#3394 = CARTESIAN_POINT('',(1.832128311342,36.974864295828,0.));
#3395 = CARTESIAN_POINT('',(1.508951244598,36.96961686863,0.));
#3396 = CARTESIAN_POINT('',(1.190962156999,36.947016616587,0.));
#3397 = CARTESIAN_POINT('',(0.880430546548,36.9080068456,0.));
#3398 = CARTESIAN_POINT('',(0.579642630478,36.853131308596,0.));
#3399 = CARTESIAN_POINT('',(0.290095419251,36.785633804372,0.));
#3400 = CARTESIAN_POINT('',(1.517305116217E-02,36.700251994474,0.));
#3401 = CARTESIAN_POINT('',(-0.24953484911,36.622787006102,0.));
#3402 = CARTESIAN_POINT('',(-0.474227865507,36.475906783837,0.));
#3403 = CARTESIAN_POINT('',(-0.733629360855,36.531618729706,0.));
#3404 = CARTESIAN_POINT('',(-0.926870267919,36.379953884538,0.));
#3405 = CARTESIAN_POINT('',(-1.124443056031,36.274117728508,0.));
#3406 = CARTESIAN_POINT('',(-1.302048502772,36.152791679838,0.));
#3407 = CARTESIAN_POINT('',(-1.46483961885,36.034164376381,0.));
#3408 = CARTESIAN_POINT('',(-1.613378189163,35.914776518589,0.));
#3409 = CARTESIAN_POINT('',(-1.750176600185,35.795591627542,0.));
#3410 = CARTESIAN_POINT('',(-1.87829008047,35.675243295713,0.));
#3411 = CARTESIAN_POINT('',(-2.001998591999,35.551187852902,0.));
#3412 = CARTESIAN_POINT('',(-2.127223544134,35.41868602496,0.));
#3413 = CARTESIAN_POINT('',(-2.2625415439,35.27007692967,0.));
#3414 = CARTESIAN_POINT('',(-2.420812568344,35.093417426289,0.));
#3415 = CARTESIAN_POINT('',(-2.623259236762,34.872249761553,0.));
#3416 = CARTESIAN_POINT('',(-2.901166040571,34.580643205596,0.));
#3417 = CARTESIAN_POINT('',(-3.344142096728,34.208584447904,0.));
#3418 = CARTESIAN_POINT('',(-3.896582738862,33.626504965495,0.));
#3419 = CARTESIAN_POINT('',(-4.856204517204,33.20474121902,0.));
#3420 = CARTESIAN_POINT('',(-5.99476824846,32.899876467576,0.));
#3421 = CARTESIAN_POINT('',(-7.173206297452,32.923406267733,0.));
#3422 = CARTESIAN_POINT('',(-8.205877882117,33.103261802911,0.));
#3423 = CARTESIAN_POINT('',(-8.881566341212,33.536219414196,0.));
#3424 = CARTESIAN_POINT('',(-9.400709807003,33.791455711436,0.));
#3425 = CARTESIAN_POINT('',(-9.740327160818,34.008081259486,0.));
#3426 = CARTESIAN_POINT('',(-9.98981998359,34.174373534906,0.));
#3427 = CARTESIAN_POINT('',(-10.18576932611,34.308022898832,0.));
#3428 = CARTESIAN_POINT('',(-10.35271971509,34.419929966895,0.));
#3429 = CARTESIAN_POINT('',(-10.50601562068,34.518613239923,0.));
#3430 = CARTESIAN_POINT('',(-10.6558177984,34.609458472413,0.));
#3431 = CARTESIAN_POINT('',(-10.80900977476,34.695650137805,0.));
#3432 = CARTESIAN_POINT('',(-10.97035588395,34.778633729921,0.));
#3433 = CARTESIAN_POINT('',(-11.14314957786,34.859004786917,0.));
#3434 = CARTESIAN_POINT('',(-11.3295996519,34.935226532447,0.));
#3435 = CARTESIAN_POINT('',(-11.53107943108,35.010523301177,0.));
#3436 = CARTESIAN_POINT('',(-11.74823936302,35.06600178783,0.));
#3437 = CARTESIAN_POINT('',(-11.9721608137,35.167013952195,0.));
#3438 = CARTESIAN_POINT('',(-12.2106918317,35.050842053044,0.));
#3439 = CARTESIAN_POINT('',(-12.46400641537,35.139681644515,0.));
#3440 = CARTESIAN_POINT('',(-12.7395609703,35.151546894115,0.));
#3441 = CARTESIAN_POINT('',(-13.02692779857,35.168654434646,0.));
#3442 = CARTESIAN_POINT('',(-13.32421450413,35.164897400872,0.));
#3443 = CARTESIAN_POINT('',(-13.62939464561,35.146195094559,0.));
#3444 = CARTESIAN_POINT('',(-13.94023842109,35.109756233861,0.));
#3445 = CARTESIAN_POINT('',(-14.25439591806,35.055599993919,0.));
#3446 = CARTESIAN_POINT('',(-14.56943783812,34.983353606009,0.));
#3447 = CARTESIAN_POINT('',(-14.88290640436,34.893156679476,0.));
#3448 = CARTESIAN_POINT('',(-15.08905705712,34.821379868563,0.));
#3449 = CARTESIAN_POINT('',(-15.19130179798,34.782604227897,0.));
#3450 = VECTOR('',#3451,1.);
#3451 = DIRECTION('',(-0.,-0.,-1.));
#3452 = ADVANCED_FACE('',(#3453),#3590,.F.);
#3453 = FACE_BOUND('',#3454,.F.);
#3454 = EDGE_LOOP('',(#3455,#3456,#3520,#3528));
#3455 = ORIENTED_EDGE('',*,*,#3320,.T.);
#3456 = ORIENTED_EDGE('',*,*,#3457,.T.);
#3457 = EDGE_CURVE('',#3257,#3458,#3460,.T.);
#3458 = VERTEX_POINT('',#3459);
#3459 = CARTESIAN_POINT('',(-29.84459983196,24.668162886558,5.));
#3460 = B_SPLINE_CURVE_WITH_KNOTS('',3,(#3461,#3462,#3463,#3464,#3465,
    #3466,#3467,#3468,#3469,#3470,#3471,#3472,#3473,#3474,#3475,#3476,
    #3477,#3478,#3479,#3480,#3481,#3482,#3483,#3484,#3485,#3486,#3487,
    #3488,#3489,#3490,#3491,#3492,#3493,#3494,#3495,#3496,#3497,#3498,
    #3499,#3500,#3501,#3502,#3503,#3504,#3505,#3506,#3507,#3508,#3509,
    #3510,#3511,#3512,#3513,#3514,#3515,#3516,#3517,#3518,#3519),
  .UNSPECIFIED.,.F.,.F.,(4,1,1,1,1,1,1,1,1,1,1,1,1,1,1,1,1,1,1,1,1,1,1,1
    ,1,1,1,1,1,1,1,1,1,1,1,1,1,1,1,1,1,1,1,1,1,1,1,1,1,1,1,1,1,1,1,1,4),
  (0.,0.328013505293,0.654532141274,0.978073973054,1.297183287801,
    1.61044462083,1.916497973535,2.214055789897,2.501922432478,
    2.779017159017,3.044401987384,3.269623492035,3.510023310168,
    3.737105776354,3.950973242823,4.152195746167,4.341963344013,
    4.522306308509,4.696421126138,4.869164710127,5.047820617967,
    5.243309477393,5.472118985513,5.759336347265,6.143042595942,
    6.678887194379,7.495697516282,8.524531677202,9.766857061766,
    11.00918244633,12.03801660725,12.854826929153,13.39067152759,
    13.774377776267,14.061595138019,14.290404646139,14.485893505565,
    14.664549413405,14.837292997394,15.011407815023,15.191750779519,
    15.381518377365,15.582740880709,15.796608347178,16.023690813363,
    16.264090631496,16.489312136147,16.754696964515,17.031791691054,
    17.319658333634,17.617216149997,17.923269502701,18.236530835731,
    18.555640150478,18.879181982258,19.205700618239,19.533714123532),
  .UNSPECIFIED.);
#3461 = CARTESIAN_POINT('',(-15.19130179798,34.782604227897,5.));
#3462 = CARTESIAN_POINT('',(-15.29354609137,34.743827407354,5.));
#3463 = CARTESIAN_POINT('',(-15.49544890035,34.660849952935,5.));
#3464 = CARTESIAN_POINT('',(-15.78989511709,34.520495212976,5.));
#3465 = CARTESIAN_POINT('',(-16.07361559718,34.365660975356,5.));
#3466 = CARTESIAN_POINT('',(-16.34467809006,34.197872548539,5.));
#3467 = CARTESIAN_POINT('',(-16.60151143118,34.01901987673,5.));
#3468 = CARTESIAN_POINT('',(-16.84234397028,33.830646887361,5.));
#3469 = CARTESIAN_POINT('',(-17.06735763891,33.636321517071,5.));
#3470 = CARTESIAN_POINT('',(-17.27111040079,33.432956884051,5.));
#3471 = CARTESIAN_POINT('',(-17.469497831,33.241349148241,5.));
#3472 = CARTESIAN_POINT('',(-17.60019497349,33.00687311907,5.));
#3473 = CARTESIAN_POINT('',(-17.85577422282,32.935653711491,5.));
#3474 = CARTESIAN_POINT('',(-17.95639838045,32.711557633157,5.));
#3475 = CARTESIAN_POINT('',(-18.08215588204,32.526027718268,5.));
#3476 = CARTESIAN_POINT('',(-18.18303466885,32.336061470822,5.));
#3477 = CARTESIAN_POINT('',(-18.27205018675,32.155369406325,5.));
#3478 = CARTESIAN_POINT('',(-18.3480922549,31.980627392686,5.));
#3479 = CARTESIAN_POINT('',(-18.41383325161,31.811521021242,5.));
#3480 = CARTESIAN_POINT('',(-18.47134344618,31.645420562706,5.));
#3481 = CARTESIAN_POINT('',(-18.52323045425,31.478084711468,5.));
#3482 = CARTESIAN_POINT('',(-18.5725349729,31.302565232531,5.));
#3483 = CARTESIAN_POINT('',(-18.62329102101,31.108093003554,5.));
#3484 = CARTESIAN_POINT('',(-18.68133528851,30.878116569275,5.));
#3485 = CARTESIAN_POINT('',(-18.75781117222,30.588200669937,5.));
#3486 = CARTESIAN_POINT('',(-18.86836910255,30.200846156446,5.));
#3487 = CARTESIAN_POINT('',(-19.08770059463,29.665543249595,5.));
#3488 = CARTESIAN_POINT('',(-19.30635666658,28.893405496907,5.));
#3489 = CARTESIAN_POINT('',(-19.96005616645,28.073993769396,5.));
#3490 = CARTESIAN_POINT('',(-20.82652656854,27.274932489457,5.));
#3491 = CARTESIAN_POINT('',(-21.88091648325,26.748119624604,5.));
#3492 = CARTESIAN_POINT('',(-22.87888479523,26.427467377469,5.));
#3493 = CARTESIAN_POINT('',(-23.67838264727,26.49682421921,5.));
#3494 = CARTESIAN_POINT('',(-24.25667557891,26.481566738399,5.));
#3495 = CARTESIAN_POINT('',(-24.6580627231,26.515551081284,5.));
#3496 = CARTESIAN_POINT('',(-24.9562575201,26.546850482574,5.));
#3497 = CARTESIAN_POINT('',(-25.1918720025,26.57412891717,5.));
#3498 = CARTESIAN_POINT('',(-25.39170503806,26.595631990557,5.));
#3499 = CARTESIAN_POINT('',(-25.57330222504,26.611771529786,5.));
#3500 = CARTESIAN_POINT('',(-25.74816335056,26.622594445087,5.));
#3501 = CARTESIAN_POINT('',(-25.92386337326,26.627721513383,5.));
#3502 = CARTESIAN_POINT('',(-26.10529265602,26.626218559391,5.));
#3503 = CARTESIAN_POINT('',(-26.29564416603,26.617082362552,5.));
#3504 = CARTESIAN_POINT('',(-26.49615951893,26.597925696584,5.));
#3505 = CARTESIAN_POINT('',(-26.70955315666,26.570965352086,5.));
#3506 = CARTESIAN_POINT('',(-26.92762086523,26.519169859972,5.));
#3507 = CARTESIAN_POINT('',(-27.17283615645,26.504550202726,5.));
#3508 = CARTESIAN_POINT('',(-27.33005711016,26.290834203295,5.));
#3509 = CARTESIAN_POINT('',(-27.59564185141,26.251776598033,5.));
#3510 = CARTESIAN_POINT('',(-27.8451473489,26.13422616795,5.));
#3511 = CARTESIAN_POINT('',(-28.10754830907,26.01582811882,5.));
#3512 = CARTESIAN_POINT('',(-28.3690366332,25.874345409811,5.));
#3513 = CARTESIAN_POINT('',(-28.63056883327,25.715961056599,5.));
#3514 = CARTESIAN_POINT('',(-28.88887334437,25.539239742477,5.));
#3515 = CARTESIAN_POINT('',(-29.14187833346,25.345290504982,5.));
#3516 = CARTESIAN_POINT('',(-29.38725952935,25.134912225058,5.));
#3517 = CARTESIAN_POINT('',(-29.62290555837,24.909370706525,5.));
#3518 = CARTESIAN_POINT('',(-29.77208654881,24.750012511529,5.));
#3519 = CARTESIAN_POINT('',(-29.84459983196,24.668162886558,5.));
#3520 = ORIENTED_EDGE('',*,*,#3521,.F.);
#3521 = EDGE_CURVE('',#3522,#3458,#3524,.T.);
#3522 = VERTEX_POINT('',#3523);
#3523 = CARTESIAN_POINT('',(-29.84459983196,24.668162886558,0.));
#3524 = LINE('',#3525,#3526);
#3525 = CARTESIAN_POINT('',(-29.84459983196,24.668162886558,0.));
#3526 = VECTOR('',#3527,1.);
#3527 = DIRECTION('',(0.,0.,1.));
#3528 = ORIENTED_EDGE('',*,*,#3529,.F.);
#3529 = EDGE_CURVE('',#3321,#3522,#3530,.T.);
#3530 = B_SPLINE_CURVE_WITH_KNOTS('',3,(#3531,#3532,#3533,#3534,#3535,
    #3536,#3537,#3538,#3539,#3540,#3541,#3542,#3543,#3544,#3545,#3546,
    #3547,#3548,#3549,#3550,#3551,#3552,#3553,#3554,#3555,#3556,#3557,
    #3558,#3559,#3560,#3561,#3562,#3563,#3564,#3565,#3566,#3567,#3568,
    #3569,#3570,#3571,#3572,#3573,#3574,#3575,#3576,#3577,#3578,#3579,
    #3580,#3581,#3582,#3583,#3584,#3585,#3586,#3587,#3588,#3589),
  .UNSPECIFIED.,.F.,.F.,(4,1,1,1,1,1,1,1,1,1,1,1,1,1,1,1,1,1,1,1,1,1,1,1
    ,1,1,1,1,1,1,1,1,1,1,1,1,1,1,1,1,1,1,1,1,1,1,1,1,1,1,1,1,1,1,1,1,4),
  (0.,0.328013505293,0.654532141274,0.978073973054,1.297183287801,
    1.61044462083,1.916497973535,2.214055789897,2.501922432478,
    2.779017159017,3.044401987384,3.269623492035,3.510023310168,
    3.737105776354,3.950973242823,4.152195746167,4.341963344013,
    4.522306308509,4.696421126138,4.869164710127,5.047820617967,
    5.243309477393,5.472118985513,5.759336347265,6.143042595942,
    6.678887194379,7.495697516282,8.524531677202,9.766857061766,
    11.00918244633,12.03801660725,12.854826929153,13.39067152759,
    13.774377776267,14.061595138019,14.290404646139,14.485893505565,
    14.664549413405,14.837292997394,15.011407815023,15.191750779519,
    15.381518377365,15.582740880709,15.796608347178,16.023690813363,
    16.264090631496,16.489312136147,16.754696964515,17.031791691054,
    17.319658333634,17.617216149997,17.923269502701,18.236530835731,
    18.555640150478,18.879181982258,19.205700618239,19.533714123532),
  .UNSPECIFIED.);
#3531 = CARTESIAN_POINT('',(-15.19130179798,34.782604227897,0.));
#3532 = CARTESIAN_POINT('',(-15.29354609137,34.743827407354,0.));
#3533 = CARTESIAN_POINT('',(-15.49544890035,34.660849952935,0.));
#3534 = CARTESIAN_POINT('',(-15.78989511709,34.520495212976,0.));
#3535 = CARTESIAN_POINT('',(-16.07361559718,34.365660975356,0.));
#3536 = CARTESIAN_POINT('',(-16.34467809006,34.197872548539,0.));
#3537 = CARTESIAN_POINT('',(-16.60151143118,34.01901987673,0.));
#3538 = CARTESIAN_POINT('',(-16.84234397028,33.830646887361,0.));
#3539 = CARTESIAN_POINT('',(-17.06735763891,33.636321517071,0.));
#3540 = CARTESIAN_POINT('',(-17.27111040079,33.432956884051,0.));
#3541 = CARTESIAN_POINT('',(-17.469497831,33.241349148241,0.));
#3542 = CARTESIAN_POINT('',(-17.60019497349,33.00687311907,0.));
#3543 = CARTESIAN_POINT('',(-17.85577422282,32.935653711491,0.));
#3544 = CARTESIAN_POINT('',(-17.95639838045,32.711557633157,0.));
#3545 = CARTESIAN_POINT('',(-18.08215588204,32.526027718268,0.));
#3546 = CARTESIAN_POINT('',(-18.18303466885,32.336061470822,0.));
#3547 = CARTESIAN_POINT('',(-18.27205018675,32.155369406325,0.));
#3548 = CARTESIAN_POINT('',(-18.3480922549,31.980627392686,0.));
#3549 = CARTESIAN_POINT('',(-18.41383325161,31.811521021242,0.));
#3550 = CARTESIAN_POINT('',(-18.47134344618,31.645420562706,0.));
#3551 = CARTESIAN_POINT('',(-18.52323045425,31.478084711468,0.));
#3552 = CARTESIAN_POINT('',(-18.5725349729,31.302565232531,0.));
#3553 = CARTESIAN_POINT('',(-18.62329102101,31.108093003554,0.));
#3554 = CARTESIAN_POINT('',(-18.68133528851,30.878116569275,0.));
#3555 = CARTESIAN_POINT('',(-18.75781117222,30.588200669937,0.));
#3556 = CARTESIAN_POINT('',(-18.86836910255,30.200846156446,0.));
#3557 = CARTESIAN_POINT('',(-19.08770059463,29.665543249595,0.));
#3558 = CARTESIAN_POINT('',(-19.30635666658,28.893405496907,0.));
#3559 = CARTESIAN_POINT('',(-19.96005616645,28.073993769396,0.));
#3560 = CARTESIAN_POINT('',(-20.82652656854,27.274932489457,0.));
#3561 = CARTESIAN_POINT('',(-21.88091648325,26.748119624604,0.));
#3562 = CARTESIAN_POINT('',(-22.87888479523,26.427467377469,0.));
#3563 = CARTESIAN_POINT('',(-23.67838264727,26.49682421921,0.));
#3564 = CARTESIAN_POINT('',(-24.25667557891,26.481566738399,0.));
#3565 = CARTESIAN_POINT('',(-24.6580627231,26.515551081284,0.));
#3566 = CARTESIAN_POINT('',(-24.9562575201,26.546850482574,0.));
#3567 = CARTESIAN_POINT('',(-25.1918720025,26.57412891717,0.));
#3568 = CARTESIAN_POINT('',(-25.39170503806,26.595631990557,0.));
#3569 = CARTESIAN_POINT('',(-25.57330222504,26.611771529786,0.));
#3570 = CARTESIAN_POINT('',(-25.74816335056,26.622594445087,0.));
#3571 = CARTESIAN_POINT('',(-25.92386337326,26.627721513383,0.));
#3572 = CARTESIAN_POINT('',(-26.10529265602,26.626218559391,0.));
#3573 = CARTESIAN_POINT('',(-26.29564416603,26.617082362552,0.));
#3574 = CARTESIAN_POINT('',(-26.49615951893,26.597925696584,0.));
#3575 = CARTESIAN_POINT('',(-26.70955315666,26.570965352086,0.));
#3576 = CARTESIAN_POINT('',(-26.92762086523,26.519169859972,0.));
#3577 = CARTESIAN_POINT('',(-27.17283615645,26.504550202726,0.));
#3578 = CARTESIAN_POINT('',(-27.33005711016,26.290834203295,0.));
#3579 = CARTESIAN_POINT('',(-27.59564185141,26.251776598033,0.));
#3580 = CARTESIAN_POINT('',(-27.8451473489,26.13422616795,0.));
#3581 = CARTESIAN_POINT('',(-28.10754830907,26.01582811882,0.));
#3582 = CARTESIAN_POINT('',(-28.3690366332,25.874345409811,0.));
#3583 = CARTESIAN_POINT('',(-28.63056883327,25.715961056599,0.));
#3584 = CARTESIAN_POINT('',(-28.88887334437,25.539239742477,0.));
#3585 = CARTESIAN_POINT('',(-29.14187833346,25.345290504982,0.));
#3586 = CARTESIAN_POINT('',(-29.38725952935,25.134912225058,0.));
#3587 = CARTESIAN_POINT('',(-29.62290555837,24.909370706525,0.));
#3588 = CARTESIAN_POINT('',(-29.77208654881,24.750012511529,0.));
#3589 = CARTESIAN_POINT('',(-29.84459983196,24.668162886558,0.));
#3590 = SURFACE_OF_LINEAR_EXTRUSION('',#3591,#3651);
#3591 = B_SPLINE_CURVE_WITH_KNOTS('',3,(#3592,#3593,#3594,#3595,#3596,
    #3597,#3598,#3599,#3600,#3601,#3602,#3603,#3604,#3605,#3606,#3607,
    #3608,#3609,#3610,#3611,#3612,#3613,#3614,#3615,#3616,#3617,#3618,
    #3619,#3620,#3621,#3622,#3623,#3624,#3625,#3626,#3627,#3628,#3629,
    #3630,#3631,#3632,#3633,#3634,#3635,#3636,#3637,#3638,#3639,#3640,
    #3641,#3642,#3643,#3644,#3645,#3646,#3647,#3648,#3649,#3650),
  .UNSPECIFIED.,.F.,.F.,(4,1,1,1,1,1,1,1,1,1,1,1,1,1,1,1,1,1,1,1,1,1,1,1
    ,1,1,1,1,1,1,1,1,1,1,1,1,1,1,1,1,1,1,1,1,1,1,1,1,1,1,1,1,1,1,1,1,4),
  (0.,0.328013505293,0.654532141274,0.978073973054,1.297183287801,
    1.61044462083,1.916497973535,2.214055789897,2.501922432478,
    2.779017159017,3.044401987384,3.269623492035,3.510023310168,
    3.737105776354,3.950973242823,4.152195746167,4.341963344013,
    4.522306308509,4.696421126138,4.869164710127,5.047820617967,
    5.243309477393,5.472118985513,5.759336347265,6.143042595942,
    6.678887194379,7.495697516282,8.524531677202,9.766857061766,
    11.00918244633,12.03801660725,12.854826929153,13.39067152759,
    13.774377776267,14.061595138019,14.290404646139,14.485893505565,
    14.664549413405,14.837292997394,15.011407815023,15.191750779519,
    15.381518377365,15.582740880709,15.796608347178,16.023690813363,
    16.264090631496,16.489312136147,16.754696964515,17.031791691054,
    17.319658333634,17.617216149997,17.923269502701,18.236530835731,
    18.555640150478,18.879181982258,19.205700618239,19.533714123532),
  .UNSPECIFIED.);
#3592 = CARTESIAN_POINT('',(-15.19130179798,34.782604227897,0.));
#3593 = CARTESIAN_POINT('',(-15.29354609137,34.743827407354,0.));
#3594 = CARTESIAN_POINT('',(-15.49544890035,34.660849952935,0.));
#3595 = CARTESIAN_POINT('',(-15.78989511709,34.520495212976,0.));
#3596 = CARTESIAN_POINT('',(-16.07361559718,34.365660975356,0.));
#3597 = CARTESIAN_POINT('',(-16.34467809006,34.197872548539,0.));
#3598 = CARTESIAN_POINT('',(-16.60151143118,34.01901987673,0.));
#3599 = CARTESIAN_POINT('',(-16.84234397028,33.830646887361,0.));
#3600 = CARTESIAN_POINT('',(-17.06735763891,33.636321517071,0.));
#3601 = CARTESIAN_POINT('',(-17.27111040079,33.432956884051,0.));
#3602 = CARTESIAN_POINT('',(-17.469497831,33.241349148241,0.));
#3603 = CARTESIAN_POINT('',(-17.60019497349,33.00687311907,0.));
#3604 = CARTESIAN_POINT('',(-17.85577422282,32.935653711491,0.));
#3605 = CARTESIAN_POINT('',(-17.95639838045,32.711557633157,0.));
#3606 = CARTESIAN_POINT('',(-18.08215588204,32.526027718268,0.));
#3607 = CARTESIAN_POINT('',(-18.18303466885,32.336061470822,0.));
#3608 = CARTESIAN_POINT('',(-18.27205018675,32.155369406325,0.));
#3609 = CARTESIAN_POINT('',(-18.3480922549,31.980627392686,0.));
#3610 = CARTESIAN_POINT('',(-18.41383325161,31.811521021242,0.));
#3611 = CARTESIAN_POINT('',(-18.47134344618,31.645420562706,0.));
#3612 = CARTESIAN_POINT('',(-18.52323045425,31.478084711468,0.));
#3613 = CARTESIAN_POINT('',(-18.5725349729,31.302565232531,0.));
#3614 = CARTESIAN_POINT('',(-18.62329102101,31.108093003554,0.));
#3615 = CARTESIAN_POINT('',(-18.68133528851,30.878116569275,0.));
#3616 = CARTESIAN_POINT('',(-18.75781117222,30.588200669937,0.));
#3617 = CARTESIAN_POINT('',(-18.86836910255,30.200846156446,0.));
#3618 = CARTESIAN_POINT('',(-19.08770059463,29.665543249595,0.));
#3619 = CARTESIAN_POINT('',(-19.30635666658,28.893405496907,0.));
#3620 = CARTESIAN_POINT('',(-19.96005616645,28.073993769396,0.));
#3621 = CARTESIAN_POINT('',(-20.82652656854,27.274932489457,0.));
#3622 = CARTESIAN_POINT('',(-21.88091648325,26.748119624604,0.));
#3623 = CARTESIAN_POINT('',(-22.87888479523,26.427467377469,0.));
#3624 = CARTESIAN_POINT('',(-23.67838264727,26.49682421921,0.));
#3625 = CARTESIAN_POINT('',(-24.25667557891,26.481566738399,0.));
#3626 = CARTESIAN_POINT('',(-24.6580627231,26.515551081284,0.));
#3627 = CARTESIAN_POINT('',(-24.9562575201,26.546850482574,0.));
#3628 = CARTESIAN_POINT('',(-25.1918720025,26.57412891717,0.));
#3629 = CARTESIAN_POINT('',(-25.39170503806,26.595631990557,0.));
#3630 = CARTESIAN_POINT('',(-25.57330222504,26.611771529786,0.));
#3631 = CARTESIAN_POINT('',(-25.74816335056,26.622594445087,0.));
#3632 = CARTESIAN_POINT('',(-25.92386337326,26.627721513383,0.));
#3633 = CARTESIAN_POINT('',(-26.10529265602,26.626218559391,0.));
#3634 = CARTESIAN_POINT('',(-26.29564416603,26.617082362552,0.));
#3635 = CARTESIAN_POINT('',(-26.49615951893,26.597925696584,0.));
#3636 = CARTESIAN_POINT('',(-26.70955315666,26.570965352086,0.));
#3637 = CARTESIAN_POINT('',(-26.92762086523,26.519169859972,0.));
#3638 = CARTESIAN_POINT('',(-27.17283615645,26.504550202726,0.));
#3639 = CARTESIAN_POINT('',(-27.33005711016,26.290834203295,0.));
#3640 = CARTESIAN_POINT('',(-27.59564185141,26.251776598033,0.));
#3641 = CARTESIAN_POINT('',(-27.8451473489,26.13422616795,0.));
#3642 = CARTESIAN_POINT('',(-28.10754830907,26.01582811882,0.));
#3643 = CARTESIAN_POINT('',(-28.3690366332,25.874345409811,0.));
#3644 = CARTESIAN_POINT('',(-28.63056883327,25.715961056599,0.));
#3645 = CARTESIAN_POINT('',(-28.88887334437,25.539239742477,0.));
#3646 = CARTESIAN_POINT('',(-29.14187833346,25.345290504982,0.));
#3647 = CARTESIAN_POINT('',(-29.38725952935,25.134912225058,0.));
#3648 = CARTESIAN_POINT('',(-29.62290555837,24.909370706525,0.));
#3649 = CARTESIAN_POINT('',(-29.77208654881,24.750012511529,0.));
#3650 = CARTESIAN_POINT('',(-29.84459983196,24.668162886558,0.));
#3651 = VECTOR('',#3652,1.);
#3652 = DIRECTION('',(-0.,-0.,-1.));
#3653 = ADVANCED_FACE('',(#3654),#3791,.F.);
#3654 = FACE_BOUND('',#3655,.F.);
#3655 = EDGE_LOOP('',(#3656,#3657,#3721,#3729));
#3656 = ORIENTED_EDGE('',*,*,#3521,.T.);
#3657 = ORIENTED_EDGE('',*,*,#3658,.T.);
#3658 = EDGE_CURVE('',#3458,#3659,#3661,.T.);
#3659 = VERTEX_POINT('',#3660);
#3660 = CARTESIAN_POINT('',(-38.11903560824,8.902542711497,5.));
#3661 = B_SPLINE_CURVE_WITH_KNOTS('',3,(#3662,#3663,#3664,#3665,#3666,
    #3667,#3668,#3669,#3670,#3671,#3672,#3673,#3674,#3675,#3676,#3677,
    #3678,#3679,#3680,#3681,#3682,#3683,#3684,#3685,#3686,#3687,#3688,
    #3689,#3690,#3691,#3692,#3693,#3694,#3695,#3696,#3697,#3698,#3699,
    #3700,#3701,#3702,#3703,#3704,#3705,#3706,#3707,#3708,#3709,#3710,
    #3711,#3712,#3713,#3714,#3715,#3716,#3717,#3718,#3719,#3720),
  .UNSPECIFIED.,.F.,.F.,(4,1,1,1,1,1,1,1,1,1,1,1,1,1,1,1,1,1,1,1,1,1,1,1
    ,1,1,1,1,1,1,1,1,1,1,1,1,1,1,1,1,1,1,1,1,1,1,1,1,1,1,1,1,1,1,1,1,4),
  (0.,0.328013505293,0.654532141274,0.978073973054,1.297183287801,
    1.61044462083,1.916497973535,2.214055789897,2.501922432478,
    2.779017159017,3.044401987384,3.269623492035,3.510023310168,
    3.737105776354,3.950973242823,4.152195746167,4.341963344013,
    4.522306308509,4.696421126138,4.869164710127,5.047820617967,
    5.243309477393,5.472118985513,5.759336347265,6.143042595942,
    6.678887194379,7.495697516282,8.524531677202,9.766857061766,
    11.00918244633,12.03801660725,12.854826929153,13.39067152759,
    13.774377776267,14.061595138019,14.290404646139,14.485893505565,
    14.664549413405,14.837292997394,15.011407815023,15.191750779519,
    15.381518377365,15.582740880709,15.796608347178,16.023690813363,
    16.264090631496,16.489312136147,16.754696964515,17.031791691054,
    17.319658333634,17.617216149997,17.923269502701,18.236530835731,
    18.555640150478,18.879181982258,19.205700618239,19.533714123532),
  .UNSPECIFIED.);
#3662 = CARTESIAN_POINT('',(-29.84459983196,24.668162886558,5.));
#3663 = CARTESIAN_POINT('',(-29.91711217059,24.586312424805,5.));
#3664 = CARTESIAN_POINT('',(-30.05732668357,24.419010623959,5.));
#3665 = CARTESIAN_POINT('',(-30.25281976045,24.157896693897,5.));
#3666 = CARTESIAN_POINT('',(-30.43208671109,23.888946303738,5.));
#3667 = CARTESIAN_POINT('',(-30.59412545881,23.614408008661,5.));
#3668 = CARTESIAN_POINT('',(-30.73842310732,23.336685427733,5.));
#3669 = CARTESIAN_POINT('',(-30.86412843709,23.057968967723,5.));
#3670 = CARTESIAN_POINT('',(-30.97306064334,22.781333331826,5.));
#3671 = CARTESIAN_POINT('',(-31.05896649675,22.5065742623,5.));
#3672 = CARTESIAN_POINT('',(-31.14558528748,22.244718802202,5.));
#3673 = CARTESIAN_POINT('',(-31.15234541578,21.976362598667,5.));
#3674 = CARTESIAN_POINT('',(-31.34555229313,21.794527345628,5.));
#3675 = CARTESIAN_POINT('',(-31.33050791946,21.549337745025,5.));
#3676 = CARTESIAN_POINT('',(-31.35564060646,21.326616738899,5.));
#3677 = CARTESIAN_POINT('',(-31.35668261901,21.111529270626,5.));
#3678 = CARTESIAN_POINT('',(-31.35153015634,20.910166819489,5.));
#3679 = CARTESIAN_POINT('',(-31.33765540092,20.72010193946,5.));
#3680 = CARTESIAN_POINT('',(-31.31727851324,20.539814319362,5.));
#3681 = CARTESIAN_POINT('',(-31.29101052959,20.366013347444,5.));
#3682 = CARTESIAN_POINT('',(-31.25918934595,20.193731714681,5.));
#3683 = CARTESIAN_POINT('',(-31.22127836007,20.015403982135,5.));
#3684 = CARTESIAN_POINT('',(-31.17584485758,19.819619863485,5.));
#3685 = CARTESIAN_POINT('',(-31.12036512596,19.589011327884,5.));
#3686 = CARTESIAN_POINT('',(-31.05335052165,19.296763432618,5.));
#3687 = CARTESIAN_POINT('',(-30.97123208903,18.902399212506,5.));
#3688 = CARTESIAN_POINT('',(-30.91667281543,18.326483601355,5.));
#3689 = CARTESIAN_POINT('',(-30.7514528462,17.541175032262,5.));
#3690 = CARTESIAN_POINT('',(-30.9494753901,16.511832675505,5.));
#3691 = CARTESIAN_POINT('',(-31.34535453602,15.401630176573,5.));
#3692 = CARTESIAN_POINT('',(-32.03414829375,14.445161125264,5.));
#3693 = CARTESIAN_POINT('',(-32.76879081959,13.697458661357,5.));
#3694 = CARTESIAN_POINT('',(-33.50894274168,13.387325916952,5.));
#3695 = CARTESIAN_POINT('',(-34.01390519771,13.105069963069,5.));
#3696 = CARTESIAN_POINT('',(-34.38510917478,12.948627697391,5.));
#3697 = CARTESIAN_POINT('',(-34.66369311165,12.837763908913,5.));
#3698 = CARTESIAN_POINT('',(-34.88499629548,12.752422253554,5.));
#3699 = CARTESIAN_POINT('',(-35.07193263741,12.678595237293,5.));
#3700 = CARTESIAN_POINT('',(-35.24022937873,12.608493668788,5.));
#3701 = CARTESIAN_POINT('',(-35.40009087551,12.536814867435,5.));
#3702 = CARTESIAN_POINT('',(-35.55804818675,12.459702789075,5.));
#3703 = CARTESIAN_POINT('',(-35.71799738085,12.374057597623,5.));
#3704 = CARTESIAN_POINT('',(-35.88229947002,12.277507139542,5.));
#3705 = CARTESIAN_POINT('',(-36.0509444509,12.167360623387,5.));
#3706 = CARTESIAN_POINT('',(-36.22736603645,12.044319455678,5.));
#3707 = CARTESIAN_POINT('',(-36.39638483761,11.897115707835,5.));
#3708 = CARTESIAN_POINT('',(-36.60671810131,11.770213416268,5.));
#3709 = CARTESIAN_POINT('',(-36.64661156497,11.507913076469,5.));
#3710 = CARTESIAN_POINT('',(-36.86362420021,11.349905901145,5.));
#3711 = CARTESIAN_POINT('',(-37.02992193765,11.129869178274,5.));
#3712 = CARTESIAN_POINT('',(-37.20724413202,10.903089105688,5.));
#3713 = CARTESIAN_POINT('',(-37.37303025094,10.656292705028,5.));
#3714 = CARTESIAN_POINT('',(-37.53100063437,10.3945102515,5.));
#3715 = CARTESIAN_POINT('',(-37.67759143051,10.117991207295,5.));
#3716 = CARTESIAN_POINT('',(-37.81148351775,9.828680405216,5.));
#3717 = CARTESIAN_POINT('',(-37.93099011466,9.528365361876,5.));
#3718 = CARTESIAN_POINT('',(-38.03482994106,9.219148095168,5.));
#3719 = CARTESIAN_POINT('',(-38.09286570208,9.008715558089,5.));
#3720 = CARTESIAN_POINT('',(-38.11903560824,8.902542711497,5.));
#3721 = ORIENTED_EDGE('',*,*,#3722,.F.);
#3722 = EDGE_CURVE('',#3723,#3659,#3725,.T.);
#3723 = VERTEX_POINT('',#3724);
#3724 = CARTESIAN_POINT('',(-38.11903560824,8.902542711497,0.));
#3725 = LINE('',#3726,#3727);
#3726 = CARTESIAN_POINT('',(-38.11903560824,8.902542711497,0.));
#3727 = VECTOR('',#3728,1.);
#3728 = DIRECTION('',(0.,0.,1.));
#3729 = ORIENTED_EDGE('',*,*,#3730,.F.);
#3730 = EDGE_CURVE('',#3522,#3723,#3731,.T.);
#3731 = B_SPLINE_CURVE_WITH_KNOTS('',3,(#3732,#3733,#3734,#3735,#3736,
    #3737,#3738,#3739,#3740,#3741,#3742,#3743,#3744,#3745,#3746,#3747,
    #3748,#3749,#3750,#3751,#3752,#3753,#3754,#3755,#3756,#3757,#3758,
    #3759,#3760,#3761,#3762,#3763,#3764,#3765,#3766,#3767,#3768,#3769,
    #3770,#3771,#3772,#3773,#3774,#3775,#3776,#3777,#3778,#3779,#3780,
    #3781,#3782,#3783,#3784,#3785,#3786,#3787,#3788,#3789,#3790),
  .UNSPECIFIED.,.F.,.F.,(4,1,1,1,1,1,1,1,1,1,1,1,1,1,1,1,1,1,1,1,1,1,1,1
    ,1,1,1,1,1,1,1,1,1,1,1,1,1,1,1,1,1,1,1,1,1,1,1,1,1,1,1,1,1,1,1,1,4),
  (0.,0.328013505293,0.654532141274,0.978073973054,1.297183287801,
    1.61044462083,1.916497973535,2.214055789897,2.501922432478,
    2.779017159017,3.044401987384,3.269623492035,3.510023310168,
    3.737105776354,3.950973242823,4.152195746167,4.341963344013,
    4.522306308509,4.696421126138,4.869164710127,5.047820617967,
    5.243309477393,5.472118985513,5.759336347265,6.143042595942,
    6.678887194379,7.495697516282,8.524531677202,9.766857061766,
    11.00918244633,12.03801660725,12.854826929153,13.39067152759,
    13.774377776267,14.061595138019,14.290404646139,14.485893505565,
    14.664549413405,14.837292997394,15.011407815023,15.191750779519,
    15.381518377365,15.582740880709,15.796608347178,16.023690813363,
    16.264090631496,16.489312136147,16.754696964515,17.031791691054,
    17.319658333634,17.617216149997,17.923269502701,18.236530835731,
    18.555640150478,18.879181982258,19.205700618239,19.533714123532),
  .UNSPECIFIED.);
#3732 = CARTESIAN_POINT('',(-29.84459983196,24.668162886558,0.));
#3733 = CARTESIAN_POINT('',(-29.91711217059,24.586312424805,0.));
#3734 = CARTESIAN_POINT('',(-30.05732668357,24.419010623959,0.));
#3735 = CARTESIAN_POINT('',(-30.25281976045,24.157896693897,0.));
#3736 = CARTESIAN_POINT('',(-30.43208671109,23.888946303738,0.));
#3737 = CARTESIAN_POINT('',(-30.59412545881,23.614408008661,0.));
#3738 = CARTESIAN_POINT('',(-30.73842310732,23.336685427733,0.));
#3739 = CARTESIAN_POINT('',(-30.86412843709,23.057968967723,0.));
#3740 = CARTESIAN_POINT('',(-30.97306064334,22.781333331826,0.));
#3741 = CARTESIAN_POINT('',(-31.05896649675,22.5065742623,0.));
#3742 = CARTESIAN_POINT('',(-31.14558528748,22.244718802202,0.));
#3743 = CARTESIAN_POINT('',(-31.15234541578,21.976362598667,0.));
#3744 = CARTESIAN_POINT('',(-31.34555229313,21.794527345628,0.));
#3745 = CARTESIAN_POINT('',(-31.33050791946,21.549337745025,0.));
#3746 = CARTESIAN_POINT('',(-31.35564060646,21.326616738899,0.));
#3747 = CARTESIAN_POINT('',(-31.35668261901,21.111529270626,0.));
#3748 = CARTESIAN_POINT('',(-31.35153015634,20.910166819489,0.));
#3749 = CARTESIAN_POINT('',(-31.33765540092,20.72010193946,0.));
#3750 = CARTESIAN_POINT('',(-31.31727851324,20.539814319362,0.));
#3751 = CARTESIAN_POINT('',(-31.29101052959,20.366013347444,0.));
#3752 = CARTESIAN_POINT('',(-31.25918934595,20.193731714681,0.));
#3753 = CARTESIAN_POINT('',(-31.22127836007,20.015403982135,0.));
#3754 = CARTESIAN_POINT('',(-31.17584485758,19.819619863485,0.));
#3755 = CARTESIAN_POINT('',(-31.12036512596,19.589011327884,0.));
#3756 = CARTESIAN_POINT('',(-31.05335052165,19.296763432618,0.));
#3757 = CARTESIAN_POINT('',(-30.97123208903,18.902399212506,0.));
#3758 = CARTESIAN_POINT('',(-30.91667281543,18.326483601355,0.));
#3759 = CARTESIAN_POINT('',(-30.7514528462,17.541175032262,0.));
#3760 = CARTESIAN_POINT('',(-30.9494753901,16.511832675505,0.));
#3761 = CARTESIAN_POINT('',(-31.34535453602,15.401630176573,0.));
#3762 = CARTESIAN_POINT('',(-32.03414829375,14.445161125264,0.));
#3763 = CARTESIAN_POINT('',(-32.76879081959,13.697458661357,0.));
#3764 = CARTESIAN_POINT('',(-33.50894274168,13.387325916952,0.));
#3765 = CARTESIAN_POINT('',(-34.01390519771,13.105069963069,0.));
#3766 = CARTESIAN_POINT('',(-34.38510917478,12.948627697391,0.));
#3767 = CARTESIAN_POINT('',(-34.66369311165,12.837763908913,0.));
#3768 = CARTESIAN_POINT('',(-34.88499629548,12.752422253554,0.));
#3769 = CARTESIAN_POINT('',(-35.07193263741,12.678595237293,0.));
#3770 = CARTESIAN_POINT('',(-35.24022937873,12.608493668788,0.));
#3771 = CARTESIAN_POINT('',(-35.40009087551,12.536814867435,0.));
#3772 = CARTESIAN_POINT('',(-35.55804818675,12.459702789075,0.));
#3773 = CARTESIAN_POINT('',(-35.71799738085,12.374057597623,0.));
#3774 = CARTESIAN_POINT('',(-35.88229947002,12.277507139542,0.));
#3775 = CARTESIAN_POINT('',(-36.0509444509,12.167360623387,0.));
#3776 = CARTESIAN_POINT('',(-36.22736603645,12.044319455678,0.));
#3777 = CARTESIAN_POINT('',(-36.39638483761,11.897115707835,0.));
#3778 = CARTESIAN_POINT('',(-36.60671810131,11.770213416268,0.));
#3779 = CARTESIAN_POINT('',(-36.64661156497,11.507913076469,0.));
#3780 = CARTESIAN_POINT('',(-36.86362420021,11.349905901145,0.));
#3781 = CARTESIAN_POINT('',(-37.02992193765,11.129869178274,0.));
#3782 = CARTESIAN_POINT('',(-37.20724413202,10.903089105688,0.));
#3783 = CARTESIAN_POINT('',(-37.37303025094,10.656292705028,0.));
#3784 = CARTESIAN_POINT('',(-37.53100063437,10.3945102515,0.));
#3785 = CARTESIAN_POINT('',(-37.67759143051,10.117991207295,0.));
#3786 = CARTESIAN_POINT('',(-37.81148351775,9.828680405216,0.));
#3787 = CARTESIAN_POINT('',(-37.93099011466,9.528365361876,0.));
#3788 = CARTESIAN_POINT('',(-38.03482994106,9.219148095168,0.));
#3789 = CARTESIAN_POINT('',(-38.09286570208,9.008715558089,0.));
#3790 = CARTESIAN_POINT('',(-38.11903560824,8.902542711497,0.));
#3791 = SURFACE_OF_LINEAR_EXTRUSION('',#3792,#3852);
#3792 = B_SPLINE_CURVE_WITH_KNOTS('',3,(#3793,#3794,#3795,#3796,#3797,
    #3798,#3799,#3800,#3801,#3802,#3803,#3804,#3805,#3806,#3807,#3808,
    #3809,#3810,#3811,#3812,#3813,#3814,#3815,#3816,#3817,#3818,#3819,
    #3820,#3821,#3822,#3823,#3824,#3825,#3826,#3827,#3828,#3829,#3830,
    #3831,#3832,#3833,#3834,#3835,#3836,#3837,#3838,#3839,#3840,#3841,
    #3842,#3843,#3844,#3845,#3846,#3847,#3848,#3849,#3850,#3851),
  .UNSPECIFIED.,.F.,.F.,(4,1,1,1,1,1,1,1,1,1,1,1,1,1,1,1,1,1,1,1,1,1,1,1
    ,1,1,1,1,1,1,1,1,1,1,1,1,1,1,1,1,1,1,1,1,1,1,1,1,1,1,1,1,1,1,1,1,4),
  (0.,0.328013505293,0.654532141274,0.978073973054,1.297183287801,
    1.61044462083,1.916497973535,2.214055789897,2.501922432478,
    2.779017159017,3.044401987384,3.269623492035,3.510023310168,
    3.737105776354,3.950973242823,4.152195746167,4.341963344013,
    4.522306308509,4.696421126138,4.869164710127,5.047820617967,
    5.243309477393,5.472118985513,5.759336347265,6.143042595942,
    6.678887194379,7.495697516282,8.524531677202,9.766857061766,
    11.00918244633,12.03801660725,12.854826929153,13.39067152759,
    13.774377776267,14.061595138019,14.290404646139,14.485893505565,
    14.664549413405,14.837292997394,15.011407815023,15.191750779519,
    15.381518377365,15.582740880709,15.796608347178,16.023690813363,
    16.264090631496,16.489312136147,16.754696964515,17.031791691054,
    17.319658333634,17.617216149997,17.923269502701,18.236530835731,
    18.555640150478,18.879181982258,19.205700618239,19.533714123532),
  .UNSPECIFIED.);
#3793 = CARTESIAN_POINT('',(-29.84459983196,24.668162886558,0.));
#3794 = CARTESIAN_POINT('',(-29.91711217059,24.586312424805,0.));
#3795 = CARTESIAN_POINT('',(-30.05732668357,24.419010623959,0.));
#3796 = CARTESIAN_POINT('',(-30.25281976045,24.157896693897,0.));
#3797 = CARTESIAN_POINT('',(-30.43208671109,23.888946303738,0.));
#3798 = CARTESIAN_POINT('',(-30.59412545881,23.614408008661,0.));
#3799 = CARTESIAN_POINT('',(-30.73842310732,23.336685427733,0.));
#3800 = CARTESIAN_POINT('',(-30.86412843709,23.057968967723,0.));
#3801 = CARTESIAN_POINT('',(-30.97306064334,22.781333331826,0.));
#3802 = CARTESIAN_POINT('',(-31.05896649675,22.5065742623,0.));
#3803 = CARTESIAN_POINT('',(-31.14558528748,22.244718802202,0.));
#3804 = CARTESIAN_POINT('',(-31.15234541578,21.976362598667,0.));
#3805 = CARTESIAN_POINT('',(-31.34555229313,21.794527345628,0.));
#3806 = CARTESIAN_POINT('',(-31.33050791946,21.549337745025,0.));
#3807 = CARTESIAN_POINT('',(-31.35564060646,21.326616738899,0.));
#3808 = CARTESIAN_POINT('',(-31.35668261901,21.111529270626,0.));
#3809 = CARTESIAN_POINT('',(-31.35153015634,20.910166819489,0.));
#3810 = CARTESIAN_POINT('',(-31.33765540092,20.72010193946,0.));
#3811 = CARTESIAN_POINT('',(-31.31727851324,20.539814319362,0.));
#3812 = CARTESIAN_POINT('',(-31.29101052959,20.366013347444,0.));
#3813 = CARTESIAN_POINT('',(-31.25918934595,20.193731714681,0.));
#3814 = CARTESIAN_POINT('',(-31.22127836007,20.015403982135,0.));
#3815 = CARTESIAN_POINT('',(-31.17584485758,19.819619863485,0.));
#3816 = CARTESIAN_POINT('',(-31.12036512596,19.589011327884,0.));
#3817 = CARTESIAN_POINT('',(-31.05335052165,19.296763432618,0.));
#3818 = CARTESIAN_POINT('',(-30.97123208903,18.902399212506,0.));
#3819 = CARTESIAN_POINT('',(-30.91667281543,18.326483601355,0.));
#3820 = CARTESIAN_POINT('',(-30.7514528462,17.541175032262,0.));
#3821 = CARTESIAN_POINT('',(-30.9494753901,16.511832675505,0.));
#3822 = CARTESIAN_POINT('',(-31.34535453602,15.401630176573,0.));
#3823 = CARTESIAN_POINT('',(-32.03414829375,14.445161125264,0.));
#3824 = CARTESIAN_POINT('',(-32.76879081959,13.697458661357,0.));
#3825 = CARTESIAN_POINT('',(-33.50894274168,13.387325916952,0.));
#3826 = CARTESIAN_POINT('',(-34.01390519771,13.105069963069,0.));
#3827 = CARTESIAN_POINT('',(-34.38510917478,12.948627697391,0.));
#3828 = CARTESIAN_POINT('',(-34.66369311165,12.837763908913,0.));
#3829 = CARTESIAN_POINT('',(-34.88499629548,12.752422253554,0.));
#3830 = CARTESIAN_POINT('',(-35.07193263741,12.678595237293,0.));
#3831 = CARTESIAN_POINT('',(-35.24022937873,12.608493668788,0.));
#3832 = CARTESIAN_POINT('',(-35.40009087551,12.536814867435,0.));
#3833 = CARTESIAN_POINT('',(-35.55804818675,12.459702789075,0.));
#3834 = CARTESIAN_POINT('',(-35.71799738085,12.374057597623,0.));
#3835 = CARTESIAN_POINT('',(-35.88229947002,12.277507139542,0.));
#3836 = CARTESIAN_POINT('',(-36.0509444509,12.167360623387,0.));
#3837 = CARTESIAN_POINT('',(-36.22736603645,12.044319455678,0.));
#3838 = CARTESIAN_POINT('',(-36.39638483761,11.897115707835,0.));
#3839 = CARTESIAN_POINT('',(-36.60671810131,11.770213416268,0.));
#3840 = CARTESIAN_POINT('',(-36.64661156497,11.507913076469,0.));
#3841 = CARTESIAN_POINT('',(-36.86362420021,11.349905901145,0.));
#3842 = CARTESIAN_POINT('',(-37.02992193765,11.129869178274,0.));
#3843 = CARTESIAN_POINT('',(-37.20724413202,10.903089105688,0.));
#3844 = CARTESIAN_POINT('',(-37.37303025094,10.656292705028,0.));
#3845 = CARTESIAN_POINT('',(-37.53100063437,10.3945102515,0.));
#3846 = CARTESIAN_POINT('',(-37.67759143051,10.117991207295,0.));
#3847 = CARTESIAN_POINT('',(-37.81148351775,9.828680405216,0.));
#3848 = CARTESIAN_POINT('',(-37.93099011466,9.528365361876,0.));
#3849 = CARTESIAN_POINT('',(-38.03482994106,9.219148095168,0.));
#3850 = CARTESIAN_POINT('',(-38.09286570208,9.008715558089,0.));
#3851 = CARTESIAN_POINT('',(-38.11903560824,8.902542711497,0.));
#3852 = VECTOR('',#3853,1.);
#3853 = DIRECTION('',(-0.,-0.,-1.));
#3854 = ADVANCED_FACE('',(#3855),#3992,.F.);
#3855 = FACE_BOUND('',#3856,.F.);
#3856 = EDGE_LOOP('',(#3857,#3858,#3922,#3930));
#3857 = ORIENTED_EDGE('',*,*,#3722,.T.);
#3858 = ORIENTED_EDGE('',*,*,#3859,.T.);
#3859 = EDGE_CURVE('',#3659,#3860,#3862,.T.);
#3860 = VERTEX_POINT('',#3861);
#3861 = CARTESIAN_POINT('',(-38.11903560824,-8.902542711497,5.));
#3862 = B_SPLINE_CURVE_WITH_KNOTS('',3,(#3863,#3864,#3865,#3866,#3867,
    #3868,#3869,#3870,#3871,#3872,#3873,#3874,#3875,#3876,#3877,#3878,
    #3879,#3880,#3881,#3882,#3883,#3884,#3885,#3886,#3887,#3888,#3889,
    #3890,#3891,#3892,#3893,#3894,#3895,#3896,#3897,#3898,#3899,#3900,
    #3901,#3902,#3903,#3904,#3905,#3906,#3907,#3908,#3909,#3910,#3911,
    #3912,#3913,#3914,#3915,#3916,#3917,#3918,#3919,#3920,#3921),
  .UNSPECIFIED.,.F.,.F.,(4,1,1,1,1,1,1,1,1,1,1,1,1,1,1,1,1,1,1,1,1,1,1,1
    ,1,1,1,1,1,1,1,1,1,1,1,1,1,1,1,1,1,1,1,1,1,1,1,1,1,1,1,1,1,1,1,1,4),
  (0.,0.328013505293,0.654532141274,0.978073973054,1.297183287801,
    1.61044462083,1.916497973535,2.214055789897,2.501922432478,
    2.779017159017,3.044401987384,3.269623492035,3.510023310168,
    3.737105776354,3.950973242823,4.152195746167,4.341963344013,
    4.522306308509,4.696421126138,4.869164710127,5.047820617967,
    5.243309477393,5.472118985513,5.759336347265,6.143042595942,
    6.678887194379,7.495697516282,8.524531677202,9.766857061766,
    11.00918244633,12.03801660725,12.854826929153,13.39067152759,
    13.774377776267,14.061595138019,14.290404646139,14.485893505565,
    14.664549413405,14.837292997394,15.011407815023,15.191750779519,
    15.381518377365,15.582740880709,15.796608347178,16.023690813363,
    16.264090631496,16.489312136147,16.754696964515,17.031791691054,
    17.319658333634,17.617216149997,17.923269502701,18.236530835731,
    18.555640150478,18.879181982258,19.205700618239,19.533714123532),
  .UNSPECIFIED.);
#3863 = CARTESIAN_POINT('',(-38.11903560824,8.902542711497,5.));
#3864 = CARTESIAN_POINT('',(-38.1452042892,8.796369562918,5.));
#3865 = CARTESIAN_POINT('',(-38.19160905103,8.583070242013,5.));
#3866 = CARTESIAN_POINT('',(-38.24336388007,8.261015176462,5.));
#3867 = CARTESIAN_POINT('',(-38.27710940329,7.939561926946,5.));
#3868 = CARTESIAN_POINT('',(-38.2930032815,7.621167178466,5.));
#3869 = CARTESIAN_POINT('',(-38.29170838511,7.30819758479,5.));
#3870 = CARTESIAN_POINT('',(-38.27348892942,7.002988236229,5.));
#3871 = CARTESIAN_POINT('',(-38.24138461761,6.707416225089,5.));
#3872 = CARTESIAN_POINT('',(-38.18976356682,6.42420671068,5.));
#3873 = CARTESIAN_POINT('',(-38.14477039697,6.152091456501,5.));
#3874 = CARTESIAN_POINT('',(-38.02604484717,5.911332250789,5.));
#3875 = CARTESIAN_POINT('',(-38.11261798533,5.660537417409,5.));
#3876 = CARTESIAN_POINT('',(-37.98535156507,5.450424277179,5.));
#3877 = CARTESIAN_POINT('',(-37.90410184176,5.241534878242,5.));
#3878 = CARTESIAN_POINT('',(-37.80506836753,5.050600136038,5.));
#3879 = CARTESIAN_POINT('',(-37.70692829139,4.874697009136,5.));
#3880 = CARTESIAN_POINT('',(-37.60631525165,4.7128508362,5.));
#3881 = CARTESIAN_POINT('',(-37.50448857898,4.562683688513,5.));
#3882 = CARTESIAN_POINT('',(-37.4004600956,4.420997911349,5.));
#3883 = CARTESIAN_POINT('',(-37.29222056994,4.283238142909,5.));
#3884 = CARTESIAN_POINT('',(-37.17577902953,4.142954891199,5.));
#3885 = CARTESIAN_POINT('',(-37.04456424433,3.990710665003,5.));
#3886 = CARTESIAN_POINT('',(-36.8882702515,3.812299664453,5.));
#3887 = CARTESIAN_POINT('',(-36.69311739739,3.584670244095,5.));
#3888 = CARTESIAN_POINT('',(-36.4371349451,3.273640407585,5.));
#3889 = CARTESIAN_POINT('',(-36.12118377789,2.789047418114,5.));
#3890 = CARTESIAN_POINT('',(-35.60993767132,2.1704727618,5.));
#3891 = CARTESIAN_POINT('',(-35.30691868088,1.16700970481,5.));
#3892 = CARTESIAN_POINT('',(-35.14151542915,1.432187701766E-14,5.));
#3893 = CARTESIAN_POINT('',(-35.30691868088,-1.16700970481,5.));
#3894 = CARTESIAN_POINT('',(-35.60993767132,-2.1704727618,5.));
#3895 = CARTESIAN_POINT('',(-36.12118377789,-2.789047418114,5.));
#3896 = CARTESIAN_POINT('',(-36.4371349451,-3.273640407585,5.));
#3897 = CARTESIAN_POINT('',(-36.69311739739,-3.584670244095,5.));
#3898 = CARTESIAN_POINT('',(-36.8882702515,-3.812299664453,5.));
#3899 = CARTESIAN_POINT('',(-37.04456424433,-3.990710665003,5.));
#3900 = CARTESIAN_POINT('',(-37.17577902953,-4.142954891199,5.));
#3901 = CARTESIAN_POINT('',(-37.29222056994,-4.283238142909,5.));
#3902 = CARTESIAN_POINT('',(-37.4004600956,-4.420997911349,5.));
#3903 = CARTESIAN_POINT('',(-37.50448857898,-4.562683688513,5.));
#3904 = CARTESIAN_POINT('',(-37.60631525165,-4.7128508362,5.));
#3905 = CARTESIAN_POINT('',(-37.70692829139,-4.874697009136,5.));
#3906 = CARTESIAN_POINT('',(-37.80506836753,-5.050600136038,5.));
#3907 = CARTESIAN_POINT('',(-37.90410184176,-5.241534878242,5.));
#3908 = CARTESIAN_POINT('',(-37.98535156507,-5.450424277179,5.));
#3909 = CARTESIAN_POINT('',(-38.11261798533,-5.660537417409,5.));
#3910 = CARTESIAN_POINT('',(-38.02604484717,-5.911332250789,5.));
#3911 = CARTESIAN_POINT('',(-38.14477039697,-6.152091456501,5.));
#3912 = CARTESIAN_POINT('',(-38.18976356682,-6.42420671068,5.));
#3913 = CARTESIAN_POINT('',(-38.24138461761,-6.707416225089,5.));
#3914 = CARTESIAN_POINT('',(-38.27348892942,-7.002988236229,5.));
#3915 = CARTESIAN_POINT('',(-38.29170838511,-7.30819758479,5.));
#3916 = CARTESIAN_POINT('',(-38.2930032815,-7.621167178466,5.));
#3917 = CARTESIAN_POINT('',(-38.27710940329,-7.939561926946,5.));
#3918 = CARTESIAN_POINT('',(-38.24336388007,-8.261015176462,5.));
#3919 = CARTESIAN_POINT('',(-38.19160905103,-8.583070242013,5.));
#3920 = CARTESIAN_POINT('',(-38.1452042892,-8.796369562918,5.));
#3921 = CARTESIAN_POINT('',(-38.11903560824,-8.902542711497,5.));
#3922 = ORIENTED_EDGE('',*,*,#3923,.F.);
#3923 = EDGE_CURVE('',#3924,#3860,#3926,.T.);
#3924 = VERTEX_POINT('',#3925);
#3925 = CARTESIAN_POINT('',(-38.11903560824,-8.902542711497,0.));
#3926 = LINE('',#3927,#3928);
#3927 = CARTESIAN_POINT('',(-38.11903560824,-8.902542711497,0.));
#3928 = VECTOR('',#3929,1.);
#3929 = DIRECTION('',(0.,0.,1.));
#3930 = ORIENTED_EDGE('',*,*,#3931,.F.);
#3931 = EDGE_CURVE('',#3723,#3924,#3932,.T.);
#3932 = B_SPLINE_CURVE_WITH_KNOTS('',3,(#3933,#3934,#3935,#3936,#3937,
    #3938,#3939,#3940,#3941,#3942,#3943,#3944,#3945,#3946,#3947,#3948,
    #3949,#3950,#3951,#3952,#3953,#3954,#3955,#3956,#3957,#3958,#3959,
    #3960,#3961,#3962,#3963,#3964,#3965,#3966,#3967,#3968,#3969,#3970,
    #3971,#3972,#3973,#3974,#3975,#3976,#3977,#3978,#3979,#3980,#3981,
    #3982,#3983,#3984,#3985,#3986,#3987,#3988,#3989,#3990,#3991),
  .UNSPECIFIED.,.F.,.F.,(4,1,1,1,1,1,1,1,1,1,1,1,1,1,1,1,1,1,1,1,1,1,1,1
    ,1,1,1,1,1,1,1,1,1,1,1,1,1,1,1,1,1,1,1,1,1,1,1,1,1,1,1,1,1,1,1,1,4),
  (0.,0.328013505293,0.654532141274,0.978073973054,1.297183287801,
    1.61044462083,1.916497973535,2.214055789897,2.501922432478,
    2.779017159017,3.044401987384,3.269623492035,3.510023310168,
    3.737105776354,3.950973242823,4.152195746167,4.341963344013,
    4.522306308509,4.696421126138,4.869164710127,5.047820617967,
    5.243309477393,5.472118985513,5.759336347265,6.143042595942,
    6.678887194379,7.495697516282,8.524531677202,9.766857061766,
    11.00918244633,12.03801660725,12.854826929153,13.39067152759,
    13.774377776267,14.061595138019,14.290404646139,14.485893505565,
    14.664549413405,14.837292997394,15.011407815023,15.191750779519,
    15.381518377365,15.582740880709,15.796608347178,16.023690813363,
    16.264090631496,16.489312136147,16.754696964515,17.031791691054,
    17.319658333634,17.617216149997,17.923269502701,18.236530835731,
    18.555640150478,18.879181982258,19.205700618239,19.533714123532),
  .UNSPECIFIED.);
#3933 = CARTESIAN_POINT('',(-38.11903560824,8.902542711497,0.));
#3934 = CARTESIAN_POINT('',(-38.1452042892,8.796369562918,0.));
#3935 = CARTESIAN_POINT('',(-38.19160905103,8.583070242013,0.));
#3936 = CARTESIAN_POINT('',(-38.24336388007,8.261015176462,0.));
#3937 = CARTESIAN_POINT('',(-38.27710940329,7.939561926946,0.));
#3938 = CARTESIAN_POINT('',(-38.2930032815,7.621167178466,0.));
#3939 = CARTESIAN_POINT('',(-38.29170838511,7.30819758479,0.));
#3940 = CARTESIAN_POINT('',(-38.27348892942,7.002988236229,0.));
#3941 = CARTESIAN_POINT('',(-38.24138461761,6.707416225089,0.));
#3942 = CARTESIAN_POINT('',(-38.18976356682,6.42420671068,0.));
#3943 = CARTESIAN_POINT('',(-38.14477039697,6.152091456501,0.));
#3944 = CARTESIAN_POINT('',(-38.02604484717,5.911332250789,0.));
#3945 = CARTESIAN_POINT('',(-38.11261798533,5.660537417409,0.));
#3946 = CARTESIAN_POINT('',(-37.98535156507,5.450424277179,0.));
#3947 = CARTESIAN_POINT('',(-37.90410184176,5.241534878242,0.));
#3948 = CARTESIAN_POINT('',(-37.80506836753,5.050600136038,0.));
#3949 = CARTESIAN_POINT('',(-37.70692829139,4.874697009136,0.));
#3950 = CARTESIAN_POINT('',(-37.60631525165,4.7128508362,0.));
#3951 = CARTESIAN_POINT('',(-37.50448857898,4.562683688513,0.));
#3952 = CARTESIAN_POINT('',(-37.4004600956,4.420997911349,0.));
#3953 = CARTESIAN_POINT('',(-37.29222056994,4.283238142909,0.));
#3954 = CARTESIAN_POINT('',(-37.17577902953,4.142954891199,0.));
#3955 = CARTESIAN_POINT('',(-37.04456424433,3.990710665003,0.));
#3956 = CARTESIAN_POINT('',(-36.8882702515,3.812299664453,0.));
#3957 = CARTESIAN_POINT('',(-36.69311739739,3.584670244095,0.));
#3958 = CARTESIAN_POINT('',(-36.4371349451,3.273640407585,0.));
#3959 = CARTESIAN_POINT('',(-36.12118377789,2.789047418114,0.));
#3960 = CARTESIAN_POINT('',(-35.60993767132,2.1704727618,0.));
#3961 = CARTESIAN_POINT('',(-35.30691868088,1.16700970481,0.));
#3962 = CARTESIAN_POINT('',(-35.14151542915,1.432187701766E-14,0.));
#3963 = CARTESIAN_POINT('',(-35.30691868088,-1.16700970481,0.));
#3964 = CARTESIAN_POINT('',(-35.60993767132,-2.1704727618,0.));
#3965 = CARTESIAN_POINT('',(-36.12118377789,-2.789047418114,0.));
#3966 = CARTESIAN_POINT('',(-36.4371349451,-3.273640407585,0.));
#3967 = CARTESIAN_POINT('',(-36.69311739739,-3.584670244095,0.));
#3968 = CARTESIAN_POINT('',(-36.8882702515,-3.812299664453,0.));
#3969 = CARTESIAN_POINT('',(-37.04456424433,-3.990710665003,0.));
#3970 = CARTESIAN_POINT('',(-37.17577902953,-4.142954891199,0.));
#3971 = CARTESIAN_POINT('',(-37.29222056994,-4.283238142909,0.));
#3972 = CARTESIAN_POINT('',(-37.4004600956,-4.420997911349,0.));
#3973 = CARTESIAN_POINT('',(-37.50448857898,-4.562683688513,0.));
#3974 = CARTESIAN_POINT('',(-37.60631525165,-4.7128508362,0.));
#3975 = CARTESIAN_POINT('',(-37.70692829139,-4.874697009136,0.));
#3976 = CARTESIAN_POINT('',(-37.80506836753,-5.050600136038,0.));
#3977 = CARTESIAN_POINT('',(-37.90410184176,-5.241534878242,0.));
#3978 = CARTESIAN_POINT('',(-37.98535156507,-5.450424277179,0.));
#3979 = CARTESIAN_POINT('',(-38.11261798533,-5.660537417409,0.));
#3980 = CARTESIAN_POINT('',(-38.02604484717,-5.911332250789,0.));
#3981 = CARTESIAN_POINT('',(-38.14477039697,-6.152091456501,0.));
#3982 = CARTESIAN_POINT('',(-38.18976356682,-6.42420671068,0.));
#3983 = CARTESIAN_POINT('',(-38.24138461761,-6.707416225089,0.));
#3984 = CARTESIAN_POINT('',(-38.27348892942,-7.002988236229,0.));
#3985 = CARTESIAN_POINT('',(-38.29170838511,-7.30819758479,0.));
#3986 = CARTESIAN_POINT('',(-38.2930032815,-7.621167178466,0.));
#3987 = CARTESIAN_POINT('',(-38.27710940329,-7.939561926946,0.));
#3988 = CARTESIAN_POINT('',(-38.24336388007,-8.261015176462,0.));
#3989 = CARTESIAN_POINT('',(-38.19160905103,-8.583070242013,0.));
#3990 = CARTESIAN_POINT('',(-38.1452042892,-8.796369562918,0.));
#3991 = CARTESIAN_POINT('',(-38.11903560824,-8.902542711497,0.));
#3992 = SURFACE_OF_LINEAR_EXTRUSION('',#3993,#4053);
#3993 = B_SPLINE_CURVE_WITH_KNOTS('',3,(#3994,#3995,#3996,#3997,#3998,
    #3999,#4000,#4001,#4002,#4003,#4004,#4005,#4006,#4007,#4008,#4009,
    #4010,#4011,#4012,#4013,#4014,#4015,#4016,#4017,#4018,#4019,#4020,
    #4021,#4022,#4023,#4024,#4025,#4026,#4027,#4028,#4029,#4030,#4031,
    #4032,#4033,#4034,#4035,#4036,#4037,#4038,#4039,#4040,#4041,#4042,
    #4043,#4044,#4045,#4046,#4047,#4048,#4049,#4050,#4051,#4052),
  .UNSPECIFIED.,.F.,.F.,(4,1,1,1,1,1,1,1,1,1,1,1,1,1,1,1,1,1,1,1,1,1,1,1
    ,1,1,1,1,1,1,1,1,1,1,1,1,1,1,1,1,1,1,1,1,1,1,1,1,1,1,1,1,1,1,1,1,4),
  (0.,0.328013505293,0.654532141274,0.978073973054,1.297183287801,
    1.61044462083,1.916497973535,2.214055789897,2.501922432478,
    2.779017159017,3.044401987384,3.269623492035,3.510023310168,
    3.737105776354,3.950973242823,4.152195746167,4.341963344013,
    4.522306308509,4.696421126138,4.869164710127,5.047820617967,
    5.243309477393,5.472118985513,5.759336347265,6.143042595942,
    6.678887194379,7.495697516282,8.524531677202,9.766857061766,
    11.00918244633,12.03801660725,12.854826929153,13.39067152759,
    13.774377776267,14.061595138019,14.290404646139,14.485893505565,
    14.664549413405,14.837292997394,15.011407815023,15.191750779519,
    15.381518377365,15.582740880709,15.796608347178,16.023690813363,
    16.264090631496,16.489312136147,16.754696964515,17.031791691054,
    17.319658333634,17.617216149997,17.923269502701,18.236530835731,
    18.555640150478,18.879181982258,19.205700618239,19.533714123532),
  .UNSPECIFIED.);
#3994 = CARTESIAN_POINT('',(-38.11903560824,8.902542711497,0.));
#3995 = CARTESIAN_POINT('',(-38.1452042892,8.796369562918,0.));
#3996 = CARTESIAN_POINT('',(-38.19160905103,8.583070242013,0.));
#3997 = CARTESIAN_POINT('',(-38.24336388007,8.261015176462,0.));
#3998 = CARTESIAN_POINT('',(-38.27710940329,7.939561926946,0.));
#3999 = CARTESIAN_POINT('',(-38.2930032815,7.621167178466,0.));
#4000 = CARTESIAN_POINT('',(-38.29170838511,7.30819758479,0.));
#4001 = CARTESIAN_POINT('',(-38.27348892942,7.002988236229,0.));
#4002 = CARTESIAN_POINT('',(-38.24138461761,6.707416225089,0.));
#4003 = CARTESIAN_POINT('',(-38.18976356682,6.42420671068,0.));
#4004 = CARTESIAN_POINT('',(-38.14477039697,6.152091456501,0.));
#4005 = CARTESIAN_POINT('',(-38.02604484717,5.911332250789,0.));
#4006 = CARTESIAN_POINT('',(-38.11261798533,5.660537417409,0.));
#4007 = CARTESIAN_POINT('',(-37.98535156507,5.450424277179,0.));
#4008 = CARTESIAN_POINT('',(-37.90410184176,5.241534878242,0.));
#4009 = CARTESIAN_POINT('',(-37.80506836753,5.050600136038,0.));
#4010 = CARTESIAN_POINT('',(-37.70692829139,4.874697009136,0.));
#4011 = CARTESIAN_POINT('',(-37.60631525165,4.7128508362,0.));
#4012 = CARTESIAN_POINT('',(-37.50448857898,4.562683688513,0.));
#4013 = CARTESIAN_POINT('',(-37.4004600956,4.420997911349,0.));
#4014 = CARTESIAN_POINT('',(-37.29222056994,4.283238142909,0.));
#4015 = CARTESIAN_POINT('',(-37.17577902953,4.142954891199,0.));
#4016 = CARTESIAN_POINT('',(-37.04456424433,3.990710665003,0.));
#4017 = CARTESIAN_POINT('',(-36.8882702515,3.812299664453,0.));
#4018 = CARTESIAN_POINT('',(-36.69311739739,3.584670244095,0.));
#4019 = CARTESIAN_POINT('',(-36.4371349451,3.273640407585,0.));
#4020 = CARTESIAN_POINT('',(-36.12118377789,2.789047418114,0.));
#4021 = CARTESIAN_POINT('',(-35.60993767132,2.1704727618,0.));
#4022 = CARTESIAN_POINT('',(-35.30691868088,1.16700970481,0.));
#4023 = CARTESIAN_POINT('',(-35.14151542915,1.432187701766E-14,0.));
#4024 = CARTESIAN_POINT('',(-35.30691868088,-1.16700970481,0.));
#4025 = CARTESIAN_POINT('',(-35.60993767132,-2.1704727618,0.));
#4026 = CARTESIAN_POINT('',(-36.12118377789,-2.789047418114,0.));
#4027 = CARTESIAN_POINT('',(-36.4371349451,-3.273640407585,0.));
#4028 = CARTESIAN_POINT('',(-36.69311739739,-3.584670244095,0.));
#4029 = CARTESIAN_POINT('',(-36.8882702515,-3.812299664453,0.));
#4030 = CARTESIAN_POINT('',(-37.04456424433,-3.990710665003,0.));
#4031 = CARTESIAN_POINT('',(-37.17577902953,-4.142954891199,0.));
#4032 = CARTESIAN_POINT('',(-37.29222056994,-4.283238142909,0.));
#4033 = CARTESIAN_POINT('',(-37.4004600956,-4.420997911349,0.));
#4034 = CARTESIAN_POINT('',(-37.50448857898,-4.562683688513,0.));
#4035 = CARTESIAN_POINT('',(-37.60631525165,-4.7128508362,0.));
#4036 = CARTESIAN_POINT('',(-37.70692829139,-4.874697009136,0.));
#4037 = CARTESIAN_POINT('',(-37.80506836753,-5.050600136038,0.));
#4038 = CARTESIAN_POINT('',(-37.90410184176,-5.241534878242,0.));
#4039 = CARTESIAN_POINT('',(-37.98535156507,-5.450424277179,0.));
#4040 = CARTESIAN_POINT('',(-38.11261798533,-5.660537417409,0.));
#4041 = CARTESIAN_POINT('',(-38.02604484717,-5.911332250789,0.));
#4042 = CARTESIAN_POINT('',(-38.14477039697,-6.152091456501,0.));
#4043 = CARTESIAN_POINT('',(-38.18976356682,-6.42420671068,0.));
#4044 = CARTESIAN_POINT('',(-38.24138461761,-6.707416225089,0.));
#4045 = CARTESIAN_POINT('',(-38.27348892942,-7.002988236229,0.));
#4046 = CARTESIAN_POINT('',(-38.29170838511,-7.30819758479,0.));
#4047 = CARTESIAN_POINT('',(-38.2930032815,-7.621167178466,0.));
#4048 = CARTESIAN_POINT('',(-38.27710940329,-7.939561926946,0.));
#4049 = CARTESIAN_POINT('',(-38.24336388007,-8.261015176462,0.));
#4050 = CARTESIAN_POINT('',(-38.19160905103,-8.583070242013,0.));
#4051 = CARTESIAN_POINT('',(-38.1452042892,-8.796369562918,0.));
#4052 = CARTESIAN_POINT('',(-38.11903560824,-8.902542711497,0.));
#4053 = VECTOR('',#4054,1.);
#4054 = DIRECTION('',(-0.,-0.,-1.));
#4055 = ADVANCED_FACE('',(#4056),#4193,.F.);
#4056 = FACE_BOUND('',#4057,.F.);
#4057 = EDGE_LOOP('',(#4058,#4059,#4123,#4131));
#4058 = ORIENTED_EDGE('',*,*,#3923,.T.);
#4059 = ORIENTED_EDGE('',*,*,#4060,.T.);
#4060 = EDGE_CURVE('',#3860,#4061,#4063,.T.);
#4061 = VERTEX_POINT('',#4062);
#4062 = CARTESIAN_POINT('',(-29.84459983196,-24.66816288655,5.));
#4063 = B_SPLINE_CURVE_WITH_KNOTS('',3,(#4064,#4065,#4066,#4067,#4068,
    #4069,#4070,#4071,#4072,#4073,#4074,#4075,#4076,#4077,#4078,#4079,
    #4080,#4081,#4082,#4083,#4084,#4085,#4086,#4087,#4088,#4089,#4090,
    #4091,#4092,#4093,#4094,#4095,#4096,#4097,#4098,#4099,#4100,#4101,
    #4102,#4103,#4104,#4105,#4106,#4107,#4108,#4109,#4110,#4111,#4112,
    #4113,#4114,#4115,#4116,#4117,#4118,#4119,#4120,#4121,#4122),
  .UNSPECIFIED.,.F.,.F.,(4,1,1,1,1,1,1,1,1,1,1,1,1,1,1,1,1,1,1,1,1,1,1,1
    ,1,1,1,1,1,1,1,1,1,1,1,1,1,1,1,1,1,1,1,1,1,1,1,1,1,1,1,1,1,1,1,1,4),
  (0.,0.328013505293,0.654532141274,0.978073973054,1.297183287801,
    1.61044462083,1.916497973535,2.214055789897,2.501922432478,
    2.779017159017,3.044401987384,3.269623492035,3.510023310168,
    3.737105776354,3.950973242823,4.152195746167,4.341963344013,
    4.522306308509,4.696421126138,4.869164710127,5.047820617967,
    5.243309477393,5.472118985513,5.759336347265,6.143042595942,
    6.678887194379,7.495697516282,8.524531677202,9.766857061766,
    11.00918244633,12.03801660725,12.854826929153,13.39067152759,
    13.774377776267,14.061595138019,14.290404646139,14.485893505565,
    14.664549413405,14.837292997394,15.011407815023,15.191750779519,
    15.381518377365,15.582740880709,15.796608347178,16.023690813363,
    16.264090631496,16.489312136147,16.754696964515,17.031791691054,
    17.319658333634,17.617216149997,17.923269502701,18.236530835731,
    18.555640150478,18.879181982258,19.205700618239,19.533714123532),
  .UNSPECIFIED.);
#4064 = CARTESIAN_POINT('',(-38.11903560824,-8.902542711497,5.));
#4065 = CARTESIAN_POINT('',(-38.09286570208,-9.008715558089,5.));
#4066 = CARTESIAN_POINT('',(-38.03482994106,-9.219148095168,5.));
#4067 = CARTESIAN_POINT('',(-37.93099011466,-9.528365361876,5.));
#4068 = CARTESIAN_POINT('',(-37.81148351775,-9.828680405216,5.));
#4069 = CARTESIAN_POINT('',(-37.67759143051,-10.11799120729,5.));
#4070 = CARTESIAN_POINT('',(-37.53100063437,-10.3945102515,5.));
#4071 = CARTESIAN_POINT('',(-37.37303025094,-10.65629270502,5.));
#4072 = CARTESIAN_POINT('',(-37.20724413202,-10.90308910568,5.));
#4073 = CARTESIAN_POINT('',(-37.02992193765,-11.12986917827,5.));
#4074 = CARTESIAN_POINT('',(-36.86362420021,-11.34990590114,5.));
#4075 = CARTESIAN_POINT('',(-36.64661156497,-11.50791307646,5.));
#4076 = CARTESIAN_POINT('',(-36.60671810131,-11.77021341626,5.));
#4077 = CARTESIAN_POINT('',(-36.39638483761,-11.89711570783,5.));
#4078 = CARTESIAN_POINT('',(-36.22736603645,-12.04431945567,5.));
#4079 = CARTESIAN_POINT('',(-36.0509444509,-12.16736062338,5.));
#4080 = CARTESIAN_POINT('',(-35.88229947002,-12.27750713954,5.));
#4081 = CARTESIAN_POINT('',(-35.71799738085,-12.37405759762,5.));
#4082 = CARTESIAN_POINT('',(-35.55804818675,-12.45970278907,5.));
#4083 = CARTESIAN_POINT('',(-35.40009087551,-12.53681486743,5.));
#4084 = CARTESIAN_POINT('',(-35.24022937873,-12.60849366878,5.));
#4085 = CARTESIAN_POINT('',(-35.07193263741,-12.67859523729,5.));
#4086 = CARTESIAN_POINT('',(-34.88499629548,-12.75242225355,5.));
#4087 = CARTESIAN_POINT('',(-34.66369311165,-12.83776390891,5.));
#4088 = CARTESIAN_POINT('',(-34.38510917478,-12.94862769739,5.));
#4089 = CARTESIAN_POINT('',(-34.01390519771,-13.10506996306,5.));
#4090 = CARTESIAN_POINT('',(-33.50894274168,-13.38732591695,5.));
#4091 = CARTESIAN_POINT('',(-32.76879081959,-13.69745866135,5.));
#4092 = CARTESIAN_POINT('',(-32.03414829375,-14.44516112526,5.));
#4093 = CARTESIAN_POINT('',(-31.34535453602,-15.40163017657,5.));
#4094 = CARTESIAN_POINT('',(-30.9494753901,-16.5118326755,5.));
#4095 = CARTESIAN_POINT('',(-30.7514528462,-17.54117503226,5.));
#4096 = CARTESIAN_POINT('',(-30.91667281543,-18.32648360135,5.));
#4097 = CARTESIAN_POINT('',(-30.97123208903,-18.9023992125,5.));
#4098 = CARTESIAN_POINT('',(-31.05335052165,-19.29676343261,5.));
#4099 = CARTESIAN_POINT('',(-31.12036512596,-19.58901132788,5.));
#4100 = CARTESIAN_POINT('',(-31.17584485758,-19.81961986348,5.));
#4101 = CARTESIAN_POINT('',(-31.22127836007,-20.01540398213,5.));
#4102 = CARTESIAN_POINT('',(-31.25918934595,-20.19373171468,5.));
#4103 = CARTESIAN_POINT('',(-31.29101052959,-20.36601334744,5.));
#4104 = CARTESIAN_POINT('',(-31.31727851324,-20.53981431936,5.));
#4105 = CARTESIAN_POINT('',(-31.33765540092,-20.72010193946,5.));
#4106 = CARTESIAN_POINT('',(-31.35153015634,-20.91016681948,5.));
#4107 = CARTESIAN_POINT('',(-31.35668261901,-21.11152927062,5.));
#4108 = CARTESIAN_POINT('',(-31.35564060646,-21.32661673889,5.));
#4109 = CARTESIAN_POINT('',(-31.33050791946,-21.54933774502,5.));
#4110 = CARTESIAN_POINT('',(-31.34555229313,-21.79452734562,5.));
#4111 = CARTESIAN_POINT('',(-31.15234541578,-21.97636259866,5.));
#4112 = CARTESIAN_POINT('',(-31.14558528748,-22.2447188022,5.));
#4113 = CARTESIAN_POINT('',(-31.05896649675,-22.5065742623,5.));
#4114 = CARTESIAN_POINT('',(-30.97306064334,-22.78133333182,5.));
#4115 = CARTESIAN_POINT('',(-30.86412843709,-23.05796896772,5.));
#4116 = CARTESIAN_POINT('',(-30.73842310732,-23.33668542773,5.));
#4117 = CARTESIAN_POINT('',(-30.59412545881,-23.61440800866,5.));
#4118 = CARTESIAN_POINT('',(-30.43208671109,-23.88894630373,5.));
#4119 = CARTESIAN_POINT('',(-30.25281976045,-24.15789669389,5.));
#4120 = CARTESIAN_POINT('',(-30.05732668357,-24.41901062395,5.));
#4121 = CARTESIAN_POINT('',(-29.91711217059,-24.5863124248,5.));
#4122 = CARTESIAN_POINT('',(-29.84459983196,-24.66816288655,5.));
#4123 = ORIENTED_EDGE('',*,*,#4124,.F.);
#4124 = EDGE_CURVE('',#4125,#4061,#4127,.T.);
#4125 = VERTEX_POINT('',#4126);
#4126 = CARTESIAN_POINT('',(-29.84459983196,-24.66816288655,0.));
#4127 = LINE('',#4128,#4129);
#4128 = CARTESIAN_POINT('',(-29.84459983196,-24.66816288655,0.));
#4129 = VECTOR('',#4130,1.);
#4130 = DIRECTION('',(0.,0.,1.));
#4131 = ORIENTED_EDGE('',*,*,#4132,.F.);
#4132 = EDGE_CURVE('',#3924,#4125,#4133,.T.);
#4133 = B_SPLINE_CURVE_WITH_KNOTS('',3,(#4134,#4135,#4136,#4137,#4138,
    #4139,#4140,#4141,#4142,#4143,#4144,#4145,#4146,#4147,#4148,#4149,
    #4150,#4151,#4152,#4153,#4154,#4155,#4156,#4157,#4158,#4159,#4160,
    #4161,#4162,#4163,#4164,#4165,#4166,#4167,#4168,#4169,#4170,#4171,
    #4172,#4173,#4174,#4175,#4176,#4177,#4178,#4179,#4180,#4181,#4182,
    #4183,#4184,#4185,#4186,#4187,#4188,#4189,#4190,#4191,#4192),
  .UNSPECIFIED.,.F.,.F.,(4,1,1,1,1,1,1,1,1,1,1,1,1,1,1,1,1,1,1,1,1,1,1,1
    ,1,1,1,1,1,1,1,1,1,1,1,1,1,1,1,1,1,1,1,1,1,1,1,1,1,1,1,1,1,1,1,1,4),
  (0.,0.328013505293,0.654532141274,0.978073973054,1.297183287801,
    1.61044462083,1.916497973535,2.214055789897,2.501922432478,
    2.779017159017,3.044401987384,3.269623492035,3.510023310168,
    3.737105776354,3.950973242823,4.152195746167,4.341963344013,
    4.522306308509,4.696421126138,4.869164710127,5.047820617967,
    5.243309477393,5.472118985513,5.759336347265,6.143042595942,
    6.678887194379,7.495697516282,8.524531677202,9.766857061766,
    11.00918244633,12.03801660725,12.854826929153,13.39067152759,
    13.774377776267,14.061595138019,14.290404646139,14.485893505565,
    14.664549413405,14.837292997394,15.011407815023,15.191750779519,
    15.381518377365,15.582740880709,15.796608347178,16.023690813363,
    16.264090631496,16.489312136147,16.754696964515,17.031791691054,
    17.319658333634,17.617216149997,17.923269502701,18.236530835731,
    18.555640150478,18.879181982258,19.205700618239,19.533714123532),
  .UNSPECIFIED.);
#4134 = CARTESIAN_POINT('',(-38.11903560824,-8.902542711497,0.));
#4135 = CARTESIAN_POINT('',(-38.09286570208,-9.008715558089,0.));
#4136 = CARTESIAN_POINT('',(-38.03482994106,-9.219148095168,0.));
#4137 = CARTESIAN_POINT('',(-37.93099011466,-9.528365361876,0.));
#4138 = CARTESIAN_POINT('',(-37.81148351775,-9.828680405216,0.));
#4139 = CARTESIAN_POINT('',(-37.67759143051,-10.11799120729,0.));
#4140 = CARTESIAN_POINT('',(-37.53100063437,-10.3945102515,0.));
#4141 = CARTESIAN_POINT('',(-37.37303025094,-10.65629270502,0.));
#4142 = CARTESIAN_POINT('',(-37.20724413202,-10.90308910568,0.));
#4143 = CARTESIAN_POINT('',(-37.02992193765,-11.12986917827,0.));
#4144 = CARTESIAN_POINT('',(-36.86362420021,-11.34990590114,0.));
#4145 = CARTESIAN_POINT('',(-36.64661156497,-11.50791307646,0.));
#4146 = CARTESIAN_POINT('',(-36.60671810131,-11.77021341626,0.));
#4147 = CARTESIAN_POINT('',(-36.39638483761,-11.89711570783,0.));
#4148 = CARTESIAN_POINT('',(-36.22736603645,-12.04431945567,0.));
#4149 = CARTESIAN_POINT('',(-36.0509444509,-12.16736062338,0.));
#4150 = CARTESIAN_POINT('',(-35.88229947002,-12.27750713954,0.));
#4151 = CARTESIAN_POINT('',(-35.71799738085,-12.37405759762,0.));
#4152 = CARTESIAN_POINT('',(-35.55804818675,-12.45970278907,0.));
#4153 = CARTESIAN_POINT('',(-35.40009087551,-12.53681486743,0.));
#4154 = CARTESIAN_POINT('',(-35.24022937873,-12.60849366878,0.));
#4155 = CARTESIAN_POINT('',(-35.07193263741,-12.67859523729,0.));
#4156 = CARTESIAN_POINT('',(-34.88499629548,-12.75242225355,0.));
#4157 = CARTESIAN_POINT('',(-34.66369311165,-12.83776390891,0.));
#4158 = CARTESIAN_POINT('',(-34.38510917478,-12.94862769739,0.));
#4159 = CARTESIAN_POINT('',(-34.01390519771,-13.10506996306,0.));
#4160 = CARTESIAN_POINT('',(-33.50894274168,-13.38732591695,0.));
#4161 = CARTESIAN_POINT('',(-32.76879081959,-13.69745866135,0.));
#4162 = CARTESIAN_POINT('',(-32.03414829375,-14.44516112526,0.));
#4163 = CARTESIAN_POINT('',(-31.34535453602,-15.40163017657,0.));
#4164 = CARTESIAN_POINT('',(-30.9494753901,-16.5118326755,0.));
#4165 = CARTESIAN_POINT('',(-30.7514528462,-17.54117503226,0.));
#4166 = CARTESIAN_POINT('',(-30.91667281543,-18.32648360135,0.));
#4167 = CARTESIAN_POINT('',(-30.97123208903,-18.9023992125,0.));
#4168 = CARTESIAN_POINT('',(-31.05335052165,-19.29676343261,0.));
#4169 = CARTESIAN_POINT('',(-31.12036512596,-19.58901132788,0.));
#4170 = CARTESIAN_POINT('',(-31.17584485758,-19.81961986348,0.));
#4171 = CARTESIAN_POINT('',(-31.22127836007,-20.01540398213,0.));
#4172 = CARTESIAN_POINT('',(-31.25918934595,-20.19373171468,0.));
#4173 = CARTESIAN_POINT('',(-31.29101052959,-20.36601334744,0.));
#4174 = CARTESIAN_POINT('',(-31.31727851324,-20.53981431936,0.));
#4175 = CARTESIAN_POINT('',(-31.33765540092,-20.72010193946,0.));
#4176 = CARTESIAN_POINT('',(-31.35153015634,-20.91016681948,0.));
#4177 = CARTESIAN_POINT('',(-31.35668261901,-21.11152927062,0.));
#4178 = CARTESIAN_POINT('',(-31.35564060646,-21.32661673889,0.));
#4179 = CARTESIAN_POINT('',(-31.33050791946,-21.54933774502,0.));
#4180 = CARTESIAN_POINT('',(-31.34555229313,-21.79452734562,0.));
#4181 = CARTESIAN_POINT('',(-31.15234541578,-21.97636259866,0.));
#4182 = CARTESIAN_POINT('',(-31.14558528748,-22.2447188022,0.));
#4183 = CARTESIAN_POINT('',(-31.05896649675,-22.5065742623,0.));
#4184 = CARTESIAN_POINT('',(-30.97306064334,-22.78133333182,0.));
#4185 = CARTESIAN_POINT('',(-30.86412843709,-23.05796896772,0.));
#4186 = CARTESIAN_POINT('',(-30.73842310732,-23.33668542773,0.));
#4187 = CARTESIAN_POINT('',(-30.59412545881,-23.61440800866,0.));
#4188 = CARTESIAN_POINT('',(-30.43208671109,-23.88894630373,0.));
#4189 = CARTESIAN_POINT('',(-30.25281976045,-24.15789669389,0.));
#4190 = CARTESIAN_POINT('',(-30.05732668357,-24.41901062395,0.));
#4191 = CARTESIAN_POINT('',(-29.91711217059,-24.5863124248,0.));
#4192 = CARTESIAN_POINT('',(-29.84459983196,-24.66816288655,0.));
#4193 = SURFACE_OF_LINEAR_EXTRUSION('',#4194,#4254);
#4194 = B_SPLINE_CURVE_WITH_KNOTS('',3,(#4195,#4196,#4197,#4198,#4199,
    #4200,#4201,#4202,#4203,#4204,#4205,#4206,#4207,#4208,#4209,#4210,
    #4211,#4212,#4213,#4214,#4215,#4216,#4217,#4218,#4219,#4220,#4221,
    #4222,#4223,#4224,#4225,#4226,#4227,#4228,#4229,#4230,#4231,#4232,
    #4233,#4234,#4235,#4236,#4237,#4238,#4239,#4240,#4241,#4242,#4243,
    #4244,#4245,#4246,#4247,#4248,#4249,#4250,#4251,#4252,#4253),
  .UNSPECIFIED.,.F.,.F.,(4,1,1,1,1,1,1,1,1,1,1,1,1,1,1,1,1,1,1,1,1,1,1,1
    ,1,1,1,1,1,1,1,1,1,1,1,1,1,1,1,1,1,1,1,1,1,1,1,1,1,1,1,1,1,1,1,1,4),
  (0.,0.328013505293,0.654532141274,0.978073973054,1.297183287801,
    1.61044462083,1.916497973535,2.214055789897,2.501922432478,
    2.779017159017,3.044401987384,3.269623492035,3.510023310168,
    3.737105776354,3.950973242823,4.152195746167,4.341963344013,
    4.522306308509,4.696421126138,4.869164710127,5.047820617967,
    5.243309477393,5.472118985513,5.759336347265,6.143042595942,
    6.678887194379,7.495697516282,8.524531677202,9.766857061766,
    11.00918244633,12.03801660725,12.854826929153,13.39067152759,
    13.774377776267,14.061595138019,14.290404646139,14.485893505565,
    14.664549413405,14.837292997394,15.011407815023,15.191750779519,
    15.381518377365,15.582740880709,15.796608347178,16.023690813363,
    16.264090631496,16.489312136147,16.754696964515,17.031791691054,
    17.319658333634,17.617216149997,17.923269502701,18.236530835731,
    18.555640150478,18.879181982258,19.205700618239,19.533714123532),
  .UNSPECIFIED.);
#4195 = CARTESIAN_POINT('',(-38.11903560824,-8.902542711497,0.));
#4196 = CARTESIAN_POINT('',(-38.09286570208,-9.008715558089,0.));
#4197 = CARTESIAN_POINT('',(-38.03482994106,-9.219148095168,0.));
#4198 = CARTESIAN_POINT('',(-37.93099011466,-9.528365361876,0.));
#4199 = CARTESIAN_POINT('',(-37.81148351775,-9.828680405216,0.));
#4200 = CARTESIAN_POINT('',(-37.67759143051,-10.11799120729,0.));
#4201 = CARTESIAN_POINT('',(-37.53100063437,-10.3945102515,0.));
#4202 = CARTESIAN_POINT('',(-37.37303025094,-10.65629270502,0.));
#4203 = CARTESIAN_POINT('',(-37.20724413202,-10.90308910568,0.));
#4204 = CARTESIAN_POINT('',(-37.02992193765,-11.12986917827,0.));
#4205 = CARTESIAN_POINT('',(-36.86362420021,-11.34990590114,0.));
#4206 = CARTESIAN_POINT('',(-36.64661156497,-11.50791307646,0.));
#4207 = CARTESIAN_POINT('',(-36.60671810131,-11.77021341626,0.));
#4208 = CARTESIAN_POINT('',(-36.39638483761,-11.89711570783,0.));
#4209 = CARTESIAN_POINT('',(-36.22736603645,-12.04431945567,0.));
#4210 = CARTESIAN_POINT('',(-36.0509444509,-12.16736062338,0.));
#4211 = CARTESIAN_POINT('',(-35.88229947002,-12.27750713954,0.));
#4212 = CARTESIAN_POINT('',(-35.71799738085,-12.37405759762,0.));
#4213 = CARTESIAN_POINT('',(-35.55804818675,-12.45970278907,0.));
#4214 = CARTESIAN_POINT('',(-35.40009087551,-12.53681486743,0.));
#4215 = CARTESIAN_POINT('',(-35.24022937873,-12.60849366878,0.));
#4216 = CARTESIAN_POINT('',(-35.07193263741,-12.67859523729,0.));
#4217 = CARTESIAN_POINT('',(-34.88499629548,-12.75242225355,0.));
#4218 = CARTESIAN_POINT('',(-34.66369311165,-12.83776390891,0.));
#4219 = CARTESIAN_POINT('',(-34.38510917478,-12.94862769739,0.));
#4220 = CARTESIAN_POINT('',(-34.01390519771,-13.10506996306,0.));
#4221 = CARTESIAN_POINT('',(-33.50894274168,-13.38732591695,0.));
#4222 = CARTESIAN_POINT('',(-32.76879081959,-13.69745866135,0.));
#4223 = CARTESIAN_POINT('',(-32.03414829375,-14.44516112526,0.));
#4224 = CARTESIAN_POINT('',(-31.34535453602,-15.40163017657,0.));
#4225 = CARTESIAN_POINT('',(-30.9494753901,-16.5118326755,0.));
#4226 = CARTESIAN_POINT('',(-30.7514528462,-17.54117503226,0.));
#4227 = CARTESIAN_POINT('',(-30.91667281543,-18.32648360135,0.));
#4228 = CARTESIAN_POINT('',(-30.97123208903,-18.9023992125,0.));
#4229 = CARTESIAN_POINT('',(-31.05335052165,-19.29676343261,0.));
#4230 = CARTESIAN_POINT('',(-31.12036512596,-19.58901132788,0.));
#4231 = CARTESIAN_POINT('',(-31.17584485758,-19.81961986348,0.));
#4232 = CARTESIAN_POINT('',(-31.22127836007,-20.01540398213,0.));
#4233 = CARTESIAN_POINT('',(-31.25918934595,-20.19373171468,0.));
#4234 = CARTESIAN_POINT('',(-31.29101052959,-20.36601334744,0.));
#4235 = CARTESIAN_POINT('',(-31.31727851324,-20.53981431936,0.));
#4236 = CARTESIAN_POINT('',(-31.33765540092,-20.72010193946,0.));
#4237 = CARTESIAN_POINT('',(-31.35153015634,-20.91016681948,0.));
#4238 = CARTESIAN_POINT('',(-31.35668261901,-21.11152927062,0.));
#4239 = CARTESIAN_POINT('',(-31.35564060646,-21.32661673889,0.));
#4240 = CARTESIAN_POINT('',(-31.33050791946,-21.54933774502,0.));
#4241 = CARTESIAN_POINT('',(-31.34555229313,-21.79452734562,0.));
#4242 = CARTESIAN_POINT('',(-31.15234541578,-21.97636259866,0.));
#4243 = CARTESIAN_POINT('',(-31.14558528748,-22.2447188022,0.));
#4244 = CARTESIAN_POINT('',(-31.05896649675,-22.5065742623,0.));
#4245 = CARTESIAN_POINT('',(-30.97306064334,-22.78133333182,0.));
#4246 = CARTESIAN_POINT('',(-30.86412843709,-23.05796896772,0.));
#4247 = CARTESIAN_POINT('',(-30.73842310732,-23.33668542773,0.));
#4248 = CARTESIAN_POINT('',(-30.59412545881,-23.61440800866,0.));
#4249 = CARTESIAN_POINT('',(-30.43208671109,-23.88894630373,0.));
#4250 = CARTESIAN_POINT('',(-30.25281976045,-24.15789669389,0.));
#4251 = CARTESIAN_POINT('',(-30.05732668357,-24.41901062395,0.));
#4252 = CARTESIAN_POINT('',(-29.91711217059,-24.5863124248,0.));
#4253 = CARTESIAN_POINT('',(-29.84459983196,-24.66816288655,0.));
#4254 = VECTOR('',#4255,1.);
#4255 = DIRECTION('',(-0.,-0.,-1.));
#4256 = ADVANCED_FACE('',(#4257),#4394,.F.);
#4257 = FACE_BOUND('',#4258,.F.);
#4258 = EDGE_LOOP('',(#4259,#4260,#4324,#4332));
#4259 = ORIENTED_EDGE('',*,*,#4124,.T.);
#4260 = ORIENTED_EDGE('',*,*,#4261,.T.);
#4261 = EDGE_CURVE('',#4061,#4262,#4264,.T.);
#4262 = VERTEX_POINT('',#4263);
#4263 = CARTESIAN_POINT('',(-15.19130179798,-34.78260422789,5.));
#4264 = B_SPLINE_CURVE_WITH_KNOTS('',3,(#4265,#4266,#4267,#4268,#4269,
    #4270,#4271,#4272,#4273,#4274,#4275,#4276,#4277,#4278,#4279,#4280,
    #4281,#4282,#4283,#4284,#4285,#4286,#4287,#4288,#4289,#4290,#4291,
    #4292,#4293,#4294,#4295,#4296,#4297,#4298,#4299,#4300,#4301,#4302,
    #4303,#4304,#4305,#4306,#4307,#4308,#4309,#4310,#4311,#4312,#4313,
    #4314,#4315,#4316,#4317,#4318,#4319,#4320,#4321,#4322,#4323),
  .UNSPECIFIED.,.F.,.F.,(4,1,1,1,1,1,1,1,1,1,1,1,1,1,1,1,1,1,1,1,1,1,1,1
    ,1,1,1,1,1,1,1,1,1,1,1,1,1,1,1,1,1,1,1,1,1,1,1,1,1,1,1,1,1,1,1,1,4),
  (0.,0.328013505293,0.654532141274,0.978073973054,1.297183287801,
    1.61044462083,1.916497973535,2.214055789897,2.501922432478,
    2.779017159017,3.044401987384,3.269623492035,3.510023310168,
    3.737105776354,3.950973242823,4.152195746167,4.341963344013,
    4.522306308509,4.696421126138,4.869164710127,5.047820617967,
    5.243309477393,5.472118985513,5.759336347265,6.143042595942,
    6.678887194379,7.495697516282,8.524531677202,9.766857061766,
    11.00918244633,12.03801660725,12.854826929153,13.39067152759,
    13.774377776267,14.061595138019,14.290404646139,14.485893505565,
    14.664549413405,14.837292997394,15.011407815023,15.191750779519,
    15.381518377365,15.582740880709,15.796608347178,16.023690813363,
    16.264090631496,16.489312136147,16.754696964515,17.031791691054,
    17.319658333634,17.617216149997,17.923269502701,18.236530835731,
    18.555640150478,18.879181982258,19.205700618239,19.533714123532),
  .UNSPECIFIED.);
#4265 = CARTESIAN_POINT('',(-29.84459983196,-24.66816288655,5.));
#4266 = CARTESIAN_POINT('',(-29.77208654881,-24.75001251152,5.));
#4267 = CARTESIAN_POINT('',(-29.62290555837,-24.90937070652,5.));
#4268 = CARTESIAN_POINT('',(-29.38725952935,-25.13491222505,5.));
#4269 = CARTESIAN_POINT('',(-29.14187833346,-25.34529050498,5.));
#4270 = CARTESIAN_POINT('',(-28.88887334437,-25.53923974247,5.));
#4271 = CARTESIAN_POINT('',(-28.63056883327,-25.71596105659,5.));
#4272 = CARTESIAN_POINT('',(-28.3690366332,-25.87434540981,5.));
#4273 = CARTESIAN_POINT('',(-28.10754830907,-26.01582811882,5.));
#4274 = CARTESIAN_POINT('',(-27.8451473489,-26.13422616795,5.));
#4275 = CARTESIAN_POINT('',(-27.59564185141,-26.25177659803,5.));
#4276 = CARTESIAN_POINT('',(-27.33005711016,-26.29083420329,5.));
#4277 = CARTESIAN_POINT('',(-27.17283615645,-26.50455020272,5.));
#4278 = CARTESIAN_POINT('',(-26.92762086523,-26.51916985997,5.));
#4279 = CARTESIAN_POINT('',(-26.70955315666,-26.57096535208,5.));
#4280 = CARTESIAN_POINT('',(-26.49615951893,-26.59792569658,5.));
#4281 = CARTESIAN_POINT('',(-26.29564416603,-26.61708236255,5.));
#4282 = CARTESIAN_POINT('',(-26.10529265602,-26.62621855939,5.));
#4283 = CARTESIAN_POINT('',(-25.92386337326,-26.62772151338,5.));
#4284 = CARTESIAN_POINT('',(-25.74816335056,-26.62259444508,5.));
#4285 = CARTESIAN_POINT('',(-25.57330222504,-26.61177152978,5.));
#4286 = CARTESIAN_POINT('',(-25.39170503806,-26.59563199055,5.));
#4287 = CARTESIAN_POINT('',(-25.1918720025,-26.57412891717,5.));
#4288 = CARTESIAN_POINT('',(-24.9562575201,-26.54685048257,5.));
#4289 = CARTESIAN_POINT('',(-24.6580627231,-26.51555108128,5.));
#4290 = CARTESIAN_POINT('',(-24.25667557891,-26.48156673839,5.));
#4291 = CARTESIAN_POINT('',(-23.67838264727,-26.49682421921,5.));
#4292 = CARTESIAN_POINT('',(-22.87888479523,-26.42746737746,5.));
#4293 = CARTESIAN_POINT('',(-21.88091648325,-26.7481196246,5.));
#4294 = CARTESIAN_POINT('',(-20.82652656854,-27.27493248945,5.));
#4295 = CARTESIAN_POINT('',(-19.96005616645,-28.07399376939,5.));
#4296 = CARTESIAN_POINT('',(-19.30635666658,-28.8934054969,5.));
#4297 = CARTESIAN_POINT('',(-19.08770059463,-29.66554324959,5.));
#4298 = CARTESIAN_POINT('',(-18.86836910255,-30.20084615644,5.));
#4299 = CARTESIAN_POINT('',(-18.75781117222,-30.58820066993,5.));
#4300 = CARTESIAN_POINT('',(-18.68133528851,-30.87811656927,5.));
#4301 = CARTESIAN_POINT('',(-18.62329102101,-31.10809300355,5.));
#4302 = CARTESIAN_POINT('',(-18.5725349729,-31.30256523253,5.));
#4303 = CARTESIAN_POINT('',(-18.52323045425,-31.47808471146,5.));
#4304 = CARTESIAN_POINT('',(-18.47134344618,-31.6454205627,5.));
#4305 = CARTESIAN_POINT('',(-18.41383325161,-31.81152102124,5.));
#4306 = CARTESIAN_POINT('',(-18.3480922549,-31.98062739268,5.));
#4307 = CARTESIAN_POINT('',(-18.27205018675,-32.15536940632,5.));
#4308 = CARTESIAN_POINT('',(-18.18303466885,-32.33606147082,5.));
#4309 = CARTESIAN_POINT('',(-18.08215588204,-32.52602771826,5.));
#4310 = CARTESIAN_POINT('',(-17.95639838045,-32.71155763315,5.));
#4311 = CARTESIAN_POINT('',(-17.85577422282,-32.93565371149,5.));
#4312 = CARTESIAN_POINT('',(-17.60019497349,-33.00687311907,5.));
#4313 = CARTESIAN_POINT('',(-17.469497831,-33.24134914824,5.));
#4314 = CARTESIAN_POINT('',(-17.27111040079,-33.43295688405,5.));
#4315 = CARTESIAN_POINT('',(-17.06735763891,-33.63632151707,5.));
#4316 = CARTESIAN_POINT('',(-16.84234397028,-33.83064688736,5.));
#4317 = CARTESIAN_POINT('',(-16.60151143118,-34.01901987673,5.));
#4318 = CARTESIAN_POINT('',(-16.34467809006,-34.19787254853,5.));
#4319 = CARTESIAN_POINT('',(-16.07361559718,-34.36566097535,5.));
#4320 = CARTESIAN_POINT('',(-15.78989511709,-34.52049521297,5.));
#4321 = CARTESIAN_POINT('',(-15.49544890035,-34.66084995293,5.));
#4322 = CARTESIAN_POINT('',(-15.29354609137,-34.74382740735,5.));
#4323 = CARTESIAN_POINT('',(-15.19130179798,-34.78260422789,5.));
#4324 = ORIENTED_EDGE('',*,*,#4325,.F.);
#4325 = EDGE_CURVE('',#4326,#4262,#4328,.T.);
#4326 = VERTEX_POINT('',#4327);
#4327 = CARTESIAN_POINT('',(-15.19130179798,-34.78260422789,0.));
#4328 = LINE('',#4329,#4330);
#4329 = CARTESIAN_POINT('',(-15.19130179798,-34.78260422789,0.));
#4330 = VECTOR('',#4331,1.);
#4331 = DIRECTION('',(0.,0.,1.));
#4332 = ORIENTED_EDGE('',*,*,#4333,.F.);
#4333 = EDGE_CURVE('',#4125,#4326,#4334,.T.);
#4334 = B_SPLINE_CURVE_WITH_KNOTS('',3,(#4335,#4336,#4337,#4338,#4339,
    #4340,#4341,#4342,#4343,#4344,#4345,#4346,#4347,#4348,#4349,#4350,
    #4351,#4352,#4353,#4354,#4355,#4356,#4357,#4358,#4359,#4360,#4361,
    #4362,#4363,#4364,#4365,#4366,#4367,#4368,#4369,#4370,#4371,#4372,
    #4373,#4374,#4375,#4376,#4377,#4378,#4379,#4380,#4381,#4382,#4383,
    #4384,#4385,#4386,#4387,#4388,#4389,#4390,#4391,#4392,#4393),
  .UNSPECIFIED.,.F.,.F.,(4,1,1,1,1,1,1,1,1,1,1,1,1,1,1,1,1,1,1,1,1,1,1,1
    ,1,1,1,1,1,1,1,1,1,1,1,1,1,1,1,1,1,1,1,1,1,1,1,1,1,1,1,1,1,1,1,1,4),
  (0.,0.328013505293,0.654532141274,0.978073973054,1.297183287801,
    1.61044462083,1.916497973535,2.214055789897,2.501922432478,
    2.779017159017,3.044401987384,3.269623492035,3.510023310168,
    3.737105776354,3.950973242823,4.152195746167,4.341963344013,
    4.522306308509,4.696421126138,4.869164710127,5.047820617967,
    5.243309477393,5.472118985513,5.759336347265,6.143042595942,
    6.678887194379,7.495697516282,8.524531677202,9.766857061766,
    11.00918244633,12.03801660725,12.854826929153,13.39067152759,
    13.774377776267,14.061595138019,14.290404646139,14.485893505565,
    14.664549413405,14.837292997394,15.011407815023,15.191750779519,
    15.381518377365,15.582740880709,15.796608347178,16.023690813363,
    16.264090631496,16.489312136147,16.754696964515,17.031791691054,
    17.319658333634,17.617216149997,17.923269502701,18.236530835731,
    18.555640150478,18.879181982258,19.205700618239,19.533714123532),
  .UNSPECIFIED.);
#4335 = CARTESIAN_POINT('',(-29.84459983196,-24.66816288655,0.));
#4336 = CARTESIAN_POINT('',(-29.77208654881,-24.75001251152,0.));
#4337 = CARTESIAN_POINT('',(-29.62290555837,-24.90937070652,0.));
#4338 = CARTESIAN_POINT('',(-29.38725952935,-25.13491222505,0.));
#4339 = CARTESIAN_POINT('',(-29.14187833346,-25.34529050498,0.));
#4340 = CARTESIAN_POINT('',(-28.88887334437,-25.53923974247,0.));
#4341 = CARTESIAN_POINT('',(-28.63056883327,-25.71596105659,0.));
#4342 = CARTESIAN_POINT('',(-28.3690366332,-25.87434540981,0.));
#4343 = CARTESIAN_POINT('',(-28.10754830907,-26.01582811882,0.));
#4344 = CARTESIAN_POINT('',(-27.8451473489,-26.13422616795,0.));
#4345 = CARTESIAN_POINT('',(-27.59564185141,-26.25177659803,0.));
#4346 = CARTESIAN_POINT('',(-27.33005711016,-26.29083420329,0.));
#4347 = CARTESIAN_POINT('',(-27.17283615645,-26.50455020272,0.));
#4348 = CARTESIAN_POINT('',(-26.92762086523,-26.51916985997,0.));
#4349 = CARTESIAN_POINT('',(-26.70955315666,-26.57096535208,0.));
#4350 = CARTESIAN_POINT('',(-26.49615951893,-26.59792569658,0.));
#4351 = CARTESIAN_POINT('',(-26.29564416603,-26.61708236255,0.));
#4352 = CARTESIAN_POINT('',(-26.10529265602,-26.62621855939,0.));
#4353 = CARTESIAN_POINT('',(-25.92386337326,-26.62772151338,0.));
#4354 = CARTESIAN_POINT('',(-25.74816335056,-26.62259444508,0.));
#4355 = CARTESIAN_POINT('',(-25.57330222504,-26.61177152978,0.));
#4356 = CARTESIAN_POINT('',(-25.39170503806,-26.59563199055,0.));
#4357 = CARTESIAN_POINT('',(-25.1918720025,-26.57412891717,0.));
#4358 = CARTESIAN_POINT('',(-24.9562575201,-26.54685048257,0.));
#4359 = CARTESIAN_POINT('',(-24.6580627231,-26.51555108128,0.));
#4360 = CARTESIAN_POINT('',(-24.25667557891,-26.48156673839,0.));
#4361 = CARTESIAN_POINT('',(-23.67838264727,-26.49682421921,0.));
#4362 = CARTESIAN_POINT('',(-22.87888479523,-26.42746737746,0.));
#4363 = CARTESIAN_POINT('',(-21.88091648325,-26.7481196246,0.));
#4364 = CARTESIAN_POINT('',(-20.82652656854,-27.27493248945,0.));
#4365 = CARTESIAN_POINT('',(-19.96005616645,-28.07399376939,0.));
#4366 = CARTESIAN_POINT('',(-19.30635666658,-28.8934054969,0.));
#4367 = CARTESIAN_POINT('',(-19.08770059463,-29.66554324959,0.));
#4368 = CARTESIAN_POINT('',(-18.86836910255,-30.20084615644,0.));
#4369 = CARTESIAN_POINT('',(-18.75781117222,-30.58820066993,0.));
#4370 = CARTESIAN_POINT('',(-18.68133528851,-30.87811656927,0.));
#4371 = CARTESIAN_POINT('',(-18.62329102101,-31.10809300355,0.));
#4372 = CARTESIAN_POINT('',(-18.5725349729,-31.30256523253,0.));
#4373 = CARTESIAN_POINT('',(-18.52323045425,-31.47808471146,0.));
#4374 = CARTESIAN_POINT('',(-18.47134344618,-31.6454205627,0.));
#4375 = CARTESIAN_POINT('',(-18.41383325161,-31.81152102124,0.));
#4376 = CARTESIAN_POINT('',(-18.3480922549,-31.98062739268,0.));
#4377 = CARTESIAN_POINT('',(-18.27205018675,-32.15536940632,0.));
#4378 = CARTESIAN_POINT('',(-18.18303466885,-32.33606147082,0.));
#4379 = CARTESIAN_POINT('',(-18.08215588204,-32.52602771826,0.));
#4380 = CARTESIAN_POINT('',(-17.95639838045,-32.71155763315,0.));
#4381 = CARTESIAN_POINT('',(-17.85577422282,-32.93565371149,0.));
#4382 = CARTESIAN_POINT('',(-17.60019497349,-33.00687311907,0.));
#4383 = CARTESIAN_POINT('',(-17.469497831,-33.24134914824,0.));
#4384 = CARTESIAN_POINT('',(-17.27111040079,-33.43295688405,0.));
#4385 = CARTESIAN_POINT('',(-17.06735763891,-33.63632151707,0.));
#4386 = CARTESIAN_POINT('',(-16.84234397028,-33.83064688736,0.));
#4387 = CARTESIAN_POINT('',(-16.60151143118,-34.01901987673,0.));
#4388 = CARTESIAN_POINT('',(-16.34467809006,-34.19787254853,0.));
#4389 = CARTESIAN_POINT('',(-16.07361559718,-34.36566097535,0.));
#4390 = CARTESIAN_POINT('',(-15.78989511709,-34.52049521297,0.));
#4391 = CARTESIAN_POINT('',(-15.49544890035,-34.66084995293,0.));
#4392 = CARTESIAN_POINT('',(-15.29354609137,-34.74382740735,0.));
#4393 = CARTESIAN_POINT('',(-15.19130179798,-34.78260422789,0.));
#4394 = SURFACE_OF_LINEAR_EXTRUSION('',#4395,#4455);
#4395 = B_SPLINE_CURVE_WITH_KNOTS('',3,(#4396,#4397,#4398,#4399,#4400,
    #4401,#4402,#4403,#4404,#4405,#4406,#4407,#4408,#4409,#4410,#4411,
    #4412,#4413,#4414,#4415,#4416,#4417,#4418,#4419,#4420,#4421,#4422,
    #4423,#4424,#4425,#4426,#4427,#4428,#4429,#4430,#4431,#4432,#4433,
    #4434,#4435,#4436,#4437,#4438,#4439,#4440,#4441,#4442,#4443,#4444,
    #4445,#4446,#4447,#4448,#4449,#4450,#4451,#4452,#4453,#4454),
  .UNSPECIFIED.,.F.,.F.,(4,1,1,1,1,1,1,1,1,1,1,1,1,1,1,1,1,1,1,1,1,1,1,1
    ,1,1,1,1,1,1,1,1,1,1,1,1,1,1,1,1,1,1,1,1,1,1,1,1,1,1,1,1,1,1,1,1,4),
  (0.,0.328013505293,0.654532141274,0.978073973054,1.297183287801,
    1.61044462083,1.916497973535,2.214055789897,2.501922432478,
    2.779017159017,3.044401987384,3.269623492035,3.510023310168,
    3.737105776354,3.950973242823,4.152195746167,4.341963344013,
    4.522306308509,4.696421126138,4.869164710127,5.047820617967,
    5.243309477393,5.472118985513,5.759336347265,6.143042595942,
    6.678887194379,7.495697516282,8.524531677202,9.766857061766,
    11.00918244633,12.03801660725,12.854826929153,13.39067152759,
    13.774377776267,14.061595138019,14.290404646139,14.485893505565,
    14.664549413405,14.837292997394,15.011407815023,15.191750779519,
    15.381518377365,15.582740880709,15.796608347178,16.023690813363,
    16.264090631496,16.489312136147,16.754696964515,17.031791691054,
    17.319658333634,17.617216149997,17.923269502701,18.236530835731,
    18.555640150478,18.879181982258,19.205700618239,19.533714123532),
  .UNSPECIFIED.);
#4396 = CARTESIAN_POINT('',(-29.84459983196,-24.66816288655,0.));
#4397 = CARTESIAN_POINT('',(-29.77208654881,-24.75001251152,0.));
#4398 = CARTESIAN_POINT('',(-29.62290555837,-24.90937070652,0.));
#4399 = CARTESIAN_POINT('',(-29.38725952935,-25.13491222505,0.));
#4400 = CARTESIAN_POINT('',(-29.14187833346,-25.34529050498,0.));
#4401 = CARTESIAN_POINT('',(-28.88887334437,-25.53923974247,0.));
#4402 = CARTESIAN_POINT('',(-28.63056883327,-25.71596105659,0.));
#4403 = CARTESIAN_POINT('',(-28.3690366332,-25.87434540981,0.));
#4404 = CARTESIAN_POINT('',(-28.10754830907,-26.01582811882,0.));
#4405 = CARTESIAN_POINT('',(-27.8451473489,-26.13422616795,0.));
#4406 = CARTESIAN_POINT('',(-27.59564185141,-26.25177659803,0.));
#4407 = CARTESIAN_POINT('',(-27.33005711016,-26.29083420329,0.));
#4408 = CARTESIAN_POINT('',(-27.17283615645,-26.50455020272,0.));
#4409 = CARTESIAN_POINT('',(-26.92762086523,-26.51916985997,0.));
#4410 = CARTESIAN_POINT('',(-26.70955315666,-26.57096535208,0.));
#4411 = CARTESIAN_POINT('',(-26.49615951893,-26.59792569658,0.));
#4412 = CARTESIAN_POINT('',(-26.29564416603,-26.61708236255,0.));
#4413 = CARTESIAN_POINT('',(-26.10529265602,-26.62621855939,0.));
#4414 = CARTESIAN_POINT('',(-25.92386337326,-26.62772151338,0.));
#4415 = CARTESIAN_POINT('',(-25.74816335056,-26.62259444508,0.));
#4416 = CARTESIAN_POINT('',(-25.57330222504,-26.61177152978,0.));
#4417 = CARTESIAN_POINT('',(-25.39170503806,-26.59563199055,0.));
#4418 = CARTESIAN_POINT('',(-25.1918720025,-26.57412891717,0.));
#4419 = CARTESIAN_POINT('',(-24.9562575201,-26.54685048257,0.));
#4420 = CARTESIAN_POINT('',(-24.6580627231,-26.51555108128,0.));
#4421 = CARTESIAN_POINT('',(-24.25667557891,-26.48156673839,0.));
#4422 = CARTESIAN_POINT('',(-23.67838264727,-26.49682421921,0.));
#4423 = CARTESIAN_POINT('',(-22.87888479523,-26.42746737746,0.));
#4424 = CARTESIAN_POINT('',(-21.88091648325,-26.7481196246,0.));
#4425 = CARTESIAN_POINT('',(-20.82652656854,-27.27493248945,0.));
#4426 = CARTESIAN_POINT('',(-19.96005616645,-28.07399376939,0.));
#4427 = CARTESIAN_POINT('',(-19.30635666658,-28.8934054969,0.));
#4428 = CARTESIAN_POINT('',(-19.08770059463,-29.66554324959,0.));
#4429 = CARTESIAN_POINT('',(-18.86836910255,-30.20084615644,0.));
#4430 = CARTESIAN_POINT('',(-18.75781117222,-30.58820066993,0.));
#4431 = CARTESIAN_POINT('',(-18.68133528851,-30.87811656927,0.));
#4432 = CARTESIAN_POINT('',(-18.62329102101,-31.10809300355,0.));
#4433 = CARTESIAN_POINT('',(-18.5725349729,-31.30256523253,0.));
#4434 = CARTESIAN_POINT('',(-18.52323045425,-31.47808471146,0.));
#4435 = CARTESIAN_POINT('',(-18.47134344618,-31.6454205627,0.));
#4436 = CARTESIAN_POINT('',(-18.41383325161,-31.81152102124,0.));
#4437 = CARTESIAN_POINT('',(-18.3480922549,-31.98062739268,0.));
#4438 = CARTESIAN_POINT('',(-18.27205018675,-32.15536940632,0.));
#4439 = CARTESIAN_POINT('',(-18.18303466885,-32.33606147082,0.));
#4440 = CARTESIAN_POINT('',(-18.08215588204,-32.52602771826,0.));
#4441 = CARTESIAN_POINT('',(-17.95639838045,-32.71155763315,0.));
#4442 = CARTESIAN_POINT('',(-17.85577422282,-32.93565371149,0.));
#4443 = CARTESIAN_POINT('',(-17.60019497349,-33.00687311907,0.));
#4444 = CARTESIAN_POINT('',(-17.469497831,-33.24134914824,0.));
#4445 = CARTESIAN_POINT('',(-17.27111040079,-33.43295688405,0.));
#4446 = CARTESIAN_POINT('',(-17.06735763891,-33.63632151707,0.));
#4447 = CARTESIAN_POINT('',(-16.84234397028,-33.83064688736,0.));
#4448 = CARTESIAN_POINT('',(-16.60151143118,-34.01901987673,0.));
#4449 = CARTESIAN_POINT('',(-16.34467809006,-34.19787254853,0.));
#4450 = CARTESIAN_POINT('',(-16.07361559718,-34.36566097535,0.));
#4451 = CARTESIAN_POINT('',(-15.78989511709,-34.52049521297,0.));
#4452 = CARTESIAN_POINT('',(-15.49544890035,-34.66084995293,0.));
#4453 = CARTESIAN_POINT('',(-15.29354609137,-34.74382740735,0.));
#4454 = CARTESIAN_POINT('',(-15.19130179798,-34.78260422789,0.));
#4455 = VECTOR('',#4456,1.);
#4456 = DIRECTION('',(-0.,-0.,-1.));
#4457 = ADVANCED_FACE('',(#4458),#4595,.F.);
#4458 = FACE_BOUND('',#4459,.F.);
#4459 = EDGE_LOOP('',(#4460,#4461,#4525,#4533));
#4460 = ORIENTED_EDGE('',*,*,#4325,.T.);
#4461 = ORIENTED_EDGE('',*,*,#4462,.T.);
#4462 = EDGE_CURVE('',#4262,#4463,#4465,.T.);
#4463 = VERTEX_POINT('',#4464);
#4464 = CARTESIAN_POINT('',(2.483964505498,-36.92877011644,5.));
#4465 = B_SPLINE_CURVE_WITH_KNOTS('',3,(#4466,#4467,#4468,#4469,#4470,
    #4471,#4472,#4473,#4474,#4475,#4476,#4477,#4478,#4479,#4480,#4481,
    #4482,#4483,#4484,#4485,#4486,#4487,#4488,#4489,#4490,#4491,#4492,
    #4493,#4494,#4495,#4496,#4497,#4498,#4499,#4500,#4501,#4502,#4503,
    #4504,#4505,#4506,#4507,#4508,#4509,#4510,#4511,#4512,#4513,#4514,
    #4515,#4516,#4517,#4518,#4519,#4520,#4521,#4522,#4523,#4524),
  .UNSPECIFIED.,.F.,.F.,(4,1,1,1,1,1,1,1,1,1,1,1,1,1,1,1,1,1,1,1,1,1,1,1
    ,1,1,1,1,1,1,1,1,1,1,1,1,1,1,1,1,1,1,1,1,1,1,1,1,1,1,1,1,1,1,1,1,4),
  (0.,0.328013505293,0.654532141274,0.978073973054,1.297183287801,
    1.61044462083,1.916497973535,2.214055789897,2.501922432478,
    2.779017159017,3.044401987384,3.269623492035,3.510023310168,
    3.737105776354,3.950973242823,4.152195746167,4.341963344013,
    4.522306308509,4.696421126138,4.869164710127,5.047820617967,
    5.243309477393,5.472118985513,5.759336347265,6.143042595942,
    6.678887194379,7.495697516282,8.524531677202,9.766857061766,
    11.00918244633,12.03801660725,12.854826929153,13.39067152759,
    13.774377776267,14.061595138019,14.290404646139,14.485893505565,
    14.664549413405,14.837292997394,15.011407815023,15.191750779519,
    15.381518377365,15.582740880709,15.796608347178,16.023690813363,
    16.264090631496,16.489312136147,16.754696964515,17.031791691054,
    17.319658333634,17.617216149997,17.923269502701,18.236530835731,
    18.555640150478,18.879181982258,19.205700618239,19.533714123532),
  .UNSPECIFIED.);
#4466 = CARTESIAN_POINT('',(-15.19130179798,-34.78260422789,5.));
#4467 = CARTESIAN_POINT('',(-15.08905705712,-34.82137986856,5.));
#4468 = CARTESIAN_POINT('',(-14.88290640436,-34.89315667947,5.));
#4469 = CARTESIAN_POINT('',(-14.56943783812,-34.983353606,5.));
#4470 = CARTESIAN_POINT('',(-14.25439591806,-35.05559999391,5.));
#4471 = CARTESIAN_POINT('',(-13.94023842109,-35.10975623386,5.));
#4472 = CARTESIAN_POINT('',(-13.62939464561,-35.14619509455,5.));
#4473 = CARTESIAN_POINT('',(-13.32421450413,-35.16489740087,5.));
#4474 = CARTESIAN_POINT('',(-13.02692779857,-35.16865443464,5.));
#4475 = CARTESIAN_POINT('',(-12.7395609703,-35.15154689411,5.));
#4476 = CARTESIAN_POINT('',(-12.46400641537,-35.13968164451,5.));
#4477 = CARTESIAN_POINT('',(-12.2106918317,-35.05084205304,5.));
#4478 = CARTESIAN_POINT('',(-11.9721608137,-35.16701395219,5.));
#4479 = CARTESIAN_POINT('',(-11.74823936302,-35.06600178783,5.));
#4480 = CARTESIAN_POINT('',(-11.53107943108,-35.01052330117,5.));
#4481 = CARTESIAN_POINT('',(-11.3295996519,-34.93522653244,5.));
#4482 = CARTESIAN_POINT('',(-11.14314957786,-34.85900478691,5.));
#4483 = CARTESIAN_POINT('',(-10.97035588395,-34.77863372992,5.));
#4484 = CARTESIAN_POINT('',(-10.80900977476,-34.6956501378,5.));
#4485 = CARTESIAN_POINT('',(-10.6558177984,-34.60945847241,5.));
#4486 = CARTESIAN_POINT('',(-10.50601562068,-34.51861323992,5.));
#4487 = CARTESIAN_POINT('',(-10.35271971509,-34.41992996689,5.));
#4488 = CARTESIAN_POINT('',(-10.18576932611,-34.30802289883,5.));
#4489 = CARTESIAN_POINT('',(-9.98981998359,-34.1743735349,5.));
#4490 = CARTESIAN_POINT('',(-9.740327160818,-34.00808125948,5.));
#4491 = CARTESIAN_POINT('',(-9.400709807003,-33.79145571143,5.));
#4492 = CARTESIAN_POINT('',(-8.881566341212,-33.53621941419,5.));
#4493 = CARTESIAN_POINT('',(-8.205877882117,-33.10326180291,5.));
#4494 = CARTESIAN_POINT('',(-7.173206297452,-32.92340626773,5.));
#4495 = CARTESIAN_POINT('',(-5.99476824846,-32.89987646757,5.));
#4496 = CARTESIAN_POINT('',(-4.856204517204,-33.20474121902,5.));
#4497 = CARTESIAN_POINT('',(-3.896582738862,-33.62650496549,5.));
#4498 = CARTESIAN_POINT('',(-3.344142096728,-34.2085844479,5.));
#4499 = CARTESIAN_POINT('',(-2.901166040571,-34.58064320559,5.));
#4500 = CARTESIAN_POINT('',(-2.623259236762,-34.87224976155,5.));
#4501 = CARTESIAN_POINT('',(-2.420812568344,-35.09341742628,5.));
#4502 = CARTESIAN_POINT('',(-2.2625415439,-35.27007692967,5.));
#4503 = CARTESIAN_POINT('',(-2.127223544134,-35.41868602496,5.));
#4504 = CARTESIAN_POINT('',(-2.001998591999,-35.5511878529,5.));
#4505 = CARTESIAN_POINT('',(-1.87829008047,-35.67524329571,5.));
#4506 = CARTESIAN_POINT('',(-1.750176600185,-35.79559162754,5.));
#4507 = CARTESIAN_POINT('',(-1.613378189163,-35.91477651858,5.));
#4508 = CARTESIAN_POINT('',(-1.46483961885,-36.03416437638,5.));
#4509 = CARTESIAN_POINT('',(-1.302048502772,-36.15279167983,5.));
#4510 = CARTESIAN_POINT('',(-1.124443056031,-36.2741177285,5.));
#4511 = CARTESIAN_POINT('',(-0.926870267919,-36.37995388453,5.));
#4512 = CARTESIAN_POINT('',(-0.733629360855,-36.5316187297,5.));
#4513 = CARTESIAN_POINT('',(-0.474227865507,-36.47590678383,5.));
#4514 = CARTESIAN_POINT('',(-0.24953484911,-36.6227870061,5.));
#4515 = CARTESIAN_POINT('',(1.517305116215E-02,-36.70025199447,5.));
#4516 = CARTESIAN_POINT('',(0.290095419251,-36.78563380437,5.));
#4517 = CARTESIAN_POINT('',(0.579642630478,-36.85313130859,5.));
#4518 = CARTESIAN_POINT('',(0.880430546548,-36.9080068456,5.));
#4519 = CARTESIAN_POINT('',(1.190962156999,-36.94701661658,5.));
#4520 = CARTESIAN_POINT('',(1.508951244598,-36.96961686863,5.));
#4521 = CARTESIAN_POINT('',(1.832128311342,-36.97486429582,5.));
#4522 = CARTESIAN_POINT('',(2.158073588144,-36.96230626621,5.));
#4523 = CARTESIAN_POINT('',(2.375411192784,-36.94195023938,5.));
#4524 = CARTESIAN_POINT('',(2.483964505498,-36.92877011644,5.));
#4525 = ORIENTED_EDGE('',*,*,#4526,.F.);
#4526 = EDGE_CURVE('',#4527,#4463,#4529,.T.);
#4527 = VERTEX_POINT('',#4528);
#4528 = CARTESIAN_POINT('',(2.483964505498,-36.92877011644,0.));
#4529 = LINE('',#4530,#4531);
#4530 = CARTESIAN_POINT('',(2.483964505498,-36.92877011644,0.));
#4531 = VECTOR('',#4532,1.);
#4532 = DIRECTION('',(0.,0.,1.));
#4533 = ORIENTED_EDGE('',*,*,#4534,.F.);
#4534 = EDGE_CURVE('',#4326,#4527,#4535,.T.);
#4535 = B_SPLINE_CURVE_WITH_KNOTS('',3,(#4536,#4537,#4538,#4539,#4540,
    #4541,#4542,#4543,#4544,#4545,#4546,#4547,#4548,#4549,#4550,#4551,
    #4552,#4553,#4554,#4555,#4556,#4557,#4558,#4559,#4560,#4561,#4562,
    #4563,#4564,#4565,#4566,#4567,#4568,#4569,#4570,#4571,#4572,#4573,
    #4574,#4575,#4576,#4577,#4578,#4579,#4580,#4581,#4582,#4583,#4584,
    #4585,#4586,#4587,#4588,#4589,#4590,#4591,#4592,#4593,#4594),
  .UNSPECIFIED.,.F.,.F.,(4,1,1,1,1,1,1,1,1,1,1,1,1,1,1,1,1,1,1,1,1,1,1,1
    ,1,1,1,1,1,1,1,1,1,1,1,1,1,1,1,1,1,1,1,1,1,1,1,1,1,1,1,1,1,1,1,1,4),
  (0.,0.328013505293,0.654532141274,0.978073973054,1.297183287801,
    1.61044462083,1.916497973535,2.214055789897,2.501922432478,
    2.779017159017,3.044401987384,3.269623492035,3.510023310168,
    3.737105776354,3.950973242823,4.152195746167,4.341963344013,
    4.522306308509,4.696421126138,4.869164710127,5.047820617967,
    5.243309477393,5.472118985513,5.759336347265,6.143042595942,
    6.678887194379,7.495697516282,8.524531677202,9.766857061766,
    11.00918244633,12.03801660725,12.854826929153,13.39067152759,
    13.774377776267,14.061595138019,14.290404646139,14.485893505565,
    14.664549413405,14.837292997394,15.011407815023,15.191750779519,
    15.381518377365,15.582740880709,15.796608347178,16.023690813363,
    16.264090631496,16.489312136147,16.754696964515,17.031791691054,
    17.319658333634,17.617216149997,17.923269502701,18.236530835731,
    18.555640150478,18.879181982258,19.205700618239,19.533714123532),
  .UNSPECIFIED.);
#4536 = CARTESIAN_POINT('',(-15.19130179798,-34.78260422789,0.));
#4537 = CARTESIAN_POINT('',(-15.08905705712,-34.82137986856,0.));
#4538 = CARTESIAN_POINT('',(-14.88290640436,-34.89315667947,0.));
#4539 = CARTESIAN_POINT('',(-14.56943783812,-34.983353606,0.));
#4540 = CARTESIAN_POINT('',(-14.25439591806,-35.05559999391,0.));
#4541 = CARTESIAN_POINT('',(-13.94023842109,-35.10975623386,0.));
#4542 = CARTESIAN_POINT('',(-13.62939464561,-35.14619509455,0.));
#4543 = CARTESIAN_POINT('',(-13.32421450413,-35.16489740087,0.));
#4544 = CARTESIAN_POINT('',(-13.02692779857,-35.16865443464,0.));
#4545 = CARTESIAN_POINT('',(-12.7395609703,-35.15154689411,0.));
#4546 = CARTESIAN_POINT('',(-12.46400641537,-35.13968164451,0.));
#4547 = CARTESIAN_POINT('',(-12.2106918317,-35.05084205304,0.));
#4548 = CARTESIAN_POINT('',(-11.9721608137,-35.16701395219,0.));
#4549 = CARTESIAN_POINT('',(-11.74823936302,-35.06600178783,0.));
#4550 = CARTESIAN_POINT('',(-11.53107943108,-35.01052330117,0.));
#4551 = CARTESIAN_POINT('',(-11.3295996519,-34.93522653244,0.));
#4552 = CARTESIAN_POINT('',(-11.14314957786,-34.85900478691,0.));
#4553 = CARTESIAN_POINT('',(-10.97035588395,-34.77863372992,0.));
#4554 = CARTESIAN_POINT('',(-10.80900977476,-34.6956501378,0.));
#4555 = CARTESIAN_POINT('',(-10.6558177984,-34.60945847241,0.));
#4556 = CARTESIAN_POINT('',(-10.50601562068,-34.51861323992,0.));
#4557 = CARTESIAN_POINT('',(-10.35271971509,-34.41992996689,0.));
#4558 = CARTESIAN_POINT('',(-10.18576932611,-34.30802289883,0.));
#4559 = CARTESIAN_POINT('',(-9.98981998359,-34.1743735349,0.));
#4560 = CARTESIAN_POINT('',(-9.740327160818,-34.00808125948,0.));
#4561 = CARTESIAN_POINT('',(-9.400709807003,-33.79145571143,0.));
#4562 = CARTESIAN_POINT('',(-8.881566341212,-33.53621941419,0.));
#4563 = CARTESIAN_POINT('',(-8.205877882117,-33.10326180291,0.));
#4564 = CARTESIAN_POINT('',(-7.173206297452,-32.92340626773,0.));
#4565 = CARTESIAN_POINT('',(-5.99476824846,-32.89987646757,0.));
#4566 = CARTESIAN_POINT('',(-4.856204517204,-33.20474121902,0.));
#4567 = CARTESIAN_POINT('',(-3.896582738862,-33.62650496549,0.));
#4568 = CARTESIAN_POINT('',(-3.344142096728,-34.2085844479,0.));
#4569 = CARTESIAN_POINT('',(-2.901166040571,-34.58064320559,0.));
#4570 = CARTESIAN_POINT('',(-2.623259236762,-34.87224976155,0.));
#4571 = CARTESIAN_POINT('',(-2.420812568344,-35.09341742628,0.));
#4572 = CARTESIAN_POINT('',(-2.2625415439,-35.27007692967,0.));
#4573 = CARTESIAN_POINT('',(-2.127223544134,-35.41868602496,0.));
#4574 = CARTESIAN_POINT('',(-2.001998591999,-35.5511878529,0.));
#4575 = CARTESIAN_POINT('',(-1.87829008047,-35.67524329571,0.));
#4576 = CARTESIAN_POINT('',(-1.750176600185,-35.79559162754,0.));
#4577 = CARTESIAN_POINT('',(-1.613378189163,-35.91477651858,0.));
#4578 = CARTESIAN_POINT('',(-1.46483961885,-36.03416437638,0.));
#4579 = CARTESIAN_POINT('',(-1.302048502772,-36.15279167983,0.));
#4580 = CARTESIAN_POINT('',(-1.124443056031,-36.2741177285,0.));
#4581 = CARTESIAN_POINT('',(-0.926870267919,-36.37995388453,0.));
#4582 = CARTESIAN_POINT('',(-0.733629360855,-36.5316187297,0.));
#4583 = CARTESIAN_POINT('',(-0.474227865507,-36.47590678383,0.));
#4584 = CARTESIAN_POINT('',(-0.24953484911,-36.6227870061,0.));
#4585 = CARTESIAN_POINT('',(1.517305116215E-02,-36.70025199447,0.));
#4586 = CARTESIAN_POINT('',(0.290095419251,-36.78563380437,0.));
#4587 = CARTESIAN_POINT('',(0.579642630478,-36.85313130859,0.));
#4588 = CARTESIAN_POINT('',(0.880430546548,-36.9080068456,0.));
#4589 = CARTESIAN_POINT('',(1.190962156999,-36.94701661658,0.));
#4590 = CARTESIAN_POINT('',(1.508951244598,-36.96961686863,0.));
#4591 = CARTESIAN_POINT('',(1.832128311342,-36.97486429582,0.));
#4592 = CARTESIAN_POINT('',(2.158073588144,-36.96230626621,0.));
#4593 = CARTESIAN_POINT('',(2.375411192784,-36.94195023938,0.));
#4594 = CARTESIAN_POINT('',(2.483964505498,-36.92877011644,0.));
#4595 = SURFACE_OF_LINEAR_EXTRUSION('',#4596,#4656);
#4596 = B_SPLINE_CURVE_WITH_KNOTS('',3,(#4597,#4598,#4599,#4600,#4601,
    #4602,#4603,#4604,#4605,#4606,#4607,#4608,#4609,#4610,#4611,#4612,
    #4613,#4614,#4615,#4616,#4617,#4618,#4619,#4620,#4621,#4622,#4623,
    #4624,#4625,#4626,#4627,#4628,#4629,#4630,#4631,#4632,#4633,#4634,
    #4635,#4636,#4637,#4638,#4639,#4640,#4641,#4642,#4643,#4644,#4645,
    #4646,#4647,#4648,#4649,#4650,#4651,#4652,#4653,#4654,#4655),
  .UNSPECIFIED.,.F.,.F.,(4,1,1,1,1,1,1,1,1,1,1,1,1,1,1,1,1,1,1,1,1,1,1,1
    ,1,1,1,1,1,1,1,1,1,1,1,1,1,1,1,1,1,1,1,1,1,1,1,1,1,1,1,1,1,1,1,1,4),
  (0.,0.328013505293,0.654532141274,0.978073973054,1.297183287801,
    1.61044462083,1.916497973535,2.214055789897,2.501922432478,
    2.779017159017,3.044401987384,3.269623492035,3.510023310168,
    3.737105776354,3.950973242823,4.152195746167,4.341963344013,
    4.522306308509,4.696421126138,4.869164710127,5.047820617967,
    5.243309477393,5.472118985513,5.759336347265,6.143042595942,
    6.678887194379,7.495697516282,8.524531677202,9.766857061766,
    11.00918244633,12.03801660725,12.854826929153,13.39067152759,
    13.774377776267,14.061595138019,14.290404646139,14.485893505565,
    14.664549413405,14.837292997394,15.011407815023,15.191750779519,
    15.381518377365,15.582740880709,15.796608347178,16.023690813363,
    16.264090631496,16.489312136147,16.754696964515,17.031791691054,
    17.319658333634,17.617216149997,17.923269502701,18.236530835731,
    18.555640150478,18.879181982258,19.205700618239,19.533714123532),
  .UNSPECIFIED.);
#4597 = CARTESIAN_POINT('',(-15.19130179798,-34.78260422789,0.));
#4598 = CARTESIAN_POINT('',(-15.08905705712,-34.82137986856,0.));
#4599 = CARTESIAN_POINT('',(-14.88290640436,-34.89315667947,0.));
#4600 = CARTESIAN_POINT('',(-14.56943783812,-34.983353606,0.));
#4601 = CARTESIAN_POINT('',(-14.25439591806,-35.05559999391,0.));
#4602 = CARTESIAN_POINT('',(-13.94023842109,-35.10975623386,0.));
#4603 = CARTESIAN_POINT('',(-13.62939464561,-35.14619509455,0.));
#4604 = CARTESIAN_POINT('',(-13.32421450413,-35.16489740087,0.));
#4605 = CARTESIAN_POINT('',(-13.02692779857,-35.16865443464,0.));
#4606 = CARTESIAN_POINT('',(-12.7395609703,-35.15154689411,0.));
#4607 = CARTESIAN_POINT('',(-12.46400641537,-35.13968164451,0.));
#4608 = CARTESIAN_POINT('',(-12.2106918317,-35.05084205304,0.));
#4609 = CARTESIAN_POINT('',(-11.9721608137,-35.16701395219,0.));
#4610 = CARTESIAN_POINT('',(-11.74823936302,-35.06600178783,0.));
#4611 = CARTESIAN_POINT('',(-11.53107943108,-35.01052330117,0.));
#4612 = CARTESIAN_POINT('',(-11.3295996519,-34.93522653244,0.));
#4613 = CARTESIAN_POINT('',(-11.14314957786,-34.85900478691,0.));
#4614 = CARTESIAN_POINT('',(-10.97035588395,-34.77863372992,0.));
#4615 = CARTESIAN_POINT('',(-10.80900977476,-34.6956501378,0.));
#4616 = CARTESIAN_POINT('',(-10.6558177984,-34.60945847241,0.));
#4617 = CARTESIAN_POINT('',(-10.50601562068,-34.51861323992,0.));
#4618 = CARTESIAN_POINT('',(-10.35271971509,-34.41992996689,0.));
#4619 = CARTESIAN_POINT('',(-10.18576932611,-34.30802289883,0.));
#4620 = CARTESIAN_POINT('',(-9.98981998359,-34.1743735349,0.));
#4621 = CARTESIAN_POINT('',(-9.740327160818,-34.00808125948,0.));
#4622 = CARTESIAN_POINT('',(-9.400709807003,-33.79145571143,0.));
#4623 = CARTESIAN_POINT('',(-8.881566341212,-33.53621941419,0.));
#4624 = CARTESIAN_POINT('',(-8.205877882117,-33.10326180291,0.));
#4625 = CARTESIAN_POINT('',(-7.173206297452,-32.92340626773,0.));
#4626 = CARTESIAN_POINT('',(-5.99476824846,-32.89987646757,0.));
#4627 = CARTESIAN_POINT('',(-4.856204517204,-33.20474121902,0.));
#4628 = CARTESIAN_POINT('',(-3.896582738862,-33.62650496549,0.));
#4629 = CARTESIAN_POINT('',(-3.344142096728,-34.2085844479,0.));
#4630 = CARTESIAN_POINT('',(-2.901166040571,-34.58064320559,0.));
#4631 = CARTESIAN_POINT('',(-2.623259236762,-34.87224976155,0.));
#4632 = CARTESIAN_POINT('',(-2.420812568344,-35.09341742628,0.));
#4633 = CARTESIAN_POINT('',(-2.2625415439,-35.27007692967,0.));
#4634 = CARTESIAN_POINT('',(-2.127223544134,-35.41868602496,0.));
#4635 = CARTESIAN_POINT('',(-2.001998591999,-35.5511878529,0.));
#4636 = CARTESIAN_POINT('',(-1.87829008047,-35.67524329571,0.));
#4637 = CARTESIAN_POINT('',(-1.750176600185,-35.79559162754,0.));
#4638 = CARTESIAN_POINT('',(-1.613378189163,-35.91477651858,0.));
#4639 = CARTESIAN_POINT('',(-1.46483961885,-36.03416437638,0.));
#4640 = CARTESIAN_POINT('',(-1.302048502772,-36.15279167983,0.));
#4641 = CARTESIAN_POINT('',(-1.124443056031,-36.2741177285,0.));
#4642 = CARTESIAN_POINT('',(-0.926870267919,-36.37995388453,0.));
#4643 = CARTESIAN_POINT('',(-0.733629360855,-36.5316187297,0.));
#4644 = CARTESIAN_POINT('',(-0.474227865507,-36.47590678383,0.));
#4645 = CARTESIAN_POINT('',(-0.24953484911,-36.6227870061,0.));
#4646 = CARTESIAN_POINT('',(1.517305116215E-02,-36.70025199447,0.));
#4647 = CARTESIAN_POINT('',(0.290095419251,-36.78563380437,0.));
#4648 = CARTESIAN_POINT('',(0.579642630478,-36.85313130859,0.));
#4649 = CARTESIAN_POINT('',(0.880430546548,-36.9080068456,0.));
#4650 = CARTESIAN_POINT('',(1.190962156999,-36.94701661658,0.));
#4651 = CARTESIAN_POINT('',(1.508951244598,-36.96961686863,0.));
#4652 = CARTESIAN_POINT('',(1.832128311342,-36.97486429582,0.));
#4653 = CARTESIAN_POINT('',(2.158073588144,-36.96230626621,0.));
#4654 = CARTESIAN_POINT('',(2.375411192784,-36.94195023938,0.));
#4655 = CARTESIAN_POINT('',(2.483964505498,-36.92877011644,0.));
#4656 = VECTOR('',#4657,1.);
#4657 = DIRECTION('',(-0.,-0.,-1.));
#4658 = ADVANCED_FACE('',(#4659),#4796,.F.);
#4659 = FACE_BOUND('',#4660,.F.);
#4660 = EDGE_LOOP('',(#4661,#4662,#4726,#4734));
#4661 = ORIENTED_EDGE('',*,*,#4526,.T.);
#4662 = ORIENTED_EDGE('',*,*,#4663,.T.);
#4663 = EDGE_CURVE('',#4463,#4664,#4666,.T.);
#4664 = VERTEX_POINT('',#4665);
#4665 = CARTESIAN_POINT('',(19.132008578399,-30.61499981124,5.));
#4666 = B_SPLINE_CURVE_WITH_KNOTS('',3,(#4667,#4668,#4669,#4670,#4671,
    #4672,#4673,#4674,#4675,#4676,#4677,#4678,#4679,#4680,#4681,#4682,
    #4683,#4684,#4685,#4686,#4687,#4688,#4689,#4690,#4691,#4692,#4693,
    #4694,#4695,#4696,#4697,#4698,#4699,#4700,#4701,#4702,#4703,#4704,
    #4705,#4706,#4707,#4708,#4709,#4710,#4711,#4712,#4713,#4714,#4715,
    #4716,#4717,#4718,#4719,#4720,#4721,#4722,#4723,#4724,#4725),
  .UNSPECIFIED.,.F.,.F.,(4,1,1,1,1,1,1,1,1,1,1,1,1,1,1,1,1,1,1,1,1,1,1,1
    ,1,1,1,1,1,1,1,1,1,1,1,1,1,1,1,1,1,1,1,1,1,1,1,1,1,1,1,1,1,1,1,1,4),
  (0.,0.328013505293,0.654532141274,0.978073973054,1.297183287801,
    1.61044462083,1.916497973535,2.214055789897,2.501922432478,
    2.779017159017,3.044401987384,3.269623492035,3.510023310168,
    3.737105776354,3.950973242823,4.152195746167,4.341963344013,
    4.522306308509,4.696421126138,4.869164710127,5.047820617967,
    5.243309477393,5.472118985513,5.759336347265,6.143042595942,
    6.678887194379,7.495697516282,8.524531677202,9.766857061766,
    11.00918244633,12.03801660725,12.854826929153,13.39067152759,
    13.774377776267,14.061595138019,14.290404646139,14.485893505565,
    14.664549413405,14.837292997394,15.011407815023,15.191750779519,
    15.381518377365,15.582740880709,15.796608347178,16.023690813363,
    16.264090631496,16.489312136147,16.754696964515,17.031791691054,
    17.319658333634,17.617216149997,17.923269502701,18.236530835731,
    18.555640150478,18.879181982258,19.205700618239,19.533714123532),
  .UNSPECIFIED.);
#4667 = CARTESIAN_POINT('',(2.483964505498,-36.92877011644,5.));
#4668 = CARTESIAN_POINT('',(2.592517666109,-36.91558874082,5.));
#4669 = CARTESIAN_POINT('',(2.808411351036,-36.88334096528,5.));
#4670 = CARTESIAN_POINT('',(3.127890583674,-36.81753027093,5.));
#4671 = CARTESIAN_POINT('',(3.440420920683,-36.73509399002,5.));
#4672 = CARTESIAN_POINT('',(3.743761228987,-36.63705069049,5.));
#4673 = CARTESIAN_POINT('',(4.03593370595,-36.52485939392,5.));
#4674 = CARTESIAN_POINT('',(4.314848696247,-36.39959518034,5.));
#4675 = CARTESIAN_POINT('',(4.579828981685,-36.26476584772,5.));
#4676 = CARTESIAN_POINT('',(4.826329400855,-36.1160718489,5.));
#4677 = CARTESIAN_POINT('',(5.064806785481,-35.9775091053,5.));
#4678 = CARTESIAN_POINT('',(5.247819893223,-35.78112439687,5.));
#4679 = CARTESIAN_POINT('',(5.513016393893,-35.77313861367,5.));
#4680 = CARTESIAN_POINT('',(5.664346298229,-35.57963529722,5.));
#4681 = CARTESIAN_POINT('',(5.830849730205,-35.42959228451,5.));
#4682 = CARTESIAN_POINT('',(5.974259061516,-35.26928798484,5.));
#4683 = CARTESIAN_POINT('',(6.103930391693,-35.11514931114,5.));
#4684 = CARTESIAN_POINT('',(6.219581316615,-34.96368304089,5.));
#4685 = CARTESIAN_POINT('',(6.323881803059,-34.81522344356,5.));
#4686 = CARTESIAN_POINT('',(6.419471297467,-34.66771265289,5.));
#4687 = CARTESIAN_POINT('',(6.509896653777,-34.51765665117,5.));
#4688 = CARTESIAN_POINT('',(6.599773033416,-34.35903679294,5.));
#4689 = CARTESIAN_POINT('',(6.695594453682,-34.18236229086,5.));
#4690 = CARTESIAN_POINT('',(6.806989023396,-33.97295945623,5.));
#4691 = CARTESIAN_POINT('',(6.950624072957,-33.70976986294,5.));
#4692 = CARTESIAN_POINT('',(7.150669393473,-33.36012941217,5.));
#4693 = CARTESIAN_POINT('',(7.491733881763,-32.89287089664,5.));
#4694 = CARTESIAN_POINT('',(7.888820864856,-32.19549788685,5.));
#4695 = CARTESIAN_POINT('',(8.719623107201,-31.55633730498,5.));
#4696 = CARTESIAN_POINT('',(9.752143335173,-30.98785523346,5.));
#4697 = CARTESIAN_POINT('',(10.901969165939,-30.72868261587,5.));
#4698 = CARTESIAN_POINT('',(11.947675438035,-30.6561773898,5.));
#4699 = CARTESIAN_POINT('',(12.707343156876,-30.91485120733,5.));
#4700 = CARTESIAN_POINT('',(13.27248330108,-31.03843163827,5.));
#4701 = CARTESIAN_POINT('',(13.654073878756,-31.16748668896,5.));
#4702 = CARTESIAN_POINT('',(13.936113239891,-31.26923927246,5.));
#4703 = CARTESIAN_POINT('',(14.158353036953,-31.3521112817,5.));
#4704 = CARTESIAN_POINT('',(14.347233265384,-31.4208126905,5.));
#4705 = CARTESIAN_POINT('',(14.519691123596,-31.47994229549,5.));
#4706 = CARTESIAN_POINT('',(14.686881009446,-31.53229772296,5.));
#4707 = CARTESIAN_POINT('',(14.85624852105,-31.57932357561,5.));
#4708 = CARTESIAN_POINT('',(15.032765479016,-31.62128316405,5.));
#4709 = CARTESIAN_POINT('',(15.219772155118,-31.65796654656,5.));
#4710 = CARTESIAN_POINT('',(15.419045386526,-31.68735300337,5.));
#4711 = CARTESIAN_POINT('',(15.632690225722,-31.71224451765,5.));
#4712 = CARTESIAN_POINT('',(15.856816755607,-31.71414112694,5.));
#4713 = CARTESIAN_POINT('',(16.098405249104,-31.75863015067,5.));
#4714 = CARTESIAN_POINT('',(16.302203234018,-31.58874978675,5.));
#4715 = CARTESIAN_POINT('',(16.56941766211,-31.61438571329,5.));
#4716 = CARTESIAN_POINT('',(16.839804642563,-31.55996165894,5.));
#4717 = CARTESIAN_POINT('',(17.122915215505,-31.50780070203,5.));
#4718 = CARTESIAN_POINT('',(17.410664192665,-31.43300747541,5.));
#4719 = CARTESIAN_POINT('',(17.702500599017,-31.34181423584,5.));
#4720 = CARTESIAN_POINT('',(17.995591429161,-31.23204443759,5.));
#4721 = CARTESIAN_POINT('',(18.287659643685,-31.10427906948,5.));
#4722 = CARTESIAN_POINT('',(18.576257325799,-30.95873756392,5.));
#4723 = CARTESIAN_POINT('',(18.859031527821,-30.79614365798,5.));
#4724 = CARTESIAN_POINT('',(19.042014502093,-30.67711747034,5.));
#4725 = CARTESIAN_POINT('',(19.132008578399,-30.61499981124,5.));
#4726 = ORIENTED_EDGE('',*,*,#4727,.F.);
#4727 = EDGE_CURVE('',#4728,#4664,#4730,.T.);
#4728 = VERTEX_POINT('',#4729);
#4729 = CARTESIAN_POINT('',(19.132008578399,-30.61499981124,0.));
#4730 = LINE('',#4731,#4732);
#4731 = CARTESIAN_POINT('',(19.132008578399,-30.61499981124,0.));
#4732 = VECTOR('',#4733,1.);
#4733 = DIRECTION('',(0.,0.,1.));
#4734 = ORIENTED_EDGE('',*,*,#4735,.F.);
#4735 = EDGE_CURVE('',#4527,#4728,#4736,.T.);
#4736 = B_SPLINE_CURVE_WITH_KNOTS('',3,(#4737,#4738,#4739,#4740,#4741,
    #4742,#4743,#4744,#4745,#4746,#4747,#4748,#4749,#4750,#4751,#4752,
    #4753,#4754,#4755,#4756,#4757,#4758,#4759,#4760,#4761,#4762,#4763,
    #4764,#4765,#4766,#4767,#4768,#4769,#4770,#4771,#4772,#4773,#4774,
    #4775,#4776,#4777,#4778,#4779,#4780,#4781,#4782,#4783,#4784,#4785,
    #4786,#4787,#4788,#4789,#4790,#4791,#4792,#4793,#4794,#4795),
  .UNSPECIFIED.,.F.,.F.,(4,1,1,1,1,1,1,1,1,1,1,1,1,1,1,1,1,1,1,1,1,1,1,1
    ,1,1,1,1,1,1,1,1,1,1,1,1,1,1,1,1,1,1,1,1,1,1,1,1,1,1,1,1,1,1,1,1,4),
  (0.,0.328013505293,0.654532141274,0.978073973054,1.297183287801,
    1.61044462083,1.916497973535,2.214055789897,2.501922432478,
    2.779017159017,3.044401987384,3.269623492035,3.510023310168,
    3.737105776354,3.950973242823,4.152195746167,4.341963344013,
    4.522306308509,4.696421126138,4.869164710127,5.047820617967,
    5.243309477393,5.472118985513,5.759336347265,6.143042595942,
    6.678887194379,7.495697516282,8.524531677202,9.766857061766,
    11.00918244633,12.03801660725,12.854826929153,13.39067152759,
    13.774377776267,14.061595138019,14.290404646139,14.485893505565,
    14.664549413405,14.837292997394,15.011407815023,15.191750779519,
    15.381518377365,15.582740880709,15.796608347178,16.023690813363,
    16.264090631496,16.489312136147,16.754696964515,17.031791691054,
    17.319658333634,17.617216149997,17.923269502701,18.236530835731,
    18.555640150478,18.879181982258,19.205700618239,19.533714123532),
  .UNSPECIFIED.);
#4737 = CARTESIAN_POINT('',(2.483964505498,-36.92877011644,0.));
#4738 = CARTESIAN_POINT('',(2.592517666109,-36.91558874082,0.));
#4739 = CARTESIAN_POINT('',(2.808411351036,-36.88334096528,0.));
#4740 = CARTESIAN_POINT('',(3.127890583674,-36.81753027093,0.));
#4741 = CARTESIAN_POINT('',(3.440420920683,-36.73509399002,0.));
#4742 = CARTESIAN_POINT('',(3.743761228987,-36.63705069049,0.));
#4743 = CARTESIAN_POINT('',(4.03593370595,-36.52485939392,0.));
#4744 = CARTESIAN_POINT('',(4.314848696247,-36.39959518034,0.));
#4745 = CARTESIAN_POINT('',(4.579828981685,-36.26476584772,0.));
#4746 = CARTESIAN_POINT('',(4.826329400855,-36.1160718489,0.));
#4747 = CARTESIAN_POINT('',(5.064806785481,-35.9775091053,0.));
#4748 = CARTESIAN_POINT('',(5.247819893223,-35.78112439687,0.));
#4749 = CARTESIAN_POINT('',(5.513016393893,-35.77313861367,0.));
#4750 = CARTESIAN_POINT('',(5.664346298229,-35.57963529722,0.));
#4751 = CARTESIAN_POINT('',(5.830849730205,-35.42959228451,0.));
#4752 = CARTESIAN_POINT('',(5.974259061516,-35.26928798484,0.));
#4753 = CARTESIAN_POINT('',(6.103930391693,-35.11514931114,0.));
#4754 = CARTESIAN_POINT('',(6.219581316615,-34.96368304089,0.));
#4755 = CARTESIAN_POINT('',(6.323881803059,-34.81522344356,0.));
#4756 = CARTESIAN_POINT('',(6.419471297467,-34.66771265289,0.));
#4757 = CARTESIAN_POINT('',(6.509896653777,-34.51765665117,0.));
#4758 = CARTESIAN_POINT('',(6.599773033416,-34.35903679294,0.));
#4759 = CARTESIAN_POINT('',(6.695594453682,-34.18236229086,0.));
#4760 = CARTESIAN_POINT('',(6.806989023396,-33.97295945623,0.));
#4761 = CARTESIAN_POINT('',(6.950624072957,-33.70976986294,0.));
#4762 = CARTESIAN_POINT('',(7.150669393473,-33.36012941217,0.));
#4763 = CARTESIAN_POINT('',(7.491733881763,-32.89287089664,0.));
#4764 = CARTESIAN_POINT('',(7.888820864856,-32.19549788685,0.));
#4765 = CARTESIAN_POINT('',(8.719623107201,-31.55633730498,0.));
#4766 = CARTESIAN_POINT('',(9.752143335173,-30.98785523346,0.));
#4767 = CARTESIAN_POINT('',(10.901969165939,-30.72868261587,0.));
#4768 = CARTESIAN_POINT('',(11.947675438035,-30.6561773898,0.));
#4769 = CARTESIAN_POINT('',(12.707343156876,-30.91485120733,0.));
#4770 = CARTESIAN_POINT('',(13.27248330108,-31.03843163827,0.));
#4771 = CARTESIAN_POINT('',(13.654073878756,-31.16748668896,0.));
#4772 = CARTESIAN_POINT('',(13.936113239891,-31.26923927246,0.));
#4773 = CARTESIAN_POINT('',(14.158353036953,-31.3521112817,0.));
#4774 = CARTESIAN_POINT('',(14.347233265384,-31.4208126905,0.));
#4775 = CARTESIAN_POINT('',(14.519691123596,-31.47994229549,0.));
#4776 = CARTESIAN_POINT('',(14.686881009446,-31.53229772296,0.));
#4777 = CARTESIAN_POINT('',(14.85624852105,-31.57932357561,0.));
#4778 = CARTESIAN_POINT('',(15.032765479016,-31.62128316405,0.));
#4779 = CARTESIAN_POINT('',(15.219772155118,-31.65796654656,0.));
#4780 = CARTESIAN_POINT('',(15.419045386526,-31.68735300337,0.));
#4781 = CARTESIAN_POINT('',(15.632690225722,-31.71224451765,0.));
#4782 = CARTESIAN_POINT('',(15.856816755607,-31.71414112694,0.));
#4783 = CARTESIAN_POINT('',(16.098405249104,-31.75863015067,0.));
#4784 = CARTESIAN_POINT('',(16.302203234018,-31.58874978675,0.));
#4785 = CARTESIAN_POINT('',(16.56941766211,-31.61438571329,0.));
#4786 = CARTESIAN_POINT('',(16.839804642563,-31.55996165894,0.));
#4787 = CARTESIAN_POINT('',(17.122915215505,-31.50780070203,0.));
#4788 = CARTESIAN_POINT('',(17.410664192665,-31.43300747541,0.));
#4789 = CARTESIAN_POINT('',(17.702500599017,-31.34181423584,0.));
#4790 = CARTESIAN_POINT('',(17.995591429161,-31.23204443759,0.));
#4791 = CARTESIAN_POINT('',(18.287659643685,-31.10427906948,0.));
#4792 = CARTESIAN_POINT('',(18.576257325799,-30.95873756392,0.));
#4793 = CARTESIAN_POINT('',(18.859031527821,-30.79614365798,0.));
#4794 = CARTESIAN_POINT('',(19.042014502093,-30.67711747034,0.));
#4795 = CARTESIAN_POINT('',(19.132008578399,-30.61499981124,0.));
#4796 = SURFACE_OF_LINEAR_EXTRUSION('',#4797,#4857);
#4797 = B_SPLINE_CURVE_WITH_KNOTS('',3,(#4798,#4799,#4800,#4801,#4802,
    #4803,#4804,#4805,#4806,#4807,#4808,#4809,#4810,#4811,#4812,#4813,
    #4814,#4815,#4816,#4817,#4818,#4819,#4820,#4821,#4822,#4823,#4824,
    #4825,#4826,#4827,#4828,#4829,#4830,#4831,#4832,#4833,#4834,#4835,
    #4836,#4837,#4838,#4839,#4840,#4841,#4842,#4843,#4844,#4845,#4846,
    #4847,#4848,#4849,#4850,#4851,#4852,#4853,#4854,#4855,#4856),
  .UNSPECIFIED.,.F.,.F.,(4,1,1,1,1,1,1,1,1,1,1,1,1,1,1,1,1,1,1,1,1,1,1,1
    ,1,1,1,1,1,1,1,1,1,1,1,1,1,1,1,1,1,1,1,1,1,1,1,1,1,1,1,1,1,1,1,1,4),
  (0.,0.328013505293,0.654532141274,0.978073973054,1.297183287801,
    1.61044462083,1.916497973535,2.214055789897,2.501922432478,
    2.779017159017,3.044401987384,3.269623492035,3.510023310168,
    3.737105776354,3.950973242823,4.152195746167,4.341963344013,
    4.522306308509,4.696421126138,4.869164710127,5.047820617967,
    5.243309477393,5.472118985513,5.759336347265,6.143042595942,
    6.678887194379,7.495697516282,8.524531677202,9.766857061766,
    11.00918244633,12.03801660725,12.854826929153,13.39067152759,
    13.774377776267,14.061595138019,14.290404646139,14.485893505565,
    14.664549413405,14.837292997394,15.011407815023,15.191750779519,
    15.381518377365,15.582740880709,15.796608347178,16.023690813363,
    16.264090631496,16.489312136147,16.754696964515,17.031791691054,
    17.319658333634,17.617216149997,17.923269502701,18.236530835731,
    18.555640150478,18.879181982258,19.205700618239,19.533714123532),
  .UNSPECIFIED.);
#4798 = CARTESIAN_POINT('',(2.483964505498,-36.92877011644,0.));
#4799 = CARTESIAN_POINT('',(2.592517666109,-36.91558874082,0.));
#4800 = CARTESIAN_POINT('',(2.808411351036,-36.88334096528,0.));
#4801 = CARTESIAN_POINT('',(3.127890583674,-36.81753027093,0.));
#4802 = CARTESIAN_POINT('',(3.440420920683,-36.73509399002,0.));
#4803 = CARTESIAN_POINT('',(3.743761228987,-36.63705069049,0.));
#4804 = CARTESIAN_POINT('',(4.03593370595,-36.52485939392,0.));
#4805 = CARTESIAN_POINT('',(4.314848696247,-36.39959518034,0.));
#4806 = CARTESIAN_POINT('',(4.579828981685,-36.26476584772,0.));
#4807 = CARTESIAN_POINT('',(4.826329400855,-36.1160718489,0.));
#4808 = CARTESIAN_POINT('',(5.064806785481,-35.9775091053,0.));
#4809 = CARTESIAN_POINT('',(5.247819893223,-35.78112439687,0.));
#4810 = CARTESIAN_POINT('',(5.513016393893,-35.77313861367,0.));
#4811 = CARTESIAN_POINT('',(5.664346298229,-35.57963529722,0.));
#4812 = CARTESIAN_POINT('',(5.830849730205,-35.42959228451,0.));
#4813 = CARTESIAN_POINT('',(5.974259061516,-35.26928798484,0.));
#4814 = CARTESIAN_POINT('',(6.103930391693,-35.11514931114,0.));
#4815 = CARTESIAN_POINT('',(6.219581316615,-34.96368304089,0.));
#4816 = CARTESIAN_POINT('',(6.323881803059,-34.81522344356,0.));
#4817 = CARTESIAN_POINT('',(6.419471297467,-34.66771265289,0.));
#4818 = CARTESIAN_POINT('',(6.509896653777,-34.51765665117,0.));
#4819 = CARTESIAN_POINT('',(6.599773033416,-34.35903679294,0.));
#4820 = CARTESIAN_POINT('',(6.695594453682,-34.18236229086,0.));
#4821 = CARTESIAN_POINT('',(6.806989023396,-33.97295945623,0.));
#4822 = CARTESIAN_POINT('',(6.950624072957,-33.70976986294,0.));
#4823 = CARTESIAN_POINT('',(7.150669393473,-33.36012941217,0.));
#4824 = CARTESIAN_POINT('',(7.491733881763,-32.89287089664,0.));
#4825 = CARTESIAN_POINT('',(7.888820864856,-32.19549788685,0.));
#4826 = CARTESIAN_POINT('',(8.719623107201,-31.55633730498,0.));
#4827 = CARTESIAN_POINT('',(9.752143335173,-30.98785523346,0.));
#4828 = CARTESIAN_POINT('',(10.901969165939,-30.72868261587,0.));
#4829 = CARTESIAN_POINT('',(11.947675438035,-30.6561773898,0.));
#4830 = CARTESIAN_POINT('',(12.707343156876,-30.91485120733,0.));
#4831 = CARTESIAN_POINT('',(13.27248330108,-31.03843163827,0.));
#4832 = CARTESIAN_POINT('',(13.654073878756,-31.16748668896,0.));
#4833 = CARTESIAN_POINT('',(13.936113239891,-31.26923927246,0.));
#4834 = CARTESIAN_POINT('',(14.158353036953,-31.3521112817,0.));
#4835 = CARTESIAN_POINT('',(14.347233265384,-31.4208126905,0.));
#4836 = CARTESIAN_POINT('',(14.519691123596,-31.47994229549,0.));
#4837 = CARTESIAN_POINT('',(14.686881009446,-31.53229772296,0.));
#4838 = CARTESIAN_POINT('',(14.85624852105,-31.57932357561,0.));
#4839 = CARTESIAN_POINT('',(15.032765479016,-31.62128316405,0.));
#4840 = CARTESIAN_POINT('',(15.219772155118,-31.65796654656,0.));
#4841 = CARTESIAN_POINT('',(15.419045386526,-31.68735300337,0.));
#4842 = CARTESIAN_POINT('',(15.632690225722,-31.71224451765,0.));
#4843 = CARTESIAN_POINT('',(15.856816755607,-31.71414112694,0.));
#4844 = CARTESIAN_POINT('',(16.098405249104,-31.75863015067,0.));
#4845 = CARTESIAN_POINT('',(16.302203234018,-31.58874978675,0.));
#4846 = CARTESIAN_POINT('',(16.56941766211,-31.61438571329,0.));
#4847 = CARTESIAN_POINT('',(16.839804642563,-31.55996165894,0.));
#4848 = CARTESIAN_POINT('',(17.122915215505,-31.50780070203,0.));
#4849 = CARTESIAN_POINT('',(17.410664192665,-31.43300747541,0.));
#4850 = CARTESIAN_POINT('',(17.702500599017,-31.34181423584,0.));
#4851 = CARTESIAN_POINT('',(17.995591429161,-31.23204443759,0.));
#4852 = CARTESIAN_POINT('',(18.287659643685,-31.10427906948,0.));
#4853 = CARTESIAN_POINT('',(18.576257325799,-30.95873756392,0.));
#4854 = CARTESIAN_POINT('',(18.859031527821,-30.79614365798,0.));
#4855 = CARTESIAN_POINT('',(19.042014502093,-30.67711747034,0.));
#4856 = CARTESIAN_POINT('',(19.132008578399,-30.61499981124,0.));
#4857 = VECTOR('',#4858,1.);
#4858 = DIRECTION('',(-0.,-0.,-1.));
#4859 = ADVANCED_FACE('',(#4860),#4997,.F.);
#4860 = FACE_BOUND('',#4861,.F.);
#4861 = EDGE_LOOP('',(#4862,#4863,#4927,#4935));
#4862 = ORIENTED_EDGE('',*,*,#4727,.T.);
#4863 = ORIENTED_EDGE('',*,*,#4864,.T.);
#4864 = EDGE_CURVE('',#4664,#4865,#4867,.T.);
#4865 = VERTEX_POINT('',#4866);
#4866 = CARTESIAN_POINT('',(30.938964154299,-17.28770200002,5.));
#4867 = B_SPLINE_CURVE_WITH_KNOTS('',3,(#4868,#4869,#4870,#4871,#4872,
    #4873,#4874,#4875,#4876,#4877,#4878,#4879,#4880,#4881,#4882,#4883,
    #4884,#4885,#4886,#4887,#4888,#4889,#4890,#4891,#4892,#4893,#4894,
    #4895,#4896,#4897,#4898,#4899,#4900,#4901,#4902,#4903,#4904,#4905,
    #4906,#4907,#4908,#4909,#4910,#4911,#4912,#4913,#4914,#4915,#4916,
    #4917,#4918,#4919,#4920,#4921,#4922,#4923,#4924,#4925,#4926),
  .UNSPECIFIED.,.F.,.F.,(4,1,1,1,1,1,1,1,1,1,1,1,1,1,1,1,1,1,1,1,1,1,1,1
    ,1,1,1,1,1,1,1,1,1,1,1,1,1,1,1,1,1,1,1,1,1,1,1,1,1,1,1,1,1,1,1,1,4),
  (0.,0.328013505293,0.654532141274,0.978073973054,1.297183287801,
    1.61044462083,1.916497973535,2.214055789897,2.501922432478,
    2.779017159017,3.044401987384,3.269623492035,3.510023310168,
    3.737105776354,3.950973242823,4.152195746167,4.341963344013,
    4.522306308509,4.696421126138,4.869164710127,5.047820617967,
    5.243309477393,5.472118985513,5.759336347265,6.143042595942,
    6.678887194379,7.495697516282,8.524531677202,9.766857061766,
    11.00918244633,12.03801660725,12.854826929153,13.39067152759,
    13.774377776267,14.061595138019,14.290404646139,14.485893505565,
    14.664549413405,14.837292997394,15.011407815023,15.191750779519,
    15.381518377365,15.582740880709,15.796608347178,16.023690813363,
    16.264090631496,16.489312136147,16.754696964515,17.031791691054,
    17.319658333634,17.617216149997,17.923269502701,18.236530835731,
    18.555640150478,18.879181982258,19.205700618239,19.533714123532),
  .UNSPECIFIED.);
#4868 = CARTESIAN_POINT('',(19.132008578399,-30.61499981124,5.));
#4869 = CARTESIAN_POINT('',(19.222001937876,-30.55288111364,5.));
#4870 = CARTESIAN_POINT('',(19.398180013552,-30.42399632838,5.));
#4871 = CARTESIAN_POINT('',(19.650481070532,-30.21725445013,5.));
#4872 = CARTESIAN_POINT('',(19.888902890679,-29.99902065889,5.));
#4873 = CARTESIAN_POINT('',(20.111934401337,-29.77123835826,5.));
#4874 = CARTESIAN_POINT('',(20.318502386372,-29.5361185784,5.));
#4875 = CARTESIAN_POINT('',(20.5072561625,-29.29558436667,5.));
#4876 = CARTESIAN_POINT('',(20.679226237781,-29.05305644289,5.));
#4877 = CARTESIAN_POINT('',(20.828389972463,-28.80683998895,5.));
#4878 = CARTESIAN_POINT('',(20.975157891933,-28.57332280606,5.));
#4879 = CARTESIAN_POINT('',(21.045943426314,-28.31438235068,5.));
#4880 = CARTESIAN_POINT('',(21.277052087313,-28.18406833182,5.));
#4881 = CARTESIAN_POINT('',(21.321122587948,-27.94240314112,5.));
#4882 = CARTESIAN_POINT('',(21.398825590271,-27.73216864833,5.));
#4883 = CARTESIAN_POINT('',(21.451311124183,-27.52358060091,5.));
#4884 = CARTESIAN_POINT('',(21.494497571466,-27.32683631161,5.));
#4885 = CARTESIAN_POINT('',(21.526511494242,-27.13897392526,5.));
#4886 = CARTESIAN_POINT('',(21.549872373452,-26.95904862733,5.));
#4887 = CARTESIAN_POINT('',(21.565960984713,-26.78401165583,5.));
#4888 = CARTESIAN_POINT('',(21.576294160226,-26.6091209065,5.));
#4889 = CARTESIAN_POINT('',(21.582161418472,-26.426902361,5.));
#4890 = CARTESIAN_POINT('',(21.584902337411,-26.22593442419,5.));
#4891 = CARTESIAN_POINT('',(21.586222980845,-25.98874978469,5.));
#4892 = CARTESIAN_POINT('',(21.591095198331,-25.68895643757,5.));
#4893 = CARTESIAN_POINT('',(21.605740513426,-25.28639949771,5.));
#4894 = CARTESIAN_POINT('',(21.690592260219,-24.71416205874,5.));
#4895 = CARTESIAN_POINT('',(21.7181099249,-23.91213340273,5.));
#4896 = CARTESIAN_POINT('',(22.156716043456,-22.96009176074,5.));
#4897 = CARTESIAN_POINT('',(22.806780509398,-21.9768898095,5.));
#4898 = CARTESIAN_POINT('',(23.70445719875,-21.2130531462,5.));
#4899 = CARTESIAN_POINT('',(24.596689259789,-20.66288902109,5.));
#4900 = CARTESIAN_POINT('',(25.389553335937,-20.5388981195,5.));
#4901 = CARTESIAN_POINT('',(25.947390771831,-20.38568943626,5.));
#4902 = CARTESIAN_POINT('',(26.345247320693,-20.32262802486,5.));
#4903 = CARTESIAN_POINT('',(26.64226755585,-20.2816552365,5.));
#4904 = CARTESIAN_POINT('',(26.877563666304,-20.25175477299,5.));
#4905 = CARTESIAN_POINT('',(27.076735939319,-20.2248098305,5.));
#4906 = CARTESIAN_POINT('',(27.256918686635,-20.19702133262,5.));
#4907 = CARTESIAN_POINT('',(27.429288758815,-20.16568274725,5.));
#4908 = CARTESIAN_POINT('',(27.601110245929,-20.12861306462,5.));
#4909 = CARTESIAN_POINT('',(27.776907843029,-20.08373491441,5.));
#4910 = CARTESIAN_POINT('',(27.9595416491,-20.02931010078,5.));
#4911 = CARTESIAN_POINT('',(28.149645900024,-19.96272362783,5.));
#4912 = CARTESIAN_POINT('',(28.350386673714,-19.88547826178,5.));
#4913 = CARTESIAN_POINT('',(28.549722258394,-19.78300083399,5.));
#4914 = CARTESIAN_POINT('',(28.78431332592,-19.71012213711,5.));
#4915 = CARTESIAN_POINT('',(28.885820138089,-19.46499089923,5.));
#4916 = CARTESIAN_POINT('',(29.134340372684,-19.36350964821,5.));
#4917 = CARTESIAN_POINT('',(29.348464034611,-19.18966444612,5.));
#4918 = CARTESIAN_POINT('',(29.574905591998,-19.01191016902,5.));
#4919 = CARTESIAN_POINT('',(29.794936512174,-18.81196043841,5.));
#4920 = CARTESIAN_POINT('',(30.010965205123,-18.59558969446,5.));
#4921 = CARTESIAN_POINT('',(30.219471677901,-18.36218726488,5.));
#4922 = CARTESIAN_POINT('',(30.418709711207,-18.11332578271,5.));
#4923 = CARTESIAN_POINT('',(30.606613757698,-17.85033714936,5.));
#4924 = CARTESIAN_POINT('',(30.781436723055,-17.57495567147,5.));
#4925 = CARTESIAN_POINT('',(30.888145872737,-17.38452678818,5.));
#4926 = CARTESIAN_POINT('',(30.938964154299,-17.28770200002,5.));
#4927 = ORIENTED_EDGE('',*,*,#4928,.F.);
#4928 = EDGE_CURVE('',#4929,#4865,#4931,.T.);
#4929 = VERTEX_POINT('',#4930);
#4930 = CARTESIAN_POINT('',(30.938964154299,-17.28770200002,0.));
#4931 = LINE('',#4932,#4933);
#4932 = CARTESIAN_POINT('',(30.938964154299,-17.28770200002,0.));
#4933 = VECTOR('',#4934,1.);
#4934 = DIRECTION('',(0.,0.,1.));
#4935 = ORIENTED_EDGE('',*,*,#4936,.F.);
#4936 = EDGE_CURVE('',#4728,#4929,#4937,.T.);
#4937 = B_SPLINE_CURVE_WITH_KNOTS('',3,(#4938,#4939,#4940,#4941,#4942,
    #4943,#4944,#4945,#4946,#4947,#4948,#4949,#4950,#4951,#4952,#4953,
    #4954,#4955,#4956,#4957,#4958,#4959,#4960,#4961,#4962,#4963,#4964,
    #4965,#4966,#4967,#4968,#4969,#4970,#4971,#4972,#4973,#4974,#4975,
    #4976,#4977,#4978,#4979,#4980,#4981,#4982,#4983,#4984,#4985,#4986,
    #4987,#4988,#4989,#4990,#4991,#4992,#4993,#4994,#4995,#4996),
  .UNSPECIFIED.,.F.,.F.,(4,1,1,1,1,1,1,1,1,1,1,1,1,1,1,1,1,1,1,1,1,1,1,1
    ,1,1,1,1,1,1,1,1,1,1,1,1,1,1,1,1,1,1,1,1,1,1,1,1,1,1,1,1,1,1,1,1,4),
  (0.,0.328013505293,0.654532141274,0.978073973054,1.297183287801,
    1.61044462083,1.916497973535,2.214055789897,2.501922432478,
    2.779017159017,3.044401987384,3.269623492035,3.510023310168,
    3.737105776354,3.950973242823,4.152195746167,4.341963344013,
    4.522306308509,4.696421126138,4.869164710127,5.047820617967,
    5.243309477393,5.472118985513,5.759336347265,6.143042595942,
    6.678887194379,7.495697516282,8.524531677202,9.766857061766,
    11.00918244633,12.03801660725,12.854826929153,13.39067152759,
    13.774377776267,14.061595138019,14.290404646139,14.485893505565,
    14.664549413405,14.837292997394,15.011407815023,15.191750779519,
    15.381518377365,15.582740880709,15.796608347178,16.023690813363,
    16.264090631496,16.489312136147,16.754696964515,17.031791691054,
    17.319658333634,17.617216149997,17.923269502701,18.236530835731,
    18.555640150478,18.879181982258,19.205700618239,19.533714123532),
  .UNSPECIFIED.);
#4938 = CARTESIAN_POINT('',(19.132008578399,-30.61499981124,0.));
#4939 = CARTESIAN_POINT('',(19.222001937876,-30.55288111364,0.));
#4940 = CARTESIAN_POINT('',(19.398180013552,-30.42399632838,0.));
#4941 = CARTESIAN_POINT('',(19.650481070532,-30.21725445013,0.));
#4942 = CARTESIAN_POINT('',(19.888902890679,-29.99902065889,0.));
#4943 = CARTESIAN_POINT('',(20.111934401337,-29.77123835826,0.));
#4944 = CARTESIAN_POINT('',(20.318502386372,-29.5361185784,0.));
#4945 = CARTESIAN_POINT('',(20.5072561625,-29.29558436667,0.));
#4946 = CARTESIAN_POINT('',(20.679226237781,-29.05305644289,0.));
#4947 = CARTESIAN_POINT('',(20.828389972463,-28.80683998895,0.));
#4948 = CARTESIAN_POINT('',(20.975157891933,-28.57332280606,0.));
#4949 = CARTESIAN_POINT('',(21.045943426314,-28.31438235068,0.));
#4950 = CARTESIAN_POINT('',(21.277052087313,-28.18406833182,0.));
#4951 = CARTESIAN_POINT('',(21.321122587948,-27.94240314112,0.));
#4952 = CARTESIAN_POINT('',(21.398825590271,-27.73216864833,0.));
#4953 = CARTESIAN_POINT('',(21.451311124183,-27.52358060091,0.));
#4954 = CARTESIAN_POINT('',(21.494497571466,-27.32683631161,0.));
#4955 = CARTESIAN_POINT('',(21.526511494242,-27.13897392526,0.));
#4956 = CARTESIAN_POINT('',(21.549872373452,-26.95904862733,0.));
#4957 = CARTESIAN_POINT('',(21.565960984713,-26.78401165583,0.));
#4958 = CARTESIAN_POINT('',(21.576294160226,-26.6091209065,0.));
#4959 = CARTESIAN_POINT('',(21.582161418472,-26.426902361,0.));
#4960 = CARTESIAN_POINT('',(21.584902337411,-26.22593442419,0.));
#4961 = CARTESIAN_POINT('',(21.586222980845,-25.98874978469,0.));
#4962 = CARTESIAN_POINT('',(21.591095198331,-25.68895643757,0.));
#4963 = CARTESIAN_POINT('',(21.605740513426,-25.28639949771,0.));
#4964 = CARTESIAN_POINT('',(21.690592260219,-24.71416205874,0.));
#4965 = CARTESIAN_POINT('',(21.7181099249,-23.91213340273,0.));
#4966 = CARTESIAN_POINT('',(22.156716043456,-22.96009176074,0.));
#4967 = CARTESIAN_POINT('',(22.806780509398,-21.9768898095,0.));
#4968 = CARTESIAN_POINT('',(23.70445719875,-21.2130531462,0.));
#4969 = CARTESIAN_POINT('',(24.596689259789,-20.66288902109,0.));
#4970 = CARTESIAN_POINT('',(25.389553335937,-20.5388981195,0.));
#4971 = CARTESIAN_POINT('',(25.947390771831,-20.38568943626,0.));
#4972 = CARTESIAN_POINT('',(26.345247320693,-20.32262802486,0.));
#4973 = CARTESIAN_POINT('',(26.64226755585,-20.2816552365,0.));
#4974 = CARTESIAN_POINT('',(26.877563666304,-20.25175477299,0.));
#4975 = CARTESIAN_POINT('',(27.076735939319,-20.2248098305,0.));
#4976 = CARTESIAN_POINT('',(27.256918686635,-20.19702133262,0.));
#4977 = CARTESIAN_POINT('',(27.429288758815,-20.16568274725,0.));
#4978 = CARTESIAN_POINT('',(27.601110245929,-20.12861306462,0.));
#4979 = CARTESIAN_POINT('',(27.776907843029,-20.08373491441,0.));
#4980 = CARTESIAN_POINT('',(27.9595416491,-20.02931010078,0.));
#4981 = CARTESIAN_POINT('',(28.149645900024,-19.96272362783,0.));
#4982 = CARTESIAN_POINT('',(28.350386673714,-19.88547826178,0.));
#4983 = CARTESIAN_POINT('',(28.549722258394,-19.78300083399,0.));
#4984 = CARTESIAN_POINT('',(28.78431332592,-19.71012213711,0.));
#4985 = CARTESIAN_POINT('',(28.885820138089,-19.46499089923,0.));
#4986 = CARTESIAN_POINT('',(29.134340372684,-19.36350964821,0.));
#4987 = CARTESIAN_POINT('',(29.348464034611,-19.18966444612,0.));
#4988 = CARTESIAN_POINT('',(29.574905591998,-19.01191016902,0.));
#4989 = CARTESIAN_POINT('',(29.794936512174,-18.81196043841,0.));
#4990 = CARTESIAN_POINT('',(30.010965205123,-18.59558969446,0.));
#4991 = CARTESIAN_POINT('',(30.219471677901,-18.36218726488,0.));
#4992 = CARTESIAN_POINT('',(30.418709711207,-18.11332578271,0.));
#4993 = CARTESIAN_POINT('',(30.606613757698,-17.85033714936,0.));
#4994 = CARTESIAN_POINT('',(30.781436723055,-17.57495567147,0.));
#4995 = CARTESIAN_POINT('',(30.888145872737,-17.38452678818,0.));
#4996 = CARTESIAN_POINT('',(30.938964154299,-17.28770200002,0.));
#4997 = SURFACE_OF_LINEAR_EXTRUSION('',#4998,#5058);
#4998 = B_SPLINE_CURVE_WITH_KNOTS('',3,(#4999,#5000,#5001,#5002,#5003,
    #5004,#5005,#5006,#5007,#5008,#5009,#5010,#5011,#5012,#5013,#5014,
    #5015,#5016,#5017,#5018,#5019,#5020,#5021,#5022,#5023,#5024,#5025,
    #5026,#5027,#5028,#5029,#5030,#5031,#5032,#5033,#5034,#5035,#5036,
    #5037,#5038,#5039,#5040,#5041,#5042,#5043,#5044,#5045,#5046,#5047,
    #5048,#5049,#5050,#5051,#5052,#5053,#5054,#5055,#5056,#5057),
  .UNSPECIFIED.,.F.,.F.,(4,1,1,1,1,1,1,1,1,1,1,1,1,1,1,1,1,1,1,1,1,1,1,1
    ,1,1,1,1,1,1,1,1,1,1,1,1,1,1,1,1,1,1,1,1,1,1,1,1,1,1,1,1,1,1,1,1,4),
  (0.,0.328013505293,0.654532141274,0.978073973054,1.297183287801,
    1.61044462083,1.916497973535,2.214055789897,2.501922432478,
    2.779017159017,3.044401987384,3.269623492035,3.510023310168,
    3.737105776354,3.950973242823,4.152195746167,4.341963344013,
    4.522306308509,4.696421126138,4.869164710127,5.047820617967,
    5.243309477393,5.472118985513,5.759336347265,6.143042595942,
    6.678887194379,7.495697516282,8.524531677202,9.766857061766,
    11.00918244633,12.03801660725,12.854826929153,13.39067152759,
    13.774377776267,14.061595138019,14.290404646139,14.485893505565,
    14.664549413405,14.837292997394,15.011407815023,15.191750779519,
    15.381518377365,15.582740880709,15.796608347178,16.023690813363,
    16.264090631496,16.489312136147,16.754696964515,17.031791691054,
    17.319658333634,17.617216149997,17.923269502701,18.236530835731,
    18.555640150478,18.879181982258,19.205700618239,19.533714123532),
  .UNSPECIFIED.);
#4999 = CARTESIAN_POINT('',(19.132008578399,-30.61499981124,0.));
#5000 = CARTESIAN_POINT('',(19.222001937876,-30.55288111364,0.));
#5001 = CARTESIAN_POINT('',(19.398180013552,-30.42399632838,0.));
#5002 = CARTESIAN_POINT('',(19.650481070532,-30.21725445013,0.));
#5003 = CARTESIAN_POINT('',(19.888902890679,-29.99902065889,0.));
#5004 = CARTESIAN_POINT('',(20.111934401337,-29.77123835826,0.));
#5005 = CARTESIAN_POINT('',(20.318502386372,-29.5361185784,0.));
#5006 = CARTESIAN_POINT('',(20.5072561625,-29.29558436667,0.));
#5007 = CARTESIAN_POINT('',(20.679226237781,-29.05305644289,0.));
#5008 = CARTESIAN_POINT('',(20.828389972463,-28.80683998895,0.));
#5009 = CARTESIAN_POINT('',(20.975157891933,-28.57332280606,0.));
#5010 = CARTESIAN_POINT('',(21.045943426314,-28.31438235068,0.));
#5011 = CARTESIAN_POINT('',(21.277052087313,-28.18406833182,0.));
#5012 = CARTESIAN_POINT('',(21.321122587948,-27.94240314112,0.));
#5013 = CARTESIAN_POINT('',(21.398825590271,-27.73216864833,0.));
#5014 = CARTESIAN_POINT('',(21.451311124183,-27.52358060091,0.));
#5015 = CARTESIAN_POINT('',(21.494497571466,-27.32683631161,0.));
#5016 = CARTESIAN_POINT('',(21.526511494242,-27.13897392526,0.));
#5017 = CARTESIAN_POINT('',(21.549872373452,-26.95904862733,0.));
#5018 = CARTESIAN_POINT('',(21.565960984713,-26.78401165583,0.));
#5019 = CARTESIAN_POINT('',(21.576294160226,-26.6091209065,0.));
#5020 = CARTESIAN_POINT('',(21.582161418472,-26.426902361,0.));
#5021 = CARTESIAN_POINT('',(21.584902337411,-26.22593442419,0.));
#5022 = CARTESIAN_POINT('',(21.586222980845,-25.98874978469,0.));
#5023 = CARTESIAN_POINT('',(21.591095198331,-25.68895643757,0.));
#5024 = CARTESIAN_POINT('',(21.605740513426,-25.28639949771,0.));
#5025 = CARTESIAN_POINT('',(21.690592260219,-24.71416205874,0.));
#5026 = CARTESIAN_POINT('',(21.7181099249,-23.91213340273,0.));
#5027 = CARTESIAN_POINT('',(22.156716043456,-22.96009176074,0.));
#5028 = CARTESIAN_POINT('',(22.806780509398,-21.9768898095,0.));
#5029 = CARTESIAN_POINT('',(23.70445719875,-21.2130531462,0.));
#5030 = CARTESIAN_POINT('',(24.596689259789,-20.66288902109,0.));
#5031 = CARTESIAN_POINT('',(25.389553335937,-20.5388981195,0.));
#5032 = CARTESIAN_POINT('',(25.947390771831,-20.38568943626,0.));
#5033 = CARTESIAN_POINT('',(26.345247320693,-20.32262802486,0.));
#5034 = CARTESIAN_POINT('',(26.64226755585,-20.2816552365,0.));
#5035 = CARTESIAN_POINT('',(26.877563666304,-20.25175477299,0.));
#5036 = CARTESIAN_POINT('',(27.076735939319,-20.2248098305,0.));
#5037 = CARTESIAN_POINT('',(27.256918686635,-20.19702133262,0.));
#5038 = CARTESIAN_POINT('',(27.429288758815,-20.16568274725,0.));
#5039 = CARTESIAN_POINT('',(27.601110245929,-20.12861306462,0.));
#5040 = CARTESIAN_POINT('',(27.776907843029,-20.08373491441,0.));
#5041 = CARTESIAN_POINT('',(27.9595416491,-20.02931010078,0.));
#5042 = CARTESIAN_POINT('',(28.149645900024,-19.96272362783,0.));
#5043 = CARTESIAN_POINT('',(28.350386673714,-19.88547826178,0.));
#5044 = CARTESIAN_POINT('',(28.549722258394,-19.78300083399,0.));
#5045 = CARTESIAN_POINT('',(28.78431332592,-19.71012213711,0.));
#5046 = CARTESIAN_POINT('',(28.885820138089,-19.46499089923,0.));
#5047 = CARTESIAN_POINT('',(29.134340372684,-19.36350964821,0.));
#5048 = CARTESIAN_POINT('',(29.348464034611,-19.18966444612,0.));
#5049 = CARTESIAN_POINT('',(29.574905591998,-19.01191016902,0.));
#5050 = CARTESIAN_POINT('',(29.794936512174,-18.81196043841,0.));
#5051 = CARTESIAN_POINT('',(30.010965205123,-18.59558969446,0.));
#5052 = CARTESIAN_POINT('',(30.219471677901,-18.36218726488,0.));
#5053 = CARTESIAN_POINT('',(30.418709711207,-18.11332578271,0.));
#5054 = CARTESIAN_POINT('',(30.606613757698,-17.85033714936,0.));
#5055 = CARTESIAN_POINT('',(30.781436723055,-17.57495567147,0.));
#5056 = CARTESIAN_POINT('',(30.888145872737,-17.38452678818,0.));
#5057 = CARTESIAN_POINT('',(30.938964154299,-17.28770200002,0.));
#5058 = VECTOR('',#5059,1.);
#5059 = DIRECTION('',(-0.,-0.,-1.));
#5060 = ADVANCED_FACE('',(#5061),#5198,.F.);
#5061 = FACE_BOUND('',#5062,.F.);
#5062 = EDGE_LOOP('',(#5063,#5064,#5128,#5136));
#5063 = ORIENTED_EDGE('',*,*,#4928,.T.);
#5064 = ORIENTED_EDGE('',*,*,#5065,.T.);
#5065 = EDGE_CURVE('',#4865,#5066,#5068,.T.);
#5066 = VERTEX_POINT('',#5067);
#5067 = CARTESIAN_POINT('',(35.2,-1.665334536938E-14,5.));
#5068 = B_SPLINE_CURVE_WITH_KNOTS('',3,(#5069,#5070,#5071,#5072,#5073,
    #5074,#5075,#5076,#5077,#5078,#5079,#5080,#5081,#5082,#5083,#5084,
    #5085,#5086,#5087,#5088,#5089,#5090,#5091,#5092,#5093,#5094,#5095,
    #5096,#5097,#5098,#5099,#5100,#5101,#5102,#5103,#5104,#5105,#5106,
    #5107,#5108,#5109,#5110,#5111,#5112,#5113,#5114,#5115,#5116,#5117,
    #5118,#5119,#5120,#5121,#5122,#5123,#5124,#5125,#5126,#5127),
  .UNSPECIFIED.,.F.,.F.,(4,1,1,1,1,1,1,1,1,1,1,1,1,1,1,1,1,1,1,1,1,1,1,1
    ,1,1,1,1,1,1,1,1,1,1,1,1,1,1,1,1,1,1,1,1,1,1,1,1,1,1,1,1,1,1,1,1,4),
  (0.,0.328013505293,0.654532141274,0.978073973054,1.297183287801,
    1.61044462083,1.916497973535,2.214055789897,2.501922432478,
    2.779017159017,3.044401987384,3.269623492035,3.510023310168,
    3.737105776354,3.950973242823,4.152195746167,4.341963344013,
    4.522306308509,4.696421126138,4.869164710127,5.047820617967,
    5.243309477393,5.472118985513,5.759336347265,6.143042595942,
    6.678887194379,7.495697516282,8.524531677202,9.766857061766,
    11.00918244633,12.03801660725,12.854826929153,13.39067152759,
    13.774377776267,14.061595138019,14.290404646139,14.485893505565,
    14.664549413405,14.837292997394,15.011407815023,15.191750779519,
    15.381518377365,15.582740880709,15.796608347178,16.023690813363,
    16.264090631496,16.489312136147,16.754696964515,17.031791691054,
    17.319658333634,17.617216149997,17.923269502701,18.236530835731,
    18.555640150478,18.879181982258,19.205700618239,19.533714123532),
  .UNSPECIFIED.);
#5069 = CARTESIAN_POINT('',(30.938964154299,-17.28770200002,5.));
#5070 = CARTESIAN_POINT('',(30.989781318523,-17.19087662545,5.));
#5071 = CARTESIAN_POINT('',(31.085883510988,-16.99488078155,5.));
#5072 = CARTESIAN_POINT('',(31.213207260712,-16.69456979219,5.));
#5073 = CARTESIAN_POINT('',(31.322900998297,-16.39053322219,5.));
#5074 = CARTESIAN_POINT('',(31.414529880037,-16.08519410047,5.));
#5075 = CARTESIAN_POINT('',(31.488171137188,-15.78100894539,5.));
#5076 = CARTESIAN_POINT('',(31.543522483765,-15.48030822466,5.));
#5077 = CARTESIAN_POINT('',(31.583086077105,-15.18564193428,5.));
#5078 = CARTESIAN_POINT('',(31.600741513302,-14.89830824759,5.));
#5079 = CARTESIAN_POINT('',(31.622177206011,-14.62333259781,5.));
#5080 = CARTESIAN_POINT('',(31.564519054162,-14.36115653324,5.));
#5081 = CARTESIAN_POINT('',(31.708595666418,-14.13836764998,5.));
#5082 = CARTESIAN_POINT('',(31.635310742763,-13.90390316784,5.));
#5083 = CARTESIAN_POINT('',(31.606412494023,-13.68163938369,5.));
#5084 = CARTESIAN_POINT('',(31.555950427235,-13.47255259641,5.));
#5085 = CARTESIAN_POINT('',(31.502758497005,-13.27827443717,5.));
#5086 = CARTESIAN_POINT('',(31.443801413737,-13.09705294344,5.));
#5087 = CARTESIAN_POINT('',(31.380870989814,-12.92688066233,5.));
#5088 = CARTESIAN_POINT('',(31.313773010979,-12.76441637074,5.));
#5089 = CARTESIAN_POINT('',(31.241646799713,-12.60475623682,5.));
#5090 = CARTESIAN_POINT('',(31.162160818409,-12.44068307685,5.));
#5091 = CARTESIAN_POINT('',(31.071193324525,-12.2614610377,5.));
#5092 = CARTESIAN_POINT('',(30.962137498184,-12.05083073585,5.));
#5093 = CARTESIAN_POINT('',(30.827130717285,-11.78311267783,5.));
#5094 = CARTESIAN_POINT('',(30.653020961765,-11.41986019248,5.));
#5095 = CARTESIAN_POINT('',(30.462221454445,-10.87373653111,5.));
#5096 = CARTESIAN_POINT('',(30.11386583536,-10.15078732849,5.));
#5097 = CARTESIAN_POINT('',(30.059796454143,-9.10396589323,5.));
#5098 = CARTESIAN_POINT('',(30.178483223033,-7.931283780424,5.));
#5099 = CARTESIAN_POINT('',(30.618363859617,-6.837768845745,5.));
#5100 = CARTESIAN_POINT('',(31.152722096977,-5.935981792459,5.));
#5101 = CARTESIAN_POINT('',(31.797146925636,-5.457730993054,5.));
#5102 = CARTESIAN_POINT('',(32.219887819324,-5.062831458607,5.));
#5103 = CARTESIAN_POINT('',(32.542866198719,-4.822100194489,5.));
#5104 = CARTESIAN_POINT('',(32.786823551507,-4.647788406306,5.));
#5105 = CARTESIAN_POINT('',(32.981272472074,-4.511965305902,5.));
#5106 = CARTESIAN_POINT('',(33.14510882221,-4.39554677371,5.));
#5107 = CARTESIAN_POINT('',(33.291738762658,-4.287206182935,5.));
#5108 = CARTESIAN_POINT('',(33.429801114916,-4.179352876983,5.));
#5109 = CARTESIAN_POINT('',(33.564714345515,-4.066679876605,5.));
#5110 = CARTESIAN_POINT('',(33.699519470844,-3.945245031125,5.));
#5111 = CARTESIAN_POINT('',(33.835941202889,-3.812180090271,5.));
#5112 = CARTESIAN_POINT('',(33.973325880448,-3.664874846062,5.));
#5113 = CARTESIAN_POINT('',(34.115175296568,-3.503188582129,5.));
#5114 = CARTESIAN_POINT('',(34.244054555848,-3.319813460989,5.));
#5115 = CARTESIAN_POINT('',(34.417906210961,-3.146262674655,5.));
#5116 = CARTESIAN_POINT('',(34.393867863006,-2.882037175264,5.));
#5117 = CARTESIAN_POINT('',(34.566760913351,-2.676686878326,5.));
#5118 = CARTESIAN_POINT('',(34.675568106276,-2.423246369216,5.));
#5119 = CARTESIAN_POINT('',(34.793465616226,-2.160620134645,5.));
#5120 = CARTESIAN_POINT('',(34.895372047267,-1.881319973675,5.));
#5121 = CARTESIAN_POINT('',(34.986103456686,-1.589339655228,5.));
#5122 = CARTESIAN_POINT('',(35.062259251959,-1.285774278137,5.));
#5123 = CARTESIAN_POINT('',(35.123024071696,-0.972827848366,5.));
#5124 = CARTESIAN_POINT('',(35.167187930001,-0.652639613759,5.));
#5125 = CARTESIAN_POINT('',(35.194009824176,-0.327557141807,5.));
#5126 = CARTESIAN_POINT('',(35.19999936906,-0.109350525109,5.));
#5127 = CARTESIAN_POINT('',(35.2,-1.665334536938E-14,5.));
#5128 = ORIENTED_EDGE('',*,*,#5129,.F.);
#5129 = EDGE_CURVE('',#5130,#5066,#5132,.T.);
#5130 = VERTEX_POINT('',#5131);
#5131 = CARTESIAN_POINT('',(35.2,-1.665334536938E-14,0.));
#5132 = LINE('',#5133,#5134);
#5133 = CARTESIAN_POINT('',(35.2,-1.665334536938E-14,0.));
#5134 = VECTOR('',#5135,1.);
#5135 = DIRECTION('',(0.,0.,1.));
#5136 = ORIENTED_EDGE('',*,*,#5137,.F.);
#5137 = EDGE_CURVE('',#4929,#5130,#5138,.T.);
#5138 = B_SPLINE_CURVE_WITH_KNOTS('',3,(#5139,#5140,#5141,#5142,#5143,
    #5144,#5145,#5146,#5147,#5148,#5149,#5150,#5151,#5152,#5153,#5154,
    #5155,#5156,#5157,#5158,#5159,#5160,#5161,#5162,#5163,#5164,#5165,
    #5166,#5167,#5168,#5169,#5170,#5171,#5172,#5173,#5174,#5175,#5176,
    #5177,#5178,#5179,#5180,#5181,#5182,#5183,#5184,#5185,#5186,#5187,
    #5188,#5189,#5190,#5191,#5192,#5193,#5194,#5195,#5196,#5197),
  .UNSPECIFIED.,.F.,.F.,(4,1,1,1,1,1,1,1,1,1,1,1,1,1,1,1,1,1,1,1,1,1,1,1
    ,1,1,1,1,1,1,1,1,1,1,1,1,1,1,1,1,1,1,1,1,1,1,1,1,1,1,1,1,1,1,1,1,4),
  (0.,0.328013505293,0.654532141274,0.978073973054,1.297183287801,
    1.61044462083,1.916497973535,2.214055789897,2.501922432478,
    2.779017159017,3.044401987384,3.269623492035,3.510023310168,
    3.737105776354,3.950973242823,4.152195746167,4.341963344013,
    4.522306308509,4.696421126138,4.869164710127,5.047820617967,
    5.243309477393,5.472118985513,5.759336347265,6.143042595942,
    6.678887194379,7.495697516282,8.524531677202,9.766857061766,
    11.00918244633,12.03801660725,12.854826929153,13.39067152759,
    13.774377776267,14.061595138019,14.290404646139,14.485893505565,
    14.664549413405,14.837292997394,15.011407815023,15.191750779519,
    15.381518377365,15.582740880709,15.796608347178,16.023690813363,
    16.264090631496,16.489312136147,16.754696964515,17.031791691054,
    17.319658333634,17.617216149997,17.923269502701,18.236530835731,
    18.555640150478,18.879181982258,19.205700618239,19.533714123532),
  .UNSPECIFIED.);
#5139 = CARTESIAN_POINT('',(30.938964154299,-17.28770200002,0.));
#5140 = CARTESIAN_POINT('',(30.989781318523,-17.19087662545,0.));
#5141 = CARTESIAN_POINT('',(31.085883510988,-16.99488078155,0.));
#5142 = CARTESIAN_POINT('',(31.213207260712,-16.69456979219,0.));
#5143 = CARTESIAN_POINT('',(31.322900998297,-16.39053322219,0.));
#5144 = CARTESIAN_POINT('',(31.414529880037,-16.08519410047,0.));
#5145 = CARTESIAN_POINT('',(31.488171137188,-15.78100894539,0.));
#5146 = CARTESIAN_POINT('',(31.543522483765,-15.48030822466,0.));
#5147 = CARTESIAN_POINT('',(31.583086077105,-15.18564193428,0.));
#5148 = CARTESIAN_POINT('',(31.600741513302,-14.89830824759,0.));
#5149 = CARTESIAN_POINT('',(31.622177206011,-14.62333259781,0.));
#5150 = CARTESIAN_POINT('',(31.564519054162,-14.36115653324,0.));
#5151 = CARTESIAN_POINT('',(31.708595666418,-14.13836764998,0.));
#5152 = CARTESIAN_POINT('',(31.635310742763,-13.90390316784,0.));
#5153 = CARTESIAN_POINT('',(31.606412494023,-13.68163938369,0.));
#5154 = CARTESIAN_POINT('',(31.555950427235,-13.47255259641,0.));
#5155 = CARTESIAN_POINT('',(31.502758497005,-13.27827443717,0.));
#5156 = CARTESIAN_POINT('',(31.443801413737,-13.09705294344,0.));
#5157 = CARTESIAN_POINT('',(31.380870989814,-12.92688066233,0.));
#5158 = CARTESIAN_POINT('',(31.313773010979,-12.76441637074,0.));
#5159 = CARTESIAN_POINT('',(31.241646799713,-12.60475623682,0.));
#5160 = CARTESIAN_POINT('',(31.162160818409,-12.44068307685,0.));
#5161 = CARTESIAN_POINT('',(31.071193324525,-12.2614610377,0.));
#5162 = CARTESIAN_POINT('',(30.962137498184,-12.05083073585,0.));
#5163 = CARTESIAN_POINT('',(30.827130717285,-11.78311267783,0.));
#5164 = CARTESIAN_POINT('',(30.653020961765,-11.41986019248,0.));
#5165 = CARTESIAN_POINT('',(30.462221454445,-10.87373653111,0.));
#5166 = CARTESIAN_POINT('',(30.11386583536,-10.15078732849,0.));
#5167 = CARTESIAN_POINT('',(30.059796454143,-9.10396589323,0.));
#5168 = CARTESIAN_POINT('',(30.178483223033,-7.931283780424,0.));
#5169 = CARTESIAN_POINT('',(30.618363859617,-6.837768845745,0.));
#5170 = CARTESIAN_POINT('',(31.152722096977,-5.935981792459,0.));
#5171 = CARTESIAN_POINT('',(31.797146925636,-5.457730993054,0.));
#5172 = CARTESIAN_POINT('',(32.219887819324,-5.062831458607,0.));
#5173 = CARTESIAN_POINT('',(32.542866198719,-4.822100194489,0.));
#5174 = CARTESIAN_POINT('',(32.786823551507,-4.647788406306,0.));
#5175 = CARTESIAN_POINT('',(32.981272472074,-4.511965305902,0.));
#5176 = CARTESIAN_POINT('',(33.14510882221,-4.39554677371,0.));
#5177 = CARTESIAN_POINT('',(33.291738762658,-4.287206182935,0.));
#5178 = CARTESIAN_POINT('',(33.429801114916,-4.179352876983,0.));
#5179 = CARTESIAN_POINT('',(33.564714345515,-4.066679876605,0.));
#5180 = CARTESIAN_POINT('',(33.699519470844,-3.945245031125,0.));
#5181 = CARTESIAN_POINT('',(33.835941202889,-3.812180090271,0.));
#5182 = CARTESIAN_POINT('',(33.973325880448,-3.664874846062,0.));
#5183 = CARTESIAN_POINT('',(34.115175296568,-3.503188582129,0.));
#5184 = CARTESIAN_POINT('',(34.244054555848,-3.319813460989,0.));
#5185 = CARTESIAN_POINT('',(34.417906210961,-3.146262674655,0.));
#5186 = CARTESIAN_POINT('',(34.393867863006,-2.882037175264,0.));
#5187 = CARTESIAN_POINT('',(34.566760913351,-2.676686878326,0.));
#5188 = CARTESIAN_POINT('',(34.675568106276,-2.423246369216,0.));
#5189 = CARTESIAN_POINT('',(34.793465616226,-2.160620134645,0.));
#5190 = CARTESIAN_POINT('',(34.895372047267,-1.881319973675,0.));
#5191 = CARTESIAN_POINT('',(34.986103456686,-1.589339655228,0.));
#5192 = CARTESIAN_POINT('',(35.062259251959,-1.285774278137,0.));
#5193 = CARTESIAN_POINT('',(35.123024071696,-0.972827848366,0.));
#5194 = CARTESIAN_POINT('',(35.167187930001,-0.652639613759,0.));
#5195 = CARTESIAN_POINT('',(35.194009824176,-0.327557141807,0.));
#5196 = CARTESIAN_POINT('',(35.19999936906,-0.109350525109,0.));
#5197 = CARTESIAN_POINT('',(35.2,-1.665334536938E-14,0.));
#5198 = SURFACE_OF_LINEAR_EXTRUSION('',#5199,#5259);
#5199 = B_SPLINE_CURVE_WITH_KNOTS('',3,(#5200,#5201,#5202,#5203,#5204,
    #5205,#5206,#5207,#5208,#5209,#5210,#5211,#5212,#5213,#5214,#5215,
    #5216,#5217,#5218,#5219,#5220,#5221,#5222,#5223,#5224,#5225,#5226,
    #5227,#5228,#5229,#5230,#5231,#5232,#5233,#5234,#5235,#5236,#5237,
    #5238,#5239,#5240,#5241,#5242,#5243,#5244,#5245,#5246,#5247,#5248,
    #5249,#5250,#5251,#5252,#5253,#5254,#5255,#5256,#5257,#5258),
  .UNSPECIFIED.,.F.,.F.,(4,1,1,1,1,1,1,1,1,1,1,1,1,1,1,1,1,1,1,1,1,1,1,1
    ,1,1,1,1,1,1,1,1,1,1,1,1,1,1,1,1,1,1,1,1,1,1,1,1,1,1,1,1,1,1,1,1,4),
  (0.,0.328013505293,0.654532141274,0.978073973054,1.297183287801,
    1.61044462083,1.916497973535,2.214055789897,2.501922432478,
    2.779017159017,3.044401987384,3.269623492035,3.510023310168,
    3.737105776354,3.950973242823,4.152195746167,4.341963344013,
    4.522306308509,4.696421126138,4.869164710127,5.047820617967,
    5.243309477393,5.472118985513,5.759336347265,6.143042595942,
    6.678887194379,7.495697516282,8.524531677202,9.766857061766,
    11.00918244633,12.03801660725,12.854826929153,13.39067152759,
    13.774377776267,14.061595138019,14.290404646139,14.485893505565,
    14.664549413405,14.837292997394,15.011407815023,15.191750779519,
    15.381518377365,15.582740880709,15.796608347178,16.023690813363,
    16.264090631496,16.489312136147,16.754696964515,17.031791691054,
    17.319658333634,17.617216149997,17.923269502701,18.236530835731,
    18.555640150478,18.879181982258,19.205700618239,19.533714123532),
  .UNSPECIFIED.);
#5200 = CARTESIAN_POINT('',(30.938964154299,-17.28770200002,0.));
#5201 = CARTESIAN_POINT('',(30.989781318523,-17.19087662545,0.));
#5202 = CARTESIAN_POINT('',(31.085883510988,-16.99488078155,0.));
#5203 = CARTESIAN_POINT('',(31.213207260712,-16.69456979219,0.));
#5204 = CARTESIAN_POINT('',(31.322900998297,-16.39053322219,0.));
#5205 = CARTESIAN_POINT('',(31.414529880037,-16.08519410047,0.));
#5206 = CARTESIAN_POINT('',(31.488171137188,-15.78100894539,0.));
#5207 = CARTESIAN_POINT('',(31.543522483765,-15.48030822466,0.));
#5208 = CARTESIAN_POINT('',(31.583086077105,-15.18564193428,0.));
#5209 = CARTESIAN_POINT('',(31.600741513302,-14.89830824759,0.));
#5210 = CARTESIAN_POINT('',(31.622177206011,-14.62333259781,0.));
#5211 = CARTESIAN_POINT('',(31.564519054162,-14.36115653324,0.));
#5212 = CARTESIAN_POINT('',(31.708595666418,-14.13836764998,0.));
#5213 = CARTESIAN_POINT('',(31.635310742763,-13.90390316784,0.));
#5214 = CARTESIAN_POINT('',(31.606412494023,-13.68163938369,0.));
#5215 = CARTESIAN_POINT('',(31.555950427235,-13.47255259641,0.));
#5216 = CARTESIAN_POINT('',(31.502758497005,-13.27827443717,0.));
#5217 = CARTESIAN_POINT('',(31.443801413737,-13.09705294344,0.));
#5218 = CARTESIAN_POINT('',(31.380870989814,-12.92688066233,0.));
#5219 = CARTESIAN_POINT('',(31.313773010979,-12.76441637074,0.));
#5220 = CARTESIAN_POINT('',(31.241646799713,-12.60475623682,0.));
#5221 = CARTESIAN_POINT('',(31.162160818409,-12.44068307685,0.));
#5222 = CARTESIAN_POINT('',(31.071193324525,-12.2614610377,0.));
#5223 = CARTESIAN_POINT('',(30.962137498184,-12.05083073585,0.));
#5224 = CARTESIAN_POINT('',(30.827130717285,-11.78311267783,0.));
#5225 = CARTESIAN_POINT('',(30.653020961765,-11.41986019248,0.));
#5226 = CARTESIAN_POINT('',(30.462221454445,-10.87373653111,0.));
#5227 = CARTESIAN_POINT('',(30.11386583536,-10.15078732849,0.));
#5228 = CARTESIAN_POINT('',(30.059796454143,-9.10396589323,0.));
#5229 = CARTESIAN_POINT('',(30.178483223033,-7.931283780424,0.));
#5230 = CARTESIAN_POINT('',(30.618363859617,-6.837768845745,0.));
#5231 = CARTESIAN_POINT('',(31.152722096977,-5.935981792459,0.));
#5232 = CARTESIAN_POINT('',(31.797146925636,-5.457730993054,0.));
#5233 = CARTESIAN_POINT('',(32.219887819324,-5.062831458607,0.));
#5234 = CARTESIAN_POINT('',(32.542866198719,-4.822100194489,0.));
#5235 = CARTESIAN_POINT('',(32.786823551507,-4.647788406306,0.));
#5236 = CARTESIAN_POINT('',(32.981272472074,-4.511965305902,0.));
#5237 = CARTESIAN_POINT('',(33.14510882221,-4.39554677371,0.));
#5238 = CARTESIAN_POINT('',(33.291738762658,-4.287206182935,0.));
#5239 = CARTESIAN_POINT('',(33.429801114916,-4.179352876983,0.));
#5240 = CARTESIAN_POINT('',(33.564714345515,-4.066679876605,0.));
#5241 = CARTESIAN_POINT('',(33.699519470844,-3.945245031125,0.));
#5242 = CARTESIAN_POINT('',(33.835941202889,-3.812180090271,0.));
#5243 = CARTESIAN_POINT('',(33.973325880448,-3.664874846062,0.));
#5244 = CARTESIAN_POINT('',(34.115175296568,-3.503188582129,0.));
#5245 = CARTESIAN_POINT('',(34.244054555848,-3.319813460989,0.));
#5246 = CARTESIAN_POINT('',(34.417906210961,-3.146262674655,0.));
#5247 = CARTESIAN_POINT('',(34.393867863006,-2.882037175264,0.));
#5248 = CARTESIAN_POINT('',(34.566760913351,-2.676686878326,0.));
#5249 = CARTESIAN_POINT('',(34.675568106276,-2.423246369216,0.));
#5250 = CARTESIAN_POINT('',(34.793465616226,-2.160620134645,0.));
#5251 = CARTESIAN_POINT('',(34.895372047267,-1.881319973675,0.));
#5252 = CARTESIAN_POINT('',(34.986103456686,-1.589339655228,0.));
#5253 = CARTESIAN_POINT('',(35.062259251959,-1.285774278137,0.));
#5254 = CARTESIAN_POINT('',(35.123024071696,-0.972827848366,0.));
#5255 = CARTESIAN_POINT('',(35.167187930001,-0.652639613759,0.));
#5256 = CARTESIAN_POINT('',(35.194009824176,-0.327557141807,0.));
#5257 = CARTESIAN_POINT('',(35.19999936906,-0.109350525109,0.));
#5258 = CARTESIAN_POINT('',(35.2,-1.665334536938E-14,0.));
#5259 = VECTOR('',#5260,1.);
#5260 = DIRECTION('',(-0.,-0.,-1.));
#5261 = ADVANCED_FACE('',(#5262),#5390,.F.);
#5262 = FACE_BOUND('',#5263,.F.);
#5263 = EDGE_LOOP('',(#5264,#5265,#5327,#5328));
#5264 = ORIENTED_EDGE('',*,*,#5129,.T.);
#5265 = ORIENTED_EDGE('',*,*,#5266,.T.);
#5266 = EDGE_CURVE('',#5066,#2847,#5267,.T.);
#5267 = B_SPLINE_CURVE_WITH_KNOTS('',3,(#5268,#5269,#5270,#5271,#5272,
    #5273,#5274,#5275,#5276,#5277,#5278,#5279,#5280,#5281,#5282,#5283,
    #5284,#5285,#5286,#5287,#5288,#5289,#5290,#5291,#5292,#5293,#5294,
    #5295,#5296,#5297,#5298,#5299,#5300,#5301,#5302,#5303,#5304,#5305,
    #5306,#5307,#5308,#5309,#5310,#5311,#5312,#5313,#5314,#5315,#5316,
    #5317,#5318,#5319,#5320,#5321,#5322,#5323,#5324,#5325,#5326),
  .UNSPECIFIED.,.F.,.F.,(4,1,1,1,1,1,1,1,1,1,1,1,1,1,1,1,1,1,1,1,1,1,1,1
    ,1,1,1,1,1,1,1,1,1,1,1,1,1,1,1,1,1,1,1,1,1,1,1,1,1,1,1,1,1,1,1,1,4),
  (0.,0.328013505293,0.654532141274,0.978073973054,1.297183287801,
    1.61044462083,1.916497973535,2.214055789897,2.501922432478,
    2.779017159017,3.044401987384,3.269623492035,3.510023310168,
    3.737105776354,3.950973242823,4.152195746167,4.341963344013,
    4.522306308509,4.696421126138,4.869164710127,5.047820617967,
    5.243309477393,5.472118985513,5.759336347265,6.143042595942,
    6.678887194379,7.495697516282,8.524531677202,9.766857061766,
    11.00918244633,12.03801660725,12.854826929153,13.39067152759,
    13.774377776267,14.061595138019,14.290404646139,14.485893505565,
    14.664549413405,14.837292997394,15.011407815023,15.191750779519,
    15.381518377365,15.582740880709,15.796608347178,16.023690813363,
    16.264090631496,16.489312136147,16.754696964515,17.031791691054,
    17.319658333634,17.617216149997,17.923269502701,18.236530835731,
    18.555640150478,18.879181982258,19.205700618239,19.533714123532),
  .UNSPECIFIED.);
#5268 = CARTESIAN_POINT('',(35.2,-1.665334536938E-14,5.));
#5269 = CARTESIAN_POINT('',(35.19999936906,0.109350525109,5.));
#5270 = CARTESIAN_POINT('',(35.194009824176,0.327557141807,5.));
#5271 = CARTESIAN_POINT('',(35.167187930001,0.652639613759,5.));
#5272 = CARTESIAN_POINT('',(35.123024071696,0.972827848366,5.));
#5273 = CARTESIAN_POINT('',(35.062259251959,1.285774278137,5.));
#5274 = CARTESIAN_POINT('',(34.986103456686,1.589339655228,5.));
#5275 = CARTESIAN_POINT('',(34.895372047267,1.881319973675,5.));
#5276 = CARTESIAN_POINT('',(34.793465616226,2.160620134645,5.));
#5277 = CARTESIAN_POINT('',(34.675568106276,2.423246369216,5.));
#5278 = CARTESIAN_POINT('',(34.566760913351,2.676686878326,5.));
#5279 = CARTESIAN_POINT('',(34.393867863006,2.882037175264,5.));
#5280 = CARTESIAN_POINT('',(34.417906210961,3.146262674655,5.));
#5281 = CARTESIAN_POINT('',(34.244054555848,3.319813460989,5.));
#5282 = CARTESIAN_POINT('',(34.115175296568,3.503188582129,5.));
#5283 = CARTESIAN_POINT('',(33.973325880448,3.664874846062,5.));
#5284 = CARTESIAN_POINT('',(33.835941202889,3.812180090271,5.));
#5285 = CARTESIAN_POINT('',(33.699519470844,3.945245031125,5.));
#5286 = CARTESIAN_POINT('',(33.564714345515,4.066679876605,5.));
#5287 = CARTESIAN_POINT('',(33.429801114916,4.179352876983,5.));
#5288 = CARTESIAN_POINT('',(33.291738762658,4.287206182935,5.));
#5289 = CARTESIAN_POINT('',(33.14510882221,4.39554677371,5.));
#5290 = CARTESIAN_POINT('',(32.981272472074,4.511965305902,5.));
#5291 = CARTESIAN_POINT('',(32.786823551507,4.647788406306,5.));
#5292 = CARTESIAN_POINT('',(32.542866198719,4.822100194489,5.));
#5293 = CARTESIAN_POINT('',(32.219887819324,5.062831458607,5.));
#5294 = CARTESIAN_POINT('',(31.797146925636,5.457730993054,5.));
#5295 = CARTESIAN_POINT('',(31.152722096977,5.935981792459,5.));
#5296 = CARTESIAN_POINT('',(30.618363859617,6.837768845745,5.));
#5297 = CARTESIAN_POINT('',(30.178483223034,7.931283780424,5.));
#5298 = CARTESIAN_POINT('',(30.059796454143,9.10396589323,5.));
#5299 = CARTESIAN_POINT('',(30.11386583536,10.150787328492,5.));
#5300 = CARTESIAN_POINT('',(30.462221454445,10.873736531117,5.));
#5301 = CARTESIAN_POINT('',(30.653020961765,11.419860192488,5.));
#5302 = CARTESIAN_POINT('',(30.827130717285,11.783112677838,5.));
#5303 = CARTESIAN_POINT('',(30.962137498184,12.050830735858,5.));
#5304 = CARTESIAN_POINT('',(31.071193324525,12.261461037701,5.));
#5305 = CARTESIAN_POINT('',(31.162160818409,12.440683076859,5.));
#5306 = CARTESIAN_POINT('',(31.241646799713,12.604756236825,5.));
#5307 = CARTESIAN_POINT('',(31.313773010979,12.764416370748,5.));
#5308 = CARTESIAN_POINT('',(31.380870989814,12.926880662335,5.));
#5309 = CARTESIAN_POINT('',(31.443801413737,13.097052943441,5.));
#5310 = CARTESIAN_POINT('',(31.502758497005,13.278274437175,5.));
#5311 = CARTESIAN_POINT('',(31.555950427235,13.472552596416,5.));
#5312 = CARTESIAN_POINT('',(31.606412494023,13.681639383693,5.));
#5313 = CARTESIAN_POINT('',(31.635310742763,13.903903167843,5.));
#5314 = CARTESIAN_POINT('',(31.708595666418,14.138367649989,5.));
#5315 = CARTESIAN_POINT('',(31.564519054162,14.361156533244,5.));
#5316 = CARTESIAN_POINT('',(31.622177206011,14.623332597818,5.));
#5317 = CARTESIAN_POINT('',(31.600741513302,14.898308247591,5.));
#5318 = CARTESIAN_POINT('',(31.583086077105,15.185641934287,5.));
#5319 = CARTESIAN_POINT('',(31.543522483765,15.480308224669,5.));
#5320 = CARTESIAN_POINT('',(31.488171137188,15.781008945398,5.));
#5321 = CARTESIAN_POINT('',(31.414529880037,16.085194100473,5.));
#5322 = CARTESIAN_POINT('',(31.322900998297,16.390533222197,5.));
#5323 = CARTESIAN_POINT('',(31.213207260712,16.694569792195,5.));
#5324 = CARTESIAN_POINT('',(31.085883510988,16.994880781559,5.));
#5325 = CARTESIAN_POINT('',(30.989781318523,17.19087662545,5.));
#5326 = CARTESIAN_POINT('',(30.938964154299,17.287702000028,5.));
#5327 = ORIENTED_EDGE('',*,*,#2844,.F.);
#5328 = ORIENTED_EDGE('',*,*,#5329,.F.);
#5329 = EDGE_CURVE('',#5130,#2845,#5330,.T.);
#5330 = B_SPLINE_CURVE_WITH_KNOTS('',3,(#5331,#5332,#5333,#5334,#5335,
    #5336,#5337,#5338,#5339,#5340,#5341,#5342,#5343,#5344,#5345,#5346,
    #5347,#5348,#5349,#5350,#5351,#5352,#5353,#5354,#5355,#5356,#5357,
    #5358,#5359,#5360,#5361,#5362,#5363,#5364,#5365,#5366,#5367,#5368,
    #5369,#5370,#5371,#5372,#5373,#5374,#5375,#5376,#5377,#5378,#5379,
    #5380,#5381,#5382,#5383,#5384,#5385,#5386,#5387,#5388,#5389),
  .UNSPECIFIED.,.F.,.F.,(4,1,1,1,1,1,1,1,1,1,1,1,1,1,1,1,1,1,1,1,1,1,1,1
    ,1,1,1,1,1,1,1,1,1,1,1,1,1,1,1,1,1,1,1,1,1,1,1,1,1,1,1,1,1,1,1,1,4),
  (0.,0.328013505293,0.654532141274,0.978073973054,1.297183287801,
    1.61044462083,1.916497973535,2.214055789897,2.501922432478,
    2.779017159017,3.044401987384,3.269623492035,3.510023310168,
    3.737105776354,3.950973242823,4.152195746167,4.341963344013,
    4.522306308509,4.696421126138,4.869164710127,5.047820617967,
    5.243309477393,5.472118985513,5.759336347265,6.143042595942,
    6.678887194379,7.495697516282,8.524531677202,9.766857061766,
    11.00918244633,12.03801660725,12.854826929153,13.39067152759,
    13.774377776267,14.061595138019,14.290404646139,14.485893505565,
    14.664549413405,14.837292997394,15.011407815023,15.191750779519,
    15.381518377365,15.582740880709,15.796608347178,16.023690813363,
    16.264090631496,16.489312136147,16.754696964515,17.031791691054,
    17.319658333634,17.617216149997,17.923269502701,18.236530835731,
    18.555640150478,18.879181982258,19.205700618239,19.533714123532),
  .UNSPECIFIED.);
#5331 = CARTESIAN_POINT('',(35.2,-1.665334536938E-14,0.));
#5332 = CARTESIAN_POINT('',(35.19999936906,0.109350525109,0.));
#5333 = CARTESIAN_POINT('',(35.194009824176,0.327557141807,0.));
#5334 = CARTESIAN_POINT('',(35.167187930001,0.652639613759,0.));
#5335 = CARTESIAN_POINT('',(35.123024071696,0.972827848366,0.));
#5336 = CARTESIAN_POINT('',(35.062259251959,1.285774278137,0.));
#5337 = CARTESIAN_POINT('',(34.986103456686,1.589339655228,0.));
#5338 = CARTESIAN_POINT('',(34.895372047267,1.881319973675,0.));
#5339 = CARTESIAN_POINT('',(34.793465616226,2.160620134645,0.));
#5340 = CARTESIAN_POINT('',(34.675568106276,2.423246369216,0.));
#5341 = CARTESIAN_POINT('',(34.566760913351,2.676686878326,0.));
#5342 = CARTESIAN_POINT('',(34.393867863006,2.882037175264,0.));
#5343 = CARTESIAN_POINT('',(34.417906210961,3.146262674655,0.));
#5344 = CARTESIAN_POINT('',(34.244054555848,3.319813460989,0.));
#5345 = CARTESIAN_POINT('',(34.115175296568,3.503188582129,0.));
#5346 = CARTESIAN_POINT('',(33.973325880448,3.664874846062,0.));
#5347 = CARTESIAN_POINT('',(33.835941202889,3.812180090271,0.));
#5348 = CARTESIAN_POINT('',(33.699519470844,3.945245031125,0.));
#5349 = CARTESIAN_POINT('',(33.564714345515,4.066679876605,0.));
#5350 = CARTESIAN_POINT('',(33.429801114916,4.179352876983,0.));
#5351 = CARTESIAN_POINT('',(33.291738762658,4.287206182935,0.));
#5352 = CARTESIAN_POINT('',(33.14510882221,4.39554677371,0.));
#5353 = CARTESIAN_POINT('',(32.981272472074,4.511965305902,0.));
#5354 = CARTESIAN_POINT('',(32.786823551507,4.647788406306,0.));
#5355 = CARTESIAN_POINT('',(32.542866198719,4.822100194489,0.));
#5356 = CARTESIAN_POINT('',(32.219887819324,5.062831458607,0.));
#5357 = CARTESIAN_POINT('',(31.797146925636,5.457730993054,0.));
#5358 = CARTESIAN_POINT('',(31.152722096977,5.935981792459,0.));
#5359 = CARTESIAN_POINT('',(30.618363859617,6.837768845745,0.));
#5360 = CARTESIAN_POINT('',(30.178483223034,7.931283780424,0.));
#5361 = CARTESIAN_POINT('',(30.059796454143,9.10396589323,0.));
#5362 = CARTESIAN_POINT('',(30.11386583536,10.150787328492,0.));
#5363 = CARTESIAN_POINT('',(30.462221454445,10.873736531117,0.));
#5364 = CARTESIAN_POINT('',(30.653020961765,11.419860192488,0.));
#5365 = CARTESIAN_POINT('',(30.827130717285,11.783112677838,0.));
#5366 = CARTESIAN_POINT('',(30.962137498184,12.050830735858,0.));
#5367 = CARTESIAN_POINT('',(31.071193324525,12.261461037701,0.));
#5368 = CARTESIAN_POINT('',(31.162160818409,12.440683076859,0.));
#5369 = CARTESIAN_POINT('',(31.241646799713,12.604756236825,0.));
#5370 = CARTESIAN_POINT('',(31.313773010979,12.764416370748,0.));
#5371 = CARTESIAN_POINT('',(31.380870989814,12.926880662335,0.));
#5372 = CARTESIAN_POINT('',(31.443801413737,13.097052943441,0.));
#5373 = CARTESIAN_POINT('',(31.502758497005,13.278274437175,0.));
#5374 = CARTESIAN_POINT('',(31.555950427235,13.472552596416,0.));
#5375 = CARTESIAN_POINT('',(31.606412494023,13.681639383693,0.));
#5376 = CARTESIAN_POINT('',(31.635310742763,13.903903167843,0.));
#5377 = CARTESIAN_POINT('',(31.708595666418,14.138367649989,0.));
#5378 = CARTESIAN_POINT('',(31.564519054162,14.361156533244,0.));
#5379 = CARTESIAN_POINT('',(31.622177206011,14.623332597818,0.));
#5380 = CARTESIAN_POINT('',(31.600741513302,14.898308247591,0.));
#5381 = CARTESIAN_POINT('',(31.583086077105,15.185641934287,0.));
#5382 = CARTESIAN_POINT('',(31.543522483765,15.480308224669,0.));
#5383 = CARTESIAN_POINT('',(31.488171137188,15.781008945398,0.));
#5384 = CARTESIAN_POINT('',(31.414529880037,16.085194100473,0.));
#5385 = CARTESIAN_POINT('',(31.322900998297,16.390533222197,0.));
#5386 = CARTESIAN_POINT('',(31.213207260712,16.694569792195,0.));
#5387 = CARTESIAN_POINT('',(31.085883510988,16.994880781559,0.));
#5388 = CARTESIAN_POINT('',(30.989781318523,17.19087662545,0.));
#5389 = CARTESIAN_POINT('',(30.938964154299,17.287702000028,0.));
#5390 = SURFACE_OF_LINEAR_EXTRUSION('',#5391,#5451);
#5391 = B_SPLINE_CURVE_WITH_KNOTS('',3,(#5392,#5393,#5394,#5395,#5396,
    #5397,#5398,#5399,#5400,#5401,#5402,#5403,#5404,#5405,#5406,#5407,
    #5408,#5409,#5410,#5411,#5412,#5413,#5414,#5415,#5416,#5417,#5418,
    #5419,#5420,#5421,#5422,#5423,#5424,#5425,#5426,#5427,#5428,#5429,
    #5430,#5431,#5432,#5433,#5434,#5435,#5436,#5437,#5438,#5439,#5440,
    #5441,#5442,#5443,#5444,#5445,#5446,#5447,#5448,#5449,#5450),
  .UNSPECIFIED.,.F.,.F.,(4,1,1,1,1,1,1,1,1,1,1,1,1,1,1,1,1,1,1,1,1,1,1,1
    ,1,1,1,1,1,1,1,1,1,1,1,1,1,1,1,1,1,1,1,1,1,1,1,1,1,1,1,1,1,1,1,1,4),
  (0.,0.328013505293,0.654532141274,0.978073973054,1.297183287801,
    1.61044462083,1.916497973535,2.214055789897,2.501922432478,
    2.779017159017,3.044401987384,3.269623492035,3.510023310168,
    3.737105776354,3.950973242823,4.152195746167,4.341963344013,
    4.522306308509,4.696421126138,4.869164710127,5.047820617967,
    5.243309477393,5.472118985513,5.759336347265,6.143042595942,
    6.678887194379,7.495697516282,8.524531677202,9.766857061766,
    11.00918244633,12.03801660725,12.854826929153,13.39067152759,
    13.774377776267,14.061595138019,14.290404646139,14.485893505565,
    14.664549413405,14.837292997394,15.011407815023,15.191750779519,
    15.381518377365,15.582740880709,15.796608347178,16.023690813363,
    16.264090631496,16.489312136147,16.754696964515,17.031791691054,
    17.319658333634,17.617216149997,17.923269502701,18.236530835731,
    18.555640150478,18.879181982258,19.205700618239,19.533714123532),
  .UNSPECIFIED.);
#5392 = CARTESIAN_POINT('',(35.2,-1.665334536938E-14,0.));
#5393 = CARTESIAN_POINT('',(35.19999936906,0.109350525109,0.));
#5394 = CARTESIAN_POINT('',(35.194009824176,0.327557141807,0.));
#5395 = CARTESIAN_POINT('',(35.167187930001,0.652639613759,0.));
#5396 = CARTESIAN_POINT('',(35.123024071696,0.972827848366,0.));
#5397 = CARTESIAN_POINT('',(35.062259251959,1.285774278137,0.));
#5398 = CARTESIAN_POINT('',(34.986103456686,1.589339655228,0.));
#5399 = CARTESIAN_POINT('',(34.895372047267,1.881319973675,0.));
#5400 = CARTESIAN_POINT('',(34.793465616226,2.160620134645,0.));
#5401 = CARTESIAN_POINT('',(34.675568106276,2.423246369216,0.));
#5402 = CARTESIAN_POINT('',(34.566760913351,2.676686878326,0.));
#5403 = CARTESIAN_POINT('',(34.393867863006,2.882037175264,0.));
#5404 = CARTESIAN_POINT('',(34.417906210961,3.146262674655,0.));
#5405 = CARTESIAN_POINT('',(34.244054555848,3.319813460989,0.));
#5406 = CARTESIAN_POINT('',(34.115175296568,3.503188582129,0.));
#5407 = CARTESIAN_POINT('',(33.973325880448,3.664874846062,0.));
#5408 = CARTESIAN_POINT('',(33.835941202889,3.812180090271,0.));
#5409 = CARTESIAN_POINT('',(33.699519470844,3.945245031125,0.));
#5410 = CARTESIAN_POINT('',(33.564714345515,4.066679876605,0.));
#5411 = CARTESIAN_POINT('',(33.429801114916,4.179352876983,0.));
#5412 = CARTESIAN_POINT('',(33.291738762658,4.287206182935,0.));
#5413 = CARTESIAN_POINT('',(33.14510882221,4.39554677371,0.));
#5414 = CARTESIAN_POINT('',(32.981272472074,4.511965305902,0.));
#5415 = CARTESIAN_POINT('',(32.786823551507,4.647788406306,0.));
#5416 = CARTESIAN_POINT('',(32.542866198719,4.822100194489,0.));
#5417 = CARTESIAN_POINT('',(32.219887819324,5.062831458607,0.));
#5418 = CARTESIAN_POINT('',(31.797146925636,5.457730993054,0.));
#5419 = CARTESIAN_POINT('',(31.152722096977,5.935981792459,0.));
#5420 = CARTESIAN_POINT('',(30.618363859617,6.837768845745,0.));
#5421 = CARTESIAN_POINT('',(30.178483223034,7.931283780424,0.));
#5422 = CARTESIAN_POINT('',(30.059796454143,9.10396589323,0.));
#5423 = CARTESIAN_POINT('',(30.11386583536,10.150787328492,0.));
#5424 = CARTESIAN_POINT('',(30.462221454445,10.873736531117,0.));
#5425 = CARTESIAN_POINT('',(30.653020961765,11.419860192488,0.));
#5426 = CARTESIAN_POINT('',(30.827130717285,11.783112677838,0.));
#5427 = CARTESIAN_POINT('',(30.962137498184,12.050830735858,0.));
#5428 = CARTESIAN_POINT('',(31.071193324525,12.261461037701,0.));
#5429 = CARTESIAN_POINT('',(31.162160818409,12.440683076859,0.));
#5430 = CARTESIAN_POINT('',(31.241646799713,12.604756236825,0.));
#5431 = CARTESIAN_POINT('',(31.313773010979,12.764416370748,0.));
#5432 = CARTESIAN_POINT('',(31.380870989814,12.926880662335,0.));
#5433 = CARTESIAN_POINT('',(31.443801413737,13.097052943441,0.));
#5434 = CARTESIAN_POINT('',(31.502758497005,13.278274437175,0.));
#5435 = CARTESIAN_POINT('',(31.555950427235,13.472552596416,0.));
#5436 = CARTESIAN_POINT('',(31.606412494023,13.681639383693,0.));
#5437 = CARTESIAN_POINT('',(31.635310742763,13.903903167843,0.));
#5438 = CARTESIAN_POINT('',(31.708595666418,14.138367649989,0.));
#5439 = CARTESIAN_POINT('',(31.564519054162,14.361156533244,0.));
#5440 = CARTESIAN_POINT('',(31.622177206011,14.623332597818,0.));
#5441 = CARTESIAN_POINT('',(31.600741513302,14.898308247591,0.));
#5442 = CARTESIAN_POINT('',(31.583086077105,15.185641934287,0.));
#5443 = CARTESIAN_POINT('',(31.543522483765,15.480308224669,0.));
#5444 = CARTESIAN_POINT('',(31.488171137188,15.781008945398,0.));
#5445 = CARTESIAN_POINT('',(31.414529880037,16.085194100473,0.));
#5446 = CARTESIAN_POINT('',(31.322900998297,16.390533222197,0.));
#5447 = CARTESIAN_POINT('',(31.213207260712,16.694569792195,0.));
#5448 = CARTESIAN_POINT('',(31.085883510988,16.994880781559,0.));
#5449 = CARTESIAN_POINT('',(30.989781318523,17.19087662545,0.));
#5450 = CARTESIAN_POINT('',(30.938964154299,17.287702000028,0.));
#5451 = VECTOR('',#5452,1.);
#5452 = DIRECTION('',(-0.,-0.,-1.));
#5453 = ADVANCED_FACE('',(#5454),#5481,.F.);
#5454 = FACE_BOUND('',#5455,.T.);
#5455 = EDGE_LOOP('',(#5456,#5466,#5473,#5474));
#5456 = ORIENTED_EDGE('',*,*,#5457,.T.);
#5457 = EDGE_CURVE('',#5458,#5460,#5462,.T.);
#5458 = VERTEX_POINT('',#5459);
#5459 = CARTESIAN_POINT('',(-7.5,21.650635094611,0.));
#5460 = VERTEX_POINT('',#5461);
#5461 = CARTESIAN_POINT('',(-7.5,21.650635094611,5.));
#5462 = LINE('',#5463,#5464);
#5463 = CARTESIAN_POINT('',(-7.5,21.650635094611,0.));
#5464 = VECTOR('',#5465,1.);
#5465 = DIRECTION('',(0.,0.,1.));
#5466 = ORIENTED_EDGE('',*,*,#5467,.T.);
#5467 = EDGE_CURVE('',#5460,#5460,#5468,.T.);
#5468 = CIRCLE('',#5469,7.);
#5469 = AXIS2_PLACEMENT_3D('',#5470,#5471,#5472);
#5470 = CARTESIAN_POINT('',(-14.5,21.650635094611,5.));
#5471 = DIRECTION('',(0.,0.,1.));
#5472 = DIRECTION('',(1.,0.,0.));
#5473 = ORIENTED_EDGE('',*,*,#5457,.F.);
#5474 = ORIENTED_EDGE('',*,*,#5475,.F.);
#5475 = EDGE_CURVE('',#5458,#5458,#5476,.T.);
#5476 = CIRCLE('',#5477,7.);
#5477 = AXIS2_PLACEMENT_3D('',#5478,#5479,#5480);
#5478 = CARTESIAN_POINT('',(-14.5,21.650635094611,0.));
#5479 = DIRECTION('',(0.,0.,1.));
#5480 = DIRECTION('',(1.,0.,0.));
#5481 = CYLINDRICAL_SURFACE('',#5482,7.);
#5482 = AXIS2_PLACEMENT_3D('',#5483,#5484,#5485);
#5483 = CARTESIAN_POINT('',(-14.5,21.650635094611,0.));
#5484 = DIRECTION('',(-0.,-0.,-1.));
#5485 = DIRECTION('',(1.,0.,0.));
#5486 = ADVANCED_FACE('',(#5487),#5514,.F.);
#5487 = FACE_BOUND('',#5488,.T.);
#5488 = EDGE_LOOP('',(#5489,#5499,#5506,#5507));
#5489 = ORIENTED_EDGE('',*,*,#5490,.T.);
#5490 = EDGE_CURVE('',#5491,#5493,#5495,.T.);
#5491 = VERTEX_POINT('',#5492);
#5492 = CARTESIAN_POINT('',(17.5,21.650635094611,0.));
#5493 = VERTEX_POINT('',#5494);
#5494 = CARTESIAN_POINT('',(17.5,21.650635094611,5.));
#5495 = LINE('',#5496,#5497);
#5496 = CARTESIAN_POINT('',(17.5,21.650635094611,0.));
#5497 = VECTOR('',#5498,1.);
#5498 = DIRECTION('',(0.,0.,1.));
#5499 = ORIENTED_EDGE('',*,*,#5500,.T.);
#5500 = EDGE_CURVE('',#5493,#5493,#5501,.T.);
#5501 = CIRCLE('',#5502,7.);
#5502 = AXIS2_PLACEMENT_3D('',#5503,#5504,#5505);
#5503 = CARTESIAN_POINT('',(10.5,21.650635094611,5.));
#5504 = DIRECTION('',(0.,0.,1.));
#5505 = DIRECTION('',(1.,0.,0.));
#5506 = ORIENTED_EDGE('',*,*,#5490,.F.);
#5507 = ORIENTED_EDGE('',*,*,#5508,.F.);
#5508 = EDGE_CURVE('',#5491,#5491,#5509,.T.);
#5509 = CIRCLE('',#5510,7.);
#5510 = AXIS2_PLACEMENT_3D('',#5511,#5512,#5513);
#5511 = CARTESIAN_POINT('',(10.5,21.650635094611,0.));
#5512 = DIRECTION('',(0.,0.,1.));
#5513 = DIRECTION('',(1.,0.,0.));
#5514 = CYLINDRICAL_SURFACE('',#5515,7.);
#5515 = AXIS2_PLACEMENT_3D('',#5516,#5517,#5518);
#5516 = CARTESIAN_POINT('',(10.5,21.650635094611,0.));
#5517 = DIRECTION('',(-0.,-0.,-1.));
#5518 = DIRECTION('',(1.,0.,0.));
#5519 = ADVANCED_FACE('',(#5520),#5547,.F.);
#5520 = FACE_BOUND('',#5521,.T.);
#5521 = EDGE_LOOP('',(#5522,#5532,#5539,#5540));
#5522 = ORIENTED_EDGE('',*,*,#5523,.T.);
#5523 = EDGE_CURVE('',#5524,#5526,#5528,.T.);
#5524 = VERTEX_POINT('',#5525);
#5525 = CARTESIAN_POINT('',(30.,0.,0.));
#5526 = VERTEX_POINT('',#5527);
#5527 = CARTESIAN_POINT('',(30.,0.,5.));
#5528 = LINE('',#5529,#5530);
#5529 = CARTESIAN_POINT('',(30.,0.,0.));
#5530 = VECTOR('',#5531,1.);
#5531 = DIRECTION('',(0.,0.,1.));
#5532 = ORIENTED_EDGE('',*,*,#5533,.T.);
#5533 = EDGE_CURVE('',#5526,#5526,#5534,.T.);
#5534 = CIRCLE('',#5535,7.);
#5535 = AXIS2_PLACEMENT_3D('',#5536,#5537,#5538);
#5536 = CARTESIAN_POINT('',(23.,0.,5.));
#5537 = DIRECTION('',(0.,0.,1.));
#5538 = DIRECTION('',(1.,0.,0.));
#5539 = ORIENTED_EDGE('',*,*,#5523,.F.);
#5540 = ORIENTED_EDGE('',*,*,#5541,.F.);
#5541 = EDGE_CURVE('',#5524,#5524,#5542,.T.);
#5542 = CIRCLE('',#5543,7.);
#5543 = AXIS2_PLACEMENT_3D('',#5544,#5545,#5546);
#5544 = CARTESIAN_POINT('',(23.,0.,0.));
#5545 = DIRECTION('',(0.,0.,1.));
#5546 = DIRECTION('',(1.,0.,0.));
#5547 = CYLINDRICAL_SURFACE('',#5548,7.);
#5548 = AXIS2_PLACEMENT_3D('',#5549,#5550,#5551);
#5549 = CARTESIAN_POINT('',(23.,0.,0.));
#5550 = DIRECTION('',(-0.,-0.,-1.));
#5551 = DIRECTION('',(1.,0.,0.));
#5552 = ADVANCED_FACE('',(#5553),#5580,.F.);
#5553 = FACE_BOUND('',#5554,.T.);
#5554 = EDGE_LOOP('',(#5555,#5565,#5572,#5573));
#5555 = ORIENTED_EDGE('',*,*,#5556,.T.);
#5556 = EDGE_CURVE('',#5557,#5559,#5561,.T.);
#5557 = VERTEX_POINT('',#5558);
#5558 = CARTESIAN_POINT('',(-7.5,-21.65063509461,0.));
#5559 = VERTEX_POINT('',#5560);
#5560 = CARTESIAN_POINT('',(-7.5,-21.65063509461,5.));
#5561 = LINE('',#5562,#5563);
#5562 = CARTESIAN_POINT('',(-7.5,-21.65063509461,0.));
#5563 = VECTOR('',#5564,1.);
#5564 = DIRECTION('',(0.,0.,1.));
#5565 = ORIENTED_EDGE('',*,*,#5566,.T.);
#5566 = EDGE_CURVE('',#5559,#5559,#5567,.T.);
#5567 = CIRCLE('',#5568,7.);
#5568 = AXIS2_PLACEMENT_3D('',#5569,#5570,#5571);
#5569 = CARTESIAN_POINT('',(-14.5,-21.65063509461,5.));
#5570 = DIRECTION('',(0.,0.,1.));
#5571 = DIRECTION('',(1.,0.,0.));
#5572 = ORIENTED_EDGE('',*,*,#5556,.F.);
#5573 = ORIENTED_EDGE('',*,*,#5574,.F.);
#5574 = EDGE_CURVE('',#5557,#5557,#5575,.T.);
#5575 = CIRCLE('',#5576,7.);
#5576 = AXIS2_PLACEMENT_3D('',#5577,#5578,#5579);
#5577 = CARTESIAN_POINT('',(-14.5,-21.65063509461,0.));
#5578 = DIRECTION('',(0.,0.,1.));
#5579 = DIRECTION('',(1.,0.,0.));
#5580 = CYLINDRICAL_SURFACE('',#5581,7.);
#5581 = AXIS2_PLACEMENT_3D('',#5582,#5583,#5584);
#5582 = CARTESIAN_POINT('',(-14.5,-21.65063509461,0.));
#5583 = DIRECTION('',(-0.,-0.,-1.));
#5584 = DIRECTION('',(1.,0.,0.));
#5585 = ADVANCED_FACE('',(#5586),#5613,.F.);
#5586 = FACE_BOUND('',#5587,.T.);
#5587 = EDGE_LOOP('',(#5588,#5598,#5605,#5606));
#5588 = ORIENTED_EDGE('',*,*,#5589,.T.);
#5589 = EDGE_CURVE('',#5590,#5592,#5594,.T.);
#5590 = VERTEX_POINT('',#5591);
#5591 = CARTESIAN_POINT('',(-20.,0.,0.));
#5592 = VERTEX_POINT('',#5593);
#5593 = CARTESIAN_POINT('',(-20.,0.,5.));
#5594 = LINE('',#5595,#5596);
#5595 = CARTESIAN_POINT('',(-20.,0.,0.));
#5596 = VECTOR('',#5597,1.);
#5597 = DIRECTION('',(0.,0.,1.));
#5598 = ORIENTED_EDGE('',*,*,#5599,.T.);
#5599 = EDGE_CURVE('',#5592,#5592,#5600,.T.);
#5600 = CIRCLE('',#5601,7.);
#5601 = AXIS2_PLACEMENT_3D('',#5602,#5603,#5604);
#5602 = CARTESIAN_POINT('',(-27.,0.,5.));
#5603 = DIRECTION('',(0.,0.,1.));
#5604 = DIRECTION('',(1.,0.,0.));
#5605 = ORIENTED_EDGE('',*,*,#5589,.F.);
#5606 = ORIENTED_EDGE('',*,*,#5607,.F.);
#5607 = EDGE_CURVE('',#5590,#5590,#5608,.T.);
#5608 = CIRCLE('',#5609,7.);
#5609 = AXIS2_PLACEMENT_3D('',#5610,#5611,#5612);
#5610 = CARTESIAN_POINT('',(-27.,0.,0.));
#5611 = DIRECTION('',(0.,0.,1.));
#5612 = DIRECTION('',(1.,0.,0.));
#5613 = CYLINDRICAL_SURFACE('',#5614,7.);
#5614 = AXIS2_PLACEMENT_3D('',#5615,#5616,#5617);
#5615 = CARTESIAN_POINT('',(-27.,0.,0.));
#5616 = DIRECTION('',(-0.,-0.,-1.));
#5617 = DIRECTION('',(1.,0.,0.));
#5618 = ADVANCED_FACE('',(#5619),#5646,.F.);
#5619 = FACE_BOUND('',#5620,.T.);
#5620 = EDGE_LOOP('',(#5621,#5631,#5638,#5639));
#5621 = ORIENTED_EDGE('',*,*,#5622,.T.);
#5622 = EDGE_CURVE('',#5623,#5625,#5627,.T.);
#5623 = VERTEX_POINT('',#5624);
#5624 = CARTESIAN_POINT('',(17.5,-21.65063509461,0.));
#5625 = VERTEX_POINT('',#5626);
#5626 = CARTESIAN_POINT('',(17.5,-21.65063509461,5.));
#5627 = LINE('',#5628,#5629);
#5628 = CARTESIAN_POINT('',(17.5,-21.65063509461,0.));
#5629 = VECTOR('',#5630,1.);
#5630 = DIRECTION('',(0.,0.,1.));
#5631 = ORIENTED_EDGE('',*,*,#5632,.T.);
#5632 = EDGE_CURVE('',#5625,#5625,#5633,.T.);
#5633 = CIRCLE('',#5634,7.);
#5634 = AXIS2_PLACEMENT_3D('',#5635,#5636,#5637);
#5635 = CARTESIAN_POINT('',(10.5,-21.65063509461,5.));
#5636 = DIRECTION('',(0.,0.,1.));
#5637 = DIRECTION('',(1.,0.,0.));
#5638 = ORIENTED_EDGE('',*,*,#5622,.F.);
#5639 = ORIENTED_EDGE('',*,*,#5640,.F.);
#5640 = EDGE_CURVE('',#5623,#5623,#5641,.T.);
#5641 = CIRCLE('',#5642,7.);
#5642 = AXIS2_PLACEMENT_3D('',#5643,#5644,#5645);
#5643 = CARTESIAN_POINT('',(10.5,-21.65063509461,0.));
#5644 = DIRECTION('',(0.,0.,1.));
#5645 = DIRECTION('',(1.,0.,0.));
#5646 = CYLINDRICAL_SURFACE('',#5647,7.);
#5647 = AXIS2_PLACEMENT_3D('',#5648,#5649,#5650);
#5648 = CARTESIAN_POINT('',(10.5,-21.65063509461,0.));
#5649 = DIRECTION('',(-0.,-0.,-1.));
#5650 = DIRECTION('',(1.,0.,0.));
#5651 = ADVANCED_FACE('',(#5652),#5679,.F.);
#5652 = FACE_BOUND('',#5653,.T.);
#5653 = EDGE_LOOP('',(#5654,#5664,#5671,#5672));
#5654 = ORIENTED_EDGE('',*,*,#5655,.T.);
#5655 = EDGE_CURVE('',#5656,#5658,#5660,.T.);
#5656 = VERTEX_POINT('',#5657);
#5657 = CARTESIAN_POINT('',(4.8,0.,0.));
#5658 = VERTEX_POINT('',#5659);
#5659 = CARTESIAN_POINT('',(4.8,0.,5.));
#5660 = LINE('',#5661,#5662);
#5661 = CARTESIAN_POINT('',(4.8,0.,0.));
#5662 = VECTOR('',#5663,1.);
#5663 = DIRECTION('',(0.,0.,1.));
#5664 = ORIENTED_EDGE('',*,*,#5665,.T.);
#5665 = EDGE_CURVE('',#5658,#5658,#5666,.T.);
#5666 = CIRCLE('',#5667,6.8);
#5667 = AXIS2_PLACEMENT_3D('',#5668,#5669,#5670);
#5668 = CARTESIAN_POINT('',(-2.,0.,5.));
#5669 = DIRECTION('',(0.,0.,1.));
#5670 = DIRECTION('',(1.,0.,0.));
#5671 = ORIENTED_EDGE('',*,*,#5655,.F.);
#5672 = ORIENTED_EDGE('',*,*,#5673,.F.);
#5673 = EDGE_CURVE('',#5656,#5656,#5674,.T.);
#5674 = CIRCLE('',#5675,6.8);
#5675 = AXIS2_PLACEMENT_3D('',#5676,#5677,#5678);
#5676 = CARTESIAN_POINT('',(-2.,0.,0.));
#5677 = DIRECTION('',(0.,0.,1.));
#5678 = DIRECTION('',(1.,0.,0.));
#5679 = CYLINDRICAL_SURFACE('',#5680,6.8);
#5680 = AXIS2_PLACEMENT_3D('',#5681,#5682,#5683);
#5681 = CARTESIAN_POINT('',(-2.,0.,0.));
#5682 = DIRECTION('',(-0.,-0.,-1.));
#5683 = DIRECTION('',(1.,0.,0.));
#5684 = ADVANCED_FACE('',(#5685,#5700,#5703,#5706,#5709,#5712,#5715,
    #5718),#5721,.F.);
#5685 = FACE_BOUND('',#5686,.F.);
#5686 = EDGE_LOOP('',(#5687,#5688,#5689,#5690,#5691,#5692,#5693,#5694,
    #5695,#5696,#5697,#5698,#5699));
#5687 = ORIENTED_EDGE('',*,*,#2926,.T.);
#5688 = ORIENTED_EDGE('',*,*,#3127,.T.);
#5689 = ORIENTED_EDGE('',*,*,#3328,.T.);
#5690 = ORIENTED_EDGE('',*,*,#3529,.T.);
#5691 = ORIENTED_EDGE('',*,*,#3730,.T.);
#5692 = ORIENTED_EDGE('',*,*,#3931,.T.);
#5693 = ORIENTED_EDGE('',*,*,#4132,.T.);
#5694 = ORIENTED_EDGE('',*,*,#4333,.T.);
#5695 = ORIENTED_EDGE('',*,*,#4534,.T.);
#5696 = ORIENTED_EDGE('',*,*,#4735,.T.);
#5697 = ORIENTED_EDGE('',*,*,#4936,.T.);
#5698 = ORIENTED_EDGE('',*,*,#5137,.T.);
#5699 = ORIENTED_EDGE('',*,*,#5329,.T.);
#5700 = FACE_BOUND('',#5701,.T.);
#5701 = EDGE_LOOP('',(#5702));
#5702 = ORIENTED_EDGE('',*,*,#5475,.T.);
#5703 = FACE_BOUND('',#5704,.T.);
#5704 = EDGE_LOOP('',(#5705));
#5705 = ORIENTED_EDGE('',*,*,#5508,.T.);
#5706 = FACE_BOUND('',#5707,.T.);
#5707 = EDGE_LOOP('',(#5708));
#5708 = ORIENTED_EDGE('',*,*,#5541,.T.);
#5709 = FACE_BOUND('',#5710,.T.);
#5710 = EDGE_LOOP('',(#5711));
#5711 = ORIENTED_EDGE('',*,*,#5574,.T.);
#5712 = FACE_BOUND('',#5713,.T.);
#5713 = EDGE_LOOP('',(#5714));
#5714 = ORIENTED_EDGE('',*,*,#5607,.T.);
#5715 = FACE_BOUND('',#5716,.T.);
#5716 = EDGE_LOOP('',(#5717));
#5717 = ORIENTED_EDGE('',*,*,#5640,.T.);
#5718 = FACE_BOUND('',#5719,.T.);
#5719 = EDGE_LOOP('',(#5720));
#5720 = ORIENTED_EDGE('',*,*,#5673,.T.);
#5721 = PLANE('',#5722);
#5722 = AXIS2_PLACEMENT_3D('',#5723,#5724,#5725);
#5723 = CARTESIAN_POINT('',(-2.,-1.862546378831E-15,0.));
#5724 = DIRECTION('',(0.,0.,1.));
#5725 = DIRECTION('',(1.,0.,0.));
#5726 = ADVANCED_FACE('',(#5727,#5742,#5745,#5748,#5751,#5754,#5757,
    #5760),#5763,.T.);
#5727 = FACE_BOUND('',#5728,.T.);
#5728 = EDGE_LOOP('',(#5729,#5730,#5731,#5732,#5733,#5734,#5735,#5736,
    #5737,#5738,#5739,#5740,#5741));
#5729 = ORIENTED_EDGE('',*,*,#2854,.T.);
#5730 = ORIENTED_EDGE('',*,*,#3055,.T.);
#5731 = ORIENTED_EDGE('',*,*,#3256,.T.);
#5732 = ORIENTED_EDGE('',*,*,#3457,.T.);
#5733 = ORIENTED_EDGE('',*,*,#3658,.T.);
#5734 = ORIENTED_EDGE('',*,*,#3859,.T.);
#5735 = ORIENTED_EDGE('',*,*,#4060,.T.);
#5736 = ORIENTED_EDGE('',*,*,#4261,.T.);
#5737 = ORIENTED_EDGE('',*,*,#4462,.T.);
#5738 = ORIENTED_EDGE('',*,*,#4663,.T.);
#5739 = ORIENTED_EDGE('',*,*,#4864,.T.);
#5740 = ORIENTED_EDGE('',*,*,#5065,.T.);
#5741 = ORIENTED_EDGE('',*,*,#5266,.T.);
#5742 = FACE_BOUND('',#5743,.F.);
#5743 = EDGE_LOOP('',(#5744));
#5744 = ORIENTED_EDGE('',*,*,#5467,.T.);
#5745 = FACE_BOUND('',#5746,.F.);
#5746 = EDGE_LOOP('',(#5747));
#5747 = ORIENTED_EDGE('',*,*,#5500,.T.);
#5748 = FACE_BOUND('',#5749,.F.);
#5749 = EDGE_LOOP('',(#5750));
#5750 = ORIENTED_EDGE('',*,*,#5533,.T.);
#5751 = FACE_BOUND('',#5752,.F.);
#5752 = EDGE_LOOP('',(#5753));
#5753 = ORIENTED_EDGE('',*,*,#5566,.T.);
#5754 = FACE_BOUND('',#5755,.F.);
#5755 = EDGE_LOOP('',(#5756));
#5756 = ORIENTED_EDGE('',*,*,#5599,.T.);
#5757 = FACE_BOUND('',#5758,.F.);
#5758 = EDGE_LOOP('',(#5759));
#5759 = ORIENTED_EDGE('',*,*,#5632,.T.);
#5760 = FACE_BOUND('',#5761,.F.);
#5761 = EDGE_LOOP('',(#5762));
#5762 = ORIENTED_EDGE('',*,*,#5665,.T.);
#5763 = PLANE('',#5764);
#5764 = AXIS2_PLACEMENT_3D('',#5765,#5766,#5767);
#5765 = CARTESIAN_POINT('',(-2.,-1.862546378831E-15,5.));
#5766 = DIRECTION('',(0.,0.,1.));
#5767 = DIRECTION('',(1.,0.,0.));
#5768 = ( GEOMETRIC_REPRESENTATION_CONTEXT(3) 
GLOBAL_UNCERTAINTY_ASSIGNED_CONTEXT((#5772)) 
GLOBAL_UNIT_ASSIGNED_CONTEXT((#5769,#5770,#5771)) REPRESENTATION_CONTEXT
('Context #1','3D Context with UNIT and UNCERTAINTY') );
#5769 = ( LENGTH_UNIT() NAMED_UNIT(*) SI_UNIT(.MILLI.,.METRE.) );
#5770 = ( NAMED_UNIT(*) PLANE_ANGLE_UNIT() SI_UNIT($,.RADIAN.) );
#5771 = ( NAMED_UNIT(*) SI_UNIT($,.STERADIAN.) SOLID_ANGLE_UNIT() );
#5772 = UNCERTAINTY_MEASURE_WITH_UNIT(LENGTH_MEASURE(1.E-07),#5769,
  'distance_accuracy_value','confusion accuracy');
#5773 = CONTEXT_DEPENDENT_SHAPE_REPRESENTATION(#5774,#5776);
#5774 = ( REPRESENTATION_RELATIONSHIP('','',#2837,#10) 
REPRESENTATION_RELATIONSHIP_WITH_TRANSFORMATION(#5775) 
SHAPE_REPRESENTATION_RELATIONSHIP() );
#5775 = ITEM_DEFINED_TRANSFORMATION('','',#11,#27);
#5776 = PRODUCT_DEFINITION_SHAPE('Placement','Placement of an item',
  #5777);
#5777 = NEXT_ASSEMBLY_USAGE_OCCURRENCE('4','cycloidalDisk1','',#5,#2832,
  $);
#5778 = PRODUCT_RELATED_PRODUCT_CATEGORY('part',$,(#2834));
#5779 = SHAPE_DEFINITION_REPRESENTATION(#5780,#5786);
#5780 = PRODUCT_DEFINITION_SHAPE('','',#5781);
#5781 = PRODUCT_DEFINITION('design','',#5782,#5785);
#5782 = PRODUCT_DEFINITION_FORMATION('','',#5783);
#5783 = PRODUCT('cycloidalDisk2','cycloidalDisk2','',(#5784));
#5784 = PRODUCT_CONTEXT('',#2,'mechanical');
#5785 = PRODUCT_DEFINITION_CONTEXT('part definition',#2,'design');
#5786 = ADVANCED_BREP_SHAPE_REPRESENTATION('',(#11,#5787),#8717);
#5787 = MANIFOLD_SOLID_BREP('',#5788);
#5788 = CLOSED_SHELL('',(#5789,#5999,#6200,#6401,#6602,#6803,#7004,#7205
    ,#7406,#7607,#7808,#8009,#8210,#8402,#8435,#8468,#8501,#8534,#8567,
    #8600,#8633,#8675));
#5789 = ADVANCED_FACE('',(#5790),#5936,.F.);
#5790 = FACE_BOUND('',#5791,.F.);
#5791 = EDGE_LOOP('',(#5792,#5802,#5866,#5874));
#5792 = ORIENTED_EDGE('',*,*,#5793,.T.);
#5793 = EDGE_CURVE('',#5794,#5796,#5798,.T.);
#5794 = VERTEX_POINT('',#5795);
#5795 = CARTESIAN_POINT('',(30.938964154299,17.287702000028,0.));
#5796 = VERTEX_POINT('',#5797);
#5797 = CARTESIAN_POINT('',(30.938964154299,17.287702000028,5.));
#5798 = LINE('',#5799,#5800);
#5799 = CARTESIAN_POINT('',(30.938964154299,17.287702000028,0.));
#5800 = VECTOR('',#5801,1.);
#5801 = DIRECTION('',(0.,0.,1.));
#5802 = ORIENTED_EDGE('',*,*,#5803,.T.);
#5803 = EDGE_CURVE('',#5796,#5804,#5806,.T.);
#5804 = VERTEX_POINT('',#5805);
#5805 = CARTESIAN_POINT('',(19.132008578399,30.614999811244,5.));
#5806 = B_SPLINE_CURVE_WITH_KNOTS('',3,(#5807,#5808,#5809,#5810,#5811,
    #5812,#5813,#5814,#5815,#5816,#5817,#5818,#5819,#5820,#5821,#5822,
    #5823,#5824,#5825,#5826,#5827,#5828,#5829,#5830,#5831,#5832,#5833,
    #5834,#5835,#5836,#5837,#5838,#5839,#5840,#5841,#5842,#5843,#5844,
    #5845,#5846,#5847,#5848,#5849,#5850,#5851,#5852,#5853,#5854,#5855,
    #5856,#5857,#5858,#5859,#5860,#5861,#5862,#5863,#5864,#5865),
  .UNSPECIFIED.,.F.,.F.,(4,1,1,1,1,1,1,1,1,1,1,1,1,1,1,1,1,1,1,1,1,1,1,1
    ,1,1,1,1,1,1,1,1,1,1,1,1,1,1,1,1,1,1,1,1,1,1,1,1,1,1,1,1,1,1,1,1,4),
  (0.,0.328013505293,0.654532141274,0.978073973054,1.297183287801,
    1.61044462083,1.916497973535,2.214055789897,2.501922432478,
    2.779017159017,3.044401987384,3.269623492035,3.510023310168,
    3.737105776354,3.950973242823,4.152195746167,4.341963344013,
    4.522306308509,4.696421126138,4.869164710127,5.047820617967,
    5.243309477393,5.472118985513,5.759336347265,6.143042595942,
    6.678887194379,7.495697516282,8.524531677202,9.766857061766,
    11.00918244633,12.03801660725,12.854826929153,13.39067152759,
    13.774377776267,14.061595138019,14.290404646139,14.485893505565,
    14.664549413405,14.837292997394,15.011407815023,15.191750779519,
    15.381518377365,15.582740880709,15.796608347178,16.023690813363,
    16.264090631496,16.489312136147,16.754696964515,17.031791691054,
    17.319658333634,17.617216149997,17.923269502701,18.236530835731,
    18.555640150478,18.879181982258,19.205700618239,19.533714123532),
  .UNSPECIFIED.);
#5807 = CARTESIAN_POINT('',(30.938964154299,17.287702000028,5.));
#5808 = CARTESIAN_POINT('',(30.888145872737,17.384526788182,5.));
#5809 = CARTESIAN_POINT('',(30.781436723055,17.574955671477,5.));
#5810 = CARTESIAN_POINT('',(30.606613757698,17.85033714936,5.));
#5811 = CARTESIAN_POINT('',(30.418709711207,18.113325782714,5.));
#5812 = CARTESIAN_POINT('',(30.219471677901,18.362187264886,5.));
#5813 = CARTESIAN_POINT('',(30.010965205123,18.595589694461,5.));
#5814 = CARTESIAN_POINT('',(29.794936512174,18.811960438413,5.));
#5815 = CARTESIAN_POINT('',(29.574905591998,19.011910169025,5.));
#5816 = CARTESIAN_POINT('',(29.348464034611,19.18966444612,5.));
#5817 = CARTESIAN_POINT('',(29.134340372684,19.363509648219,5.));
#5818 = CARTESIAN_POINT('',(28.885820138089,19.464990899232,5.));
#5819 = CARTESIAN_POINT('',(28.78431332592,19.710122137112,5.));
#5820 = CARTESIAN_POINT('',(28.549722258394,19.783000833998,5.));
#5821 = CARTESIAN_POINT('',(28.350386673714,19.885478261783,5.));
#5822 = CARTESIAN_POINT('',(28.149645900024,19.962723627836,5.));
#5823 = CARTESIAN_POINT('',(27.9595416491,20.029310100786,5.));
#5824 = CARTESIAN_POINT('',(27.776907843029,20.083734914417,5.));
#5825 = CARTESIAN_POINT('',(27.601110245929,20.128613064621,5.));
#5826 = CARTESIAN_POINT('',(27.429288758815,20.165682747259,5.));
#5827 = CARTESIAN_POINT('',(27.256918686635,20.19702133262,5.));
#5828 = CARTESIAN_POINT('',(27.076735939319,20.224809830503,5.));
#5829 = CARTESIAN_POINT('',(26.877563666304,20.251754772998,5.));
#5830 = CARTESIAN_POINT('',(26.64226755585,20.281655236508,5.));
#5831 = CARTESIAN_POINT('',(26.345247320693,20.322628024867,5.));
#5832 = CARTESIAN_POINT('',(25.947390771831,20.385689436269,5.));
#5833 = CARTESIAN_POINT('',(25.389553335937,20.538898119505,5.));
#5834 = CARTESIAN_POINT('',(24.596689259789,20.662889021094,5.));
#5835 = CARTESIAN_POINT('',(23.70445719875,21.213053146208,5.));
#5836 = CARTESIAN_POINT('',(22.806780509398,21.976889809507,5.));
#5837 = CARTESIAN_POINT('',(22.156716043456,22.960091760749,5.));
#5838 = CARTESIAN_POINT('',(21.7181099249,23.912133402734,5.));
#5839 = CARTESIAN_POINT('',(21.690592260219,24.71416205874,5.));
#5840 = CARTESIAN_POINT('',(21.605740513426,25.286399497719,5.));
#5841 = CARTESIAN_POINT('',(21.591095198331,25.688956437575,5.));
#5842 = CARTESIAN_POINT('',(21.586222980846,25.988749784692,5.));
#5843 = CARTESIAN_POINT('',(21.584902337411,26.22593442419,5.));
#5844 = CARTESIAN_POINT('',(21.582161418472,26.426902361003,5.));
#5845 = CARTESIAN_POINT('',(21.576294160226,26.609120906508,5.));
#5846 = CARTESIAN_POINT('',(21.565960984713,26.784011655833,5.));
#5847 = CARTESIAN_POINT('',(21.549872373452,26.959048627335,5.));
#5848 = CARTESIAN_POINT('',(21.526511494242,27.138973925263,5.));
#5849 = CARTESIAN_POINT('',(21.494497571466,27.326836311618,5.));
#5850 = CARTESIAN_POINT('',(21.451311124183,27.523580600914,5.));
#5851 = CARTESIAN_POINT('',(21.398825590271,27.732168648338,5.));
#5852 = CARTESIAN_POINT('',(21.321122587948,27.94240314112,5.));
#5853 = CARTESIAN_POINT('',(21.277052087313,28.184068331822,5.));
#5854 = CARTESIAN_POINT('',(21.045943426314,28.314382350683,5.));
#5855 = CARTESIAN_POINT('',(20.975157891933,28.573322806064,5.));
#5856 = CARTESIAN_POINT('',(20.828389972463,28.806839988953,5.));
#5857 = CARTESIAN_POINT('',(20.679226237781,29.053056442898,5.));
#5858 = CARTESIAN_POINT('',(20.5072561625,29.295584366679,5.));
#5859 = CARTESIAN_POINT('',(20.318502386372,29.536118578409,5.));
#5860 = CARTESIAN_POINT('',(20.111934401337,29.771238358267,5.));
#5861 = CARTESIAN_POINT('',(19.888902890679,29.999020658893,5.));
#5862 = CARTESIAN_POINT('',(19.650481070532,30.217254450132,5.));
#5863 = CARTESIAN_POINT('',(19.398180013552,30.423996328386,5.));
#5864 = CARTESIAN_POINT('',(19.222001937876,30.55288111364,5.));
#5865 = CARTESIAN_POINT('',(19.132008578399,30.614999811244,5.));
#5866 = ORIENTED_EDGE('',*,*,#5867,.F.);
#5867 = EDGE_CURVE('',#5868,#5804,#5870,.T.);
#5868 = VERTEX_POINT('',#5869);
#5869 = CARTESIAN_POINT('',(19.132008578399,30.614999811244,0.));
#5870 = LINE('',#5871,#5872);
#5871 = CARTESIAN_POINT('',(19.132008578399,30.614999811244,0.));
#5872 = VECTOR('',#5873,1.);
#5873 = DIRECTION('',(0.,0.,1.));
#5874 = ORIENTED_EDGE('',*,*,#5875,.F.);
#5875 = EDGE_CURVE('',#5794,#5868,#5876,.T.);
#5876 = B_SPLINE_CURVE_WITH_KNOTS('',3,(#5877,#5878,#5879,#5880,#5881,
    #5882,#5883,#5884,#5885,#5886,#5887,#5888,#5889,#5890,#5891,#5892,
    #5893,#5894,#5895,#5896,#5897,#5898,#5899,#5900,#5901,#5902,#5903,
    #5904,#5905,#5906,#5907,#5908,#5909,#5910,#5911,#5912,#5913,#5914,
    #5915,#5916,#5917,#5918,#5919,#5920,#5921,#5922,#5923,#5924,#5925,
    #5926,#5927,#5928,#5929,#5930,#5931,#5932,#5933,#5934,#5935),
  .UNSPECIFIED.,.F.,.F.,(4,1,1,1,1,1,1,1,1,1,1,1,1,1,1,1,1,1,1,1,1,1,1,1
    ,1,1,1,1,1,1,1,1,1,1,1,1,1,1,1,1,1,1,1,1,1,1,1,1,1,1,1,1,1,1,1,1,4),
  (0.,0.328013505293,0.654532141274,0.978073973054,1.297183287801,
    1.61044462083,1.916497973535,2.214055789897,2.501922432478,
    2.779017159017,3.044401987384,3.269623492035,3.510023310168,
    3.737105776354,3.950973242823,4.152195746167,4.341963344013,
    4.522306308509,4.696421126138,4.869164710127,5.047820617967,
    5.243309477393,5.472118985513,5.759336347265,6.143042595942,
    6.678887194379,7.495697516282,8.524531677202,9.766857061766,
    11.00918244633,12.03801660725,12.854826929153,13.39067152759,
    13.774377776267,14.061595138019,14.290404646139,14.485893505565,
    14.664549413405,14.837292997394,15.011407815023,15.191750779519,
    15.381518377365,15.582740880709,15.796608347178,16.023690813363,
    16.264090631496,16.489312136147,16.754696964515,17.031791691054,
    17.319658333634,17.617216149997,17.923269502701,18.236530835731,
    18.555640150478,18.879181982258,19.205700618239,19.533714123532),
  .UNSPECIFIED.);
#5877 = CARTESIAN_POINT('',(30.938964154299,17.287702000028,0.));
#5878 = CARTESIAN_POINT('',(30.888145872737,17.384526788182,0.));
#5879 = CARTESIAN_POINT('',(30.781436723055,17.574955671477,0.));
#5880 = CARTESIAN_POINT('',(30.606613757698,17.85033714936,0.));
#5881 = CARTESIAN_POINT('',(30.418709711207,18.113325782714,0.));
#5882 = CARTESIAN_POINT('',(30.219471677901,18.362187264886,0.));
#5883 = CARTESIAN_POINT('',(30.010965205123,18.595589694461,0.));
#5884 = CARTESIAN_POINT('',(29.794936512174,18.811960438413,0.));
#5885 = CARTESIAN_POINT('',(29.574905591998,19.011910169025,0.));
#5886 = CARTESIAN_POINT('',(29.348464034611,19.18966444612,0.));
#5887 = CARTESIAN_POINT('',(29.134340372684,19.363509648219,0.));
#5888 = CARTESIAN_POINT('',(28.885820138089,19.464990899232,0.));
#5889 = CARTESIAN_POINT('',(28.78431332592,19.710122137112,0.));
#5890 = CARTESIAN_POINT('',(28.549722258394,19.783000833998,0.));
#5891 = CARTESIAN_POINT('',(28.350386673714,19.885478261783,0.));
#5892 = CARTESIAN_POINT('',(28.149645900024,19.962723627836,0.));
#5893 = CARTESIAN_POINT('',(27.9595416491,20.029310100786,0.));
#5894 = CARTESIAN_POINT('',(27.776907843029,20.083734914417,0.));
#5895 = CARTESIAN_POINT('',(27.601110245929,20.128613064621,0.));
#5896 = CARTESIAN_POINT('',(27.429288758815,20.165682747259,0.));
#5897 = CARTESIAN_POINT('',(27.256918686635,20.19702133262,0.));
#5898 = CARTESIAN_POINT('',(27.076735939319,20.224809830503,0.));
#5899 = CARTESIAN_POINT('',(26.877563666304,20.251754772998,0.));
#5900 = CARTESIAN_POINT('',(26.64226755585,20.281655236508,0.));
#5901 = CARTESIAN_POINT('',(26.345247320693,20.322628024867,0.));
#5902 = CARTESIAN_POINT('',(25.947390771831,20.385689436269,0.));
#5903 = CARTESIAN_POINT('',(25.389553335937,20.538898119505,0.));
#5904 = CARTESIAN_POINT('',(24.596689259789,20.662889021094,0.));
#5905 = CARTESIAN_POINT('',(23.70445719875,21.213053146208,0.));
#5906 = CARTESIAN_POINT('',(22.806780509398,21.976889809507,0.));
#5907 = CARTESIAN_POINT('',(22.156716043456,22.960091760749,0.));
#5908 = CARTESIAN_POINT('',(21.7181099249,23.912133402734,0.));
#5909 = CARTESIAN_POINT('',(21.690592260219,24.71416205874,0.));
#5910 = CARTESIAN_POINT('',(21.605740513426,25.286399497719,0.));
#5911 = CARTESIAN_POINT('',(21.591095198331,25.688956437575,0.));
#5912 = CARTESIAN_POINT('',(21.586222980846,25.988749784692,0.));
#5913 = CARTESIAN_POINT('',(21.584902337411,26.22593442419,0.));
#5914 = CARTESIAN_POINT('',(21.582161418472,26.426902361003,0.));
#5915 = CARTESIAN_POINT('',(21.576294160226,26.609120906508,0.));
#5916 = CARTESIAN_POINT('',(21.565960984713,26.784011655833,0.));
#5917 = CARTESIAN_POINT('',(21.549872373452,26.959048627335,0.));
#5918 = CARTESIAN_POINT('',(21.526511494242,27.138973925263,0.));
#5919 = CARTESIAN_POINT('',(21.494497571466,27.326836311618,0.));
#5920 = CARTESIAN_POINT('',(21.451311124183,27.523580600914,0.));
#5921 = CARTESIAN_POINT('',(21.398825590271,27.732168648338,0.));
#5922 = CARTESIAN_POINT('',(21.321122587948,27.94240314112,0.));
#5923 = CARTESIAN_POINT('',(21.277052087313,28.184068331822,0.));
#5924 = CARTESIAN_POINT('',(21.045943426314,28.314382350683,0.));
#5925 = CARTESIAN_POINT('',(20.975157891933,28.573322806064,0.));
#5926 = CARTESIAN_POINT('',(20.828389972463,28.806839988953,0.));
#5927 = CARTESIAN_POINT('',(20.679226237781,29.053056442898,0.));
#5928 = CARTESIAN_POINT('',(20.5072561625,29.295584366679,0.));
#5929 = CARTESIAN_POINT('',(20.318502386372,29.536118578409,0.));
#5930 = CARTESIAN_POINT('',(20.111934401337,29.771238358267,0.));
#5931 = CARTESIAN_POINT('',(19.888902890679,29.999020658893,0.));
#5932 = CARTESIAN_POINT('',(19.650481070532,30.217254450132,0.));
#5933 = CARTESIAN_POINT('',(19.398180013552,30.423996328386,0.));
#5934 = CARTESIAN_POINT('',(19.222001937876,30.55288111364,0.));
#5935 = CARTESIAN_POINT('',(19.132008578399,30.614999811244,0.));
#5936 = SURFACE_OF_LINEAR_EXTRUSION('',#5937,#5997);
#5937 = B_SPLINE_CURVE_WITH_KNOTS('',3,(#5938,#5939,#5940,#5941,#5942,
    #5943,#5944,#5945,#5946,#5947,#5948,#5949,#5950,#5951,#5952,#5953,
    #5954,#5955,#5956,#5957,#5958,#5959,#5960,#5961,#5962,#5963,#5964,
    #5965,#5966,#5967,#5968,#5969,#5970,#5971,#5972,#5973,#5974,#5975,
    #5976,#5977,#5978,#5979,#5980,#5981,#5982,#5983,#5984,#5985,#5986,
    #5987,#5988,#5989,#5990,#5991,#5992,#5993,#5994,#5995,#5996),
  .UNSPECIFIED.,.F.,.F.,(4,1,1,1,1,1,1,1,1,1,1,1,1,1,1,1,1,1,1,1,1,1,1,1
    ,1,1,1,1,1,1,1,1,1,1,1,1,1,1,1,1,1,1,1,1,1,1,1,1,1,1,1,1,1,1,1,1,4),
  (0.,0.328013505293,0.654532141274,0.978073973054,1.297183287801,
    1.61044462083,1.916497973535,2.214055789897,2.501922432478,
    2.779017159017,3.044401987384,3.269623492035,3.510023310168,
    3.737105776354,3.950973242823,4.152195746167,4.341963344013,
    4.522306308509,4.696421126138,4.869164710127,5.047820617967,
    5.243309477393,5.472118985513,5.759336347265,6.143042595942,
    6.678887194379,7.495697516282,8.524531677202,9.766857061766,
    11.00918244633,12.03801660725,12.854826929153,13.39067152759,
    13.774377776267,14.061595138019,14.290404646139,14.485893505565,
    14.664549413405,14.837292997394,15.011407815023,15.191750779519,
    15.381518377365,15.582740880709,15.796608347178,16.023690813363,
    16.264090631496,16.489312136147,16.754696964515,17.031791691054,
    17.319658333634,17.617216149997,17.923269502701,18.236530835731,
    18.555640150478,18.879181982258,19.205700618239,19.533714123532),
  .UNSPECIFIED.);
#5938 = CARTESIAN_POINT('',(30.938964154299,17.287702000028,0.));
#5939 = CARTESIAN_POINT('',(30.888145872737,17.384526788182,0.));
#5940 = CARTESIAN_POINT('',(30.781436723055,17.574955671477,0.));
#5941 = CARTESIAN_POINT('',(30.606613757698,17.85033714936,0.));
#5942 = CARTESIAN_POINT('',(30.418709711207,18.113325782714,0.));
#5943 = CARTESIAN_POINT('',(30.219471677901,18.362187264886,0.));
#5944 = CARTESIAN_POINT('',(30.010965205123,18.595589694461,0.));
#5945 = CARTESIAN_POINT('',(29.794936512174,18.811960438413,0.));
#5946 = CARTESIAN_POINT('',(29.574905591998,19.011910169025,0.));
#5947 = CARTESIAN_POINT('',(29.348464034611,19.18966444612,0.));
#5948 = CARTESIAN_POINT('',(29.134340372684,19.363509648219,0.));
#5949 = CARTESIAN_POINT('',(28.885820138089,19.464990899232,0.));
#5950 = CARTESIAN_POINT('',(28.78431332592,19.710122137112,0.));
#5951 = CARTESIAN_POINT('',(28.549722258394,19.783000833998,0.));
#5952 = CARTESIAN_POINT('',(28.350386673714,19.885478261783,0.));
#5953 = CARTESIAN_POINT('',(28.149645900024,19.962723627836,0.));
#5954 = CARTESIAN_POINT('',(27.9595416491,20.029310100786,0.));
#5955 = CARTESIAN_POINT('',(27.776907843029,20.083734914417,0.));
#5956 = CARTESIAN_POINT('',(27.601110245929,20.128613064621,0.));
#5957 = CARTESIAN_POINT('',(27.429288758815,20.165682747259,0.));
#5958 = CARTESIAN_POINT('',(27.256918686635,20.19702133262,0.));
#5959 = CARTESIAN_POINT('',(27.076735939319,20.224809830503,0.));
#5960 = CARTESIAN_POINT('',(26.877563666304,20.251754772998,0.));
#5961 = CARTESIAN_POINT('',(26.64226755585,20.281655236508,0.));
#5962 = CARTESIAN_POINT('',(26.345247320693,20.322628024867,0.));
#5963 = CARTESIAN_POINT('',(25.947390771831,20.385689436269,0.));
#5964 = CARTESIAN_POINT('',(25.389553335937,20.538898119505,0.));
#5965 = CARTESIAN_POINT('',(24.596689259789,20.662889021094,0.));
#5966 = CARTESIAN_POINT('',(23.70445719875,21.213053146208,0.));
#5967 = CARTESIAN_POINT('',(22.806780509398,21.976889809507,0.));
#5968 = CARTESIAN_POINT('',(22.156716043456,22.960091760749,0.));
#5969 = CARTESIAN_POINT('',(21.7181099249,23.912133402734,0.));
#5970 = CARTESIAN_POINT('',(21.690592260219,24.71416205874,0.));
#5971 = CARTESIAN_POINT('',(21.605740513426,25.286399497719,0.));
#5972 = CARTESIAN_POINT('',(21.591095198331,25.688956437575,0.));
#5973 = CARTESIAN_POINT('',(21.586222980846,25.988749784692,0.));
#5974 = CARTESIAN_POINT('',(21.584902337411,26.22593442419,0.));
#5975 = CARTESIAN_POINT('',(21.582161418472,26.426902361003,0.));
#5976 = CARTESIAN_POINT('',(21.576294160226,26.609120906508,0.));
#5977 = CARTESIAN_POINT('',(21.565960984713,26.784011655833,0.));
#5978 = CARTESIAN_POINT('',(21.549872373452,26.959048627335,0.));
#5979 = CARTESIAN_POINT('',(21.526511494242,27.138973925263,0.));
#5980 = CARTESIAN_POINT('',(21.494497571466,27.326836311618,0.));
#5981 = CARTESIAN_POINT('',(21.451311124183,27.523580600914,0.));
#5982 = CARTESIAN_POINT('',(21.398825590271,27.732168648338,0.));
#5983 = CARTESIAN_POINT('',(21.321122587948,27.94240314112,0.));
#5984 = CARTESIAN_POINT('',(21.277052087313,28.184068331822,0.));
#5985 = CARTESIAN_POINT('',(21.045943426314,28.314382350683,0.));
#5986 = CARTESIAN_POINT('',(20.975157891933,28.573322806064,0.));
#5987 = CARTESIAN_POINT('',(20.828389972463,28.806839988953,0.));
#5988 = CARTESIAN_POINT('',(20.679226237781,29.053056442898,0.));
#5989 = CARTESIAN_POINT('',(20.5072561625,29.295584366679,0.));
#5990 = CARTESIAN_POINT('',(20.318502386372,29.536118578409,0.));
#5991 = CARTESIAN_POINT('',(20.111934401337,29.771238358267,0.));
#5992 = CARTESIAN_POINT('',(19.888902890679,29.999020658893,0.));
#5993 = CARTESIAN_POINT('',(19.650481070532,30.217254450132,0.));
#5994 = CARTESIAN_POINT('',(19.398180013552,30.423996328386,0.));
#5995 = CARTESIAN_POINT('',(19.222001937876,30.55288111364,0.));
#5996 = CARTESIAN_POINT('',(19.132008578399,30.614999811244,0.));
#5997 = VECTOR('',#5998,1.);
#5998 = DIRECTION('',(-0.,-0.,-1.));
#5999 = ADVANCED_FACE('',(#6000),#6137,.F.);
#6000 = FACE_BOUND('',#6001,.F.);
#6001 = EDGE_LOOP('',(#6002,#6003,#6067,#6075));
#6002 = ORIENTED_EDGE('',*,*,#5867,.T.);
#6003 = ORIENTED_EDGE('',*,*,#6004,.T.);
#6004 = EDGE_CURVE('',#5804,#6005,#6007,.T.);
#6005 = VERTEX_POINT('',#6006);
#6006 = CARTESIAN_POINT('',(2.483964505498,36.928770116448,5.));
#6007 = B_SPLINE_CURVE_WITH_KNOTS('',3,(#6008,#6009,#6010,#6011,#6012,
    #6013,#6014,#6015,#6016,#6017,#6018,#6019,#6020,#6021,#6022,#6023,
    #6024,#6025,#6026,#6027,#6028,#6029,#6030,#6031,#6032,#6033,#6034,
    #6035,#6036,#6037,#6038,#6039,#6040,#6041,#6042,#6043,#6044,#6045,
    #6046,#6047,#6048,#6049,#6050,#6051,#6052,#6053,#6054,#6055,#6056,
    #6057,#6058,#6059,#6060,#6061,#6062,#6063,#6064,#6065,#6066),
  .UNSPECIFIED.,.F.,.F.,(4,1,1,1,1,1,1,1,1,1,1,1,1,1,1,1,1,1,1,1,1,1,1,1
    ,1,1,1,1,1,1,1,1,1,1,1,1,1,1,1,1,1,1,1,1,1,1,1,1,1,1,1,1,1,1,1,1,4),
  (0.,0.328013505293,0.654532141274,0.978073973054,1.297183287801,
    1.61044462083,1.916497973535,2.214055789897,2.501922432478,
    2.779017159017,3.044401987384,3.269623492035,3.510023310168,
    3.737105776354,3.950973242823,4.152195746167,4.341963344013,
    4.522306308509,4.696421126138,4.869164710127,5.047820617967,
    5.243309477393,5.472118985513,5.759336347265,6.143042595942,
    6.678887194379,7.495697516282,8.524531677202,9.766857061766,
    11.00918244633,12.03801660725,12.854826929153,13.39067152759,
    13.774377776267,14.061595138019,14.290404646139,14.485893505565,
    14.664549413405,14.837292997394,15.011407815023,15.191750779519,
    15.381518377365,15.582740880709,15.796608347178,16.023690813363,
    16.264090631496,16.489312136147,16.754696964515,17.031791691054,
    17.319658333634,17.617216149997,17.923269502701,18.236530835731,
    18.555640150478,18.879181982258,19.205700618239,19.533714123532),
  .UNSPECIFIED.);
#6008 = CARTESIAN_POINT('',(19.132008578399,30.614999811244,5.));
#6009 = CARTESIAN_POINT('',(19.042014502093,30.677117470342,5.));
#6010 = CARTESIAN_POINT('',(18.859031527821,30.796143657988,5.));
#6011 = CARTESIAN_POINT('',(18.576257325799,30.958737563925,5.));
#6012 = CARTESIAN_POINT('',(18.287659643685,31.104279069482,5.));
#6013 = CARTESIAN_POINT('',(17.995591429161,31.232044437594,5.));
#6014 = CARTESIAN_POINT('',(17.702500599017,31.341814235843,5.));
#6015 = CARTESIAN_POINT('',(17.410664192665,31.433007475411,5.));
#6016 = CARTESIAN_POINT('',(17.122915215505,31.507800702036,5.));
#6017 = CARTESIAN_POINT('',(16.839804642563,31.559961658945,5.));
#6018 = CARTESIAN_POINT('',(16.56941766211,31.614385713294,5.));
#6019 = CARTESIAN_POINT('',(16.302203234018,31.588749786756,5.));
#6020 = CARTESIAN_POINT('',(16.098405249104,31.758630150677,5.));
#6021 = CARTESIAN_POINT('',(15.856816755607,31.714141126943,5.));
#6022 = CARTESIAN_POINT('',(15.632690225722,31.712244517655,5.));
#6023 = CARTESIAN_POINT('',(15.419045386526,31.687353003373,5.));
#6024 = CARTESIAN_POINT('',(15.219772155118,31.657966546565,5.));
#6025 = CARTESIAN_POINT('',(15.032765479016,31.621283164059,5.));
#6026 = CARTESIAN_POINT('',(14.85624852105,31.579323575616,5.));
#6027 = CARTESIAN_POINT('',(14.686881009446,31.53229772296,5.));
#6028 = CARTESIAN_POINT('',(14.519691123596,31.479942295494,5.));
#6029 = CARTESIAN_POINT('',(14.347233265384,31.420812690508,5.));
#6030 = CARTESIAN_POINT('',(14.158353036953,31.352111281703,5.));
#6031 = CARTESIAN_POINT('',(13.936113239891,31.269239272468,5.));
#6032 = CARTESIAN_POINT('',(13.654073878756,31.167486688964,5.));
#6033 = CARTESIAN_POINT('',(13.27248330108,31.038431638271,5.));
#6034 = CARTESIAN_POINT('',(12.707343156876,30.914851207332,5.));
#6035 = CARTESIAN_POINT('',(11.947675438035,30.656177389802,5.));
#6036 = CARTESIAN_POINT('',(10.901969165939,30.728682615878,5.));
#6037 = CARTESIAN_POINT('',(9.752143335173,30.987855233466,5.));
#6038 = CARTESIAN_POINT('',(8.719623107201,31.556337304981,5.));
#6039 = CARTESIAN_POINT('',(7.888820864856,32.195497886856,5.));
#6040 = CARTESIAN_POINT('',(7.491733881763,32.892870896645,5.));
#6041 = CARTESIAN_POINT('',(7.150669393473,33.360129412171,5.));
#6042 = CARTESIAN_POINT('',(6.950624072957,33.709769862948,5.));
#6043 = CARTESIAN_POINT('',(6.806989023396,33.972959456239,5.));
#6044 = CARTESIAN_POINT('',(6.695594453682,34.182362290869,5.));
#6045 = CARTESIAN_POINT('',(6.599773033416,34.35903679294,5.));
#6046 = CARTESIAN_POINT('',(6.509896653777,34.517656651179,5.));
#6047 = CARTESIAN_POINT('',(6.419471297467,34.667712652899,5.));
#6048 = CARTESIAN_POINT('',(6.323881803059,34.815223443568,5.));
#6049 = CARTESIAN_POINT('',(6.219581316615,34.963683040898,5.));
#6050 = CARTESIAN_POINT('',(6.103930391693,35.115149311148,5.));
#6051 = CARTESIAN_POINT('',(5.974259061517,35.269287984847,5.));
#6052 = CARTESIAN_POINT('',(5.830849730205,35.429592284512,5.));
#6053 = CARTESIAN_POINT('',(5.664346298229,35.579635297229,5.));
#6054 = CARTESIAN_POINT('',(5.513016393893,35.773138613678,5.));
#6055 = CARTESIAN_POINT('',(5.247819893223,35.781124396879,5.));
#6056 = CARTESIAN_POINT('',(5.064806785481,35.977509105309,5.));
#6057 = CARTESIAN_POINT('',(4.826329400855,36.116071848902,5.));
#6058 = CARTESIAN_POINT('',(4.579828981685,36.264765847726,5.));
#6059 = CARTESIAN_POINT('',(4.314848696247,36.399595180347,5.));
#6060 = CARTESIAN_POINT('',(4.03593370595,36.524859393921,5.));
#6061 = CARTESIAN_POINT('',(3.743761228987,36.637050690499,5.));
#6062 = CARTESIAN_POINT('',(3.440420920683,36.735093990026,5.));
#6063 = CARTESIAN_POINT('',(3.127890583674,36.817530270937,5.));
#6064 = CARTESIAN_POINT('',(2.808411351037,36.883340965282,5.));
#6065 = CARTESIAN_POINT('',(2.592517666109,36.915588740827,5.));
#6066 = CARTESIAN_POINT('',(2.483964505498,36.928770116448,5.));
#6067 = ORIENTED_EDGE('',*,*,#6068,.F.);
#6068 = EDGE_CURVE('',#6069,#6005,#6071,.T.);
#6069 = VERTEX_POINT('',#6070);
#6070 = CARTESIAN_POINT('',(2.483964505498,36.928770116448,0.));
#6071 = LINE('',#6072,#6073);
#6072 = CARTESIAN_POINT('',(2.483964505498,36.928770116448,0.));
#6073 = VECTOR('',#6074,1.);
#6074 = DIRECTION('',(0.,0.,1.));
#6075 = ORIENTED_EDGE('',*,*,#6076,.F.);
#6076 = EDGE_CURVE('',#5868,#6069,#6077,.T.);
#6077 = B_SPLINE_CURVE_WITH_KNOTS('',3,(#6078,#6079,#6080,#6081,#6082,
    #6083,#6084,#6085,#6086,#6087,#6088,#6089,#6090,#6091,#6092,#6093,
    #6094,#6095,#6096,#6097,#6098,#6099,#6100,#6101,#6102,#6103,#6104,
    #6105,#6106,#6107,#6108,#6109,#6110,#6111,#6112,#6113,#6114,#6115,
    #6116,#6117,#6118,#6119,#6120,#6121,#6122,#6123,#6124,#6125,#6126,
    #6127,#6128,#6129,#6130,#6131,#6132,#6133,#6134,#6135,#6136),
  .UNSPECIFIED.,.F.,.F.,(4,1,1,1,1,1,1,1,1,1,1,1,1,1,1,1,1,1,1,1,1,1,1,1
    ,1,1,1,1,1,1,1,1,1,1,1,1,1,1,1,1,1,1,1,1,1,1,1,1,1,1,1,1,1,1,1,1,4),
  (0.,0.328013505293,0.654532141274,0.978073973054,1.297183287801,
    1.61044462083,1.916497973535,2.214055789897,2.501922432478,
    2.779017159017,3.044401987384,3.269623492035,3.510023310168,
    3.737105776354,3.950973242823,4.152195746167,4.341963344013,
    4.522306308509,4.696421126138,4.869164710127,5.047820617967,
    5.243309477393,5.472118985513,5.759336347265,6.143042595942,
    6.678887194379,7.495697516282,8.524531677202,9.766857061766,
    11.00918244633,12.03801660725,12.854826929153,13.39067152759,
    13.774377776267,14.061595138019,14.290404646139,14.485893505565,
    14.664549413405,14.837292997394,15.011407815023,15.191750779519,
    15.381518377365,15.582740880709,15.796608347178,16.023690813363,
    16.264090631496,16.489312136147,16.754696964515,17.031791691054,
    17.319658333634,17.617216149997,17.923269502701,18.236530835731,
    18.555640150478,18.879181982258,19.205700618239,19.533714123532),
  .UNSPECIFIED.);
#6078 = CARTESIAN_POINT('',(19.132008578399,30.614999811244,0.));
#6079 = CARTESIAN_POINT('',(19.042014502093,30.677117470342,0.));
#6080 = CARTESIAN_POINT('',(18.859031527821,30.796143657988,0.));
#6081 = CARTESIAN_POINT('',(18.576257325799,30.958737563925,0.));
#6082 = CARTESIAN_POINT('',(18.287659643685,31.104279069482,0.));
#6083 = CARTESIAN_POINT('',(17.995591429161,31.232044437594,0.));
#6084 = CARTESIAN_POINT('',(17.702500599017,31.341814235843,0.));
#6085 = CARTESIAN_POINT('',(17.410664192665,31.433007475411,0.));
#6086 = CARTESIAN_POINT('',(17.122915215505,31.507800702036,0.));
#6087 = CARTESIAN_POINT('',(16.839804642563,31.559961658945,0.));
#6088 = CARTESIAN_POINT('',(16.56941766211,31.614385713294,0.));
#6089 = CARTESIAN_POINT('',(16.302203234018,31.588749786756,0.));
#6090 = CARTESIAN_POINT('',(16.098405249104,31.758630150677,0.));
#6091 = CARTESIAN_POINT('',(15.856816755607,31.714141126943,0.));
#6092 = CARTESIAN_POINT('',(15.632690225722,31.712244517655,0.));
#6093 = CARTESIAN_POINT('',(15.419045386526,31.687353003373,0.));
#6094 = CARTESIAN_POINT('',(15.219772155118,31.657966546565,0.));
#6095 = CARTESIAN_POINT('',(15.032765479016,31.621283164059,0.));
#6096 = CARTESIAN_POINT('',(14.85624852105,31.579323575616,0.));
#6097 = CARTESIAN_POINT('',(14.686881009446,31.53229772296,0.));
#6098 = CARTESIAN_POINT('',(14.519691123596,31.479942295494,0.));
#6099 = CARTESIAN_POINT('',(14.347233265384,31.420812690508,0.));
#6100 = CARTESIAN_POINT('',(14.158353036953,31.352111281703,0.));
#6101 = CARTESIAN_POINT('',(13.936113239891,31.269239272468,0.));
#6102 = CARTESIAN_POINT('',(13.654073878756,31.167486688964,0.));
#6103 = CARTESIAN_POINT('',(13.27248330108,31.038431638271,0.));
#6104 = CARTESIAN_POINT('',(12.707343156876,30.914851207332,0.));
#6105 = CARTESIAN_POINT('',(11.947675438035,30.656177389802,0.));
#6106 = CARTESIAN_POINT('',(10.901969165939,30.728682615878,0.));
#6107 = CARTESIAN_POINT('',(9.752143335173,30.987855233466,0.));
#6108 = CARTESIAN_POINT('',(8.719623107201,31.556337304981,0.));
#6109 = CARTESIAN_POINT('',(7.888820864856,32.195497886856,0.));
#6110 = CARTESIAN_POINT('',(7.491733881763,32.892870896645,0.));
#6111 = CARTESIAN_POINT('',(7.150669393473,33.360129412171,0.));
#6112 = CARTESIAN_POINT('',(6.950624072957,33.709769862948,0.));
#6113 = CARTESIAN_POINT('',(6.806989023396,33.972959456239,0.));
#6114 = CARTESIAN_POINT('',(6.695594453682,34.182362290869,0.));
#6115 = CARTESIAN_POINT('',(6.599773033416,34.35903679294,0.));
#6116 = CARTESIAN_POINT('',(6.509896653777,34.517656651179,0.));
#6117 = CARTESIAN_POINT('',(6.419471297467,34.667712652899,0.));
#6118 = CARTESIAN_POINT('',(6.323881803059,34.815223443568,0.));
#6119 = CARTESIAN_POINT('',(6.219581316615,34.963683040898,0.));
#6120 = CARTESIAN_POINT('',(6.103930391693,35.115149311148,0.));
#6121 = CARTESIAN_POINT('',(5.974259061517,35.269287984847,0.));
#6122 = CARTESIAN_POINT('',(5.830849730205,35.429592284512,0.));
#6123 = CARTESIAN_POINT('',(5.664346298229,35.579635297229,0.));
#6124 = CARTESIAN_POINT('',(5.513016393893,35.773138613678,0.));
#6125 = CARTESIAN_POINT('',(5.247819893223,35.781124396879,0.));
#6126 = CARTESIAN_POINT('',(5.064806785481,35.977509105309,0.));
#6127 = CARTESIAN_POINT('',(4.826329400855,36.116071848902,0.));
#6128 = CARTESIAN_POINT('',(4.579828981685,36.264765847726,0.));
#6129 = CARTESIAN_POINT('',(4.314848696247,36.399595180347,0.));
#6130 = CARTESIAN_POINT('',(4.03593370595,36.524859393921,0.));
#6131 = CARTESIAN_POINT('',(3.743761228987,36.637050690499,0.));
#6132 = CARTESIAN_POINT('',(3.440420920683,36.735093990026,0.));
#6133 = CARTESIAN_POINT('',(3.127890583674,36.817530270937,0.));
#6134 = CARTESIAN_POINT('',(2.808411351037,36.883340965282,0.));
#6135 = CARTESIAN_POINT('',(2.592517666109,36.915588740827,0.));
#6136 = CARTESIAN_POINT('',(2.483964505498,36.928770116448,0.));
#6137 = SURFACE_OF_LINEAR_EXTRUSION('',#6138,#6198);
#6138 = B_SPLINE_CURVE_WITH_KNOTS('',3,(#6139,#6140,#6141,#6142,#6143,
    #6144,#6145,#6146,#6147,#6148,#6149,#6150,#6151,#6152,#6153,#6154,
    #6155,#6156,#6157,#6158,#6159,#6160,#6161,#6162,#6163,#6164,#6165,
    #6166,#6167,#6168,#6169,#6170,#6171,#6172,#6173,#6174,#6175,#6176,
    #6177,#6178,#6179,#6180,#6181,#6182,#6183,#6184,#6185,#6186,#6187,
    #6188,#6189,#6190,#6191,#6192,#6193,#6194,#6195,#6196,#6197),
  .UNSPECIFIED.,.F.,.F.,(4,1,1,1,1,1,1,1,1,1,1,1,1,1,1,1,1,1,1,1,1,1,1,1
    ,1,1,1,1,1,1,1,1,1,1,1,1,1,1,1,1,1,1,1,1,1,1,1,1,1,1,1,1,1,1,1,1,4),
  (0.,0.328013505293,0.654532141274,0.978073973054,1.297183287801,
    1.61044462083,1.916497973535,2.214055789897,2.501922432478,
    2.779017159017,3.044401987384,3.269623492035,3.510023310168,
    3.737105776354,3.950973242823,4.152195746167,4.341963344013,
    4.522306308509,4.696421126138,4.869164710127,5.047820617967,
    5.243309477393,5.472118985513,5.759336347265,6.143042595942,
    6.678887194379,7.495697516282,8.524531677202,9.766857061766,
    11.00918244633,12.03801660725,12.854826929153,13.39067152759,
    13.774377776267,14.061595138019,14.290404646139,14.485893505565,
    14.664549413405,14.837292997394,15.011407815023,15.191750779519,
    15.381518377365,15.582740880709,15.796608347178,16.023690813363,
    16.264090631496,16.489312136147,16.754696964515,17.031791691054,
    17.319658333634,17.617216149997,17.923269502701,18.236530835731,
    18.555640150478,18.879181982258,19.205700618239,19.533714123532),
  .UNSPECIFIED.);
#6139 = CARTESIAN_POINT('',(19.132008578399,30.614999811244,0.));
#6140 = CARTESIAN_POINT('',(19.042014502093,30.677117470342,0.));
#6141 = CARTESIAN_POINT('',(18.859031527821,30.796143657988,0.));
#6142 = CARTESIAN_POINT('',(18.576257325799,30.958737563925,0.));
#6143 = CARTESIAN_POINT('',(18.287659643685,31.104279069482,0.));
#6144 = CARTESIAN_POINT('',(17.995591429161,31.232044437594,0.));
#6145 = CARTESIAN_POINT('',(17.702500599017,31.341814235843,0.));
#6146 = CARTESIAN_POINT('',(17.410664192665,31.433007475411,0.));
#6147 = CARTESIAN_POINT('',(17.122915215505,31.507800702036,0.));
#6148 = CARTESIAN_POINT('',(16.839804642563,31.559961658945,0.));
#6149 = CARTESIAN_POINT('',(16.56941766211,31.614385713294,0.));
#6150 = CARTESIAN_POINT('',(16.302203234018,31.588749786756,0.));
#6151 = CARTESIAN_POINT('',(16.098405249104,31.758630150677,0.));
#6152 = CARTESIAN_POINT('',(15.856816755607,31.714141126943,0.));
#6153 = CARTESIAN_POINT('',(15.632690225722,31.712244517655,0.));
#6154 = CARTESIAN_POINT('',(15.419045386526,31.687353003373,0.));
#6155 = CARTESIAN_POINT('',(15.219772155118,31.657966546565,0.));
#6156 = CARTESIAN_POINT('',(15.032765479016,31.621283164059,0.));
#6157 = CARTESIAN_POINT('',(14.85624852105,31.579323575616,0.));
#6158 = CARTESIAN_POINT('',(14.686881009446,31.53229772296,0.));
#6159 = CARTESIAN_POINT('',(14.519691123596,31.479942295494,0.));
#6160 = CARTESIAN_POINT('',(14.347233265384,31.420812690508,0.));
#6161 = CARTESIAN_POINT('',(14.158353036953,31.352111281703,0.));
#6162 = CARTESIAN_POINT('',(13.936113239891,31.269239272468,0.));
#6163 = CARTESIAN_POINT('',(13.654073878756,31.167486688964,0.));
#6164 = CARTESIAN_POINT('',(13.27248330108,31.038431638271,0.));
#6165 = CARTESIAN_POINT('',(12.707343156876,30.914851207332,0.));
#6166 = CARTESIAN_POINT('',(11.947675438035,30.656177389802,0.));
#6167 = CARTESIAN_POINT('',(10.901969165939,30.728682615878,0.));
#6168 = CARTESIAN_POINT('',(9.752143335173,30.987855233466,0.));
#6169 = CARTESIAN_POINT('',(8.719623107201,31.556337304981,0.));
#6170 = CARTESIAN_POINT('',(7.888820864856,32.195497886856,0.));
#6171 = CARTESIAN_POINT('',(7.491733881763,32.892870896645,0.));
#6172 = CARTESIAN_POINT('',(7.150669393473,33.360129412171,0.));
#6173 = CARTESIAN_POINT('',(6.950624072957,33.709769862948,0.));
#6174 = CARTESIAN_POINT('',(6.806989023396,33.972959456239,0.));
#6175 = CARTESIAN_POINT('',(6.695594453682,34.182362290869,0.));
#6176 = CARTESIAN_POINT('',(6.599773033416,34.35903679294,0.));
#6177 = CARTESIAN_POINT('',(6.509896653777,34.517656651179,0.));
#6178 = CARTESIAN_POINT('',(6.419471297467,34.667712652899,0.));
#6179 = CARTESIAN_POINT('',(6.323881803059,34.815223443568,0.));
#6180 = CARTESIAN_POINT('',(6.219581316615,34.963683040898,0.));
#6181 = CARTESIAN_POINT('',(6.103930391693,35.115149311148,0.));
#6182 = CARTESIAN_POINT('',(5.974259061517,35.269287984847,0.));
#6183 = CARTESIAN_POINT('',(5.830849730205,35.429592284512,0.));
#6184 = CARTESIAN_POINT('',(5.664346298229,35.579635297229,0.));
#6185 = CARTESIAN_POINT('',(5.513016393893,35.773138613678,0.));
#6186 = CARTESIAN_POINT('',(5.247819893223,35.781124396879,0.));
#6187 = CARTESIAN_POINT('',(5.064806785481,35.977509105309,0.));
#6188 = CARTESIAN_POINT('',(4.826329400855,36.116071848902,0.));
#6189 = CARTESIAN_POINT('',(4.579828981685,36.264765847726,0.));
#6190 = CARTESIAN_POINT('',(4.314848696247,36.399595180347,0.));
#6191 = CARTESIAN_POINT('',(4.03593370595,36.524859393921,0.));
#6192 = CARTESIAN_POINT('',(3.743761228987,36.637050690499,0.));
#6193 = CARTESIAN_POINT('',(3.440420920683,36.735093990026,0.));
#6194 = CARTESIAN_POINT('',(3.127890583674,36.817530270937,0.));
#6195 = CARTESIAN_POINT('',(2.808411351037,36.883340965282,0.));
#6196 = CARTESIAN_POINT('',(2.592517666109,36.915588740827,0.));
#6197 = CARTESIAN_POINT('',(2.483964505498,36.928770116448,0.));
#6198 = VECTOR('',#6199,1.);
#6199 = DIRECTION('',(-0.,-0.,-1.));
#6200 = ADVANCED_FACE('',(#6201),#6338,.F.);
#6201 = FACE_BOUND('',#6202,.F.);
#6202 = EDGE_LOOP('',(#6203,#6204,#6268,#6276));
#6203 = ORIENTED_EDGE('',*,*,#6068,.T.);
#6204 = ORIENTED_EDGE('',*,*,#6205,.T.);
#6205 = EDGE_CURVE('',#6005,#6206,#6208,.T.);
#6206 = VERTEX_POINT('',#6207);
#6207 = CARTESIAN_POINT('',(-15.19130179798,34.782604227897,5.));
#6208 = B_SPLINE_CURVE_WITH_KNOTS('',3,(#6209,#6210,#6211,#6212,#6213,
    #6214,#6215,#6216,#6217,#6218,#6219,#6220,#6221,#6222,#6223,#6224,
    #6225,#6226,#6227,#6228,#6229,#6230,#6231,#6232,#6233,#6234,#6235,
    #6236,#6237,#6238,#6239,#6240,#6241,#6242,#6243,#6244,#6245,#6246,
    #6247,#6248,#6249,#6250,#6251,#6252,#6253,#6254,#6255,#6256,#6257,
    #6258,#6259,#6260,#6261,#6262,#6263,#6264,#6265,#6266,#6267),
  .UNSPECIFIED.,.F.,.F.,(4,1,1,1,1,1,1,1,1,1,1,1,1,1,1,1,1,1,1,1,1,1,1,1
    ,1,1,1,1,1,1,1,1,1,1,1,1,1,1,1,1,1,1,1,1,1,1,1,1,1,1,1,1,1,1,1,1,4),
  (0.,0.328013505293,0.654532141274,0.978073973054,1.297183287801,
    1.61044462083,1.916497973535,2.214055789897,2.501922432478,
    2.779017159017,3.044401987384,3.269623492035,3.510023310168,
    3.737105776354,3.950973242823,4.152195746167,4.341963344013,
    4.522306308509,4.696421126138,4.869164710127,5.047820617967,
    5.243309477393,5.472118985513,5.759336347265,6.143042595942,
    6.678887194379,7.495697516282,8.524531677202,9.766857061766,
    11.00918244633,12.03801660725,12.854826929153,13.39067152759,
    13.774377776267,14.061595138019,14.290404646139,14.485893505565,
    14.664549413405,14.837292997394,15.011407815023,15.191750779519,
    15.381518377365,15.582740880709,15.796608347178,16.023690813363,
    16.264090631496,16.489312136147,16.754696964515,17.031791691054,
    17.319658333634,17.617216149997,17.923269502701,18.236530835731,
    18.555640150478,18.879181982258,19.205700618239,19.533714123532),
  .UNSPECIFIED.);
#6209 = CARTESIAN_POINT('',(2.483964505498,36.928770116448,5.));
#6210 = CARTESIAN_POINT('',(2.375411192784,36.941950239389,5.));
#6211 = CARTESIAN_POINT('',(2.158073588144,36.962306266217,5.));
#6212 = CARTESIAN_POINT('',(1.832128311342,36.974864295828,5.));
#6213 = CARTESIAN_POINT('',(1.508951244598,36.96961686863,5.));
#6214 = CARTESIAN_POINT('',(1.190962156999,36.947016616587,5.));
#6215 = CARTESIAN_POINT('',(0.880430546548,36.9080068456,5.));
#6216 = CARTESIAN_POINT('',(0.579642630478,36.853131308596,5.));
#6217 = CARTESIAN_POINT('',(0.290095419251,36.785633804372,5.));
#6218 = CARTESIAN_POINT('',(1.517305116217E-02,36.700251994474,5.));
#6219 = CARTESIAN_POINT('',(-0.24953484911,36.622787006102,5.));
#6220 = CARTESIAN_POINT('',(-0.474227865507,36.475906783837,5.));
#6221 = CARTESIAN_POINT('',(-0.733629360855,36.531618729706,5.));
#6222 = CARTESIAN_POINT('',(-0.926870267919,36.379953884538,5.));
#6223 = CARTESIAN_POINT('',(-1.124443056031,36.274117728508,5.));
#6224 = CARTESIAN_POINT('',(-1.302048502772,36.152791679838,5.));
#6225 = CARTESIAN_POINT('',(-1.46483961885,36.034164376381,5.));
#6226 = CARTESIAN_POINT('',(-1.613378189163,35.914776518589,5.));
#6227 = CARTESIAN_POINT('',(-1.750176600185,35.795591627542,5.));
#6228 = CARTESIAN_POINT('',(-1.87829008047,35.675243295713,5.));
#6229 = CARTESIAN_POINT('',(-2.001998591999,35.551187852902,5.));
#6230 = CARTESIAN_POINT('',(-2.127223544134,35.41868602496,5.));
#6231 = CARTESIAN_POINT('',(-2.2625415439,35.27007692967,5.));
#6232 = CARTESIAN_POINT('',(-2.420812568344,35.093417426289,5.));
#6233 = CARTESIAN_POINT('',(-2.623259236762,34.872249761553,5.));
#6234 = CARTESIAN_POINT('',(-2.901166040571,34.580643205596,5.));
#6235 = CARTESIAN_POINT('',(-3.344142096728,34.208584447904,5.));
#6236 = CARTESIAN_POINT('',(-3.896582738862,33.626504965495,5.));
#6237 = CARTESIAN_POINT('',(-4.856204517204,33.20474121902,5.));
#6238 = CARTESIAN_POINT('',(-5.99476824846,32.899876467576,5.));
#6239 = CARTESIAN_POINT('',(-7.173206297452,32.923406267733,5.));
#6240 = CARTESIAN_POINT('',(-8.205877882117,33.103261802911,5.));
#6241 = CARTESIAN_POINT('',(-8.881566341212,33.536219414196,5.));
#6242 = CARTESIAN_POINT('',(-9.400709807003,33.791455711436,5.));
#6243 = CARTESIAN_POINT('',(-9.740327160818,34.008081259486,5.));
#6244 = CARTESIAN_POINT('',(-9.98981998359,34.174373534906,5.));
#6245 = CARTESIAN_POINT('',(-10.18576932611,34.308022898832,5.));
#6246 = CARTESIAN_POINT('',(-10.35271971509,34.419929966895,5.));
#6247 = CARTESIAN_POINT('',(-10.50601562068,34.518613239923,5.));
#6248 = CARTESIAN_POINT('',(-10.6558177984,34.609458472413,5.));
#6249 = CARTESIAN_POINT('',(-10.80900977476,34.695650137805,5.));
#6250 = CARTESIAN_POINT('',(-10.97035588395,34.778633729921,5.));
#6251 = CARTESIAN_POINT('',(-11.14314957786,34.859004786917,5.));
#6252 = CARTESIAN_POINT('',(-11.3295996519,34.935226532447,5.));
#6253 = CARTESIAN_POINT('',(-11.53107943108,35.010523301177,5.));
#6254 = CARTESIAN_POINT('',(-11.74823936302,35.06600178783,5.));
#6255 = CARTESIAN_POINT('',(-11.9721608137,35.167013952195,5.));
#6256 = CARTESIAN_POINT('',(-12.2106918317,35.050842053044,5.));
#6257 = CARTESIAN_POINT('',(-12.46400641537,35.139681644515,5.));
#6258 = CARTESIAN_POINT('',(-12.7395609703,35.151546894115,5.));
#6259 = CARTESIAN_POINT('',(-13.02692779857,35.168654434646,5.));
#6260 = CARTESIAN_POINT('',(-13.32421450413,35.164897400872,5.));
#6261 = CARTESIAN_POINT('',(-13.62939464561,35.146195094559,5.));
#6262 = CARTESIAN_POINT('',(-13.94023842109,35.109756233861,5.));
#6263 = CARTESIAN_POINT('',(-14.25439591806,35.055599993919,5.));
#6264 = CARTESIAN_POINT('',(-14.56943783812,34.983353606009,5.));
#6265 = CARTESIAN_POINT('',(-14.88290640436,34.893156679476,5.));
#6266 = CARTESIAN_POINT('',(-15.08905705712,34.821379868563,5.));
#6267 = CARTESIAN_POINT('',(-15.19130179798,34.782604227897,5.));
#6268 = ORIENTED_EDGE('',*,*,#6269,.F.);
#6269 = EDGE_CURVE('',#6270,#6206,#6272,.T.);
#6270 = VERTEX_POINT('',#6271);
#6271 = CARTESIAN_POINT('',(-15.19130179798,34.782604227897,0.));
#6272 = LINE('',#6273,#6274);
#6273 = CARTESIAN_POINT('',(-15.19130179798,34.782604227897,0.));
#6274 = VECTOR('',#6275,1.);
#6275 = DIRECTION('',(0.,0.,1.));
#6276 = ORIENTED_EDGE('',*,*,#6277,.F.);
#6277 = EDGE_CURVE('',#6069,#6270,#6278,.T.);
#6278 = B_SPLINE_CURVE_WITH_KNOTS('',3,(#6279,#6280,#6281,#6282,#6283,
    #6284,#6285,#6286,#6287,#6288,#6289,#6290,#6291,#6292,#6293,#6294,
    #6295,#6296,#6297,#6298,#6299,#6300,#6301,#6302,#6303,#6304,#6305,
    #6306,#6307,#6308,#6309,#6310,#6311,#6312,#6313,#6314,#6315,#6316,
    #6317,#6318,#6319,#6320,#6321,#6322,#6323,#6324,#6325,#6326,#6327,
    #6328,#6329,#6330,#6331,#6332,#6333,#6334,#6335,#6336,#6337),
  .UNSPECIFIED.,.F.,.F.,(4,1,1,1,1,1,1,1,1,1,1,1,1,1,1,1,1,1,1,1,1,1,1,1
    ,1,1,1,1,1,1,1,1,1,1,1,1,1,1,1,1,1,1,1,1,1,1,1,1,1,1,1,1,1,1,1,1,4),
  (0.,0.328013505293,0.654532141274,0.978073973054,1.297183287801,
    1.61044462083,1.916497973535,2.214055789897,2.501922432478,
    2.779017159017,3.044401987384,3.269623492035,3.510023310168,
    3.737105776354,3.950973242823,4.152195746167,4.341963344013,
    4.522306308509,4.696421126138,4.869164710127,5.047820617967,
    5.243309477393,5.472118985513,5.759336347265,6.143042595942,
    6.678887194379,7.495697516282,8.524531677202,9.766857061766,
    11.00918244633,12.03801660725,12.854826929153,13.39067152759,
    13.774377776267,14.061595138019,14.290404646139,14.485893505565,
    14.664549413405,14.837292997394,15.011407815023,15.191750779519,
    15.381518377365,15.582740880709,15.796608347178,16.023690813363,
    16.264090631496,16.489312136147,16.754696964515,17.031791691054,
    17.319658333634,17.617216149997,17.923269502701,18.236530835731,
    18.555640150478,18.879181982258,19.205700618239,19.533714123532),
  .UNSPECIFIED.);
#6279 = CARTESIAN_POINT('',(2.483964505498,36.928770116448,0.));
#6280 = CARTESIAN_POINT('',(2.375411192784,36.941950239389,0.));
#6281 = CARTESIAN_POINT('',(2.158073588144,36.962306266217,0.));
#6282 = CARTESIAN_POINT('',(1.832128311342,36.974864295828,0.));
#6283 = CARTESIAN_POINT('',(1.508951244598,36.96961686863,0.));
#6284 = CARTESIAN_POINT('',(1.190962156999,36.947016616587,0.));
#6285 = CARTESIAN_POINT('',(0.880430546548,36.9080068456,0.));
#6286 = CARTESIAN_POINT('',(0.579642630478,36.853131308596,0.));
#6287 = CARTESIAN_POINT('',(0.290095419251,36.785633804372,0.));
#6288 = CARTESIAN_POINT('',(1.517305116217E-02,36.700251994474,0.));
#6289 = CARTESIAN_POINT('',(-0.24953484911,36.622787006102,0.));
#6290 = CARTESIAN_POINT('',(-0.474227865507,36.475906783837,0.));
#6291 = CARTESIAN_POINT('',(-0.733629360855,36.531618729706,0.));
#6292 = CARTESIAN_POINT('',(-0.926870267919,36.379953884538,0.));
#6293 = CARTESIAN_POINT('',(-1.124443056031,36.274117728508,0.));
#6294 = CARTESIAN_POINT('',(-1.302048502772,36.152791679838,0.));
#6295 = CARTESIAN_POINT('',(-1.46483961885,36.034164376381,0.));
#6296 = CARTESIAN_POINT('',(-1.613378189163,35.914776518589,0.));
#6297 = CARTESIAN_POINT('',(-1.750176600185,35.795591627542,0.));
#6298 = CARTESIAN_POINT('',(-1.87829008047,35.675243295713,0.));
#6299 = CARTESIAN_POINT('',(-2.001998591999,35.551187852902,0.));
#6300 = CARTESIAN_POINT('',(-2.127223544134,35.41868602496,0.));
#6301 = CARTESIAN_POINT('',(-2.2625415439,35.27007692967,0.));
#6302 = CARTESIAN_POINT('',(-2.420812568344,35.093417426289,0.));
#6303 = CARTESIAN_POINT('',(-2.623259236762,34.872249761553,0.));
#6304 = CARTESIAN_POINT('',(-2.901166040571,34.580643205596,0.));
#6305 = CARTESIAN_POINT('',(-3.344142096728,34.208584447904,0.));
#6306 = CARTESIAN_POINT('',(-3.896582738862,33.626504965495,0.));
#6307 = CARTESIAN_POINT('',(-4.856204517204,33.20474121902,0.));
#6308 = CARTESIAN_POINT('',(-5.99476824846,32.899876467576,0.));
#6309 = CARTESIAN_POINT('',(-7.173206297452,32.923406267733,0.));
#6310 = CARTESIAN_POINT('',(-8.205877882117,33.103261802911,0.));
#6311 = CARTESIAN_POINT('',(-8.881566341212,33.536219414196,0.));
#6312 = CARTESIAN_POINT('',(-9.400709807003,33.791455711436,0.));
#6313 = CARTESIAN_POINT('',(-9.740327160818,34.008081259486,0.));
#6314 = CARTESIAN_POINT('',(-9.98981998359,34.174373534906,0.));
#6315 = CARTESIAN_POINT('',(-10.18576932611,34.308022898832,0.));
#6316 = CARTESIAN_POINT('',(-10.35271971509,34.419929966895,0.));
#6317 = CARTESIAN_POINT('',(-10.50601562068,34.518613239923,0.));
#6318 = CARTESIAN_POINT('',(-10.6558177984,34.609458472413,0.));
#6319 = CARTESIAN_POINT('',(-10.80900977476,34.695650137805,0.));
#6320 = CARTESIAN_POINT('',(-10.97035588395,34.778633729921,0.));
#6321 = CARTESIAN_POINT('',(-11.14314957786,34.859004786917,0.));
#6322 = CARTESIAN_POINT('',(-11.3295996519,34.935226532447,0.));
#6323 = CARTESIAN_POINT('',(-11.53107943108,35.010523301177,0.));
#6324 = CARTESIAN_POINT('',(-11.74823936302,35.06600178783,0.));
#6325 = CARTESIAN_POINT('',(-11.9721608137,35.167013952195,0.));
#6326 = CARTESIAN_POINT('',(-12.2106918317,35.050842053044,0.));
#6327 = CARTESIAN_POINT('',(-12.46400641537,35.139681644515,0.));
#6328 = CARTESIAN_POINT('',(-12.7395609703,35.151546894115,0.));
#6329 = CARTESIAN_POINT('',(-13.02692779857,35.168654434646,0.));
#6330 = CARTESIAN_POINT('',(-13.32421450413,35.164897400872,0.));
#6331 = CARTESIAN_POINT('',(-13.62939464561,35.146195094559,0.));
#6332 = CARTESIAN_POINT('',(-13.94023842109,35.109756233861,0.));
#6333 = CARTESIAN_POINT('',(-14.25439591806,35.055599993919,0.));
#6334 = CARTESIAN_POINT('',(-14.56943783812,34.983353606009,0.));
#6335 = CARTESIAN_POINT('',(-14.88290640436,34.893156679476,0.));
#6336 = CARTESIAN_POINT('',(-15.08905705712,34.821379868563,0.));
#6337 = CARTESIAN_POINT('',(-15.19130179798,34.782604227897,0.));
#6338 = SURFACE_OF_LINEAR_EXTRUSION('',#6339,#6399);
#6339 = B_SPLINE_CURVE_WITH_KNOTS('',3,(#6340,#6341,#6342,#6343,#6344,
    #6345,#6346,#6347,#6348,#6349,#6350,#6351,#6352,#6353,#6354,#6355,
    #6356,#6357,#6358,#6359,#6360,#6361,#6362,#6363,#6364,#6365,#6366,
    #6367,#6368,#6369,#6370,#6371,#6372,#6373,#6374,#6375,#6376,#6377,
    #6378,#6379,#6380,#6381,#6382,#6383,#6384,#6385,#6386,#6387,#6388,
    #6389,#6390,#6391,#6392,#6393,#6394,#6395,#6396,#6397,#6398),
  .UNSPECIFIED.,.F.,.F.,(4,1,1,1,1,1,1,1,1,1,1,1,1,1,1,1,1,1,1,1,1,1,1,1
    ,1,1,1,1,1,1,1,1,1,1,1,1,1,1,1,1,1,1,1,1,1,1,1,1,1,1,1,1,1,1,1,1,4),
  (0.,0.328013505293,0.654532141274,0.978073973054,1.297183287801,
    1.61044462083,1.916497973535,2.214055789897,2.501922432478,
    2.779017159017,3.044401987384,3.269623492035,3.510023310168,
    3.737105776354,3.950973242823,4.152195746167,4.341963344013,
    4.522306308509,4.696421126138,4.869164710127,5.047820617967,
    5.243309477393,5.472118985513,5.759336347265,6.143042595942,
    6.678887194379,7.495697516282,8.524531677202,9.766857061766,
    11.00918244633,12.03801660725,12.854826929153,13.39067152759,
    13.774377776267,14.061595138019,14.290404646139,14.485893505565,
    14.664549413405,14.837292997394,15.011407815023,15.191750779519,
    15.381518377365,15.582740880709,15.796608347178,16.023690813363,
    16.264090631496,16.489312136147,16.754696964515,17.031791691054,
    17.319658333634,17.617216149997,17.923269502701,18.236530835731,
    18.555640150478,18.879181982258,19.205700618239,19.533714123532),
  .UNSPECIFIED.);
#6340 = CARTESIAN_POINT('',(2.483964505498,36.928770116448,0.));
#6341 = CARTESIAN_POINT('',(2.375411192784,36.941950239389,0.));
#6342 = CARTESIAN_POINT('',(2.158073588144,36.962306266217,0.));
#6343 = CARTESIAN_POINT('',(1.832128311342,36.974864295828,0.));
#6344 = CARTESIAN_POINT('',(1.508951244598,36.96961686863,0.));
#6345 = CARTESIAN_POINT('',(1.190962156999,36.947016616587,0.));
#6346 = CARTESIAN_POINT('',(0.880430546548,36.9080068456,0.));
#6347 = CARTESIAN_POINT('',(0.579642630478,36.853131308596,0.));
#6348 = CARTESIAN_POINT('',(0.290095419251,36.785633804372,0.));
#6349 = CARTESIAN_POINT('',(1.517305116217E-02,36.700251994474,0.));
#6350 = CARTESIAN_POINT('',(-0.24953484911,36.622787006102,0.));
#6351 = CARTESIAN_POINT('',(-0.474227865507,36.475906783837,0.));
#6352 = CARTESIAN_POINT('',(-0.733629360855,36.531618729706,0.));
#6353 = CARTESIAN_POINT('',(-0.926870267919,36.379953884538,0.));
#6354 = CARTESIAN_POINT('',(-1.124443056031,36.274117728508,0.));
#6355 = CARTESIAN_POINT('',(-1.302048502772,36.152791679838,0.));
#6356 = CARTESIAN_POINT('',(-1.46483961885,36.034164376381,0.));
#6357 = CARTESIAN_POINT('',(-1.613378189163,35.914776518589,0.));
#6358 = CARTESIAN_POINT('',(-1.750176600185,35.795591627542,0.));
#6359 = CARTESIAN_POINT('',(-1.87829008047,35.675243295713,0.));
#6360 = CARTESIAN_POINT('',(-2.001998591999,35.551187852902,0.));
#6361 = CARTESIAN_POINT('',(-2.127223544134,35.41868602496,0.));
#6362 = CARTESIAN_POINT('',(-2.2625415439,35.27007692967,0.));
#6363 = CARTESIAN_POINT('',(-2.420812568344,35.093417426289,0.));
#6364 = CARTESIAN_POINT('',(-2.623259236762,34.872249761553,0.));
#6365 = CARTESIAN_POINT('',(-2.901166040571,34.580643205596,0.));
#6366 = CARTESIAN_POINT('',(-3.344142096728,34.208584447904,0.));
#6367 = CARTESIAN_POINT('',(-3.896582738862,33.626504965495,0.));
#6368 = CARTESIAN_POINT('',(-4.856204517204,33.20474121902,0.));
#6369 = CARTESIAN_POINT('',(-5.99476824846,32.899876467576,0.));
#6370 = CARTESIAN_POINT('',(-7.173206297452,32.923406267733,0.));
#6371 = CARTESIAN_POINT('',(-8.205877882117,33.103261802911,0.));
#6372 = CARTESIAN_POINT('',(-8.881566341212,33.536219414196,0.));
#6373 = CARTESIAN_POINT('',(-9.400709807003,33.791455711436,0.));
#6374 = CARTESIAN_POINT('',(-9.740327160818,34.008081259486,0.));
#6375 = CARTESIAN_POINT('',(-9.98981998359,34.174373534906,0.));
#6376 = CARTESIAN_POINT('',(-10.18576932611,34.308022898832,0.));
#6377 = CARTESIAN_POINT('',(-10.35271971509,34.419929966895,0.));
#6378 = CARTESIAN_POINT('',(-10.50601562068,34.518613239923,0.));
#6379 = CARTESIAN_POINT('',(-10.6558177984,34.609458472413,0.));
#6380 = CARTESIAN_POINT('',(-10.80900977476,34.695650137805,0.));
#6381 = CARTESIAN_POINT('',(-10.97035588395,34.778633729921,0.));
#6382 = CARTESIAN_POINT('',(-11.14314957786,34.859004786917,0.));
#6383 = CARTESIAN_POINT('',(-11.3295996519,34.935226532447,0.));
#6384 = CARTESIAN_POINT('',(-11.53107943108,35.010523301177,0.));
#6385 = CARTESIAN_POINT('',(-11.74823936302,35.06600178783,0.));
#6386 = CARTESIAN_POINT('',(-11.9721608137,35.167013952195,0.));
#6387 = CARTESIAN_POINT('',(-12.2106918317,35.050842053044,0.));
#6388 = CARTESIAN_POINT('',(-12.46400641537,35.139681644515,0.));
#6389 = CARTESIAN_POINT('',(-12.7395609703,35.151546894115,0.));
#6390 = CARTESIAN_POINT('',(-13.02692779857,35.168654434646,0.));
#6391 = CARTESIAN_POINT('',(-13.32421450413,35.164897400872,0.));
#6392 = CARTESIAN_POINT('',(-13.62939464561,35.146195094559,0.));
#6393 = CARTESIAN_POINT('',(-13.94023842109,35.109756233861,0.));
#6394 = CARTESIAN_POINT('',(-14.25439591806,35.055599993919,0.));
#6395 = CARTESIAN_POINT('',(-14.56943783812,34.983353606009,0.));
#6396 = CARTESIAN_POINT('',(-14.88290640436,34.893156679476,0.));
#6397 = CARTESIAN_POINT('',(-15.08905705712,34.821379868563,0.));
#6398 = CARTESIAN_POINT('',(-15.19130179798,34.782604227897,0.));
#6399 = VECTOR('',#6400,1.);
#6400 = DIRECTION('',(-0.,-0.,-1.));
#6401 = ADVANCED_FACE('',(#6402),#6539,.F.);
#6402 = FACE_BOUND('',#6403,.F.);
#6403 = EDGE_LOOP('',(#6404,#6405,#6469,#6477));
#6404 = ORIENTED_EDGE('',*,*,#6269,.T.);
#6405 = ORIENTED_EDGE('',*,*,#6406,.T.);
#6406 = EDGE_CURVE('',#6206,#6407,#6409,.T.);
#6407 = VERTEX_POINT('',#6408);
#6408 = CARTESIAN_POINT('',(-29.84459983196,24.668162886558,5.));
#6409 = B_SPLINE_CURVE_WITH_KNOTS('',3,(#6410,#6411,#6412,#6413,#6414,
    #6415,#6416,#6417,#6418,#6419,#6420,#6421,#6422,#6423,#6424,#6425,
    #6426,#6427,#6428,#6429,#6430,#6431,#6432,#6433,#6434,#6435,#6436,
    #6437,#6438,#6439,#6440,#6441,#6442,#6443,#6444,#6445,#6446,#6447,
    #6448,#6449,#6450,#6451,#6452,#6453,#6454,#6455,#6456,#6457,#6458,
    #6459,#6460,#6461,#6462,#6463,#6464,#6465,#6466,#6467,#6468),
  .UNSPECIFIED.,.F.,.F.,(4,1,1,1,1,1,1,1,1,1,1,1,1,1,1,1,1,1,1,1,1,1,1,1
    ,1,1,1,1,1,1,1,1,1,1,1,1,1,1,1,1,1,1,1,1,1,1,1,1,1,1,1,1,1,1,1,1,4),
  (0.,0.328013505293,0.654532141274,0.978073973054,1.297183287801,
    1.61044462083,1.916497973535,2.214055789897,2.501922432478,
    2.779017159017,3.044401987384,3.269623492035,3.510023310168,
    3.737105776354,3.950973242823,4.152195746167,4.341963344013,
    4.522306308509,4.696421126138,4.869164710127,5.047820617967,
    5.243309477393,5.472118985513,5.759336347265,6.143042595942,
    6.678887194379,7.495697516282,8.524531677202,9.766857061766,
    11.00918244633,12.03801660725,12.854826929153,13.39067152759,
    13.774377776267,14.061595138019,14.290404646139,14.485893505565,
    14.664549413405,14.837292997394,15.011407815023,15.191750779519,
    15.381518377365,15.582740880709,15.796608347178,16.023690813363,
    16.264090631496,16.489312136147,16.754696964515,17.031791691054,
    17.319658333634,17.617216149997,17.923269502701,18.236530835731,
    18.555640150478,18.879181982258,19.205700618239,19.533714123532),
  .UNSPECIFIED.);
#6410 = CARTESIAN_POINT('',(-15.19130179798,34.782604227897,5.));
#6411 = CARTESIAN_POINT('',(-15.29354609137,34.743827407354,5.));
#6412 = CARTESIAN_POINT('',(-15.49544890035,34.660849952935,5.));
#6413 = CARTESIAN_POINT('',(-15.78989511709,34.520495212976,5.));
#6414 = CARTESIAN_POINT('',(-16.07361559718,34.365660975356,5.));
#6415 = CARTESIAN_POINT('',(-16.34467809006,34.197872548539,5.));
#6416 = CARTESIAN_POINT('',(-16.60151143118,34.01901987673,5.));
#6417 = CARTESIAN_POINT('',(-16.84234397028,33.830646887361,5.));
#6418 = CARTESIAN_POINT('',(-17.06735763891,33.636321517071,5.));
#6419 = CARTESIAN_POINT('',(-17.27111040079,33.432956884051,5.));
#6420 = CARTESIAN_POINT('',(-17.469497831,33.241349148241,5.));
#6421 = CARTESIAN_POINT('',(-17.60019497349,33.00687311907,5.));
#6422 = CARTESIAN_POINT('',(-17.85577422282,32.935653711491,5.));
#6423 = CARTESIAN_POINT('',(-17.95639838045,32.711557633157,5.));
#6424 = CARTESIAN_POINT('',(-18.08215588204,32.526027718268,5.));
#6425 = CARTESIAN_POINT('',(-18.18303466885,32.336061470822,5.));
#6426 = CARTESIAN_POINT('',(-18.27205018675,32.155369406325,5.));
#6427 = CARTESIAN_POINT('',(-18.3480922549,31.980627392686,5.));
#6428 = CARTESIAN_POINT('',(-18.41383325161,31.811521021242,5.));
#6429 = CARTESIAN_POINT('',(-18.47134344618,31.645420562706,5.));
#6430 = CARTESIAN_POINT('',(-18.52323045425,31.478084711468,5.));
#6431 = CARTESIAN_POINT('',(-18.5725349729,31.302565232531,5.));
#6432 = CARTESIAN_POINT('',(-18.62329102101,31.108093003554,5.));
#6433 = CARTESIAN_POINT('',(-18.68133528851,30.878116569275,5.));
#6434 = CARTESIAN_POINT('',(-18.75781117222,30.588200669937,5.));
#6435 = CARTESIAN_POINT('',(-18.86836910255,30.200846156446,5.));
#6436 = CARTESIAN_POINT('',(-19.08770059463,29.665543249595,5.));
#6437 = CARTESIAN_POINT('',(-19.30635666658,28.893405496907,5.));
#6438 = CARTESIAN_POINT('',(-19.96005616645,28.073993769396,5.));
#6439 = CARTESIAN_POINT('',(-20.82652656854,27.274932489457,5.));
#6440 = CARTESIAN_POINT('',(-21.88091648325,26.748119624604,5.));
#6441 = CARTESIAN_POINT('',(-22.87888479523,26.427467377469,5.));
#6442 = CARTESIAN_POINT('',(-23.67838264727,26.49682421921,5.));
#6443 = CARTESIAN_POINT('',(-24.25667557891,26.481566738399,5.));
#6444 = CARTESIAN_POINT('',(-24.6580627231,26.515551081284,5.));
#6445 = CARTESIAN_POINT('',(-24.9562575201,26.546850482574,5.));
#6446 = CARTESIAN_POINT('',(-25.1918720025,26.57412891717,5.));
#6447 = CARTESIAN_POINT('',(-25.39170503806,26.595631990557,5.));
#6448 = CARTESIAN_POINT('',(-25.57330222504,26.611771529786,5.));
#6449 = CARTESIAN_POINT('',(-25.74816335056,26.622594445087,5.));
#6450 = CARTESIAN_POINT('',(-25.92386337326,26.627721513383,5.));
#6451 = CARTESIAN_POINT('',(-26.10529265602,26.626218559391,5.));
#6452 = CARTESIAN_POINT('',(-26.29564416603,26.617082362552,5.));
#6453 = CARTESIAN_POINT('',(-26.49615951893,26.597925696584,5.));
#6454 = CARTESIAN_POINT('',(-26.70955315666,26.570965352086,5.));
#6455 = CARTESIAN_POINT('',(-26.92762086523,26.519169859972,5.));
#6456 = CARTESIAN_POINT('',(-27.17283615645,26.504550202726,5.));
#6457 = CARTESIAN_POINT('',(-27.33005711016,26.290834203295,5.));
#6458 = CARTESIAN_POINT('',(-27.59564185141,26.251776598033,5.));
#6459 = CARTESIAN_POINT('',(-27.8451473489,26.13422616795,5.));
#6460 = CARTESIAN_POINT('',(-28.10754830907,26.01582811882,5.));
#6461 = CARTESIAN_POINT('',(-28.3690366332,25.874345409811,5.));
#6462 = CARTESIAN_POINT('',(-28.63056883327,25.715961056599,5.));
#6463 = CARTESIAN_POINT('',(-28.88887334437,25.539239742477,5.));
#6464 = CARTESIAN_POINT('',(-29.14187833346,25.345290504982,5.));
#6465 = CARTESIAN_POINT('',(-29.38725952935,25.134912225058,5.));
#6466 = CARTESIAN_POINT('',(-29.62290555837,24.909370706525,5.));
#6467 = CARTESIAN_POINT('',(-29.77208654881,24.750012511529,5.));
#6468 = CARTESIAN_POINT('',(-29.84459983196,24.668162886558,5.));
#6469 = ORIENTED_EDGE('',*,*,#6470,.F.);
#6470 = EDGE_CURVE('',#6471,#6407,#6473,.T.);
#6471 = VERTEX_POINT('',#6472);
#6472 = CARTESIAN_POINT('',(-29.84459983196,24.668162886558,0.));
#6473 = LINE('',#6474,#6475);
#6474 = CARTESIAN_POINT('',(-29.84459983196,24.668162886558,0.));
#6475 = VECTOR('',#6476,1.);
#6476 = DIRECTION('',(0.,0.,1.));
#6477 = ORIENTED_EDGE('',*,*,#6478,.F.);
#6478 = EDGE_CURVE('',#6270,#6471,#6479,.T.);
#6479 = B_SPLINE_CURVE_WITH_KNOTS('',3,(#6480,#6481,#6482,#6483,#6484,
    #6485,#6486,#6487,#6488,#6489,#6490,#6491,#6492,#6493,#6494,#6495,
    #6496,#6497,#6498,#6499,#6500,#6501,#6502,#6503,#6504,#6505,#6506,
    #6507,#6508,#6509,#6510,#6511,#6512,#6513,#6514,#6515,#6516,#6517,
    #6518,#6519,#6520,#6521,#6522,#6523,#6524,#6525,#6526,#6527,#6528,
    #6529,#6530,#6531,#6532,#6533,#6534,#6535,#6536,#6537,#6538),
  .UNSPECIFIED.,.F.,.F.,(4,1,1,1,1,1,1,1,1,1,1,1,1,1,1,1,1,1,1,1,1,1,1,1
    ,1,1,1,1,1,1,1,1,1,1,1,1,1,1,1,1,1,1,1,1,1,1,1,1,1,1,1,1,1,1,1,1,4),
  (0.,0.328013505293,0.654532141274,0.978073973054,1.297183287801,
    1.61044462083,1.916497973535,2.214055789897,2.501922432478,
    2.779017159017,3.044401987384,3.269623492035,3.510023310168,
    3.737105776354,3.950973242823,4.152195746167,4.341963344013,
    4.522306308509,4.696421126138,4.869164710127,5.047820617967,
    5.243309477393,5.472118985513,5.759336347265,6.143042595942,
    6.678887194379,7.495697516282,8.524531677202,9.766857061766,
    11.00918244633,12.03801660725,12.854826929153,13.39067152759,
    13.774377776267,14.061595138019,14.290404646139,14.485893505565,
    14.664549413405,14.837292997394,15.011407815023,15.191750779519,
    15.381518377365,15.582740880709,15.796608347178,16.023690813363,
    16.264090631496,16.489312136147,16.754696964515,17.031791691054,
    17.319658333634,17.617216149997,17.923269502701,18.236530835731,
    18.555640150478,18.879181982258,19.205700618239,19.533714123532),
  .UNSPECIFIED.);
#6480 = CARTESIAN_POINT('',(-15.19130179798,34.782604227897,0.));
#6481 = CARTESIAN_POINT('',(-15.29354609137,34.743827407354,0.));
#6482 = CARTESIAN_POINT('',(-15.49544890035,34.660849952935,0.));
#6483 = CARTESIAN_POINT('',(-15.78989511709,34.520495212976,0.));
#6484 = CARTESIAN_POINT('',(-16.07361559718,34.365660975356,0.));
#6485 = CARTESIAN_POINT('',(-16.34467809006,34.197872548539,0.));
#6486 = CARTESIAN_POINT('',(-16.60151143118,34.01901987673,0.));
#6487 = CARTESIAN_POINT('',(-16.84234397028,33.830646887361,0.));
#6488 = CARTESIAN_POINT('',(-17.06735763891,33.636321517071,0.));
#6489 = CARTESIAN_POINT('',(-17.27111040079,33.432956884051,0.));
#6490 = CARTESIAN_POINT('',(-17.469497831,33.241349148241,0.));
#6491 = CARTESIAN_POINT('',(-17.60019497349,33.00687311907,0.));
#6492 = CARTESIAN_POINT('',(-17.85577422282,32.935653711491,0.));
#6493 = CARTESIAN_POINT('',(-17.95639838045,32.711557633157,0.));
#6494 = CARTESIAN_POINT('',(-18.08215588204,32.526027718268,0.));
#6495 = CARTESIAN_POINT('',(-18.18303466885,32.336061470822,0.));
#6496 = CARTESIAN_POINT('',(-18.27205018675,32.155369406325,0.));
#6497 = CARTESIAN_POINT('',(-18.3480922549,31.980627392686,0.));
#6498 = CARTESIAN_POINT('',(-18.41383325161,31.811521021242,0.));
#6499 = CARTESIAN_POINT('',(-18.47134344618,31.645420562706,0.));
#6500 = CARTESIAN_POINT('',(-18.52323045425,31.478084711468,0.));
#6501 = CARTESIAN_POINT('',(-18.5725349729,31.302565232531,0.));
#6502 = CARTESIAN_POINT('',(-18.62329102101,31.108093003554,0.));
#6503 = CARTESIAN_POINT('',(-18.68133528851,30.878116569275,0.));
#6504 = CARTESIAN_POINT('',(-18.75781117222,30.588200669937,0.));
#6505 = CARTESIAN_POINT('',(-18.86836910255,30.200846156446,0.));
#6506 = CARTESIAN_POINT('',(-19.08770059463,29.665543249595,0.));
#6507 = CARTESIAN_POINT('',(-19.30635666658,28.893405496907,0.));
#6508 = CARTESIAN_POINT('',(-19.96005616645,28.073993769396,0.));
#6509 = CARTESIAN_POINT('',(-20.82652656854,27.274932489457,0.));
#6510 = CARTESIAN_POINT('',(-21.88091648325,26.748119624604,0.));
#6511 = CARTESIAN_POINT('',(-22.87888479523,26.427467377469,0.));
#6512 = CARTESIAN_POINT('',(-23.67838264727,26.49682421921,0.));
#6513 = CARTESIAN_POINT('',(-24.25667557891,26.481566738399,0.));
#6514 = CARTESIAN_POINT('',(-24.6580627231,26.515551081284,0.));
#6515 = CARTESIAN_POINT('',(-24.9562575201,26.546850482574,0.));
#6516 = CARTESIAN_POINT('',(-25.1918720025,26.57412891717,0.));
#6517 = CARTESIAN_POINT('',(-25.39170503806,26.595631990557,0.));
#6518 = CARTESIAN_POINT('',(-25.57330222504,26.611771529786,0.));
#6519 = CARTESIAN_POINT('',(-25.74816335056,26.622594445087,0.));
#6520 = CARTESIAN_POINT('',(-25.92386337326,26.627721513383,0.));
#6521 = CARTESIAN_POINT('',(-26.10529265602,26.626218559391,0.));
#6522 = CARTESIAN_POINT('',(-26.29564416603,26.617082362552,0.));
#6523 = CARTESIAN_POINT('',(-26.49615951893,26.597925696584,0.));
#6524 = CARTESIAN_POINT('',(-26.70955315666,26.570965352086,0.));
#6525 = CARTESIAN_POINT('',(-26.92762086523,26.519169859972,0.));
#6526 = CARTESIAN_POINT('',(-27.17283615645,26.504550202726,0.));
#6527 = CARTESIAN_POINT('',(-27.33005711016,26.290834203295,0.));
#6528 = CARTESIAN_POINT('',(-27.59564185141,26.251776598033,0.));
#6529 = CARTESIAN_POINT('',(-27.8451473489,26.13422616795,0.));
#6530 = CARTESIAN_POINT('',(-28.10754830907,26.01582811882,0.));
#6531 = CARTESIAN_POINT('',(-28.3690366332,25.874345409811,0.));
#6532 = CARTESIAN_POINT('',(-28.63056883327,25.715961056599,0.));
#6533 = CARTESIAN_POINT('',(-28.88887334437,25.539239742477,0.));
#6534 = CARTESIAN_POINT('',(-29.14187833346,25.345290504982,0.));
#6535 = CARTESIAN_POINT('',(-29.38725952935,25.134912225058,0.));
#6536 = CARTESIAN_POINT('',(-29.62290555837,24.909370706525,0.));
#6537 = CARTESIAN_POINT('',(-29.77208654881,24.750012511529,0.));
#6538 = CARTESIAN_POINT('',(-29.84459983196,24.668162886558,0.));
#6539 = SURFACE_OF_LINEAR_EXTRUSION('',#6540,#6600);
#6540 = B_SPLINE_CURVE_WITH_KNOTS('',3,(#6541,#6542,#6543,#6544,#6545,
    #6546,#6547,#6548,#6549,#6550,#6551,#6552,#6553,#6554,#6555,#6556,
    #6557,#6558,#6559,#6560,#6561,#6562,#6563,#6564,#6565,#6566,#6567,
    #6568,#6569,#6570,#6571,#6572,#6573,#6574,#6575,#6576,#6577,#6578,
    #6579,#6580,#6581,#6582,#6583,#6584,#6585,#6586,#6587,#6588,#6589,
    #6590,#6591,#6592,#6593,#6594,#6595,#6596,#6597,#6598,#6599),
  .UNSPECIFIED.,.F.,.F.,(4,1,1,1,1,1,1,1,1,1,1,1,1,1,1,1,1,1,1,1,1,1,1,1
    ,1,1,1,1,1,1,1,1,1,1,1,1,1,1,1,1,1,1,1,1,1,1,1,1,1,1,1,1,1,1,1,1,4),
  (0.,0.328013505293,0.654532141274,0.978073973054,1.297183287801,
    1.61044462083,1.916497973535,2.214055789897,2.501922432478,
    2.779017159017,3.044401987384,3.269623492035,3.510023310168,
    3.737105776354,3.950973242823,4.152195746167,4.341963344013,
    4.522306308509,4.696421126138,4.869164710127,5.047820617967,
    5.243309477393,5.472118985513,5.759336347265,6.143042595942,
    6.678887194379,7.495697516282,8.524531677202,9.766857061766,
    11.00918244633,12.03801660725,12.854826929153,13.39067152759,
    13.774377776267,14.061595138019,14.290404646139,14.485893505565,
    14.664549413405,14.837292997394,15.011407815023,15.191750779519,
    15.381518377365,15.582740880709,15.796608347178,16.023690813363,
    16.264090631496,16.489312136147,16.754696964515,17.031791691054,
    17.319658333634,17.617216149997,17.923269502701,18.236530835731,
    18.555640150478,18.879181982258,19.205700618239,19.533714123532),
  .UNSPECIFIED.);
#6541 = CARTESIAN_POINT('',(-15.19130179798,34.782604227897,0.));
#6542 = CARTESIAN_POINT('',(-15.29354609137,34.743827407354,0.));
#6543 = CARTESIAN_POINT('',(-15.49544890035,34.660849952935,0.));
#6544 = CARTESIAN_POINT('',(-15.78989511709,34.520495212976,0.));
#6545 = CARTESIAN_POINT('',(-16.07361559718,34.365660975356,0.));
#6546 = CARTESIAN_POINT('',(-16.34467809006,34.197872548539,0.));
#6547 = CARTESIAN_POINT('',(-16.60151143118,34.01901987673,0.));
#6548 = CARTESIAN_POINT('',(-16.84234397028,33.830646887361,0.));
#6549 = CARTESIAN_POINT('',(-17.06735763891,33.636321517071,0.));
#6550 = CARTESIAN_POINT('',(-17.27111040079,33.432956884051,0.));
#6551 = CARTESIAN_POINT('',(-17.469497831,33.241349148241,0.));
#6552 = CARTESIAN_POINT('',(-17.60019497349,33.00687311907,0.));
#6553 = CARTESIAN_POINT('',(-17.85577422282,32.935653711491,0.));
#6554 = CARTESIAN_POINT('',(-17.95639838045,32.711557633157,0.));
#6555 = CARTESIAN_POINT('',(-18.08215588204,32.526027718268,0.));
#6556 = CARTESIAN_POINT('',(-18.18303466885,32.336061470822,0.));
#6557 = CARTESIAN_POINT('',(-18.27205018675,32.155369406325,0.));
#6558 = CARTESIAN_POINT('',(-18.3480922549,31.980627392686,0.));
#6559 = CARTESIAN_POINT('',(-18.41383325161,31.811521021242,0.));
#6560 = CARTESIAN_POINT('',(-18.47134344618,31.645420562706,0.));
#6561 = CARTESIAN_POINT('',(-18.52323045425,31.478084711468,0.));
#6562 = CARTESIAN_POINT('',(-18.5725349729,31.302565232531,0.));
#6563 = CARTESIAN_POINT('',(-18.62329102101,31.108093003554,0.));
#6564 = CARTESIAN_POINT('',(-18.68133528851,30.878116569275,0.));
#6565 = CARTESIAN_POINT('',(-18.75781117222,30.588200669937,0.));
#6566 = CARTESIAN_POINT('',(-18.86836910255,30.200846156446,0.));
#6567 = CARTESIAN_POINT('',(-19.08770059463,29.665543249595,0.));
#6568 = CARTESIAN_POINT('',(-19.30635666658,28.893405496907,0.));
#6569 = CARTESIAN_POINT('',(-19.96005616645,28.073993769396,0.));
#6570 = CARTESIAN_POINT('',(-20.82652656854,27.274932489457,0.));
#6571 = CARTESIAN_POINT('',(-21.88091648325,26.748119624604,0.));
#6572 = CARTESIAN_POINT('',(-22.87888479523,26.427467377469,0.));
#6573 = CARTESIAN_POINT('',(-23.67838264727,26.49682421921,0.));
#6574 = CARTESIAN_POINT('',(-24.25667557891,26.481566738399,0.));
#6575 = CARTESIAN_POINT('',(-24.6580627231,26.515551081284,0.));
#6576 = CARTESIAN_POINT('',(-24.9562575201,26.546850482574,0.));
#6577 = CARTESIAN_POINT('',(-25.1918720025,26.57412891717,0.));
#6578 = CARTESIAN_POINT('',(-25.39170503806,26.595631990557,0.));
#6579 = CARTESIAN_POINT('',(-25.57330222504,26.611771529786,0.));
#6580 = CARTESIAN_POINT('',(-25.74816335056,26.622594445087,0.));
#6581 = CARTESIAN_POINT('',(-25.92386337326,26.627721513383,0.));
#6582 = CARTESIAN_POINT('',(-26.10529265602,26.626218559391,0.));
#6583 = CARTESIAN_POINT('',(-26.29564416603,26.617082362552,0.));
#6584 = CARTESIAN_POINT('',(-26.49615951893,26.597925696584,0.));
#6585 = CARTESIAN_POINT('',(-26.70955315666,26.570965352086,0.));
#6586 = CARTESIAN_POINT('',(-26.92762086523,26.519169859972,0.));
#6587 = CARTESIAN_POINT('',(-27.17283615645,26.504550202726,0.));
#6588 = CARTESIAN_POINT('',(-27.33005711016,26.290834203295,0.));
#6589 = CARTESIAN_POINT('',(-27.59564185141,26.251776598033,0.));
#6590 = CARTESIAN_POINT('',(-27.8451473489,26.13422616795,0.));
#6591 = CARTESIAN_POINT('',(-28.10754830907,26.01582811882,0.));
#6592 = CARTESIAN_POINT('',(-28.3690366332,25.874345409811,0.));
#6593 = CARTESIAN_POINT('',(-28.63056883327,25.715961056599,0.));
#6594 = CARTESIAN_POINT('',(-28.88887334437,25.539239742477,0.));
#6595 = CARTESIAN_POINT('',(-29.14187833346,25.345290504982,0.));
#6596 = CARTESIAN_POINT('',(-29.38725952935,25.134912225058,0.));
#6597 = CARTESIAN_POINT('',(-29.62290555837,24.909370706525,0.));
#6598 = CARTESIAN_POINT('',(-29.77208654881,24.750012511529,0.));
#6599 = CARTESIAN_POINT('',(-29.84459983196,24.668162886558,0.));
#6600 = VECTOR('',#6601,1.);
#6601 = DIRECTION('',(-0.,-0.,-1.));
#6602 = ADVANCED_FACE('',(#6603),#6740,.F.);
#6603 = FACE_BOUND('',#6604,.F.);
#6604 = EDGE_LOOP('',(#6605,#6606,#6670,#6678));
#6605 = ORIENTED_EDGE('',*,*,#6470,.T.);
#6606 = ORIENTED_EDGE('',*,*,#6607,.T.);
#6607 = EDGE_CURVE('',#6407,#6608,#6610,.T.);
#6608 = VERTEX_POINT('',#6609);
#6609 = CARTESIAN_POINT('',(-38.11903560824,8.902542711497,5.));
#6610 = B_SPLINE_CURVE_WITH_KNOTS('',3,(#6611,#6612,#6613,#6614,#6615,
    #6616,#6617,#6618,#6619,#6620,#6621,#6622,#6623,#6624,#6625,#6626,
    #6627,#6628,#6629,#6630,#6631,#6632,#6633,#6634,#6635,#6636,#6637,
    #6638,#6639,#6640,#6641,#6642,#6643,#6644,#6645,#6646,#6647,#6648,
    #6649,#6650,#6651,#6652,#6653,#6654,#6655,#6656,#6657,#6658,#6659,
    #6660,#6661,#6662,#6663,#6664,#6665,#6666,#6667,#6668,#6669),
  .UNSPECIFIED.,.F.,.F.,(4,1,1,1,1,1,1,1,1,1,1,1,1,1,1,1,1,1,1,1,1,1,1,1
    ,1,1,1,1,1,1,1,1,1,1,1,1,1,1,1,1,1,1,1,1,1,1,1,1,1,1,1,1,1,1,1,1,4),
  (0.,0.328013505293,0.654532141274,0.978073973054,1.297183287801,
    1.61044462083,1.916497973535,2.214055789897,2.501922432478,
    2.779017159017,3.044401987384,3.269623492035,3.510023310168,
    3.737105776354,3.950973242823,4.152195746167,4.341963344013,
    4.522306308509,4.696421126138,4.869164710127,5.047820617967,
    5.243309477393,5.472118985513,5.759336347265,6.143042595942,
    6.678887194379,7.495697516282,8.524531677202,9.766857061766,
    11.00918244633,12.03801660725,12.854826929153,13.39067152759,
    13.774377776267,14.061595138019,14.290404646139,14.485893505565,
    14.664549413405,14.837292997394,15.011407815023,15.191750779519,
    15.381518377365,15.582740880709,15.796608347178,16.023690813363,
    16.264090631496,16.489312136147,16.754696964515,17.031791691054,
    17.319658333634,17.617216149997,17.923269502701,18.236530835731,
    18.555640150478,18.879181982258,19.205700618239,19.533714123532),
  .UNSPECIFIED.);
#6611 = CARTESIAN_POINT('',(-29.84459983196,24.668162886558,5.));
#6612 = CARTESIAN_POINT('',(-29.91711217059,24.586312424805,5.));
#6613 = CARTESIAN_POINT('',(-30.05732668357,24.419010623959,5.));
#6614 = CARTESIAN_POINT('',(-30.25281976045,24.157896693897,5.));
#6615 = CARTESIAN_POINT('',(-30.43208671109,23.888946303738,5.));
#6616 = CARTESIAN_POINT('',(-30.59412545881,23.614408008661,5.));
#6617 = CARTESIAN_POINT('',(-30.73842310732,23.336685427733,5.));
#6618 = CARTESIAN_POINT('',(-30.86412843709,23.057968967723,5.));
#6619 = CARTESIAN_POINT('',(-30.97306064334,22.781333331826,5.));
#6620 = CARTESIAN_POINT('',(-31.05896649675,22.5065742623,5.));
#6621 = CARTESIAN_POINT('',(-31.14558528748,22.244718802202,5.));
#6622 = CARTESIAN_POINT('',(-31.15234541578,21.976362598667,5.));
#6623 = CARTESIAN_POINT('',(-31.34555229313,21.794527345628,5.));
#6624 = CARTESIAN_POINT('',(-31.33050791946,21.549337745025,5.));
#6625 = CARTESIAN_POINT('',(-31.35564060646,21.326616738899,5.));
#6626 = CARTESIAN_POINT('',(-31.35668261901,21.111529270626,5.));
#6627 = CARTESIAN_POINT('',(-31.35153015634,20.910166819489,5.));
#6628 = CARTESIAN_POINT('',(-31.33765540092,20.72010193946,5.));
#6629 = CARTESIAN_POINT('',(-31.31727851324,20.539814319362,5.));
#6630 = CARTESIAN_POINT('',(-31.29101052959,20.366013347444,5.));
#6631 = CARTESIAN_POINT('',(-31.25918934595,20.193731714681,5.));
#6632 = CARTESIAN_POINT('',(-31.22127836007,20.015403982135,5.));
#6633 = CARTESIAN_POINT('',(-31.17584485758,19.819619863485,5.));
#6634 = CARTESIAN_POINT('',(-31.12036512596,19.589011327884,5.));
#6635 = CARTESIAN_POINT('',(-31.05335052165,19.296763432618,5.));
#6636 = CARTESIAN_POINT('',(-30.97123208903,18.902399212506,5.));
#6637 = CARTESIAN_POINT('',(-30.91667281543,18.326483601355,5.));
#6638 = CARTESIAN_POINT('',(-30.7514528462,17.541175032262,5.));
#6639 = CARTESIAN_POINT('',(-30.9494753901,16.511832675505,5.));
#6640 = CARTESIAN_POINT('',(-31.34535453602,15.401630176573,5.));
#6641 = CARTESIAN_POINT('',(-32.03414829375,14.445161125264,5.));
#6642 = CARTESIAN_POINT('',(-32.76879081959,13.697458661357,5.));
#6643 = CARTESIAN_POINT('',(-33.50894274168,13.387325916952,5.));
#6644 = CARTESIAN_POINT('',(-34.01390519771,13.105069963069,5.));
#6645 = CARTESIAN_POINT('',(-34.38510917478,12.948627697391,5.));
#6646 = CARTESIAN_POINT('',(-34.66369311165,12.837763908913,5.));
#6647 = CARTESIAN_POINT('',(-34.88499629548,12.752422253554,5.));
#6648 = CARTESIAN_POINT('',(-35.07193263741,12.678595237293,5.));
#6649 = CARTESIAN_POINT('',(-35.24022937873,12.608493668788,5.));
#6650 = CARTESIAN_POINT('',(-35.40009087551,12.536814867435,5.));
#6651 = CARTESIAN_POINT('',(-35.55804818675,12.459702789075,5.));
#6652 = CARTESIAN_POINT('',(-35.71799738085,12.374057597623,5.));
#6653 = CARTESIAN_POINT('',(-35.88229947002,12.277507139542,5.));
#6654 = CARTESIAN_POINT('',(-36.0509444509,12.167360623387,5.));
#6655 = CARTESIAN_POINT('',(-36.22736603645,12.044319455678,5.));
#6656 = CARTESIAN_POINT('',(-36.39638483761,11.897115707835,5.));
#6657 = CARTESIAN_POINT('',(-36.60671810131,11.770213416268,5.));
#6658 = CARTESIAN_POINT('',(-36.64661156497,11.507913076469,5.));
#6659 = CARTESIAN_POINT('',(-36.86362420021,11.349905901145,5.));
#6660 = CARTESIAN_POINT('',(-37.02992193765,11.129869178274,5.));
#6661 = CARTESIAN_POINT('',(-37.20724413202,10.903089105688,5.));
#6662 = CARTESIAN_POINT('',(-37.37303025094,10.656292705028,5.));
#6663 = CARTESIAN_POINT('',(-37.53100063437,10.3945102515,5.));
#6664 = CARTESIAN_POINT('',(-37.67759143051,10.117991207295,5.));
#6665 = CARTESIAN_POINT('',(-37.81148351775,9.828680405216,5.));
#6666 = CARTESIAN_POINT('',(-37.93099011466,9.528365361876,5.));
#6667 = CARTESIAN_POINT('',(-38.03482994106,9.219148095168,5.));
#6668 = CARTESIAN_POINT('',(-38.09286570208,9.008715558089,5.));
#6669 = CARTESIAN_POINT('',(-38.11903560824,8.902542711497,5.));
#6670 = ORIENTED_EDGE('',*,*,#6671,.F.);
#6671 = EDGE_CURVE('',#6672,#6608,#6674,.T.);
#6672 = VERTEX_POINT('',#6673);
#6673 = CARTESIAN_POINT('',(-38.11903560824,8.902542711497,0.));
#6674 = LINE('',#6675,#6676);
#6675 = CARTESIAN_POINT('',(-38.11903560824,8.902542711497,0.));
#6676 = VECTOR('',#6677,1.);
#6677 = DIRECTION('',(0.,0.,1.));
#6678 = ORIENTED_EDGE('',*,*,#6679,.F.);
#6679 = EDGE_CURVE('',#6471,#6672,#6680,.T.);
#6680 = B_SPLINE_CURVE_WITH_KNOTS('',3,(#6681,#6682,#6683,#6684,#6685,
    #6686,#6687,#6688,#6689,#6690,#6691,#6692,#6693,#6694,#6695,#6696,
    #6697,#6698,#6699,#6700,#6701,#6702,#6703,#6704,#6705,#6706,#6707,
    #6708,#6709,#6710,#6711,#6712,#6713,#6714,#6715,#6716,#6717,#6718,
    #6719,#6720,#6721,#6722,#6723,#6724,#6725,#6726,#6727,#6728,#6729,
    #6730,#6731,#6732,#6733,#6734,#6735,#6736,#6737,#6738,#6739),
  .UNSPECIFIED.,.F.,.F.,(4,1,1,1,1,1,1,1,1,1,1,1,1,1,1,1,1,1,1,1,1,1,1,1
    ,1,1,1,1,1,1,1,1,1,1,1,1,1,1,1,1,1,1,1,1,1,1,1,1,1,1,1,1,1,1,1,1,4),
  (0.,0.328013505293,0.654532141274,0.978073973054,1.297183287801,
    1.61044462083,1.916497973535,2.214055789897,2.501922432478,
    2.779017159017,3.044401987384,3.269623492035,3.510023310168,
    3.737105776354,3.950973242823,4.152195746167,4.341963344013,
    4.522306308509,4.696421126138,4.869164710127,5.047820617967,
    5.243309477393,5.472118985513,5.759336347265,6.143042595942,
    6.678887194379,7.495697516282,8.524531677202,9.766857061766,
    11.00918244633,12.03801660725,12.854826929153,13.39067152759,
    13.774377776267,14.061595138019,14.290404646139,14.485893505565,
    14.664549413405,14.837292997394,15.011407815023,15.191750779519,
    15.381518377365,15.582740880709,15.796608347178,16.023690813363,
    16.264090631496,16.489312136147,16.754696964515,17.031791691054,
    17.319658333634,17.617216149997,17.923269502701,18.236530835731,
    18.555640150478,18.879181982258,19.205700618239,19.533714123532),
  .UNSPECIFIED.);
#6681 = CARTESIAN_POINT('',(-29.84459983196,24.668162886558,0.));
#6682 = CARTESIAN_POINT('',(-29.91711217059,24.586312424805,0.));
#6683 = CARTESIAN_POINT('',(-30.05732668357,24.419010623959,0.));
#6684 = CARTESIAN_POINT('',(-30.25281976045,24.157896693897,0.));
#6685 = CARTESIAN_POINT('',(-30.43208671109,23.888946303738,0.));
#6686 = CARTESIAN_POINT('',(-30.59412545881,23.614408008661,0.));
#6687 = CARTESIAN_POINT('',(-30.73842310732,23.336685427733,0.));
#6688 = CARTESIAN_POINT('',(-30.86412843709,23.057968967723,0.));
#6689 = CARTESIAN_POINT('',(-30.97306064334,22.781333331826,0.));
#6690 = CARTESIAN_POINT('',(-31.05896649675,22.5065742623,0.));
#6691 = CARTESIAN_POINT('',(-31.14558528748,22.244718802202,0.));
#6692 = CARTESIAN_POINT('',(-31.15234541578,21.976362598667,0.));
#6693 = CARTESIAN_POINT('',(-31.34555229313,21.794527345628,0.));
#6694 = CARTESIAN_POINT('',(-31.33050791946,21.549337745025,0.));
#6695 = CARTESIAN_POINT('',(-31.35564060646,21.326616738899,0.));
#6696 = CARTESIAN_POINT('',(-31.35668261901,21.111529270626,0.));
#6697 = CARTESIAN_POINT('',(-31.35153015634,20.910166819489,0.));
#6698 = CARTESIAN_POINT('',(-31.33765540092,20.72010193946,0.));
#6699 = CARTESIAN_POINT('',(-31.31727851324,20.539814319362,0.));
#6700 = CARTESIAN_POINT('',(-31.29101052959,20.366013347444,0.));
#6701 = CARTESIAN_POINT('',(-31.25918934595,20.193731714681,0.));
#6702 = CARTESIAN_POINT('',(-31.22127836007,20.015403982135,0.));
#6703 = CARTESIAN_POINT('',(-31.17584485758,19.819619863485,0.));
#6704 = CARTESIAN_POINT('',(-31.12036512596,19.589011327884,0.));
#6705 = CARTESIAN_POINT('',(-31.05335052165,19.296763432618,0.));
#6706 = CARTESIAN_POINT('',(-30.97123208903,18.902399212506,0.));
#6707 = CARTESIAN_POINT('',(-30.91667281543,18.326483601355,0.));
#6708 = CARTESIAN_POINT('',(-30.7514528462,17.541175032262,0.));
#6709 = CARTESIAN_POINT('',(-30.9494753901,16.511832675505,0.));
#6710 = CARTESIAN_POINT('',(-31.34535453602,15.401630176573,0.));
#6711 = CARTESIAN_POINT('',(-32.03414829375,14.445161125264,0.));
#6712 = CARTESIAN_POINT('',(-32.76879081959,13.697458661357,0.));
#6713 = CARTESIAN_POINT('',(-33.50894274168,13.387325916952,0.));
#6714 = CARTESIAN_POINT('',(-34.01390519771,13.105069963069,0.));
#6715 = CARTESIAN_POINT('',(-34.38510917478,12.948627697391,0.));
#6716 = CARTESIAN_POINT('',(-34.66369311165,12.837763908913,0.));
#6717 = CARTESIAN_POINT('',(-34.88499629548,12.752422253554,0.));
#6718 = CARTESIAN_POINT('',(-35.07193263741,12.678595237293,0.));
#6719 = CARTESIAN_POINT('',(-35.24022937873,12.608493668788,0.));
#6720 = CARTESIAN_POINT('',(-35.40009087551,12.536814867435,0.));
#6721 = CARTESIAN_POINT('',(-35.55804818675,12.459702789075,0.));
#6722 = CARTESIAN_POINT('',(-35.71799738085,12.374057597623,0.));
#6723 = CARTESIAN_POINT('',(-35.88229947002,12.277507139542,0.));
#6724 = CARTESIAN_POINT('',(-36.0509444509,12.167360623387,0.));
#6725 = CARTESIAN_POINT('',(-36.22736603645,12.044319455678,0.));
#6726 = CARTESIAN_POINT('',(-36.39638483761,11.897115707835,0.));
#6727 = CARTESIAN_POINT('',(-36.60671810131,11.770213416268,0.));
#6728 = CARTESIAN_POINT('',(-36.64661156497,11.507913076469,0.));
#6729 = CARTESIAN_POINT('',(-36.86362420021,11.349905901145,0.));
#6730 = CARTESIAN_POINT('',(-37.02992193765,11.129869178274,0.));
#6731 = CARTESIAN_POINT('',(-37.20724413202,10.903089105688,0.));
#6732 = CARTESIAN_POINT('',(-37.37303025094,10.656292705028,0.));
#6733 = CARTESIAN_POINT('',(-37.53100063437,10.3945102515,0.));
#6734 = CARTESIAN_POINT('',(-37.67759143051,10.117991207295,0.));
#6735 = CARTESIAN_POINT('',(-37.81148351775,9.828680405216,0.));
#6736 = CARTESIAN_POINT('',(-37.93099011466,9.528365361876,0.));
#6737 = CARTESIAN_POINT('',(-38.03482994106,9.219148095168,0.));
#6738 = CARTESIAN_POINT('',(-38.09286570208,9.008715558089,0.));
#6739 = CARTESIAN_POINT('',(-38.11903560824,8.902542711497,0.));
#6740 = SURFACE_OF_LINEAR_EXTRUSION('',#6741,#6801);
#6741 = B_SPLINE_CURVE_WITH_KNOTS('',3,(#6742,#6743,#6744,#6745,#6746,
    #6747,#6748,#6749,#6750,#6751,#6752,#6753,#6754,#6755,#6756,#6757,
    #6758,#6759,#6760,#6761,#6762,#6763,#6764,#6765,#6766,#6767,#6768,
    #6769,#6770,#6771,#6772,#6773,#6774,#6775,#6776,#6777,#6778,#6779,
    #6780,#6781,#6782,#6783,#6784,#6785,#6786,#6787,#6788,#6789,#6790,
    #6791,#6792,#6793,#6794,#6795,#6796,#6797,#6798,#6799,#6800),
  .UNSPECIFIED.,.F.,.F.,(4,1,1,1,1,1,1,1,1,1,1,1,1,1,1,1,1,1,1,1,1,1,1,1
    ,1,1,1,1,1,1,1,1,1,1,1,1,1,1,1,1,1,1,1,1,1,1,1,1,1,1,1,1,1,1,1,1,4),
  (0.,0.328013505293,0.654532141274,0.978073973054,1.297183287801,
    1.61044462083,1.916497973535,2.214055789897,2.501922432478,
    2.779017159017,3.044401987384,3.269623492035,3.510023310168,
    3.737105776354,3.950973242823,4.152195746167,4.341963344013,
    4.522306308509,4.696421126138,4.869164710127,5.047820617967,
    5.243309477393,5.472118985513,5.759336347265,6.143042595942,
    6.678887194379,7.495697516282,8.524531677202,9.766857061766,
    11.00918244633,12.03801660725,12.854826929153,13.39067152759,
    13.774377776267,14.061595138019,14.290404646139,14.485893505565,
    14.664549413405,14.837292997394,15.011407815023,15.191750779519,
    15.381518377365,15.582740880709,15.796608347178,16.023690813363,
    16.264090631496,16.489312136147,16.754696964515,17.031791691054,
    17.319658333634,17.617216149997,17.923269502701,18.236530835731,
    18.555640150478,18.879181982258,19.205700618239,19.533714123532),
  .UNSPECIFIED.);
#6742 = CARTESIAN_POINT('',(-29.84459983196,24.668162886558,0.));
#6743 = CARTESIAN_POINT('',(-29.91711217059,24.586312424805,0.));
#6744 = CARTESIAN_POINT('',(-30.05732668357,24.419010623959,0.));
#6745 = CARTESIAN_POINT('',(-30.25281976045,24.157896693897,0.));
#6746 = CARTESIAN_POINT('',(-30.43208671109,23.888946303738,0.));
#6747 = CARTESIAN_POINT('',(-30.59412545881,23.614408008661,0.));
#6748 = CARTESIAN_POINT('',(-30.73842310732,23.336685427733,0.));
#6749 = CARTESIAN_POINT('',(-30.86412843709,23.057968967723,0.));
#6750 = CARTESIAN_POINT('',(-30.97306064334,22.781333331826,0.));
#6751 = CARTESIAN_POINT('',(-31.05896649675,22.5065742623,0.));
#6752 = CARTESIAN_POINT('',(-31.14558528748,22.244718802202,0.));
#6753 = CARTESIAN_POINT('',(-31.15234541578,21.976362598667,0.));
#6754 = CARTESIAN_POINT('',(-31.34555229313,21.794527345628,0.));
#6755 = CARTESIAN_POINT('',(-31.33050791946,21.549337745025,0.));
#6756 = CARTESIAN_POINT('',(-31.35564060646,21.326616738899,0.));
#6757 = CARTESIAN_POINT('',(-31.35668261901,21.111529270626,0.));
#6758 = CARTESIAN_POINT('',(-31.35153015634,20.910166819489,0.));
#6759 = CARTESIAN_POINT('',(-31.33765540092,20.72010193946,0.));
#6760 = CARTESIAN_POINT('',(-31.31727851324,20.539814319362,0.));
#6761 = CARTESIAN_POINT('',(-31.29101052959,20.366013347444,0.));
#6762 = CARTESIAN_POINT('',(-31.25918934595,20.193731714681,0.));
#6763 = CARTESIAN_POINT('',(-31.22127836007,20.015403982135,0.));
#6764 = CARTESIAN_POINT('',(-31.17584485758,19.819619863485,0.));
#6765 = CARTESIAN_POINT('',(-31.12036512596,19.589011327884,0.));
#6766 = CARTESIAN_POINT('',(-31.05335052165,19.296763432618,0.));
#6767 = CARTESIAN_POINT('',(-30.97123208903,18.902399212506,0.));
#6768 = CARTESIAN_POINT('',(-30.91667281543,18.326483601355,0.));
#6769 = CARTESIAN_POINT('',(-30.7514528462,17.541175032262,0.));
#6770 = CARTESIAN_POINT('',(-30.9494753901,16.511832675505,0.));
#6771 = CARTESIAN_POINT('',(-31.34535453602,15.401630176573,0.));
#6772 = CARTESIAN_POINT('',(-32.03414829375,14.445161125264,0.));
#6773 = CARTESIAN_POINT('',(-32.76879081959,13.697458661357,0.));
#6774 = CARTESIAN_POINT('',(-33.50894274168,13.387325916952,0.));
#6775 = CARTESIAN_POINT('',(-34.01390519771,13.105069963069,0.));
#6776 = CARTESIAN_POINT('',(-34.38510917478,12.948627697391,0.));
#6777 = CARTESIAN_POINT('',(-34.66369311165,12.837763908913,0.));
#6778 = CARTESIAN_POINT('',(-34.88499629548,12.752422253554,0.));
#6779 = CARTESIAN_POINT('',(-35.07193263741,12.678595237293,0.));
#6780 = CARTESIAN_POINT('',(-35.24022937873,12.608493668788,0.));
#6781 = CARTESIAN_POINT('',(-35.40009087551,12.536814867435,0.));
#6782 = CARTESIAN_POINT('',(-35.55804818675,12.459702789075,0.));
#6783 = CARTESIAN_POINT('',(-35.71799738085,12.374057597623,0.));
#6784 = CARTESIAN_POINT('',(-35.88229947002,12.277507139542,0.));
#6785 = CARTESIAN_POINT('',(-36.0509444509,12.167360623387,0.));
#6786 = CARTESIAN_POINT('',(-36.22736603645,12.044319455678,0.));
#6787 = CARTESIAN_POINT('',(-36.39638483761,11.897115707835,0.));
#6788 = CARTESIAN_POINT('',(-36.60671810131,11.770213416268,0.));
#6789 = CARTESIAN_POINT('',(-36.64661156497,11.507913076469,0.));
#6790 = CARTESIAN_POINT('',(-36.86362420021,11.349905901145,0.));
#6791 = CARTESIAN_POINT('',(-37.02992193765,11.129869178274,0.));
#6792 = CARTESIAN_POINT('',(-37.20724413202,10.903089105688,0.));
#6793 = CARTESIAN_POINT('',(-37.37303025094,10.656292705028,0.));
#6794 = CARTESIAN_POINT('',(-37.53100063437,10.3945102515,0.));
#6795 = CARTESIAN_POINT('',(-37.67759143051,10.117991207295,0.));
#6796 = CARTESIAN_POINT('',(-37.81148351775,9.828680405216,0.));
#6797 = CARTESIAN_POINT('',(-37.93099011466,9.528365361876,0.));
#6798 = CARTESIAN_POINT('',(-38.03482994106,9.219148095168,0.));
#6799 = CARTESIAN_POINT('',(-38.09286570208,9.008715558089,0.));
#6800 = CARTESIAN_POINT('',(-38.11903560824,8.902542711497,0.));
#6801 = VECTOR('',#6802,1.);
#6802 = DIRECTION('',(-0.,-0.,-1.));
#6803 = ADVANCED_FACE('',(#6804),#6941,.F.);
#6804 = FACE_BOUND('',#6805,.F.);
#6805 = EDGE_LOOP('',(#6806,#6807,#6871,#6879));
#6806 = ORIENTED_EDGE('',*,*,#6671,.T.);
#6807 = ORIENTED_EDGE('',*,*,#6808,.T.);
#6808 = EDGE_CURVE('',#6608,#6809,#6811,.T.);
#6809 = VERTEX_POINT('',#6810);
#6810 = CARTESIAN_POINT('',(-38.11903560824,-8.902542711497,5.));
#6811 = B_SPLINE_CURVE_WITH_KNOTS('',3,(#6812,#6813,#6814,#6815,#6816,
    #6817,#6818,#6819,#6820,#6821,#6822,#6823,#6824,#6825,#6826,#6827,
    #6828,#6829,#6830,#6831,#6832,#6833,#6834,#6835,#6836,#6837,#6838,
    #6839,#6840,#6841,#6842,#6843,#6844,#6845,#6846,#6847,#6848,#6849,
    #6850,#6851,#6852,#6853,#6854,#6855,#6856,#6857,#6858,#6859,#6860,
    #6861,#6862,#6863,#6864,#6865,#6866,#6867,#6868,#6869,#6870),
  .UNSPECIFIED.,.F.,.F.,(4,1,1,1,1,1,1,1,1,1,1,1,1,1,1,1,1,1,1,1,1,1,1,1
    ,1,1,1,1,1,1,1,1,1,1,1,1,1,1,1,1,1,1,1,1,1,1,1,1,1,1,1,1,1,1,1,1,4),
  (0.,0.328013505293,0.654532141274,0.978073973054,1.297183287801,
    1.61044462083,1.916497973535,2.214055789897,2.501922432478,
    2.779017159017,3.044401987384,3.269623492035,3.510023310168,
    3.737105776354,3.950973242823,4.152195746167,4.341963344013,
    4.522306308509,4.696421126138,4.869164710127,5.047820617967,
    5.243309477393,5.472118985513,5.759336347265,6.143042595942,
    6.678887194379,7.495697516282,8.524531677202,9.766857061766,
    11.00918244633,12.03801660725,12.854826929153,13.39067152759,
    13.774377776267,14.061595138019,14.290404646139,14.485893505565,
    14.664549413405,14.837292997394,15.011407815023,15.191750779519,
    15.381518377365,15.582740880709,15.796608347178,16.023690813363,
    16.264090631496,16.489312136147,16.754696964515,17.031791691054,
    17.319658333634,17.617216149997,17.923269502701,18.236530835731,
    18.555640150478,18.879181982258,19.205700618239,19.533714123532),
  .UNSPECIFIED.);
#6812 = CARTESIAN_POINT('',(-38.11903560824,8.902542711497,5.));
#6813 = CARTESIAN_POINT('',(-38.1452042892,8.796369562918,5.));
#6814 = CARTESIAN_POINT('',(-38.19160905103,8.583070242013,5.));
#6815 = CARTESIAN_POINT('',(-38.24336388007,8.261015176462,5.));
#6816 = CARTESIAN_POINT('',(-38.27710940329,7.939561926946,5.));
#6817 = CARTESIAN_POINT('',(-38.2930032815,7.621167178466,5.));
#6818 = CARTESIAN_POINT('',(-38.29170838511,7.30819758479,5.));
#6819 = CARTESIAN_POINT('',(-38.27348892942,7.002988236229,5.));
#6820 = CARTESIAN_POINT('',(-38.24138461761,6.707416225089,5.));
#6821 = CARTESIAN_POINT('',(-38.18976356682,6.42420671068,5.));
#6822 = CARTESIAN_POINT('',(-38.14477039697,6.152091456501,5.));
#6823 = CARTESIAN_POINT('',(-38.02604484717,5.911332250789,5.));
#6824 = CARTESIAN_POINT('',(-38.11261798533,5.660537417409,5.));
#6825 = CARTESIAN_POINT('',(-37.98535156507,5.450424277179,5.));
#6826 = CARTESIAN_POINT('',(-37.90410184176,5.241534878242,5.));
#6827 = CARTESIAN_POINT('',(-37.80506836753,5.050600136038,5.));
#6828 = CARTESIAN_POINT('',(-37.70692829139,4.874697009136,5.));
#6829 = CARTESIAN_POINT('',(-37.60631525165,4.7128508362,5.));
#6830 = CARTESIAN_POINT('',(-37.50448857898,4.562683688513,5.));
#6831 = CARTESIAN_POINT('',(-37.4004600956,4.420997911349,5.));
#6832 = CARTESIAN_POINT('',(-37.29222056994,4.283238142909,5.));
#6833 = CARTESIAN_POINT('',(-37.17577902953,4.142954891199,5.));
#6834 = CARTESIAN_POINT('',(-37.04456424433,3.990710665003,5.));
#6835 = CARTESIAN_POINT('',(-36.8882702515,3.812299664453,5.));
#6836 = CARTESIAN_POINT('',(-36.69311739739,3.584670244095,5.));
#6837 = CARTESIAN_POINT('',(-36.4371349451,3.273640407585,5.));
#6838 = CARTESIAN_POINT('',(-36.12118377789,2.789047418114,5.));
#6839 = CARTESIAN_POINT('',(-35.60993767132,2.1704727618,5.));
#6840 = CARTESIAN_POINT('',(-35.30691868088,1.16700970481,5.));
#6841 = CARTESIAN_POINT('',(-35.14151542915,1.432187701766E-14,5.));
#6842 = CARTESIAN_POINT('',(-35.30691868088,-1.16700970481,5.));
#6843 = CARTESIAN_POINT('',(-35.60993767132,-2.1704727618,5.));
#6844 = CARTESIAN_POINT('',(-36.12118377789,-2.789047418114,5.));
#6845 = CARTESIAN_POINT('',(-36.4371349451,-3.273640407585,5.));
#6846 = CARTESIAN_POINT('',(-36.69311739739,-3.584670244095,5.));
#6847 = CARTESIAN_POINT('',(-36.8882702515,-3.812299664453,5.));
#6848 = CARTESIAN_POINT('',(-37.04456424433,-3.990710665003,5.));
#6849 = CARTESIAN_POINT('',(-37.17577902953,-4.142954891199,5.));
#6850 = CARTESIAN_POINT('',(-37.29222056994,-4.283238142909,5.));
#6851 = CARTESIAN_POINT('',(-37.4004600956,-4.420997911349,5.));
#6852 = CARTESIAN_POINT('',(-37.50448857898,-4.562683688513,5.));
#6853 = CARTESIAN_POINT('',(-37.60631525165,-4.7128508362,5.));
#6854 = CARTESIAN_POINT('',(-37.70692829139,-4.874697009136,5.));
#6855 = CARTESIAN_POINT('',(-37.80506836753,-5.050600136038,5.));
#6856 = CARTESIAN_POINT('',(-37.90410184176,-5.241534878242,5.));
#6857 = CARTESIAN_POINT('',(-37.98535156507,-5.450424277179,5.));
#6858 = CARTESIAN_POINT('',(-38.11261798533,-5.660537417409,5.));
#6859 = CARTESIAN_POINT('',(-38.02604484717,-5.911332250789,5.));
#6860 = CARTESIAN_POINT('',(-38.14477039697,-6.152091456501,5.));
#6861 = CARTESIAN_POINT('',(-38.18976356682,-6.42420671068,5.));
#6862 = CARTESIAN_POINT('',(-38.24138461761,-6.707416225089,5.));
#6863 = CARTESIAN_POINT('',(-38.27348892942,-7.002988236229,5.));
#6864 = CARTESIAN_POINT('',(-38.29170838511,-7.30819758479,5.));
#6865 = CARTESIAN_POINT('',(-38.2930032815,-7.621167178466,5.));
#6866 = CARTESIAN_POINT('',(-38.27710940329,-7.939561926946,5.));
#6867 = CARTESIAN_POINT('',(-38.24336388007,-8.261015176462,5.));
#6868 = CARTESIAN_POINT('',(-38.19160905103,-8.583070242013,5.));
#6869 = CARTESIAN_POINT('',(-38.1452042892,-8.796369562918,5.));
#6870 = CARTESIAN_POINT('',(-38.11903560824,-8.902542711497,5.));
#6871 = ORIENTED_EDGE('',*,*,#6872,.F.);
#6872 = EDGE_CURVE('',#6873,#6809,#6875,.T.);
#6873 = VERTEX_POINT('',#6874);
#6874 = CARTESIAN_POINT('',(-38.11903560824,-8.902542711497,0.));
#6875 = LINE('',#6876,#6877);
#6876 = CARTESIAN_POINT('',(-38.11903560824,-8.902542711497,0.));
#6877 = VECTOR('',#6878,1.);
#6878 = DIRECTION('',(0.,0.,1.));
#6879 = ORIENTED_EDGE('',*,*,#6880,.F.);
#6880 = EDGE_CURVE('',#6672,#6873,#6881,.T.);
#6881 = B_SPLINE_CURVE_WITH_KNOTS('',3,(#6882,#6883,#6884,#6885,#6886,
    #6887,#6888,#6889,#6890,#6891,#6892,#6893,#6894,#6895,#6896,#6897,
    #6898,#6899,#6900,#6901,#6902,#6903,#6904,#6905,#6906,#6907,#6908,
    #6909,#6910,#6911,#6912,#6913,#6914,#6915,#6916,#6917,#6918,#6919,
    #6920,#6921,#6922,#6923,#6924,#6925,#6926,#6927,#6928,#6929,#6930,
    #6931,#6932,#6933,#6934,#6935,#6936,#6937,#6938,#6939,#6940),
  .UNSPECIFIED.,.F.,.F.,(4,1,1,1,1,1,1,1,1,1,1,1,1,1,1,1,1,1,1,1,1,1,1,1
    ,1,1,1,1,1,1,1,1,1,1,1,1,1,1,1,1,1,1,1,1,1,1,1,1,1,1,1,1,1,1,1,1,4),
  (0.,0.328013505293,0.654532141274,0.978073973054,1.297183287801,
    1.61044462083,1.916497973535,2.214055789897,2.501922432478,
    2.779017159017,3.044401987384,3.269623492035,3.510023310168,
    3.737105776354,3.950973242823,4.152195746167,4.341963344013,
    4.522306308509,4.696421126138,4.869164710127,5.047820617967,
    5.243309477393,5.472118985513,5.759336347265,6.143042595942,
    6.678887194379,7.495697516282,8.524531677202,9.766857061766,
    11.00918244633,12.03801660725,12.854826929153,13.39067152759,
    13.774377776267,14.061595138019,14.290404646139,14.485893505565,
    14.664549413405,14.837292997394,15.011407815023,15.191750779519,
    15.381518377365,15.582740880709,15.796608347178,16.023690813363,
    16.264090631496,16.489312136147,16.754696964515,17.031791691054,
    17.319658333634,17.617216149997,17.923269502701,18.236530835731,
    18.555640150478,18.879181982258,19.205700618239,19.533714123532),
  .UNSPECIFIED.);
#6882 = CARTESIAN_POINT('',(-38.11903560824,8.902542711497,0.));
#6883 = CARTESIAN_POINT('',(-38.1452042892,8.796369562918,0.));
#6884 = CARTESIAN_POINT('',(-38.19160905103,8.583070242013,0.));
#6885 = CARTESIAN_POINT('',(-38.24336388007,8.261015176462,0.));
#6886 = CARTESIAN_POINT('',(-38.27710940329,7.939561926946,0.));
#6887 = CARTESIAN_POINT('',(-38.2930032815,7.621167178466,0.));
#6888 = CARTESIAN_POINT('',(-38.29170838511,7.30819758479,0.));
#6889 = CARTESIAN_POINT('',(-38.27348892942,7.002988236229,0.));
#6890 = CARTESIAN_POINT('',(-38.24138461761,6.707416225089,0.));
#6891 = CARTESIAN_POINT('',(-38.18976356682,6.42420671068,0.));
#6892 = CARTESIAN_POINT('',(-38.14477039697,6.152091456501,0.));
#6893 = CARTESIAN_POINT('',(-38.02604484717,5.911332250789,0.));
#6894 = CARTESIAN_POINT('',(-38.11261798533,5.660537417409,0.));
#6895 = CARTESIAN_POINT('',(-37.98535156507,5.450424277179,0.));
#6896 = CARTESIAN_POINT('',(-37.90410184176,5.241534878242,0.));
#6897 = CARTESIAN_POINT('',(-37.80506836753,5.050600136038,0.));
#6898 = CARTESIAN_POINT('',(-37.70692829139,4.874697009136,0.));
#6899 = CARTESIAN_POINT('',(-37.60631525165,4.7128508362,0.));
#6900 = CARTESIAN_POINT('',(-37.50448857898,4.562683688513,0.));
#6901 = CARTESIAN_POINT('',(-37.4004600956,4.420997911349,0.));
#6902 = CARTESIAN_POINT('',(-37.29222056994,4.283238142909,0.));
#6903 = CARTESIAN_POINT('',(-37.17577902953,4.142954891199,0.));
#6904 = CARTESIAN_POINT('',(-37.04456424433,3.990710665003,0.));
#6905 = CARTESIAN_POINT('',(-36.8882702515,3.812299664453,0.));
#6906 = CARTESIAN_POINT('',(-36.69311739739,3.584670244095,0.));
#6907 = CARTESIAN_POINT('',(-36.4371349451,3.273640407585,0.));
#6908 = CARTESIAN_POINT('',(-36.12118377789,2.789047418114,0.));
#6909 = CARTESIAN_POINT('',(-35.60993767132,2.1704727618,0.));
#6910 = CARTESIAN_POINT('',(-35.30691868088,1.16700970481,0.));
#6911 = CARTESIAN_POINT('',(-35.14151542915,1.432187701766E-14,0.));
#6912 = CARTESIAN_POINT('',(-35.30691868088,-1.16700970481,0.));
#6913 = CARTESIAN_POINT('',(-35.60993767132,-2.1704727618,0.));
#6914 = CARTESIAN_POINT('',(-36.12118377789,-2.789047418114,0.));
#6915 = CARTESIAN_POINT('',(-36.4371349451,-3.273640407585,0.));
#6916 = CARTESIAN_POINT('',(-36.69311739739,-3.584670244095,0.));
#6917 = CARTESIAN_POINT('',(-36.8882702515,-3.812299664453,0.));
#6918 = CARTESIAN_POINT('',(-37.04456424433,-3.990710665003,0.));
#6919 = CARTESIAN_POINT('',(-37.17577902953,-4.142954891199,0.));
#6920 = CARTESIAN_POINT('',(-37.29222056994,-4.283238142909,0.));
#6921 = CARTESIAN_POINT('',(-37.4004600956,-4.420997911349,0.));
#6922 = CARTESIAN_POINT('',(-37.50448857898,-4.562683688513,0.));
#6923 = CARTESIAN_POINT('',(-37.60631525165,-4.7128508362,0.));
#6924 = CARTESIAN_POINT('',(-37.70692829139,-4.874697009136,0.));
#6925 = CARTESIAN_POINT('',(-37.80506836753,-5.050600136038,0.));
#6926 = CARTESIAN_POINT('',(-37.90410184176,-5.241534878242,0.));
#6927 = CARTESIAN_POINT('',(-37.98535156507,-5.450424277179,0.));
#6928 = CARTESIAN_POINT('',(-38.11261798533,-5.660537417409,0.));
#6929 = CARTESIAN_POINT('',(-38.02604484717,-5.911332250789,0.));
#6930 = CARTESIAN_POINT('',(-38.14477039697,-6.152091456501,0.));
#6931 = CARTESIAN_POINT('',(-38.18976356682,-6.42420671068,0.));
#6932 = CARTESIAN_POINT('',(-38.24138461761,-6.707416225089,0.));
#6933 = CARTESIAN_POINT('',(-38.27348892942,-7.002988236229,0.));
#6934 = CARTESIAN_POINT('',(-38.29170838511,-7.30819758479,0.));
#6935 = CARTESIAN_POINT('',(-38.2930032815,-7.621167178466,0.));
#6936 = CARTESIAN_POINT('',(-38.27710940329,-7.939561926946,0.));
#6937 = CARTESIAN_POINT('',(-38.24336388007,-8.261015176462,0.));
#6938 = CARTESIAN_POINT('',(-38.19160905103,-8.583070242013,0.));
#6939 = CARTESIAN_POINT('',(-38.1452042892,-8.796369562918,0.));
#6940 = CARTESIAN_POINT('',(-38.11903560824,-8.902542711497,0.));
#6941 = SURFACE_OF_LINEAR_EXTRUSION('',#6942,#7002);
#6942 = B_SPLINE_CURVE_WITH_KNOTS('',3,(#6943,#6944,#6945,#6946,#6947,
    #6948,#6949,#6950,#6951,#6952,#6953,#6954,#6955,#6956,#6957,#6958,
    #6959,#6960,#6961,#6962,#6963,#6964,#6965,#6966,#6967,#6968,#6969,
    #6970,#6971,#6972,#6973,#6974,#6975,#6976,#6977,#6978,#6979,#6980,
    #6981,#6982,#6983,#6984,#6985,#6986,#6987,#6988,#6989,#6990,#6991,
    #6992,#6993,#6994,#6995,#6996,#6997,#6998,#6999,#7000,#7001),
  .UNSPECIFIED.,.F.,.F.,(4,1,1,1,1,1,1,1,1,1,1,1,1,1,1,1,1,1,1,1,1,1,1,1
    ,1,1,1,1,1,1,1,1,1,1,1,1,1,1,1,1,1,1,1,1,1,1,1,1,1,1,1,1,1,1,1,1,4),
  (0.,0.328013505293,0.654532141274,0.978073973054,1.297183287801,
    1.61044462083,1.916497973535,2.214055789897,2.501922432478,
    2.779017159017,3.044401987384,3.269623492035,3.510023310168,
    3.737105776354,3.950973242823,4.152195746167,4.341963344013,
    4.522306308509,4.696421126138,4.869164710127,5.047820617967,
    5.243309477393,5.472118985513,5.759336347265,6.143042595942,
    6.678887194379,7.495697516282,8.524531677202,9.766857061766,
    11.00918244633,12.03801660725,12.854826929153,13.39067152759,
    13.774377776267,14.061595138019,14.290404646139,14.485893505565,
    14.664549413405,14.837292997394,15.011407815023,15.191750779519,
    15.381518377365,15.582740880709,15.796608347178,16.023690813363,
    16.264090631496,16.489312136147,16.754696964515,17.031791691054,
    17.319658333634,17.617216149997,17.923269502701,18.236530835731,
    18.555640150478,18.879181982258,19.205700618239,19.533714123532),
  .UNSPECIFIED.);
#6943 = CARTESIAN_POINT('',(-38.11903560824,8.902542711497,0.));
#6944 = CARTESIAN_POINT('',(-38.1452042892,8.796369562918,0.));
#6945 = CARTESIAN_POINT('',(-38.19160905103,8.583070242013,0.));
#6946 = CARTESIAN_POINT('',(-38.24336388007,8.261015176462,0.));
#6947 = CARTESIAN_POINT('',(-38.27710940329,7.939561926946,0.));
#6948 = CARTESIAN_POINT('',(-38.2930032815,7.621167178466,0.));
#6949 = CARTESIAN_POINT('',(-38.29170838511,7.30819758479,0.));
#6950 = CARTESIAN_POINT('',(-38.27348892942,7.002988236229,0.));
#6951 = CARTESIAN_POINT('',(-38.24138461761,6.707416225089,0.));
#6952 = CARTESIAN_POINT('',(-38.18976356682,6.42420671068,0.));
#6953 = CARTESIAN_POINT('',(-38.14477039697,6.152091456501,0.));
#6954 = CARTESIAN_POINT('',(-38.02604484717,5.911332250789,0.));
#6955 = CARTESIAN_POINT('',(-38.11261798533,5.660537417409,0.));
#6956 = CARTESIAN_POINT('',(-37.98535156507,5.450424277179,0.));
#6957 = CARTESIAN_POINT('',(-37.90410184176,5.241534878242,0.));
#6958 = CARTESIAN_POINT('',(-37.80506836753,5.050600136038,0.));
#6959 = CARTESIAN_POINT('',(-37.70692829139,4.874697009136,0.));
#6960 = CARTESIAN_POINT('',(-37.60631525165,4.7128508362,0.));
#6961 = CARTESIAN_POINT('',(-37.50448857898,4.562683688513,0.));
#6962 = CARTESIAN_POINT('',(-37.4004600956,4.420997911349,0.));
#6963 = CARTESIAN_POINT('',(-37.29222056994,4.283238142909,0.));
#6964 = CARTESIAN_POINT('',(-37.17577902953,4.142954891199,0.));
#6965 = CARTESIAN_POINT('',(-37.04456424433,3.990710665003,0.));
#6966 = CARTESIAN_POINT('',(-36.8882702515,3.812299664453,0.));
#6967 = CARTESIAN_POINT('',(-36.69311739739,3.584670244095,0.));
#6968 = CARTESIAN_POINT('',(-36.4371349451,3.273640407585,0.));
#6969 = CARTESIAN_POINT('',(-36.12118377789,2.789047418114,0.));
#6970 = CARTESIAN_POINT('',(-35.60993767132,2.1704727618,0.));
#6971 = CARTESIAN_POINT('',(-35.30691868088,1.16700970481,0.));
#6972 = CARTESIAN_POINT('',(-35.14151542915,1.432187701766E-14,0.));
#6973 = CARTESIAN_POINT('',(-35.30691868088,-1.16700970481,0.));
#6974 = CARTESIAN_POINT('',(-35.60993767132,-2.1704727618,0.));
#6975 = CARTESIAN_POINT('',(-36.12118377789,-2.789047418114,0.));
#6976 = CARTESIAN_POINT('',(-36.4371349451,-3.273640407585,0.));
#6977 = CARTESIAN_POINT('',(-36.69311739739,-3.584670244095,0.));
#6978 = CARTESIAN_POINT('',(-36.8882702515,-3.812299664453,0.));
#6979 = CARTESIAN_POINT('',(-37.04456424433,-3.990710665003,0.));
#6980 = CARTESIAN_POINT('',(-37.17577902953,-4.142954891199,0.));
#6981 = CARTESIAN_POINT('',(-37.29222056994,-4.283238142909,0.));
#6982 = CARTESIAN_POINT('',(-37.4004600956,-4.420997911349,0.));
#6983 = CARTESIAN_POINT('',(-37.50448857898,-4.562683688513,0.));
#6984 = CARTESIAN_POINT('',(-37.60631525165,-4.7128508362,0.));
#6985 = CARTESIAN_POINT('',(-37.70692829139,-4.874697009136,0.));
#6986 = CARTESIAN_POINT('',(-37.80506836753,-5.050600136038,0.));
#6987 = CARTESIAN_POINT('',(-37.90410184176,-5.241534878242,0.));
#6988 = CARTESIAN_POINT('',(-37.98535156507,-5.450424277179,0.));
#6989 = CARTESIAN_POINT('',(-38.11261798533,-5.660537417409,0.));
#6990 = CARTESIAN_POINT('',(-38.02604484717,-5.911332250789,0.));
#6991 = CARTESIAN_POINT('',(-38.14477039697,-6.152091456501,0.));
#6992 = CARTESIAN_POINT('',(-38.18976356682,-6.42420671068,0.));
#6993 = CARTESIAN_POINT('',(-38.24138461761,-6.707416225089,0.));
#6994 = CARTESIAN_POINT('',(-38.27348892942,-7.002988236229,0.));
#6995 = CARTESIAN_POINT('',(-38.29170838511,-7.30819758479,0.));
#6996 = CARTESIAN_POINT('',(-38.2930032815,-7.621167178466,0.));
#6997 = CARTESIAN_POINT('',(-38.27710940329,-7.939561926946,0.));
#6998 = CARTESIAN_POINT('',(-38.24336388007,-8.261015176462,0.));
#6999 = CARTESIAN_POINT('',(-38.19160905103,-8.583070242013,0.));
#7000 = CARTESIAN_POINT('',(-38.1452042892,-8.796369562918,0.));
#7001 = CARTESIAN_POINT('',(-38.11903560824,-8.902542711497,0.));
#7002 = VECTOR('',#7003,1.);
#7003 = DIRECTION('',(-0.,-0.,-1.));
#7004 = ADVANCED_FACE('',(#7005),#7142,.F.);
#7005 = FACE_BOUND('',#7006,.F.);
#7006 = EDGE_LOOP('',(#7007,#7008,#7072,#7080));
#7007 = ORIENTED_EDGE('',*,*,#6872,.T.);
#7008 = ORIENTED_EDGE('',*,*,#7009,.T.);
#7009 = EDGE_CURVE('',#6809,#7010,#7012,.T.);
#7010 = VERTEX_POINT('',#7011);
#7011 = CARTESIAN_POINT('',(-29.84459983196,-24.66816288655,5.));
#7012 = B_SPLINE_CURVE_WITH_KNOTS('',3,(#7013,#7014,#7015,#7016,#7017,
    #7018,#7019,#7020,#7021,#7022,#7023,#7024,#7025,#7026,#7027,#7028,
    #7029,#7030,#7031,#7032,#7033,#7034,#7035,#7036,#7037,#7038,#7039,
    #7040,#7041,#7042,#7043,#7044,#7045,#7046,#7047,#7048,#7049,#7050,
    #7051,#7052,#7053,#7054,#7055,#7056,#7057,#7058,#7059,#7060,#7061,
    #7062,#7063,#7064,#7065,#7066,#7067,#7068,#7069,#7070,#7071),
  .UNSPECIFIED.,.F.,.F.,(4,1,1,1,1,1,1,1,1,1,1,1,1,1,1,1,1,1,1,1,1,1,1,1
    ,1,1,1,1,1,1,1,1,1,1,1,1,1,1,1,1,1,1,1,1,1,1,1,1,1,1,1,1,1,1,1,1,4),
  (0.,0.328013505293,0.654532141274,0.978073973054,1.297183287801,
    1.61044462083,1.916497973535,2.214055789897,2.501922432478,
    2.779017159017,3.044401987384,3.269623492035,3.510023310168,
    3.737105776354,3.950973242823,4.152195746167,4.341963344013,
    4.522306308509,4.696421126138,4.869164710127,5.047820617967,
    5.243309477393,5.472118985513,5.759336347265,6.143042595942,
    6.678887194379,7.495697516282,8.524531677202,9.766857061766,
    11.00918244633,12.03801660725,12.854826929153,13.39067152759,
    13.774377776267,14.061595138019,14.290404646139,14.485893505565,
    14.664549413405,14.837292997394,15.011407815023,15.191750779519,
    15.381518377365,15.582740880709,15.796608347178,16.023690813363,
    16.264090631496,16.489312136147,16.754696964515,17.031791691054,
    17.319658333634,17.617216149997,17.923269502701,18.236530835731,
    18.555640150478,18.879181982258,19.205700618239,19.533714123532),
  .UNSPECIFIED.);
#7013 = CARTESIAN_POINT('',(-38.11903560824,-8.902542711497,5.));
#7014 = CARTESIAN_POINT('',(-38.09286570208,-9.008715558089,5.));
#7015 = CARTESIAN_POINT('',(-38.03482994106,-9.219148095168,5.));
#7016 = CARTESIAN_POINT('',(-37.93099011466,-9.528365361876,5.));
#7017 = CARTESIAN_POINT('',(-37.81148351775,-9.828680405216,5.));
#7018 = CARTESIAN_POINT('',(-37.67759143051,-10.11799120729,5.));
#7019 = CARTESIAN_POINT('',(-37.53100063437,-10.3945102515,5.));
#7020 = CARTESIAN_POINT('',(-37.37303025094,-10.65629270502,5.));
#7021 = CARTESIAN_POINT('',(-37.20724413202,-10.90308910568,5.));
#7022 = CARTESIAN_POINT('',(-37.02992193765,-11.12986917827,5.));
#7023 = CARTESIAN_POINT('',(-36.86362420021,-11.34990590114,5.));
#7024 = CARTESIAN_POINT('',(-36.64661156497,-11.50791307646,5.));
#7025 = CARTESIAN_POINT('',(-36.60671810131,-11.77021341626,5.));
#7026 = CARTESIAN_POINT('',(-36.39638483761,-11.89711570783,5.));
#7027 = CARTESIAN_POINT('',(-36.22736603645,-12.04431945567,5.));
#7028 = CARTESIAN_POINT('',(-36.0509444509,-12.16736062338,5.));
#7029 = CARTESIAN_POINT('',(-35.88229947002,-12.27750713954,5.));
#7030 = CARTESIAN_POINT('',(-35.71799738085,-12.37405759762,5.));
#7031 = CARTESIAN_POINT('',(-35.55804818675,-12.45970278907,5.));
#7032 = CARTESIAN_POINT('',(-35.40009087551,-12.53681486743,5.));
#7033 = CARTESIAN_POINT('',(-35.24022937873,-12.60849366878,5.));
#7034 = CARTESIAN_POINT('',(-35.07193263741,-12.67859523729,5.));
#7035 = CARTESIAN_POINT('',(-34.88499629548,-12.75242225355,5.));
#7036 = CARTESIAN_POINT('',(-34.66369311165,-12.83776390891,5.));
#7037 = CARTESIAN_POINT('',(-34.38510917478,-12.94862769739,5.));
#7038 = CARTESIAN_POINT('',(-34.01390519771,-13.10506996306,5.));
#7039 = CARTESIAN_POINT('',(-33.50894274168,-13.38732591695,5.));
#7040 = CARTESIAN_POINT('',(-32.76879081959,-13.69745866135,5.));
#7041 = CARTESIAN_POINT('',(-32.03414829375,-14.44516112526,5.));
#7042 = CARTESIAN_POINT('',(-31.34535453602,-15.40163017657,5.));
#7043 = CARTESIAN_POINT('',(-30.9494753901,-16.5118326755,5.));
#7044 = CARTESIAN_POINT('',(-30.7514528462,-17.54117503226,5.));
#7045 = CARTESIAN_POINT('',(-30.91667281543,-18.32648360135,5.));
#7046 = CARTESIAN_POINT('',(-30.97123208903,-18.9023992125,5.));
#7047 = CARTESIAN_POINT('',(-31.05335052165,-19.29676343261,5.));
#7048 = CARTESIAN_POINT('',(-31.12036512596,-19.58901132788,5.));
#7049 = CARTESIAN_POINT('',(-31.17584485758,-19.81961986348,5.));
#7050 = CARTESIAN_POINT('',(-31.22127836007,-20.01540398213,5.));
#7051 = CARTESIAN_POINT('',(-31.25918934595,-20.19373171468,5.));
#7052 = CARTESIAN_POINT('',(-31.29101052959,-20.36601334744,5.));
#7053 = CARTESIAN_POINT('',(-31.31727851324,-20.53981431936,5.));
#7054 = CARTESIAN_POINT('',(-31.33765540092,-20.72010193946,5.));
#7055 = CARTESIAN_POINT('',(-31.35153015634,-20.91016681948,5.));
#7056 = CARTESIAN_POINT('',(-31.35668261901,-21.11152927062,5.));
#7057 = CARTESIAN_POINT('',(-31.35564060646,-21.32661673889,5.));
#7058 = CARTESIAN_POINT('',(-31.33050791946,-21.54933774502,5.));
#7059 = CARTESIAN_POINT('',(-31.34555229313,-21.79452734562,5.));
#7060 = CARTESIAN_POINT('',(-31.15234541578,-21.97636259866,5.));
#7061 = CARTESIAN_POINT('',(-31.14558528748,-22.2447188022,5.));
#7062 = CARTESIAN_POINT('',(-31.05896649675,-22.5065742623,5.));
#7063 = CARTESIAN_POINT('',(-30.97306064334,-22.78133333182,5.));
#7064 = CARTESIAN_POINT('',(-30.86412843709,-23.05796896772,5.));
#7065 = CARTESIAN_POINT('',(-30.73842310732,-23.33668542773,5.));
#7066 = CARTESIAN_POINT('',(-30.59412545881,-23.61440800866,5.));
#7067 = CARTESIAN_POINT('',(-30.43208671109,-23.88894630373,5.));
#7068 = CARTESIAN_POINT('',(-30.25281976045,-24.15789669389,5.));
#7069 = CARTESIAN_POINT('',(-30.05732668357,-24.41901062395,5.));
#7070 = CARTESIAN_POINT('',(-29.91711217059,-24.5863124248,5.));
#7071 = CARTESIAN_POINT('',(-29.84459983196,-24.66816288655,5.));
#7072 = ORIENTED_EDGE('',*,*,#7073,.F.);
#7073 = EDGE_CURVE('',#7074,#7010,#7076,.T.);
#7074 = VERTEX_POINT('',#7075);
#7075 = CARTESIAN_POINT('',(-29.84459983196,-24.66816288655,0.));
#7076 = LINE('',#7077,#7078);
#7077 = CARTESIAN_POINT('',(-29.84459983196,-24.66816288655,0.));
#7078 = VECTOR('',#7079,1.);
#7079 = DIRECTION('',(0.,0.,1.));
#7080 = ORIENTED_EDGE('',*,*,#7081,.F.);
#7081 = EDGE_CURVE('',#6873,#7074,#7082,.T.);
#7082 = B_SPLINE_CURVE_WITH_KNOTS('',3,(#7083,#7084,#7085,#7086,#7087,
    #7088,#7089,#7090,#7091,#7092,#7093,#7094,#7095,#7096,#7097,#7098,
    #7099,#7100,#7101,#7102,#7103,#7104,#7105,#7106,#7107,#7108,#7109,
    #7110,#7111,#7112,#7113,#7114,#7115,#7116,#7117,#7118,#7119,#7120,
    #7121,#7122,#7123,#7124,#7125,#7126,#7127,#7128,#7129,#7130,#7131,
    #7132,#7133,#7134,#7135,#7136,#7137,#7138,#7139,#7140,#7141),
  .UNSPECIFIED.,.F.,.F.,(4,1,1,1,1,1,1,1,1,1,1,1,1,1,1,1,1,1,1,1,1,1,1,1
    ,1,1,1,1,1,1,1,1,1,1,1,1,1,1,1,1,1,1,1,1,1,1,1,1,1,1,1,1,1,1,1,1,4),
  (0.,0.328013505293,0.654532141274,0.978073973054,1.297183287801,
    1.61044462083,1.916497973535,2.214055789897,2.501922432478,
    2.779017159017,3.044401987384,3.269623492035,3.510023310168,
    3.737105776354,3.950973242823,4.152195746167,4.341963344013,
    4.522306308509,4.696421126138,4.869164710127,5.047820617967,
    5.243309477393,5.472118985513,5.759336347265,6.143042595942,
    6.678887194379,7.495697516282,8.524531677202,9.766857061766,
    11.00918244633,12.03801660725,12.854826929153,13.39067152759,
    13.774377776267,14.061595138019,14.290404646139,14.485893505565,
    14.664549413405,14.837292997394,15.011407815023,15.191750779519,
    15.381518377365,15.582740880709,15.796608347178,16.023690813363,
    16.264090631496,16.489312136147,16.754696964515,17.031791691054,
    17.319658333634,17.617216149997,17.923269502701,18.236530835731,
    18.555640150478,18.879181982258,19.205700618239,19.533714123532),
  .UNSPECIFIED.);
#7083 = CARTESIAN_POINT('',(-38.11903560824,-8.902542711497,0.));
#7084 = CARTESIAN_POINT('',(-38.09286570208,-9.008715558089,0.));
#7085 = CARTESIAN_POINT('',(-38.03482994106,-9.219148095168,0.));
#7086 = CARTESIAN_POINT('',(-37.93099011466,-9.528365361876,0.));
#7087 = CARTESIAN_POINT('',(-37.81148351775,-9.828680405216,0.));
#7088 = CARTESIAN_POINT('',(-37.67759143051,-10.11799120729,0.));
#7089 = CARTESIAN_POINT('',(-37.53100063437,-10.3945102515,0.));
#7090 = CARTESIAN_POINT('',(-37.37303025094,-10.65629270502,0.));
#7091 = CARTESIAN_POINT('',(-37.20724413202,-10.90308910568,0.));
#7092 = CARTESIAN_POINT('',(-37.02992193765,-11.12986917827,0.));
#7093 = CARTESIAN_POINT('',(-36.86362420021,-11.34990590114,0.));
#7094 = CARTESIAN_POINT('',(-36.64661156497,-11.50791307646,0.));
#7095 = CARTESIAN_POINT('',(-36.60671810131,-11.77021341626,0.));
#7096 = CARTESIAN_POINT('',(-36.39638483761,-11.89711570783,0.));
#7097 = CARTESIAN_POINT('',(-36.22736603645,-12.04431945567,0.));
#7098 = CARTESIAN_POINT('',(-36.0509444509,-12.16736062338,0.));
#7099 = CARTESIAN_POINT('',(-35.88229947002,-12.27750713954,0.));
#7100 = CARTESIAN_POINT('',(-35.71799738085,-12.37405759762,0.));
#7101 = CARTESIAN_POINT('',(-35.55804818675,-12.45970278907,0.));
#7102 = CARTESIAN_POINT('',(-35.40009087551,-12.53681486743,0.));
#7103 = CARTESIAN_POINT('',(-35.24022937873,-12.60849366878,0.));
#7104 = CARTESIAN_POINT('',(-35.07193263741,-12.67859523729,0.));
#7105 = CARTESIAN_POINT('',(-34.88499629548,-12.75242225355,0.));
#7106 = CARTESIAN_POINT('',(-34.66369311165,-12.83776390891,0.));
#7107 = CARTESIAN_POINT('',(-34.38510917478,-12.94862769739,0.));
#7108 = CARTESIAN_POINT('',(-34.01390519771,-13.10506996306,0.));
#7109 = CARTESIAN_POINT('',(-33.50894274168,-13.38732591695,0.));
#7110 = CARTESIAN_POINT('',(-32.76879081959,-13.69745866135,0.));
#7111 = CARTESIAN_POINT('',(-32.03414829375,-14.44516112526,0.));
#7112 = CARTESIAN_POINT('',(-31.34535453602,-15.40163017657,0.));
#7113 = CARTESIAN_POINT('',(-30.9494753901,-16.5118326755,0.));
#7114 = CARTESIAN_POINT('',(-30.7514528462,-17.54117503226,0.));
#7115 = CARTESIAN_POINT('',(-30.91667281543,-18.32648360135,0.));
#7116 = CARTESIAN_POINT('',(-30.97123208903,-18.9023992125,0.));
#7117 = CARTESIAN_POINT('',(-31.05335052165,-19.29676343261,0.));
#7118 = CARTESIAN_POINT('',(-31.12036512596,-19.58901132788,0.));
#7119 = CARTESIAN_POINT('',(-31.17584485758,-19.81961986348,0.));
#7120 = CARTESIAN_POINT('',(-31.22127836007,-20.01540398213,0.));
#7121 = CARTESIAN_POINT('',(-31.25918934595,-20.19373171468,0.));
#7122 = CARTESIAN_POINT('',(-31.29101052959,-20.36601334744,0.));
#7123 = CARTESIAN_POINT('',(-31.31727851324,-20.53981431936,0.));
#7124 = CARTESIAN_POINT('',(-31.33765540092,-20.72010193946,0.));
#7125 = CARTESIAN_POINT('',(-31.35153015634,-20.91016681948,0.));
#7126 = CARTESIAN_POINT('',(-31.35668261901,-21.11152927062,0.));
#7127 = CARTESIAN_POINT('',(-31.35564060646,-21.32661673889,0.));
#7128 = CARTESIAN_POINT('',(-31.33050791946,-21.54933774502,0.));
#7129 = CARTESIAN_POINT('',(-31.34555229313,-21.79452734562,0.));
#7130 = CARTESIAN_POINT('',(-31.15234541578,-21.97636259866,0.));
#7131 = CARTESIAN_POINT('',(-31.14558528748,-22.2447188022,0.));
#7132 = CARTESIAN_POINT('',(-31.05896649675,-22.5065742623,0.));
#7133 = CARTESIAN_POINT('',(-30.97306064334,-22.78133333182,0.));
#7134 = CARTESIAN_POINT('',(-30.86412843709,-23.05796896772,0.));
#7135 = CARTESIAN_POINT('',(-30.73842310732,-23.33668542773,0.));
#7136 = CARTESIAN_POINT('',(-30.59412545881,-23.61440800866,0.));
#7137 = CARTESIAN_POINT('',(-30.43208671109,-23.88894630373,0.));
#7138 = CARTESIAN_POINT('',(-30.25281976045,-24.15789669389,0.));
#7139 = CARTESIAN_POINT('',(-30.05732668357,-24.41901062395,0.));
#7140 = CARTESIAN_POINT('',(-29.91711217059,-24.5863124248,0.));
#7141 = CARTESIAN_POINT('',(-29.84459983196,-24.66816288655,0.));
#7142 = SURFACE_OF_LINEAR_EXTRUSION('',#7143,#7203);
#7143 = B_SPLINE_CURVE_WITH_KNOTS('',3,(#7144,#7145,#7146,#7147,#7148,
    #7149,#7150,#7151,#7152,#7153,#7154,#7155,#7156,#7157,#7158,#7159,
    #7160,#7161,#7162,#7163,#7164,#7165,#7166,#7167,#7168,#7169,#7170,
    #7171,#7172,#7173,#7174,#7175,#7176,#7177,#7178,#7179,#7180,#7181,
    #7182,#7183,#7184,#7185,#7186,#7187,#7188,#7189,#7190,#7191,#7192,
    #7193,#7194,#7195,#7196,#7197,#7198,#7199,#7200,#7201,#7202),
  .UNSPECIFIED.,.F.,.F.,(4,1,1,1,1,1,1,1,1,1,1,1,1,1,1,1,1,1,1,1,1,1,1,1
    ,1,1,1,1,1,1,1,1,1,1,1,1,1,1,1,1,1,1,1,1,1,1,1,1,1,1,1,1,1,1,1,1,4),
  (0.,0.328013505293,0.654532141274,0.978073973054,1.297183287801,
    1.61044462083,1.916497973535,2.214055789897,2.501922432478,
    2.779017159017,3.044401987384,3.269623492035,3.510023310168,
    3.737105776354,3.950973242823,4.152195746167,4.341963344013,
    4.522306308509,4.696421126138,4.869164710127,5.047820617967,
    5.243309477393,5.472118985513,5.759336347265,6.143042595942,
    6.678887194379,7.495697516282,8.524531677202,9.766857061766,
    11.00918244633,12.03801660725,12.854826929153,13.39067152759,
    13.774377776267,14.061595138019,14.290404646139,14.485893505565,
    14.664549413405,14.837292997394,15.011407815023,15.191750779519,
    15.381518377365,15.582740880709,15.796608347178,16.023690813363,
    16.264090631496,16.489312136147,16.754696964515,17.031791691054,
    17.319658333634,17.617216149997,17.923269502701,18.236530835731,
    18.555640150478,18.879181982258,19.205700618239,19.533714123532),
  .UNSPECIFIED.);
#7144 = CARTESIAN_POINT('',(-38.11903560824,-8.902542711497,0.));
#7145 = CARTESIAN_POINT('',(-38.09286570208,-9.008715558089,0.));
#7146 = CARTESIAN_POINT('',(-38.03482994106,-9.219148095168,0.));
#7147 = CARTESIAN_POINT('',(-37.93099011466,-9.528365361876,0.));
#7148 = CARTESIAN_POINT('',(-37.81148351775,-9.828680405216,0.));
#7149 = CARTESIAN_POINT('',(-37.67759143051,-10.11799120729,0.));
#7150 = CARTESIAN_POINT('',(-37.53100063437,-10.3945102515,0.));
#7151 = CARTESIAN_POINT('',(-37.37303025094,-10.65629270502,0.));
#7152 = CARTESIAN_POINT('',(-37.20724413202,-10.90308910568,0.));
#7153 = CARTESIAN_POINT('',(-37.02992193765,-11.12986917827,0.));
#7154 = CARTESIAN_POINT('',(-36.86362420021,-11.34990590114,0.));
#7155 = CARTESIAN_POINT('',(-36.64661156497,-11.50791307646,0.));
#7156 = CARTESIAN_POINT('',(-36.60671810131,-11.77021341626,0.));
#7157 = CARTESIAN_POINT('',(-36.39638483761,-11.89711570783,0.));
#7158 = CARTESIAN_POINT('',(-36.22736603645,-12.04431945567,0.));
#7159 = CARTESIAN_POINT('',(-36.0509444509,-12.16736062338,0.));
#7160 = CARTESIAN_POINT('',(-35.88229947002,-12.27750713954,0.));
#7161 = CARTESIAN_POINT('',(-35.71799738085,-12.37405759762,0.));
#7162 = CARTESIAN_POINT('',(-35.55804818675,-12.45970278907,0.));
#7163 = CARTESIAN_POINT('',(-35.40009087551,-12.53681486743,0.));
#7164 = CARTESIAN_POINT('',(-35.24022937873,-12.60849366878,0.));
#7165 = CARTESIAN_POINT('',(-35.07193263741,-12.67859523729,0.));
#7166 = CARTESIAN_POINT('',(-34.88499629548,-12.75242225355,0.));
#7167 = CARTESIAN_POINT('',(-34.66369311165,-12.83776390891,0.));
#7168 = CARTESIAN_POINT('',(-34.38510917478,-12.94862769739,0.));
#7169 = CARTESIAN_POINT('',(-34.01390519771,-13.10506996306,0.));
#7170 = CARTESIAN_POINT('',(-33.50894274168,-13.38732591695,0.));
#7171 = CARTESIAN_POINT('',(-32.76879081959,-13.69745866135,0.));
#7172 = CARTESIAN_POINT('',(-32.03414829375,-14.44516112526,0.));
#7173 = CARTESIAN_POINT('',(-31.34535453602,-15.40163017657,0.));
#7174 = CARTESIAN_POINT('',(-30.9494753901,-16.5118326755,0.));
#7175 = CARTESIAN_POINT('',(-30.7514528462,-17.54117503226,0.));
#7176 = CARTESIAN_POINT('',(-30.91667281543,-18.32648360135,0.));
#7177 = CARTESIAN_POINT('',(-30.97123208903,-18.9023992125,0.));
#7178 = CARTESIAN_POINT('',(-31.05335052165,-19.29676343261,0.));
#7179 = CARTESIAN_POINT('',(-31.12036512596,-19.58901132788,0.));
#7180 = CARTESIAN_POINT('',(-31.17584485758,-19.81961986348,0.));
#7181 = CARTESIAN_POINT('',(-31.22127836007,-20.01540398213,0.));
#7182 = CARTESIAN_POINT('',(-31.25918934595,-20.19373171468,0.));
#7183 = CARTESIAN_POINT('',(-31.29101052959,-20.36601334744,0.));
#7184 = CARTESIAN_POINT('',(-31.31727851324,-20.53981431936,0.));
#7185 = CARTESIAN_POINT('',(-31.33765540092,-20.72010193946,0.));
#7186 = CARTESIAN_POINT('',(-31.35153015634,-20.91016681948,0.));
#7187 = CARTESIAN_POINT('',(-31.35668261901,-21.11152927062,0.));
#7188 = CARTESIAN_POINT('',(-31.35564060646,-21.32661673889,0.));
#7189 = CARTESIAN_POINT('',(-31.33050791946,-21.54933774502,0.));
#7190 = CARTESIAN_POINT('',(-31.34555229313,-21.79452734562,0.));
#7191 = CARTESIAN_POINT('',(-31.15234541578,-21.97636259866,0.));
#7192 = CARTESIAN_POINT('',(-31.14558528748,-22.2447188022,0.));
#7193 = CARTESIAN_POINT('',(-31.05896649675,-22.5065742623,0.));
#7194 = CARTESIAN_POINT('',(-30.97306064334,-22.78133333182,0.));
#7195 = CARTESIAN_POINT('',(-30.86412843709,-23.05796896772,0.));
#7196 = CARTESIAN_POINT('',(-30.73842310732,-23.33668542773,0.));
#7197 = CARTESIAN_POINT('',(-30.59412545881,-23.61440800866,0.));
#7198 = CARTESIAN_POINT('',(-30.43208671109,-23.88894630373,0.));
#7199 = CARTESIAN_POINT('',(-30.25281976045,-24.15789669389,0.));
#7200 = CARTESIAN_POINT('',(-30.05732668357,-24.41901062395,0.));
#7201 = CARTESIAN_POINT('',(-29.91711217059,-24.5863124248,0.));
#7202 = CARTESIAN_POINT('',(-29.84459983196,-24.66816288655,0.));
#7203 = VECTOR('',#7204,1.);
#7204 = DIRECTION('',(-0.,-0.,-1.));
#7205 = ADVANCED_FACE('',(#7206),#7343,.F.);
#7206 = FACE_BOUND('',#7207,.F.);
#7207 = EDGE_LOOP('',(#7208,#7209,#7273,#7281));
#7208 = ORIENTED_EDGE('',*,*,#7073,.T.);
#7209 = ORIENTED_EDGE('',*,*,#7210,.T.);
#7210 = EDGE_CURVE('',#7010,#7211,#7213,.T.);
#7211 = VERTEX_POINT('',#7212);
#7212 = CARTESIAN_POINT('',(-15.19130179798,-34.78260422789,5.));
#7213 = B_SPLINE_CURVE_WITH_KNOTS('',3,(#7214,#7215,#7216,#7217,#7218,
    #7219,#7220,#7221,#7222,#7223,#7224,#7225,#7226,#7227,#7228,#7229,
    #7230,#7231,#7232,#7233,#7234,#7235,#7236,#7237,#7238,#7239,#7240,
    #7241,#7242,#7243,#7244,#7245,#7246,#7247,#7248,#7249,#7250,#7251,
    #7252,#7253,#7254,#7255,#7256,#7257,#7258,#7259,#7260,#7261,#7262,
    #7263,#7264,#7265,#7266,#7267,#7268,#7269,#7270,#7271,#7272),
  .UNSPECIFIED.,.F.,.F.,(4,1,1,1,1,1,1,1,1,1,1,1,1,1,1,1,1,1,1,1,1,1,1,1
    ,1,1,1,1,1,1,1,1,1,1,1,1,1,1,1,1,1,1,1,1,1,1,1,1,1,1,1,1,1,1,1,1,4),
  (0.,0.328013505293,0.654532141274,0.978073973054,1.297183287801,
    1.61044462083,1.916497973535,2.214055789897,2.501922432478,
    2.779017159017,3.044401987384,3.269623492035,3.510023310168,
    3.737105776354,3.950973242823,4.152195746167,4.341963344013,
    4.522306308509,4.696421126138,4.869164710127,5.047820617967,
    5.243309477393,5.472118985513,5.759336347265,6.143042595942,
    6.678887194379,7.495697516282,8.524531677202,9.766857061766,
    11.00918244633,12.03801660725,12.854826929153,13.39067152759,
    13.774377776267,14.061595138019,14.290404646139,14.485893505565,
    14.664549413405,14.837292997394,15.011407815023,15.191750779519,
    15.381518377365,15.582740880709,15.796608347178,16.023690813363,
    16.264090631496,16.489312136147,16.754696964515,17.031791691054,
    17.319658333634,17.617216149997,17.923269502701,18.236530835731,
    18.555640150478,18.879181982258,19.205700618239,19.533714123532),
  .UNSPECIFIED.);
#7214 = CARTESIAN_POINT('',(-29.84459983196,-24.66816288655,5.));
#7215 = CARTESIAN_POINT('',(-29.77208654881,-24.75001251152,5.));
#7216 = CARTESIAN_POINT('',(-29.62290555837,-24.90937070652,5.));
#7217 = CARTESIAN_POINT('',(-29.38725952935,-25.13491222505,5.));
#7218 = CARTESIAN_POINT('',(-29.14187833346,-25.34529050498,5.));
#7219 = CARTESIAN_POINT('',(-28.88887334437,-25.53923974247,5.));
#7220 = CARTESIAN_POINT('',(-28.63056883327,-25.71596105659,5.));
#7221 = CARTESIAN_POINT('',(-28.3690366332,-25.87434540981,5.));
#7222 = CARTESIAN_POINT('',(-28.10754830907,-26.01582811882,5.));
#7223 = CARTESIAN_POINT('',(-27.8451473489,-26.13422616795,5.));
#7224 = CARTESIAN_POINT('',(-27.59564185141,-26.25177659803,5.));
#7225 = CARTESIAN_POINT('',(-27.33005711016,-26.29083420329,5.));
#7226 = CARTESIAN_POINT('',(-27.17283615645,-26.50455020272,5.));
#7227 = CARTESIAN_POINT('',(-26.92762086523,-26.51916985997,5.));
#7228 = CARTESIAN_POINT('',(-26.70955315666,-26.57096535208,5.));
#7229 = CARTESIAN_POINT('',(-26.49615951893,-26.59792569658,5.));
#7230 = CARTESIAN_POINT('',(-26.29564416603,-26.61708236255,5.));
#7231 = CARTESIAN_POINT('',(-26.10529265602,-26.62621855939,5.));
#7232 = CARTESIAN_POINT('',(-25.92386337326,-26.62772151338,5.));
#7233 = CARTESIAN_POINT('',(-25.74816335056,-26.62259444508,5.));
#7234 = CARTESIAN_POINT('',(-25.57330222504,-26.61177152978,5.));
#7235 = CARTESIAN_POINT('',(-25.39170503806,-26.59563199055,5.));
#7236 = CARTESIAN_POINT('',(-25.1918720025,-26.57412891717,5.));
#7237 = CARTESIAN_POINT('',(-24.9562575201,-26.54685048257,5.));
#7238 = CARTESIAN_POINT('',(-24.6580627231,-26.51555108128,5.));
#7239 = CARTESIAN_POINT('',(-24.25667557891,-26.48156673839,5.));
#7240 = CARTESIAN_POINT('',(-23.67838264727,-26.49682421921,5.));
#7241 = CARTESIAN_POINT('',(-22.87888479523,-26.42746737746,5.));
#7242 = CARTESIAN_POINT('',(-21.88091648325,-26.7481196246,5.));
#7243 = CARTESIAN_POINT('',(-20.82652656854,-27.27493248945,5.));
#7244 = CARTESIAN_POINT('',(-19.96005616645,-28.07399376939,5.));
#7245 = CARTESIAN_POINT('',(-19.30635666658,-28.8934054969,5.));
#7246 = CARTESIAN_POINT('',(-19.08770059463,-29.66554324959,5.));
#7247 = CARTESIAN_POINT('',(-18.86836910255,-30.20084615644,5.));
#7248 = CARTESIAN_POINT('',(-18.75781117222,-30.58820066993,5.));
#7249 = CARTESIAN_POINT('',(-18.68133528851,-30.87811656927,5.));
#7250 = CARTESIAN_POINT('',(-18.62329102101,-31.10809300355,5.));
#7251 = CARTESIAN_POINT('',(-18.5725349729,-31.30256523253,5.));
#7252 = CARTESIAN_POINT('',(-18.52323045425,-31.47808471146,5.));
#7253 = CARTESIAN_POINT('',(-18.47134344618,-31.6454205627,5.));
#7254 = CARTESIAN_POINT('',(-18.41383325161,-31.81152102124,5.));
#7255 = CARTESIAN_POINT('',(-18.3480922549,-31.98062739268,5.));
#7256 = CARTESIAN_POINT('',(-18.27205018675,-32.15536940632,5.));
#7257 = CARTESIAN_POINT('',(-18.18303466885,-32.33606147082,5.));
#7258 = CARTESIAN_POINT('',(-18.08215588204,-32.52602771826,5.));
#7259 = CARTESIAN_POINT('',(-17.95639838045,-32.71155763315,5.));
#7260 = CARTESIAN_POINT('',(-17.85577422282,-32.93565371149,5.));
#7261 = CARTESIAN_POINT('',(-17.60019497349,-33.00687311907,5.));
#7262 = CARTESIAN_POINT('',(-17.469497831,-33.24134914824,5.));
#7263 = CARTESIAN_POINT('',(-17.27111040079,-33.43295688405,5.));
#7264 = CARTESIAN_POINT('',(-17.06735763891,-33.63632151707,5.));
#7265 = CARTESIAN_POINT('',(-16.84234397028,-33.83064688736,5.));
#7266 = CARTESIAN_POINT('',(-16.60151143118,-34.01901987673,5.));
#7267 = CARTESIAN_POINT('',(-16.34467809006,-34.19787254853,5.));
#7268 = CARTESIAN_POINT('',(-16.07361559718,-34.36566097535,5.));
#7269 = CARTESIAN_POINT('',(-15.78989511709,-34.52049521297,5.));
#7270 = CARTESIAN_POINT('',(-15.49544890035,-34.66084995293,5.));
#7271 = CARTESIAN_POINT('',(-15.29354609137,-34.74382740735,5.));
#7272 = CARTESIAN_POINT('',(-15.19130179798,-34.78260422789,5.));
#7273 = ORIENTED_EDGE('',*,*,#7274,.F.);
#7274 = EDGE_CURVE('',#7275,#7211,#7277,.T.);
#7275 = VERTEX_POINT('',#7276);
#7276 = CARTESIAN_POINT('',(-15.19130179798,-34.78260422789,0.));
#7277 = LINE('',#7278,#7279);
#7278 = CARTESIAN_POINT('',(-15.19130179798,-34.78260422789,0.));
#7279 = VECTOR('',#7280,1.);
#7280 = DIRECTION('',(0.,0.,1.));
#7281 = ORIENTED_EDGE('',*,*,#7282,.F.);
#7282 = EDGE_CURVE('',#7074,#7275,#7283,.T.);
#7283 = B_SPLINE_CURVE_WITH_KNOTS('',3,(#7284,#7285,#7286,#7287,#7288,
    #7289,#7290,#7291,#7292,#7293,#7294,#7295,#7296,#7297,#7298,#7299,
    #7300,#7301,#7302,#7303,#7304,#7305,#7306,#7307,#7308,#7309,#7310,
    #7311,#7312,#7313,#7314,#7315,#7316,#7317,#7318,#7319,#7320,#7321,
    #7322,#7323,#7324,#7325,#7326,#7327,#7328,#7329,#7330,#7331,#7332,
    #7333,#7334,#7335,#7336,#7337,#7338,#7339,#7340,#7341,#7342),
  .UNSPECIFIED.,.F.,.F.,(4,1,1,1,1,1,1,1,1,1,1,1,1,1,1,1,1,1,1,1,1,1,1,1
    ,1,1,1,1,1,1,1,1,1,1,1,1,1,1,1,1,1,1,1,1,1,1,1,1,1,1,1,1,1,1,1,1,4),
  (0.,0.328013505293,0.654532141274,0.978073973054,1.297183287801,
    1.61044462083,1.916497973535,2.214055789897,2.501922432478,
    2.779017159017,3.044401987384,3.269623492035,3.510023310168,
    3.737105776354,3.950973242823,4.152195746167,4.341963344013,
    4.522306308509,4.696421126138,4.869164710127,5.047820617967,
    5.243309477393,5.472118985513,5.759336347265,6.143042595942,
    6.678887194379,7.495697516282,8.524531677202,9.766857061766,
    11.00918244633,12.03801660725,12.854826929153,13.39067152759,
    13.774377776267,14.061595138019,14.290404646139,14.485893505565,
    14.664549413405,14.837292997394,15.011407815023,15.191750779519,
    15.381518377365,15.582740880709,15.796608347178,16.023690813363,
    16.264090631496,16.489312136147,16.754696964515,17.031791691054,
    17.319658333634,17.617216149997,17.923269502701,18.236530835731,
    18.555640150478,18.879181982258,19.205700618239,19.533714123532),
  .UNSPECIFIED.);
#7284 = CARTESIAN_POINT('',(-29.84459983196,-24.66816288655,0.));
#7285 = CARTESIAN_POINT('',(-29.77208654881,-24.75001251152,0.));
#7286 = CARTESIAN_POINT('',(-29.62290555837,-24.90937070652,0.));
#7287 = CARTESIAN_POINT('',(-29.38725952935,-25.13491222505,0.));
#7288 = CARTESIAN_POINT('',(-29.14187833346,-25.34529050498,0.));
#7289 = CARTESIAN_POINT('',(-28.88887334437,-25.53923974247,0.));
#7290 = CARTESIAN_POINT('',(-28.63056883327,-25.71596105659,0.));
#7291 = CARTESIAN_POINT('',(-28.3690366332,-25.87434540981,0.));
#7292 = CARTESIAN_POINT('',(-28.10754830907,-26.01582811882,0.));
#7293 = CARTESIAN_POINT('',(-27.8451473489,-26.13422616795,0.));
#7294 = CARTESIAN_POINT('',(-27.59564185141,-26.25177659803,0.));
#7295 = CARTESIAN_POINT('',(-27.33005711016,-26.29083420329,0.));
#7296 = CARTESIAN_POINT('',(-27.17283615645,-26.50455020272,0.));
#7297 = CARTESIAN_POINT('',(-26.92762086523,-26.51916985997,0.));
#7298 = CARTESIAN_POINT('',(-26.70955315666,-26.57096535208,0.));
#7299 = CARTESIAN_POINT('',(-26.49615951893,-26.59792569658,0.));
#7300 = CARTESIAN_POINT('',(-26.29564416603,-26.61708236255,0.));
#7301 = CARTESIAN_POINT('',(-26.10529265602,-26.62621855939,0.));
#7302 = CARTESIAN_POINT('',(-25.92386337326,-26.62772151338,0.));
#7303 = CARTESIAN_POINT('',(-25.74816335056,-26.62259444508,0.));
#7304 = CARTESIAN_POINT('',(-25.57330222504,-26.61177152978,0.));
#7305 = CARTESIAN_POINT('',(-25.39170503806,-26.59563199055,0.));
#7306 = CARTESIAN_POINT('',(-25.1918720025,-26.57412891717,0.));
#7307 = CARTESIAN_POINT('',(-24.9562575201,-26.54685048257,0.));
#7308 = CARTESIAN_POINT('',(-24.6580627231,-26.51555108128,0.));
#7309 = CARTESIAN_POINT('',(-24.25667557891,-26.48156673839,0.));
#7310 = CARTESIAN_POINT('',(-23.67838264727,-26.49682421921,0.));
#7311 = CARTESIAN_POINT('',(-22.87888479523,-26.42746737746,0.));
#7312 = CARTESIAN_POINT('',(-21.88091648325,-26.7481196246,0.));
#7313 = CARTESIAN_POINT('',(-20.82652656854,-27.27493248945,0.));
#7314 = CARTESIAN_POINT('',(-19.96005616645,-28.07399376939,0.));
#7315 = CARTESIAN_POINT('',(-19.30635666658,-28.8934054969,0.));
#7316 = CARTESIAN_POINT('',(-19.08770059463,-29.66554324959,0.));
#7317 = CARTESIAN_POINT('',(-18.86836910255,-30.20084615644,0.));
#7318 = CARTESIAN_POINT('',(-18.75781117222,-30.58820066993,0.));
#7319 = CARTESIAN_POINT('',(-18.68133528851,-30.87811656927,0.));
#7320 = CARTESIAN_POINT('',(-18.62329102101,-31.10809300355,0.));
#7321 = CARTESIAN_POINT('',(-18.5725349729,-31.30256523253,0.));
#7322 = CARTESIAN_POINT('',(-18.52323045425,-31.47808471146,0.));
#7323 = CARTESIAN_POINT('',(-18.47134344618,-31.6454205627,0.));
#7324 = CARTESIAN_POINT('',(-18.41383325161,-31.81152102124,0.));
#7325 = CARTESIAN_POINT('',(-18.3480922549,-31.98062739268,0.));
#7326 = CARTESIAN_POINT('',(-18.27205018675,-32.15536940632,0.));
#7327 = CARTESIAN_POINT('',(-18.18303466885,-32.33606147082,0.));
#7328 = CARTESIAN_POINT('',(-18.08215588204,-32.52602771826,0.));
#7329 = CARTESIAN_POINT('',(-17.95639838045,-32.71155763315,0.));
#7330 = CARTESIAN_POINT('',(-17.85577422282,-32.93565371149,0.));
#7331 = CARTESIAN_POINT('',(-17.60019497349,-33.00687311907,0.));
#7332 = CARTESIAN_POINT('',(-17.469497831,-33.24134914824,0.));
#7333 = CARTESIAN_POINT('',(-17.27111040079,-33.43295688405,0.));
#7334 = CARTESIAN_POINT('',(-17.06735763891,-33.63632151707,0.));
#7335 = CARTESIAN_POINT('',(-16.84234397028,-33.83064688736,0.));
#7336 = CARTESIAN_POINT('',(-16.60151143118,-34.01901987673,0.));
#7337 = CARTESIAN_POINT('',(-16.34467809006,-34.19787254853,0.));
#7338 = CARTESIAN_POINT('',(-16.07361559718,-34.36566097535,0.));
#7339 = CARTESIAN_POINT('',(-15.78989511709,-34.52049521297,0.));
#7340 = CARTESIAN_POINT('',(-15.49544890035,-34.66084995293,0.));
#7341 = CARTESIAN_POINT('',(-15.29354609137,-34.74382740735,0.));
#7342 = CARTESIAN_POINT('',(-15.19130179798,-34.78260422789,0.));
#7343 = SURFACE_OF_LINEAR_EXTRUSION('',#7344,#7404);
#7344 = B_SPLINE_CURVE_WITH_KNOTS('',3,(#7345,#7346,#7347,#7348,#7349,
    #7350,#7351,#7352,#7353,#7354,#7355,#7356,#7357,#7358,#7359,#7360,
    #7361,#7362,#7363,#7364,#7365,#7366,#7367,#7368,#7369,#7370,#7371,
    #7372,#7373,#7374,#7375,#7376,#7377,#7378,#7379,#7380,#7381,#7382,
    #7383,#7384,#7385,#7386,#7387,#7388,#7389,#7390,#7391,#7392,#7393,
    #7394,#7395,#7396,#7397,#7398,#7399,#7400,#7401,#7402,#7403),
  .UNSPECIFIED.,.F.,.F.,(4,1,1,1,1,1,1,1,1,1,1,1,1,1,1,1,1,1,1,1,1,1,1,1
    ,1,1,1,1,1,1,1,1,1,1,1,1,1,1,1,1,1,1,1,1,1,1,1,1,1,1,1,1,1,1,1,1,4),
  (0.,0.328013505293,0.654532141274,0.978073973054,1.297183287801,
    1.61044462083,1.916497973535,2.214055789897,2.501922432478,
    2.779017159017,3.044401987384,3.269623492035,3.510023310168,
    3.737105776354,3.950973242823,4.152195746167,4.341963344013,
    4.522306308509,4.696421126138,4.869164710127,5.047820617967,
    5.243309477393,5.472118985513,5.759336347265,6.143042595942,
    6.678887194379,7.495697516282,8.524531677202,9.766857061766,
    11.00918244633,12.03801660725,12.854826929153,13.39067152759,
    13.774377776267,14.061595138019,14.290404646139,14.485893505565,
    14.664549413405,14.837292997394,15.011407815023,15.191750779519,
    15.381518377365,15.582740880709,15.796608347178,16.023690813363,
    16.264090631496,16.489312136147,16.754696964515,17.031791691054,
    17.319658333634,17.617216149997,17.923269502701,18.236530835731,
    18.555640150478,18.879181982258,19.205700618239,19.533714123532),
  .UNSPECIFIED.);
#7345 = CARTESIAN_POINT('',(-29.84459983196,-24.66816288655,0.));
#7346 = CARTESIAN_POINT('',(-29.77208654881,-24.75001251152,0.));
#7347 = CARTESIAN_POINT('',(-29.62290555837,-24.90937070652,0.));
#7348 = CARTESIAN_POINT('',(-29.38725952935,-25.13491222505,0.));
#7349 = CARTESIAN_POINT('',(-29.14187833346,-25.34529050498,0.));
#7350 = CARTESIAN_POINT('',(-28.88887334437,-25.53923974247,0.));
#7351 = CARTESIAN_POINT('',(-28.63056883327,-25.71596105659,0.));
#7352 = CARTESIAN_POINT('',(-28.3690366332,-25.87434540981,0.));
#7353 = CARTESIAN_POINT('',(-28.10754830907,-26.01582811882,0.));
#7354 = CARTESIAN_POINT('',(-27.8451473489,-26.13422616795,0.));
#7355 = CARTESIAN_POINT('',(-27.59564185141,-26.25177659803,0.));
#7356 = CARTESIAN_POINT('',(-27.33005711016,-26.29083420329,0.));
#7357 = CARTESIAN_POINT('',(-27.17283615645,-26.50455020272,0.));
#7358 = CARTESIAN_POINT('',(-26.92762086523,-26.51916985997,0.));
#7359 = CARTESIAN_POINT('',(-26.70955315666,-26.57096535208,0.));
#7360 = CARTESIAN_POINT('',(-26.49615951893,-26.59792569658,0.));
#7361 = CARTESIAN_POINT('',(-26.29564416603,-26.61708236255,0.));
#7362 = CARTESIAN_POINT('',(-26.10529265602,-26.62621855939,0.));
#7363 = CARTESIAN_POINT('',(-25.92386337326,-26.62772151338,0.));
#7364 = CARTESIAN_POINT('',(-25.74816335056,-26.62259444508,0.));
#7365 = CARTESIAN_POINT('',(-25.57330222504,-26.61177152978,0.));
#7366 = CARTESIAN_POINT('',(-25.39170503806,-26.59563199055,0.));
#7367 = CARTESIAN_POINT('',(-25.1918720025,-26.57412891717,0.));
#7368 = CARTESIAN_POINT('',(-24.9562575201,-26.54685048257,0.));
#7369 = CARTESIAN_POINT('',(-24.6580627231,-26.51555108128,0.));
#7370 = CARTESIAN_POINT('',(-24.25667557891,-26.48156673839,0.));
#7371 = CARTESIAN_POINT('',(-23.67838264727,-26.49682421921,0.));
#7372 = CARTESIAN_POINT('',(-22.87888479523,-26.42746737746,0.));
#7373 = CARTESIAN_POINT('',(-21.88091648325,-26.7481196246,0.));
#7374 = CARTESIAN_POINT('',(-20.82652656854,-27.27493248945,0.));
#7375 = CARTESIAN_POINT('',(-19.96005616645,-28.07399376939,0.));
#7376 = CARTESIAN_POINT('',(-19.30635666658,-28.8934054969,0.));
#7377 = CARTESIAN_POINT('',(-19.08770059463,-29.66554324959,0.));
#7378 = CARTESIAN_POINT('',(-18.86836910255,-30.20084615644,0.));
#7379 = CARTESIAN_POINT('',(-18.75781117222,-30.58820066993,0.));
#7380 = CARTESIAN_POINT('',(-18.68133528851,-30.87811656927,0.));
#7381 = CARTESIAN_POINT('',(-18.62329102101,-31.10809300355,0.));
#7382 = CARTESIAN_POINT('',(-18.5725349729,-31.30256523253,0.));
#7383 = CARTESIAN_POINT('',(-18.52323045425,-31.47808471146,0.));
#7384 = CARTESIAN_POINT('',(-18.47134344618,-31.6454205627,0.));
#7385 = CARTESIAN_POINT('',(-18.41383325161,-31.81152102124,0.));
#7386 = CARTESIAN_POINT('',(-18.3480922549,-31.98062739268,0.));
#7387 = CARTESIAN_POINT('',(-18.27205018675,-32.15536940632,0.));
#7388 = CARTESIAN_POINT('',(-18.18303466885,-32.33606147082,0.));
#7389 = CARTESIAN_POINT('',(-18.08215588204,-32.52602771826,0.));
#7390 = CARTESIAN_POINT('',(-17.95639838045,-32.71155763315,0.));
#7391 = CARTESIAN_POINT('',(-17.85577422282,-32.93565371149,0.));
#7392 = CARTESIAN_POINT('',(-17.60019497349,-33.00687311907,0.));
#7393 = CARTESIAN_POINT('',(-17.469497831,-33.24134914824,0.));
#7394 = CARTESIAN_POINT('',(-17.27111040079,-33.43295688405,0.));
#7395 = CARTESIAN_POINT('',(-17.06735763891,-33.63632151707,0.));
#7396 = CARTESIAN_POINT('',(-16.84234397028,-33.83064688736,0.));
#7397 = CARTESIAN_POINT('',(-16.60151143118,-34.01901987673,0.));
#7398 = CARTESIAN_POINT('',(-16.34467809006,-34.19787254853,0.));
#7399 = CARTESIAN_POINT('',(-16.07361559718,-34.36566097535,0.));
#7400 = CARTESIAN_POINT('',(-15.78989511709,-34.52049521297,0.));
#7401 = CARTESIAN_POINT('',(-15.49544890035,-34.66084995293,0.));
#7402 = CARTESIAN_POINT('',(-15.29354609137,-34.74382740735,0.));
#7403 = CARTESIAN_POINT('',(-15.19130179798,-34.78260422789,0.));
#7404 = VECTOR('',#7405,1.);
#7405 = DIRECTION('',(-0.,-0.,-1.));
#7406 = ADVANCED_FACE('',(#7407),#7544,.F.);
#7407 = FACE_BOUND('',#7408,.F.);
#7408 = EDGE_LOOP('',(#7409,#7410,#7474,#7482));
#7409 = ORIENTED_EDGE('',*,*,#7274,.T.);
#7410 = ORIENTED_EDGE('',*,*,#7411,.T.);
#7411 = EDGE_CURVE('',#7211,#7412,#7414,.T.);
#7412 = VERTEX_POINT('',#7413);
#7413 = CARTESIAN_POINT('',(2.483964505498,-36.92877011644,5.));
#7414 = B_SPLINE_CURVE_WITH_KNOTS('',3,(#7415,#7416,#7417,#7418,#7419,
    #7420,#7421,#7422,#7423,#7424,#7425,#7426,#7427,#7428,#7429,#7430,
    #7431,#7432,#7433,#7434,#7435,#7436,#7437,#7438,#7439,#7440,#7441,
    #7442,#7443,#7444,#7445,#7446,#7447,#7448,#7449,#7450,#7451,#7452,
    #7453,#7454,#7455,#7456,#7457,#7458,#7459,#7460,#7461,#7462,#7463,
    #7464,#7465,#7466,#7467,#7468,#7469,#7470,#7471,#7472,#7473),
  .UNSPECIFIED.,.F.,.F.,(4,1,1,1,1,1,1,1,1,1,1,1,1,1,1,1,1,1,1,1,1,1,1,1
    ,1,1,1,1,1,1,1,1,1,1,1,1,1,1,1,1,1,1,1,1,1,1,1,1,1,1,1,1,1,1,1,1,4),
  (0.,0.328013505293,0.654532141274,0.978073973054,1.297183287801,
    1.61044462083,1.916497973535,2.214055789897,2.501922432478,
    2.779017159017,3.044401987384,3.269623492035,3.510023310168,
    3.737105776354,3.950973242823,4.152195746167,4.341963344013,
    4.522306308509,4.696421126138,4.869164710127,5.047820617967,
    5.243309477393,5.472118985513,5.759336347265,6.143042595942,
    6.678887194379,7.495697516282,8.524531677202,9.766857061766,
    11.00918244633,12.03801660725,12.854826929153,13.39067152759,
    13.774377776267,14.061595138019,14.290404646139,14.485893505565,
    14.664549413405,14.837292997394,15.011407815023,15.191750779519,
    15.381518377365,15.582740880709,15.796608347178,16.023690813363,
    16.264090631496,16.489312136147,16.754696964515,17.031791691054,
    17.319658333634,17.617216149997,17.923269502701,18.236530835731,
    18.555640150478,18.879181982258,19.205700618239,19.533714123532),
  .UNSPECIFIED.);
#7415 = CARTESIAN_POINT('',(-15.19130179798,-34.78260422789,5.));
#7416 = CARTESIAN_POINT('',(-15.08905705712,-34.82137986856,5.));
#7417 = CARTESIAN_POINT('',(-14.88290640436,-34.89315667947,5.));
#7418 = CARTESIAN_POINT('',(-14.56943783812,-34.983353606,5.));
#7419 = CARTESIAN_POINT('',(-14.25439591806,-35.05559999391,5.));
#7420 = CARTESIAN_POINT('',(-13.94023842109,-35.10975623386,5.));
#7421 = CARTESIAN_POINT('',(-13.62939464561,-35.14619509455,5.));
#7422 = CARTESIAN_POINT('',(-13.32421450413,-35.16489740087,5.));
#7423 = CARTESIAN_POINT('',(-13.02692779857,-35.16865443464,5.));
#7424 = CARTESIAN_POINT('',(-12.7395609703,-35.15154689411,5.));
#7425 = CARTESIAN_POINT('',(-12.46400641537,-35.13968164451,5.));
#7426 = CARTESIAN_POINT('',(-12.2106918317,-35.05084205304,5.));
#7427 = CARTESIAN_POINT('',(-11.9721608137,-35.16701395219,5.));
#7428 = CARTESIAN_POINT('',(-11.74823936302,-35.06600178783,5.));
#7429 = CARTESIAN_POINT('',(-11.53107943108,-35.01052330117,5.));
#7430 = CARTESIAN_POINT('',(-11.3295996519,-34.93522653244,5.));
#7431 = CARTESIAN_POINT('',(-11.14314957786,-34.85900478691,5.));
#7432 = CARTESIAN_POINT('',(-10.97035588395,-34.77863372992,5.));
#7433 = CARTESIAN_POINT('',(-10.80900977476,-34.6956501378,5.));
#7434 = CARTESIAN_POINT('',(-10.6558177984,-34.60945847241,5.));
#7435 = CARTESIAN_POINT('',(-10.50601562068,-34.51861323992,5.));
#7436 = CARTESIAN_POINT('',(-10.35271971509,-34.41992996689,5.));
#7437 = CARTESIAN_POINT('',(-10.18576932611,-34.30802289883,5.));
#7438 = CARTESIAN_POINT('',(-9.98981998359,-34.1743735349,5.));
#7439 = CARTESIAN_POINT('',(-9.740327160818,-34.00808125948,5.));
#7440 = CARTESIAN_POINT('',(-9.400709807003,-33.79145571143,5.));
#7441 = CARTESIAN_POINT('',(-8.881566341212,-33.53621941419,5.));
#7442 = CARTESIAN_POINT('',(-8.205877882117,-33.10326180291,5.));
#7443 = CARTESIAN_POINT('',(-7.173206297452,-32.92340626773,5.));
#7444 = CARTESIAN_POINT('',(-5.99476824846,-32.89987646757,5.));
#7445 = CARTESIAN_POINT('',(-4.856204517204,-33.20474121902,5.));
#7446 = CARTESIAN_POINT('',(-3.896582738862,-33.62650496549,5.));
#7447 = CARTESIAN_POINT('',(-3.344142096728,-34.2085844479,5.));
#7448 = CARTESIAN_POINT('',(-2.901166040571,-34.58064320559,5.));
#7449 = CARTESIAN_POINT('',(-2.623259236762,-34.87224976155,5.));
#7450 = CARTESIAN_POINT('',(-2.420812568344,-35.09341742628,5.));
#7451 = CARTESIAN_POINT('',(-2.2625415439,-35.27007692967,5.));
#7452 = CARTESIAN_POINT('',(-2.127223544134,-35.41868602496,5.));
#7453 = CARTESIAN_POINT('',(-2.001998591999,-35.5511878529,5.));
#7454 = CARTESIAN_POINT('',(-1.87829008047,-35.67524329571,5.));
#7455 = CARTESIAN_POINT('',(-1.750176600185,-35.79559162754,5.));
#7456 = CARTESIAN_POINT('',(-1.613378189163,-35.91477651858,5.));
#7457 = CARTESIAN_POINT('',(-1.46483961885,-36.03416437638,5.));
#7458 = CARTESIAN_POINT('',(-1.302048502772,-36.15279167983,5.));
#7459 = CARTESIAN_POINT('',(-1.124443056031,-36.2741177285,5.));
#7460 = CARTESIAN_POINT('',(-0.926870267919,-36.37995388453,5.));
#7461 = CARTESIAN_POINT('',(-0.733629360855,-36.5316187297,5.));
#7462 = CARTESIAN_POINT('',(-0.474227865507,-36.47590678383,5.));
#7463 = CARTESIAN_POINT('',(-0.24953484911,-36.6227870061,5.));
#7464 = CARTESIAN_POINT('',(1.517305116215E-02,-36.70025199447,5.));
#7465 = CARTESIAN_POINT('',(0.290095419251,-36.78563380437,5.));
#7466 = CARTESIAN_POINT('',(0.579642630478,-36.85313130859,5.));
#7467 = CARTESIAN_POINT('',(0.880430546548,-36.9080068456,5.));
#7468 = CARTESIAN_POINT('',(1.190962156999,-36.94701661658,5.));
#7469 = CARTESIAN_POINT('',(1.508951244598,-36.96961686863,5.));
#7470 = CARTESIAN_POINT('',(1.832128311342,-36.97486429582,5.));
#7471 = CARTESIAN_POINT('',(2.158073588144,-36.96230626621,5.));
#7472 = CARTESIAN_POINT('',(2.375411192784,-36.94195023938,5.));
#7473 = CARTESIAN_POINT('',(2.483964505498,-36.92877011644,5.));
#7474 = ORIENTED_EDGE('',*,*,#7475,.F.);
#7475 = EDGE_CURVE('',#7476,#7412,#7478,.T.);
#7476 = VERTEX_POINT('',#7477);
#7477 = CARTESIAN_POINT('',(2.483964505498,-36.92877011644,0.));
#7478 = LINE('',#7479,#7480);
#7479 = CARTESIAN_POINT('',(2.483964505498,-36.92877011644,0.));
#7480 = VECTOR('',#7481,1.);
#7481 = DIRECTION('',(0.,0.,1.));
#7482 = ORIENTED_EDGE('',*,*,#7483,.F.);
#7483 = EDGE_CURVE('',#7275,#7476,#7484,.T.);
#7484 = B_SPLINE_CURVE_WITH_KNOTS('',3,(#7485,#7486,#7487,#7488,#7489,
    #7490,#7491,#7492,#7493,#7494,#7495,#7496,#7497,#7498,#7499,#7500,
    #7501,#7502,#7503,#7504,#7505,#7506,#7507,#7508,#7509,#7510,#7511,
    #7512,#7513,#7514,#7515,#7516,#7517,#7518,#7519,#7520,#7521,#7522,
    #7523,#7524,#7525,#7526,#7527,#7528,#7529,#7530,#7531,#7532,#7533,
    #7534,#7535,#7536,#7537,#7538,#7539,#7540,#7541,#7542,#7543),
  .UNSPECIFIED.,.F.,.F.,(4,1,1,1,1,1,1,1,1,1,1,1,1,1,1,1,1,1,1,1,1,1,1,1
    ,1,1,1,1,1,1,1,1,1,1,1,1,1,1,1,1,1,1,1,1,1,1,1,1,1,1,1,1,1,1,1,1,4),
  (0.,0.328013505293,0.654532141274,0.978073973054,1.297183287801,
    1.61044462083,1.916497973535,2.214055789897,2.501922432478,
    2.779017159017,3.044401987384,3.269623492035,3.510023310168,
    3.737105776354,3.950973242823,4.152195746167,4.341963344013,
    4.522306308509,4.696421126138,4.869164710127,5.047820617967,
    5.243309477393,5.472118985513,5.759336347265,6.143042595942,
    6.678887194379,7.495697516282,8.524531677202,9.766857061766,
    11.00918244633,12.03801660725,12.854826929153,13.39067152759,
    13.774377776267,14.061595138019,14.290404646139,14.485893505565,
    14.664549413405,14.837292997394,15.011407815023,15.191750779519,
    15.381518377365,15.582740880709,15.796608347178,16.023690813363,
    16.264090631496,16.489312136147,16.754696964515,17.031791691054,
    17.319658333634,17.617216149997,17.923269502701,18.236530835731,
    18.555640150478,18.879181982258,19.205700618239,19.533714123532),
  .UNSPECIFIED.);
#7485 = CARTESIAN_POINT('',(-15.19130179798,-34.78260422789,0.));
#7486 = CARTESIAN_POINT('',(-15.08905705712,-34.82137986856,0.));
#7487 = CARTESIAN_POINT('',(-14.88290640436,-34.89315667947,0.));
#7488 = CARTESIAN_POINT('',(-14.56943783812,-34.983353606,0.));
#7489 = CARTESIAN_POINT('',(-14.25439591806,-35.05559999391,0.));
#7490 = CARTESIAN_POINT('',(-13.94023842109,-35.10975623386,0.));
#7491 = CARTESIAN_POINT('',(-13.62939464561,-35.14619509455,0.));
#7492 = CARTESIAN_POINT('',(-13.32421450413,-35.16489740087,0.));
#7493 = CARTESIAN_POINT('',(-13.02692779857,-35.16865443464,0.));
#7494 = CARTESIAN_POINT('',(-12.7395609703,-35.15154689411,0.));
#7495 = CARTESIAN_POINT('',(-12.46400641537,-35.13968164451,0.));
#7496 = CARTESIAN_POINT('',(-12.2106918317,-35.05084205304,0.));
#7497 = CARTESIAN_POINT('',(-11.9721608137,-35.16701395219,0.));
#7498 = CARTESIAN_POINT('',(-11.74823936302,-35.06600178783,0.));
#7499 = CARTESIAN_POINT('',(-11.53107943108,-35.01052330117,0.));
#7500 = CARTESIAN_POINT('',(-11.3295996519,-34.93522653244,0.));
#7501 = CARTESIAN_POINT('',(-11.14314957786,-34.85900478691,0.));
#7502 = CARTESIAN_POINT('',(-10.97035588395,-34.77863372992,0.));
#7503 = CARTESIAN_POINT('',(-10.80900977476,-34.6956501378,0.));
#7504 = CARTESIAN_POINT('',(-10.6558177984,-34.60945847241,0.));
#7505 = CARTESIAN_POINT('',(-10.50601562068,-34.51861323992,0.));
#7506 = CARTESIAN_POINT('',(-10.35271971509,-34.41992996689,0.));
#7507 = CARTESIAN_POINT('',(-10.18576932611,-34.30802289883,0.));
#7508 = CARTESIAN_POINT('',(-9.98981998359,-34.1743735349,0.));
#7509 = CARTESIAN_POINT('',(-9.740327160818,-34.00808125948,0.));
#7510 = CARTESIAN_POINT('',(-9.400709807003,-33.79145571143,0.));
#7511 = CARTESIAN_POINT('',(-8.881566341212,-33.53621941419,0.));
#7512 = CARTESIAN_POINT('',(-8.205877882117,-33.10326180291,0.));
#7513 = CARTESIAN_POINT('',(-7.173206297452,-32.92340626773,0.));
#7514 = CARTESIAN_POINT('',(-5.99476824846,-32.89987646757,0.));
#7515 = CARTESIAN_POINT('',(-4.856204517204,-33.20474121902,0.));
#7516 = CARTESIAN_POINT('',(-3.896582738862,-33.62650496549,0.));
#7517 = CARTESIAN_POINT('',(-3.344142096728,-34.2085844479,0.));
#7518 = CARTESIAN_POINT('',(-2.901166040571,-34.58064320559,0.));
#7519 = CARTESIAN_POINT('',(-2.623259236762,-34.87224976155,0.));
#7520 = CARTESIAN_POINT('',(-2.420812568344,-35.09341742628,0.));
#7521 = CARTESIAN_POINT('',(-2.2625415439,-35.27007692967,0.));
#7522 = CARTESIAN_POINT('',(-2.127223544134,-35.41868602496,0.));
#7523 = CARTESIAN_POINT('',(-2.001998591999,-35.5511878529,0.));
#7524 = CARTESIAN_POINT('',(-1.87829008047,-35.67524329571,0.));
#7525 = CARTESIAN_POINT('',(-1.750176600185,-35.79559162754,0.));
#7526 = CARTESIAN_POINT('',(-1.613378189163,-35.91477651858,0.));
#7527 = CARTESIAN_POINT('',(-1.46483961885,-36.03416437638,0.));
#7528 = CARTESIAN_POINT('',(-1.302048502772,-36.15279167983,0.));
#7529 = CARTESIAN_POINT('',(-1.124443056031,-36.2741177285,0.));
#7530 = CARTESIAN_POINT('',(-0.926870267919,-36.37995388453,0.));
#7531 = CARTESIAN_POINT('',(-0.733629360855,-36.5316187297,0.));
#7532 = CARTESIAN_POINT('',(-0.474227865507,-36.47590678383,0.));
#7533 = CARTESIAN_POINT('',(-0.24953484911,-36.6227870061,0.));
#7534 = CARTESIAN_POINT('',(1.517305116215E-02,-36.70025199447,0.));
#7535 = CARTESIAN_POINT('',(0.290095419251,-36.78563380437,0.));
#7536 = CARTESIAN_POINT('',(0.579642630478,-36.85313130859,0.));
#7537 = CARTESIAN_POINT('',(0.880430546548,-36.9080068456,0.));
#7538 = CARTESIAN_POINT('',(1.190962156999,-36.94701661658,0.));
#7539 = CARTESIAN_POINT('',(1.508951244598,-36.96961686863,0.));
#7540 = CARTESIAN_POINT('',(1.832128311342,-36.97486429582,0.));
#7541 = CARTESIAN_POINT('',(2.158073588144,-36.96230626621,0.));
#7542 = CARTESIAN_POINT('',(2.375411192784,-36.94195023938,0.));
#7543 = CARTESIAN_POINT('',(2.483964505498,-36.92877011644,0.));
#7544 = SURFACE_OF_LINEAR_EXTRUSION('',#7545,#7605);
#7545 = B_SPLINE_CURVE_WITH_KNOTS('',3,(#7546,#7547,#7548,#7549,#7550,
    #7551,#7552,#7553,#7554,#7555,#7556,#7557,#7558,#7559,#7560,#7561,
    #7562,#7563,#7564,#7565,#7566,#7567,#7568,#7569,#7570,#7571,#7572,
    #7573,#7574,#7575,#7576,#7577,#7578,#7579,#7580,#7581,#7582,#7583,
    #7584,#7585,#7586,#7587,#7588,#7589,#7590,#7591,#7592,#7593,#7594,
    #7595,#7596,#7597,#7598,#7599,#7600,#7601,#7602,#7603,#7604),
  .UNSPECIFIED.,.F.,.F.,(4,1,1,1,1,1,1,1,1,1,1,1,1,1,1,1,1,1,1,1,1,1,1,1
    ,1,1,1,1,1,1,1,1,1,1,1,1,1,1,1,1,1,1,1,1,1,1,1,1,1,1,1,1,1,1,1,1,4),
  (0.,0.328013505293,0.654532141274,0.978073973054,1.297183287801,
    1.61044462083,1.916497973535,2.214055789897,2.501922432478,
    2.779017159017,3.044401987384,3.269623492035,3.510023310168,
    3.737105776354,3.950973242823,4.152195746167,4.341963344013,
    4.522306308509,4.696421126138,4.869164710127,5.047820617967,
    5.243309477393,5.472118985513,5.759336347265,6.143042595942,
    6.678887194379,7.495697516282,8.524531677202,9.766857061766,
    11.00918244633,12.03801660725,12.854826929153,13.39067152759,
    13.774377776267,14.061595138019,14.290404646139,14.485893505565,
    14.664549413405,14.837292997394,15.011407815023,15.191750779519,
    15.381518377365,15.582740880709,15.796608347178,16.023690813363,
    16.264090631496,16.489312136147,16.754696964515,17.031791691054,
    17.319658333634,17.617216149997,17.923269502701,18.236530835731,
    18.555640150478,18.879181982258,19.205700618239,19.533714123532),
  .UNSPECIFIED.);
#7546 = CARTESIAN_POINT('',(-15.19130179798,-34.78260422789,0.));
#7547 = CARTESIAN_POINT('',(-15.08905705712,-34.82137986856,0.));
#7548 = CARTESIAN_POINT('',(-14.88290640436,-34.89315667947,0.));
#7549 = CARTESIAN_POINT('',(-14.56943783812,-34.983353606,0.));
#7550 = CARTESIAN_POINT('',(-14.25439591806,-35.05559999391,0.));
#7551 = CARTESIAN_POINT('',(-13.94023842109,-35.10975623386,0.));
#7552 = CARTESIAN_POINT('',(-13.62939464561,-35.14619509455,0.));
#7553 = CARTESIAN_POINT('',(-13.32421450413,-35.16489740087,0.));
#7554 = CARTESIAN_POINT('',(-13.02692779857,-35.16865443464,0.));
#7555 = CARTESIAN_POINT('',(-12.7395609703,-35.15154689411,0.));
#7556 = CARTESIAN_POINT('',(-12.46400641537,-35.13968164451,0.));
#7557 = CARTESIAN_POINT('',(-12.2106918317,-35.05084205304,0.));
#7558 = CARTESIAN_POINT('',(-11.9721608137,-35.16701395219,0.));
#7559 = CARTESIAN_POINT('',(-11.74823936302,-35.06600178783,0.));
#7560 = CARTESIAN_POINT('',(-11.53107943108,-35.01052330117,0.));
#7561 = CARTESIAN_POINT('',(-11.3295996519,-34.93522653244,0.));
#7562 = CARTESIAN_POINT('',(-11.14314957786,-34.85900478691,0.));
#7563 = CARTESIAN_POINT('',(-10.97035588395,-34.77863372992,0.));
#7564 = CARTESIAN_POINT('',(-10.80900977476,-34.6956501378,0.));
#7565 = CARTESIAN_POINT('',(-10.6558177984,-34.60945847241,0.));
#7566 = CARTESIAN_POINT('',(-10.50601562068,-34.51861323992,0.));
#7567 = CARTESIAN_POINT('',(-10.35271971509,-34.41992996689,0.));
#7568 = CARTESIAN_POINT('',(-10.18576932611,-34.30802289883,0.));
#7569 = CARTESIAN_POINT('',(-9.98981998359,-34.1743735349,0.));
#7570 = CARTESIAN_POINT('',(-9.740327160818,-34.00808125948,0.));
#7571 = CARTESIAN_POINT('',(-9.400709807003,-33.79145571143,0.));
#7572 = CARTESIAN_POINT('',(-8.881566341212,-33.53621941419,0.));
#7573 = CARTESIAN_POINT('',(-8.205877882117,-33.10326180291,0.));
#7574 = CARTESIAN_POINT('',(-7.173206297452,-32.92340626773,0.));
#7575 = CARTESIAN_POINT('',(-5.99476824846,-32.89987646757,0.));
#7576 = CARTESIAN_POINT('',(-4.856204517204,-33.20474121902,0.));
#7577 = CARTESIAN_POINT('',(-3.896582738862,-33.62650496549,0.));
#7578 = CARTESIAN_POINT('',(-3.344142096728,-34.2085844479,0.));
#7579 = CARTESIAN_POINT('',(-2.901166040571,-34.58064320559,0.));
#7580 = CARTESIAN_POINT('',(-2.623259236762,-34.87224976155,0.));
#7581 = CARTESIAN_POINT('',(-2.420812568344,-35.09341742628,0.));
#7582 = CARTESIAN_POINT('',(-2.2625415439,-35.27007692967,0.));
#7583 = CARTESIAN_POINT('',(-2.127223544134,-35.41868602496,0.));
#7584 = CARTESIAN_POINT('',(-2.001998591999,-35.5511878529,0.));
#7585 = CARTESIAN_POINT('',(-1.87829008047,-35.67524329571,0.));
#7586 = CARTESIAN_POINT('',(-1.750176600185,-35.79559162754,0.));
#7587 = CARTESIAN_POINT('',(-1.613378189163,-35.91477651858,0.));
#7588 = CARTESIAN_POINT('',(-1.46483961885,-36.03416437638,0.));
#7589 = CARTESIAN_POINT('',(-1.302048502772,-36.15279167983,0.));
#7590 = CARTESIAN_POINT('',(-1.124443056031,-36.2741177285,0.));
#7591 = CARTESIAN_POINT('',(-0.926870267919,-36.37995388453,0.));
#7592 = CARTESIAN_POINT('',(-0.733629360855,-36.5316187297,0.));
#7593 = CARTESIAN_POINT('',(-0.474227865507,-36.47590678383,0.));
#7594 = CARTESIAN_POINT('',(-0.24953484911,-36.6227870061,0.));
#7595 = CARTESIAN_POINT('',(1.517305116215E-02,-36.70025199447,0.));
#7596 = CARTESIAN_POINT('',(0.290095419251,-36.78563380437,0.));
#7597 = CARTESIAN_POINT('',(0.579642630478,-36.85313130859,0.));
#7598 = CARTESIAN_POINT('',(0.880430546548,-36.9080068456,0.));
#7599 = CARTESIAN_POINT('',(1.190962156999,-36.94701661658,0.));
#7600 = CARTESIAN_POINT('',(1.508951244598,-36.96961686863,0.));
#7601 = CARTESIAN_POINT('',(1.832128311342,-36.97486429582,0.));
#7602 = CARTESIAN_POINT('',(2.158073588144,-36.96230626621,0.));
#7603 = CARTESIAN_POINT('',(2.375411192784,-36.94195023938,0.));
#7604 = CARTESIAN_POINT('',(2.483964505498,-36.92877011644,0.));
#7605 = VECTOR('',#7606,1.);
#7606 = DIRECTION('',(-0.,-0.,-1.));
#7607 = ADVANCED_FACE('',(#7608),#7745,.F.);
#7608 = FACE_BOUND('',#7609,.F.);
#7609 = EDGE_LOOP('',(#7610,#7611,#7675,#7683));
#7610 = ORIENTED_EDGE('',*,*,#7475,.T.);
#7611 = ORIENTED_EDGE('',*,*,#7612,.T.);
#7612 = EDGE_CURVE('',#7412,#7613,#7615,.T.);
#7613 = VERTEX_POINT('',#7614);
#7614 = CARTESIAN_POINT('',(19.132008578399,-30.61499981124,5.));
#7615 = B_SPLINE_CURVE_WITH_KNOTS('',3,(#7616,#7617,#7618,#7619,#7620,
    #7621,#7622,#7623,#7624,#7625,#7626,#7627,#7628,#7629,#7630,#7631,
    #7632,#7633,#7634,#7635,#7636,#7637,#7638,#7639,#7640,#7641,#7642,
    #7643,#7644,#7645,#7646,#7647,#7648,#7649,#7650,#7651,#7652,#7653,
    #7654,#7655,#7656,#7657,#7658,#7659,#7660,#7661,#7662,#7663,#7664,
    #7665,#7666,#7667,#7668,#7669,#7670,#7671,#7672,#7673,#7674),
  .UNSPECIFIED.,.F.,.F.,(4,1,1,1,1,1,1,1,1,1,1,1,1,1,1,1,1,1,1,1,1,1,1,1
    ,1,1,1,1,1,1,1,1,1,1,1,1,1,1,1,1,1,1,1,1,1,1,1,1,1,1,1,1,1,1,1,1,4),
  (0.,0.328013505293,0.654532141274,0.978073973054,1.297183287801,
    1.61044462083,1.916497973535,2.214055789897,2.501922432478,
    2.779017159017,3.044401987384,3.269623492035,3.510023310168,
    3.737105776354,3.950973242823,4.152195746167,4.341963344013,
    4.522306308509,4.696421126138,4.869164710127,5.047820617967,
    5.243309477393,5.472118985513,5.759336347265,6.143042595942,
    6.678887194379,7.495697516282,8.524531677202,9.766857061766,
    11.00918244633,12.03801660725,12.854826929153,13.39067152759,
    13.774377776267,14.061595138019,14.290404646139,14.485893505565,
    14.664549413405,14.837292997394,15.011407815023,15.191750779519,
    15.381518377365,15.582740880709,15.796608347178,16.023690813363,
    16.264090631496,16.489312136147,16.754696964515,17.031791691054,
    17.319658333634,17.617216149997,17.923269502701,18.236530835731,
    18.555640150478,18.879181982258,19.205700618239,19.533714123532),
  .UNSPECIFIED.);
#7616 = CARTESIAN_POINT('',(2.483964505498,-36.92877011644,5.));
#7617 = CARTESIAN_POINT('',(2.592517666109,-36.91558874082,5.));
#7618 = CARTESIAN_POINT('',(2.808411351036,-36.88334096528,5.));
#7619 = CARTESIAN_POINT('',(3.127890583674,-36.81753027093,5.));
#7620 = CARTESIAN_POINT('',(3.440420920683,-36.73509399002,5.));
#7621 = CARTESIAN_POINT('',(3.743761228987,-36.63705069049,5.));
#7622 = CARTESIAN_POINT('',(4.03593370595,-36.52485939392,5.));
#7623 = CARTESIAN_POINT('',(4.314848696247,-36.39959518034,5.));
#7624 = CARTESIAN_POINT('',(4.579828981685,-36.26476584772,5.));
#7625 = CARTESIAN_POINT('',(4.826329400855,-36.1160718489,5.));
#7626 = CARTESIAN_POINT('',(5.064806785481,-35.9775091053,5.));
#7627 = CARTESIAN_POINT('',(5.247819893223,-35.78112439687,5.));
#7628 = CARTESIAN_POINT('',(5.513016393893,-35.77313861367,5.));
#7629 = CARTESIAN_POINT('',(5.664346298229,-35.57963529722,5.));
#7630 = CARTESIAN_POINT('',(5.830849730205,-35.42959228451,5.));
#7631 = CARTESIAN_POINT('',(5.974259061516,-35.26928798484,5.));
#7632 = CARTESIAN_POINT('',(6.103930391693,-35.11514931114,5.));
#7633 = CARTESIAN_POINT('',(6.219581316615,-34.96368304089,5.));
#7634 = CARTESIAN_POINT('',(6.323881803059,-34.81522344356,5.));
#7635 = CARTESIAN_POINT('',(6.419471297467,-34.66771265289,5.));
#7636 = CARTESIAN_POINT('',(6.509896653777,-34.51765665117,5.));
#7637 = CARTESIAN_POINT('',(6.599773033416,-34.35903679294,5.));
#7638 = CARTESIAN_POINT('',(6.695594453682,-34.18236229086,5.));
#7639 = CARTESIAN_POINT('',(6.806989023396,-33.97295945623,5.));
#7640 = CARTESIAN_POINT('',(6.950624072957,-33.70976986294,5.));
#7641 = CARTESIAN_POINT('',(7.150669393473,-33.36012941217,5.));
#7642 = CARTESIAN_POINT('',(7.491733881763,-32.89287089664,5.));
#7643 = CARTESIAN_POINT('',(7.888820864856,-32.19549788685,5.));
#7644 = CARTESIAN_POINT('',(8.719623107201,-31.55633730498,5.));
#7645 = CARTESIAN_POINT('',(9.752143335173,-30.98785523346,5.));
#7646 = CARTESIAN_POINT('',(10.901969165939,-30.72868261587,5.));
#7647 = CARTESIAN_POINT('',(11.947675438035,-30.6561773898,5.));
#7648 = CARTESIAN_POINT('',(12.707343156876,-30.91485120733,5.));
#7649 = CARTESIAN_POINT('',(13.27248330108,-31.03843163827,5.));
#7650 = CARTESIAN_POINT('',(13.654073878756,-31.16748668896,5.));
#7651 = CARTESIAN_POINT('',(13.936113239891,-31.26923927246,5.));
#7652 = CARTESIAN_POINT('',(14.158353036953,-31.3521112817,5.));
#7653 = CARTESIAN_POINT('',(14.347233265384,-31.4208126905,5.));
#7654 = CARTESIAN_POINT('',(14.519691123596,-31.47994229549,5.));
#7655 = CARTESIAN_POINT('',(14.686881009446,-31.53229772296,5.));
#7656 = CARTESIAN_POINT('',(14.85624852105,-31.57932357561,5.));
#7657 = CARTESIAN_POINT('',(15.032765479016,-31.62128316405,5.));
#7658 = CARTESIAN_POINT('',(15.219772155118,-31.65796654656,5.));
#7659 = CARTESIAN_POINT('',(15.419045386526,-31.68735300337,5.));
#7660 = CARTESIAN_POINT('',(15.632690225722,-31.71224451765,5.));
#7661 = CARTESIAN_POINT('',(15.856816755607,-31.71414112694,5.));
#7662 = CARTESIAN_POINT('',(16.098405249104,-31.75863015067,5.));
#7663 = CARTESIAN_POINT('',(16.302203234018,-31.58874978675,5.));
#7664 = CARTESIAN_POINT('',(16.56941766211,-31.61438571329,5.));
#7665 = CARTESIAN_POINT('',(16.839804642563,-31.55996165894,5.));
#7666 = CARTESIAN_POINT('',(17.122915215505,-31.50780070203,5.));
#7667 = CARTESIAN_POINT('',(17.410664192665,-31.43300747541,5.));
#7668 = CARTESIAN_POINT('',(17.702500599017,-31.34181423584,5.));
#7669 = CARTESIAN_POINT('',(17.995591429161,-31.23204443759,5.));
#7670 = CARTESIAN_POINT('',(18.287659643685,-31.10427906948,5.));
#7671 = CARTESIAN_POINT('',(18.576257325799,-30.95873756392,5.));
#7672 = CARTESIAN_POINT('',(18.859031527821,-30.79614365798,5.));
#7673 = CARTESIAN_POINT('',(19.042014502093,-30.67711747034,5.));
#7674 = CARTESIAN_POINT('',(19.132008578399,-30.61499981124,5.));
#7675 = ORIENTED_EDGE('',*,*,#7676,.F.);
#7676 = EDGE_CURVE('',#7677,#7613,#7679,.T.);
#7677 = VERTEX_POINT('',#7678);
#7678 = CARTESIAN_POINT('',(19.132008578399,-30.61499981124,0.));
#7679 = LINE('',#7680,#7681);
#7680 = CARTESIAN_POINT('',(19.132008578399,-30.61499981124,0.));
#7681 = VECTOR('',#7682,1.);
#7682 = DIRECTION('',(0.,0.,1.));
#7683 = ORIENTED_EDGE('',*,*,#7684,.F.);
#7684 = EDGE_CURVE('',#7476,#7677,#7685,.T.);
#7685 = B_SPLINE_CURVE_WITH_KNOTS('',3,(#7686,#7687,#7688,#7689,#7690,
    #7691,#7692,#7693,#7694,#7695,#7696,#7697,#7698,#7699,#7700,#7701,
    #7702,#7703,#7704,#7705,#7706,#7707,#7708,#7709,#7710,#7711,#7712,
    #7713,#7714,#7715,#7716,#7717,#7718,#7719,#7720,#7721,#7722,#7723,
    #7724,#7725,#7726,#7727,#7728,#7729,#7730,#7731,#7732,#7733,#7734,
    #7735,#7736,#7737,#7738,#7739,#7740,#7741,#7742,#7743,#7744),
  .UNSPECIFIED.,.F.,.F.,(4,1,1,1,1,1,1,1,1,1,1,1,1,1,1,1,1,1,1,1,1,1,1,1
    ,1,1,1,1,1,1,1,1,1,1,1,1,1,1,1,1,1,1,1,1,1,1,1,1,1,1,1,1,1,1,1,1,4),
  (0.,0.328013505293,0.654532141274,0.978073973054,1.297183287801,
    1.61044462083,1.916497973535,2.214055789897,2.501922432478,
    2.779017159017,3.044401987384,3.269623492035,3.510023310168,
    3.737105776354,3.950973242823,4.152195746167,4.341963344013,
    4.522306308509,4.696421126138,4.869164710127,5.047820617967,
    5.243309477393,5.472118985513,5.759336347265,6.143042595942,
    6.678887194379,7.495697516282,8.524531677202,9.766857061766,
    11.00918244633,12.03801660725,12.854826929153,13.39067152759,
    13.774377776267,14.061595138019,14.290404646139,14.485893505565,
    14.664549413405,14.837292997394,15.011407815023,15.191750779519,
    15.381518377365,15.582740880709,15.796608347178,16.023690813363,
    16.264090631496,16.489312136147,16.754696964515,17.031791691054,
    17.319658333634,17.617216149997,17.923269502701,18.236530835731,
    18.555640150478,18.879181982258,19.205700618239,19.533714123532),
  .UNSPECIFIED.);
#7686 = CARTESIAN_POINT('',(2.483964505498,-36.92877011644,0.));
#7687 = CARTESIAN_POINT('',(2.592517666109,-36.91558874082,0.));
#7688 = CARTESIAN_POINT('',(2.808411351036,-36.88334096528,0.));
#7689 = CARTESIAN_POINT('',(3.127890583674,-36.81753027093,0.));
#7690 = CARTESIAN_POINT('',(3.440420920683,-36.73509399002,0.));
#7691 = CARTESIAN_POINT('',(3.743761228987,-36.63705069049,0.));
#7692 = CARTESIAN_POINT('',(4.03593370595,-36.52485939392,0.));
#7693 = CARTESIAN_POINT('',(4.314848696247,-36.39959518034,0.));
#7694 = CARTESIAN_POINT('',(4.579828981685,-36.26476584772,0.));
#7695 = CARTESIAN_POINT('',(4.826329400855,-36.1160718489,0.));
#7696 = CARTESIAN_POINT('',(5.064806785481,-35.9775091053,0.));
#7697 = CARTESIAN_POINT('',(5.247819893223,-35.78112439687,0.));
#7698 = CARTESIAN_POINT('',(5.513016393893,-35.77313861367,0.));
#7699 = CARTESIAN_POINT('',(5.664346298229,-35.57963529722,0.));
#7700 = CARTESIAN_POINT('',(5.830849730205,-35.42959228451,0.));
#7701 = CARTESIAN_POINT('',(5.974259061516,-35.26928798484,0.));
#7702 = CARTESIAN_POINT('',(6.103930391693,-35.11514931114,0.));
#7703 = CARTESIAN_POINT('',(6.219581316615,-34.96368304089,0.));
#7704 = CARTESIAN_POINT('',(6.323881803059,-34.81522344356,0.));
#7705 = CARTESIAN_POINT('',(6.419471297467,-34.66771265289,0.));
#7706 = CARTESIAN_POINT('',(6.509896653777,-34.51765665117,0.));
#7707 = CARTESIAN_POINT('',(6.599773033416,-34.35903679294,0.));
#7708 = CARTESIAN_POINT('',(6.695594453682,-34.18236229086,0.));
#7709 = CARTESIAN_POINT('',(6.806989023396,-33.97295945623,0.));
#7710 = CARTESIAN_POINT('',(6.950624072957,-33.70976986294,0.));
#7711 = CARTESIAN_POINT('',(7.150669393473,-33.36012941217,0.));
#7712 = CARTESIAN_POINT('',(7.491733881763,-32.89287089664,0.));
#7713 = CARTESIAN_POINT('',(7.888820864856,-32.19549788685,0.));
#7714 = CARTESIAN_POINT('',(8.719623107201,-31.55633730498,0.));
#7715 = CARTESIAN_POINT('',(9.752143335173,-30.98785523346,0.));
#7716 = CARTESIAN_POINT('',(10.901969165939,-30.72868261587,0.));
#7717 = CARTESIAN_POINT('',(11.947675438035,-30.6561773898,0.));
#7718 = CARTESIAN_POINT('',(12.707343156876,-30.91485120733,0.));
#7719 = CARTESIAN_POINT('',(13.27248330108,-31.03843163827,0.));
#7720 = CARTESIAN_POINT('',(13.654073878756,-31.16748668896,0.));
#7721 = CARTESIAN_POINT('',(13.936113239891,-31.26923927246,0.));
#7722 = CARTESIAN_POINT('',(14.158353036953,-31.3521112817,0.));
#7723 = CARTESIAN_POINT('',(14.347233265384,-31.4208126905,0.));
#7724 = CARTESIAN_POINT('',(14.519691123596,-31.47994229549,0.));
#7725 = CARTESIAN_POINT('',(14.686881009446,-31.53229772296,0.));
#7726 = CARTESIAN_POINT('',(14.85624852105,-31.57932357561,0.));
#7727 = CARTESIAN_POINT('',(15.032765479016,-31.62128316405,0.));
#7728 = CARTESIAN_POINT('',(15.219772155118,-31.65796654656,0.));
#7729 = CARTESIAN_POINT('',(15.419045386526,-31.68735300337,0.));
#7730 = CARTESIAN_POINT('',(15.632690225722,-31.71224451765,0.));
#7731 = CARTESIAN_POINT('',(15.856816755607,-31.71414112694,0.));
#7732 = CARTESIAN_POINT('',(16.098405249104,-31.75863015067,0.));
#7733 = CARTESIAN_POINT('',(16.302203234018,-31.58874978675,0.));
#7734 = CARTESIAN_POINT('',(16.56941766211,-31.61438571329,0.));
#7735 = CARTESIAN_POINT('',(16.839804642563,-31.55996165894,0.));
#7736 = CARTESIAN_POINT('',(17.122915215505,-31.50780070203,0.));
#7737 = CARTESIAN_POINT('',(17.410664192665,-31.43300747541,0.));
#7738 = CARTESIAN_POINT('',(17.702500599017,-31.34181423584,0.));
#7739 = CARTESIAN_POINT('',(17.995591429161,-31.23204443759,0.));
#7740 = CARTESIAN_POINT('',(18.287659643685,-31.10427906948,0.));
#7741 = CARTESIAN_POINT('',(18.576257325799,-30.95873756392,0.));
#7742 = CARTESIAN_POINT('',(18.859031527821,-30.79614365798,0.));
#7743 = CARTESIAN_POINT('',(19.042014502093,-30.67711747034,0.));
#7744 = CARTESIAN_POINT('',(19.132008578399,-30.61499981124,0.));
#7745 = SURFACE_OF_LINEAR_EXTRUSION('',#7746,#7806);
#7746 = B_SPLINE_CURVE_WITH_KNOTS('',3,(#7747,#7748,#7749,#7750,#7751,
    #7752,#7753,#7754,#7755,#7756,#7757,#7758,#7759,#7760,#7761,#7762,
    #7763,#7764,#7765,#7766,#7767,#7768,#7769,#7770,#7771,#7772,#7773,
    #7774,#7775,#7776,#7777,#7778,#7779,#7780,#7781,#7782,#7783,#7784,
    #7785,#7786,#7787,#7788,#7789,#7790,#7791,#7792,#7793,#7794,#7795,
    #7796,#7797,#7798,#7799,#7800,#7801,#7802,#7803,#7804,#7805),
  .UNSPECIFIED.,.F.,.F.,(4,1,1,1,1,1,1,1,1,1,1,1,1,1,1,1,1,1,1,1,1,1,1,1
    ,1,1,1,1,1,1,1,1,1,1,1,1,1,1,1,1,1,1,1,1,1,1,1,1,1,1,1,1,1,1,1,1,4),
  (0.,0.328013505293,0.654532141274,0.978073973054,1.297183287801,
    1.61044462083,1.916497973535,2.214055789897,2.501922432478,
    2.779017159017,3.044401987384,3.269623492035,3.510023310168,
    3.737105776354,3.950973242823,4.152195746167,4.341963344013,
    4.522306308509,4.696421126138,4.869164710127,5.047820617967,
    5.243309477393,5.472118985513,5.759336347265,6.143042595942,
    6.678887194379,7.495697516282,8.524531677202,9.766857061766,
    11.00918244633,12.03801660725,12.854826929153,13.39067152759,
    13.774377776267,14.061595138019,14.290404646139,14.485893505565,
    14.664549413405,14.837292997394,15.011407815023,15.191750779519,
    15.381518377365,15.582740880709,15.796608347178,16.023690813363,
    16.264090631496,16.489312136147,16.754696964515,17.031791691054,
    17.319658333634,17.617216149997,17.923269502701,18.236530835731,
    18.555640150478,18.879181982258,19.205700618239,19.533714123532),
  .UNSPECIFIED.);
#7747 = CARTESIAN_POINT('',(2.483964505498,-36.92877011644,0.));
#7748 = CARTESIAN_POINT('',(2.592517666109,-36.91558874082,0.));
#7749 = CARTESIAN_POINT('',(2.808411351036,-36.88334096528,0.));
#7750 = CARTESIAN_POINT('',(3.127890583674,-36.81753027093,0.));
#7751 = CARTESIAN_POINT('',(3.440420920683,-36.73509399002,0.));
#7752 = CARTESIAN_POINT('',(3.743761228987,-36.63705069049,0.));
#7753 = CARTESIAN_POINT('',(4.03593370595,-36.52485939392,0.));
#7754 = CARTESIAN_POINT('',(4.314848696247,-36.39959518034,0.));
#7755 = CARTESIAN_POINT('',(4.579828981685,-36.26476584772,0.));
#7756 = CARTESIAN_POINT('',(4.826329400855,-36.1160718489,0.));
#7757 = CARTESIAN_POINT('',(5.064806785481,-35.9775091053,0.));
#7758 = CARTESIAN_POINT('',(5.247819893223,-35.78112439687,0.));
#7759 = CARTESIAN_POINT('',(5.513016393893,-35.77313861367,0.));
#7760 = CARTESIAN_POINT('',(5.664346298229,-35.57963529722,0.));
#7761 = CARTESIAN_POINT('',(5.830849730205,-35.42959228451,0.));
#7762 = CARTESIAN_POINT('',(5.974259061516,-35.26928798484,0.));
#7763 = CARTESIAN_POINT('',(6.103930391693,-35.11514931114,0.));
#7764 = CARTESIAN_POINT('',(6.219581316615,-34.96368304089,0.));
#7765 = CARTESIAN_POINT('',(6.323881803059,-34.81522344356,0.));
#7766 = CARTESIAN_POINT('',(6.419471297467,-34.66771265289,0.));
#7767 = CARTESIAN_POINT('',(6.509896653777,-34.51765665117,0.));
#7768 = CARTESIAN_POINT('',(6.599773033416,-34.35903679294,0.));
#7769 = CARTESIAN_POINT('',(6.695594453682,-34.18236229086,0.));
#7770 = CARTESIAN_POINT('',(6.806989023396,-33.97295945623,0.));
#7771 = CARTESIAN_POINT('',(6.950624072957,-33.70976986294,0.));
#7772 = CARTESIAN_POINT('',(7.150669393473,-33.36012941217,0.));
#7773 = CARTESIAN_POINT('',(7.491733881763,-32.89287089664,0.));
#7774 = CARTESIAN_POINT('',(7.888820864856,-32.19549788685,0.));
#7775 = CARTESIAN_POINT('',(8.719623107201,-31.55633730498,0.));
#7776 = CARTESIAN_POINT('',(9.752143335173,-30.98785523346,0.));
#7777 = CARTESIAN_POINT('',(10.901969165939,-30.72868261587,0.));
#7778 = CARTESIAN_POINT('',(11.947675438035,-30.6561773898,0.));
#7779 = CARTESIAN_POINT('',(12.707343156876,-30.91485120733,0.));
#7780 = CARTESIAN_POINT('',(13.27248330108,-31.03843163827,0.));
#7781 = CARTESIAN_POINT('',(13.654073878756,-31.16748668896,0.));
#7782 = CARTESIAN_POINT('',(13.936113239891,-31.26923927246,0.));
#7783 = CARTESIAN_POINT('',(14.158353036953,-31.3521112817,0.));
#7784 = CARTESIAN_POINT('',(14.347233265384,-31.4208126905,0.));
#7785 = CARTESIAN_POINT('',(14.519691123596,-31.47994229549,0.));
#7786 = CARTESIAN_POINT('',(14.686881009446,-31.53229772296,0.));
#7787 = CARTESIAN_POINT('',(14.85624852105,-31.57932357561,0.));
#7788 = CARTESIAN_POINT('',(15.032765479016,-31.62128316405,0.));
#7789 = CARTESIAN_POINT('',(15.219772155118,-31.65796654656,0.));
#7790 = CARTESIAN_POINT('',(15.419045386526,-31.68735300337,0.));
#7791 = CARTESIAN_POINT('',(15.632690225722,-31.71224451765,0.));
#7792 = CARTESIAN_POINT('',(15.856816755607,-31.71414112694,0.));
#7793 = CARTESIAN_POINT('',(16.098405249104,-31.75863015067,0.));
#7794 = CARTESIAN_POINT('',(16.302203234018,-31.58874978675,0.));
#7795 = CARTESIAN_POINT('',(16.56941766211,-31.61438571329,0.));
#7796 = CARTESIAN_POINT('',(16.839804642563,-31.55996165894,0.));
#7797 = CARTESIAN_POINT('',(17.122915215505,-31.50780070203,0.));
#7798 = CARTESIAN_POINT('',(17.410664192665,-31.43300747541,0.));
#7799 = CARTESIAN_POINT('',(17.702500599017,-31.34181423584,0.));
#7800 = CARTESIAN_POINT('',(17.995591429161,-31.23204443759,0.));
#7801 = CARTESIAN_POINT('',(18.287659643685,-31.10427906948,0.));
#7802 = CARTESIAN_POINT('',(18.576257325799,-30.95873756392,0.));
#7803 = CARTESIAN_POINT('',(18.859031527821,-30.79614365798,0.));
#7804 = CARTESIAN_POINT('',(19.042014502093,-30.67711747034,0.));
#7805 = CARTESIAN_POINT('',(19.132008578399,-30.61499981124,0.));
#7806 = VECTOR('',#7807,1.);
#7807 = DIRECTION('',(-0.,-0.,-1.));
#7808 = ADVANCED_FACE('',(#7809),#7946,.F.);
#7809 = FACE_BOUND('',#7810,.F.);
#7810 = EDGE_LOOP('',(#7811,#7812,#7876,#7884));
#7811 = ORIENTED_EDGE('',*,*,#7676,.T.);
#7812 = ORIENTED_EDGE('',*,*,#7813,.T.);
#7813 = EDGE_CURVE('',#7613,#7814,#7816,.T.);
#7814 = VERTEX_POINT('',#7815);
#7815 = CARTESIAN_POINT('',(30.938964154299,-17.28770200002,5.));
#7816 = B_SPLINE_CURVE_WITH_KNOTS('',3,(#7817,#7818,#7819,#7820,#7821,
    #7822,#7823,#7824,#7825,#7826,#7827,#7828,#7829,#7830,#7831,#7832,
    #7833,#7834,#7835,#7836,#7837,#7838,#7839,#7840,#7841,#7842,#7843,
    #7844,#7845,#7846,#7847,#7848,#7849,#7850,#7851,#7852,#7853,#7854,
    #7855,#7856,#7857,#7858,#7859,#7860,#7861,#7862,#7863,#7864,#7865,
    #7866,#7867,#7868,#7869,#7870,#7871,#7872,#7873,#7874,#7875),
  .UNSPECIFIED.,.F.,.F.,(4,1,1,1,1,1,1,1,1,1,1,1,1,1,1,1,1,1,1,1,1,1,1,1
    ,1,1,1,1,1,1,1,1,1,1,1,1,1,1,1,1,1,1,1,1,1,1,1,1,1,1,1,1,1,1,1,1,4),
  (0.,0.328013505293,0.654532141274,0.978073973054,1.297183287801,
    1.61044462083,1.916497973535,2.214055789897,2.501922432478,
    2.779017159017,3.044401987384,3.269623492035,3.510023310168,
    3.737105776354,3.950973242823,4.152195746167,4.341963344013,
    4.522306308509,4.696421126138,4.869164710127,5.047820617967,
    5.243309477393,5.472118985513,5.759336347265,6.143042595942,
    6.678887194379,7.495697516282,8.524531677202,9.766857061766,
    11.00918244633,12.03801660725,12.854826929153,13.39067152759,
    13.774377776267,14.061595138019,14.290404646139,14.485893505565,
    14.664549413405,14.837292997394,15.011407815023,15.191750779519,
    15.381518377365,15.582740880709,15.796608347178,16.023690813363,
    16.264090631496,16.489312136147,16.754696964515,17.031791691054,
    17.319658333634,17.617216149997,17.923269502701,18.236530835731,
    18.555640150478,18.879181982258,19.205700618239,19.533714123532),
  .UNSPECIFIED.);
#7817 = CARTESIAN_POINT('',(19.132008578399,-30.61499981124,5.));
#7818 = CARTESIAN_POINT('',(19.222001937876,-30.55288111364,5.));
#7819 = CARTESIAN_POINT('',(19.398180013552,-30.42399632838,5.));
#7820 = CARTESIAN_POINT('',(19.650481070532,-30.21725445013,5.));
#7821 = CARTESIAN_POINT('',(19.888902890679,-29.99902065889,5.));
#7822 = CARTESIAN_POINT('',(20.111934401337,-29.77123835826,5.));
#7823 = CARTESIAN_POINT('',(20.318502386372,-29.5361185784,5.));
#7824 = CARTESIAN_POINT('',(20.5072561625,-29.29558436667,5.));
#7825 = CARTESIAN_POINT('',(20.679226237781,-29.05305644289,5.));
#7826 = CARTESIAN_POINT('',(20.828389972463,-28.80683998895,5.));
#7827 = CARTESIAN_POINT('',(20.975157891933,-28.57332280606,5.));
#7828 = CARTESIAN_POINT('',(21.045943426314,-28.31438235068,5.));
#7829 = CARTESIAN_POINT('',(21.277052087313,-28.18406833182,5.));
#7830 = CARTESIAN_POINT('',(21.321122587948,-27.94240314112,5.));
#7831 = CARTESIAN_POINT('',(21.398825590271,-27.73216864833,5.));
#7832 = CARTESIAN_POINT('',(21.451311124183,-27.52358060091,5.));
#7833 = CARTESIAN_POINT('',(21.494497571466,-27.32683631161,5.));
#7834 = CARTESIAN_POINT('',(21.526511494242,-27.13897392526,5.));
#7835 = CARTESIAN_POINT('',(21.549872373452,-26.95904862733,5.));
#7836 = CARTESIAN_POINT('',(21.565960984713,-26.78401165583,5.));
#7837 = CARTESIAN_POINT('',(21.576294160226,-26.6091209065,5.));
#7838 = CARTESIAN_POINT('',(21.582161418472,-26.426902361,5.));
#7839 = CARTESIAN_POINT('',(21.584902337411,-26.22593442419,5.));
#7840 = CARTESIAN_POINT('',(21.586222980845,-25.98874978469,5.));
#7841 = CARTESIAN_POINT('',(21.591095198331,-25.68895643757,5.));
#7842 = CARTESIAN_POINT('',(21.605740513426,-25.28639949771,5.));
#7843 = CARTESIAN_POINT('',(21.690592260219,-24.71416205874,5.));
#7844 = CARTESIAN_POINT('',(21.7181099249,-23.91213340273,5.));
#7845 = CARTESIAN_POINT('',(22.156716043456,-22.96009176074,5.));
#7846 = CARTESIAN_POINT('',(22.806780509398,-21.9768898095,5.));
#7847 = CARTESIAN_POINT('',(23.70445719875,-21.2130531462,5.));
#7848 = CARTESIAN_POINT('',(24.596689259789,-20.66288902109,5.));
#7849 = CARTESIAN_POINT('',(25.389553335937,-20.5388981195,5.));
#7850 = CARTESIAN_POINT('',(25.947390771831,-20.38568943626,5.));
#7851 = CARTESIAN_POINT('',(26.345247320693,-20.32262802486,5.));
#7852 = CARTESIAN_POINT('',(26.64226755585,-20.2816552365,5.));
#7853 = CARTESIAN_POINT('',(26.877563666304,-20.25175477299,5.));
#7854 = CARTESIAN_POINT('',(27.076735939319,-20.2248098305,5.));
#7855 = CARTESIAN_POINT('',(27.256918686635,-20.19702133262,5.));
#7856 = CARTESIAN_POINT('',(27.429288758815,-20.16568274725,5.));
#7857 = CARTESIAN_POINT('',(27.601110245929,-20.12861306462,5.));
#7858 = CARTESIAN_POINT('',(27.776907843029,-20.08373491441,5.));
#7859 = CARTESIAN_POINT('',(27.9595416491,-20.02931010078,5.));
#7860 = CARTESIAN_POINT('',(28.149645900024,-19.96272362783,5.));
#7861 = CARTESIAN_POINT('',(28.350386673714,-19.88547826178,5.));
#7862 = CARTESIAN_POINT('',(28.549722258394,-19.78300083399,5.));
#7863 = CARTESIAN_POINT('',(28.78431332592,-19.71012213711,5.));
#7864 = CARTESIAN_POINT('',(28.885820138089,-19.46499089923,5.));
#7865 = CARTESIAN_POINT('',(29.134340372684,-19.36350964821,5.));
#7866 = CARTESIAN_POINT('',(29.348464034611,-19.18966444612,5.));
#7867 = CARTESIAN_POINT('',(29.574905591998,-19.01191016902,5.));
#7868 = CARTESIAN_POINT('',(29.794936512174,-18.81196043841,5.));
#7869 = CARTESIAN_POINT('',(30.010965205123,-18.59558969446,5.));
#7870 = CARTESIAN_POINT('',(30.219471677901,-18.36218726488,5.));
#7871 = CARTESIAN_POINT('',(30.418709711207,-18.11332578271,5.));
#7872 = CARTESIAN_POINT('',(30.606613757698,-17.85033714936,5.));
#7873 = CARTESIAN_POINT('',(30.781436723055,-17.57495567147,5.));
#7874 = CARTESIAN_POINT('',(30.888145872737,-17.38452678818,5.));
#7875 = CARTESIAN_POINT('',(30.938964154299,-17.28770200002,5.));
#7876 = ORIENTED_EDGE('',*,*,#7877,.F.);
#7877 = EDGE_CURVE('',#7878,#7814,#7880,.T.);
#7878 = VERTEX_POINT('',#7879);
#7879 = CARTESIAN_POINT('',(30.938964154299,-17.28770200002,0.));
#7880 = LINE('',#7881,#7882);
#7881 = CARTESIAN_POINT('',(30.938964154299,-17.28770200002,0.));
#7882 = VECTOR('',#7883,1.);
#7883 = DIRECTION('',(0.,0.,1.));
#7884 = ORIENTED_EDGE('',*,*,#7885,.F.);
#7885 = EDGE_CURVE('',#7677,#7878,#7886,.T.);
#7886 = B_SPLINE_CURVE_WITH_KNOTS('',3,(#7887,#7888,#7889,#7890,#7891,
    #7892,#7893,#7894,#7895,#7896,#7897,#7898,#7899,#7900,#7901,#7902,
    #7903,#7904,#7905,#7906,#7907,#7908,#7909,#7910,#7911,#7912,#7913,
    #7914,#7915,#7916,#7917,#7918,#7919,#7920,#7921,#7922,#7923,#7924,
    #7925,#7926,#7927,#7928,#7929,#7930,#7931,#7932,#7933,#7934,#7935,
    #7936,#7937,#7938,#7939,#7940,#7941,#7942,#7943,#7944,#7945),
  .UNSPECIFIED.,.F.,.F.,(4,1,1,1,1,1,1,1,1,1,1,1,1,1,1,1,1,1,1,1,1,1,1,1
    ,1,1,1,1,1,1,1,1,1,1,1,1,1,1,1,1,1,1,1,1,1,1,1,1,1,1,1,1,1,1,1,1,4),
  (0.,0.328013505293,0.654532141274,0.978073973054,1.297183287801,
    1.61044462083,1.916497973535,2.214055789897,2.501922432478,
    2.779017159017,3.044401987384,3.269623492035,3.510023310168,
    3.737105776354,3.950973242823,4.152195746167,4.341963344013,
    4.522306308509,4.696421126138,4.869164710127,5.047820617967,
    5.243309477393,5.472118985513,5.759336347265,6.143042595942,
    6.678887194379,7.495697516282,8.524531677202,9.766857061766,
    11.00918244633,12.03801660725,12.854826929153,13.39067152759,
    13.774377776267,14.061595138019,14.290404646139,14.485893505565,
    14.664549413405,14.837292997394,15.011407815023,15.191750779519,
    15.381518377365,15.582740880709,15.796608347178,16.023690813363,
    16.264090631496,16.489312136147,16.754696964515,17.031791691054,
    17.319658333634,17.617216149997,17.923269502701,18.236530835731,
    18.555640150478,18.879181982258,19.205700618239,19.533714123532),
  .UNSPECIFIED.);
#7887 = CARTESIAN_POINT('',(19.132008578399,-30.61499981124,0.));
#7888 = CARTESIAN_POINT('',(19.222001937876,-30.55288111364,0.));
#7889 = CARTESIAN_POINT('',(19.398180013552,-30.42399632838,0.));
#7890 = CARTESIAN_POINT('',(19.650481070532,-30.21725445013,0.));
#7891 = CARTESIAN_POINT('',(19.888902890679,-29.99902065889,0.));
#7892 = CARTESIAN_POINT('',(20.111934401337,-29.77123835826,0.));
#7893 = CARTESIAN_POINT('',(20.318502386372,-29.5361185784,0.));
#7894 = CARTESIAN_POINT('',(20.5072561625,-29.29558436667,0.));
#7895 = CARTESIAN_POINT('',(20.679226237781,-29.05305644289,0.));
#7896 = CARTESIAN_POINT('',(20.828389972463,-28.80683998895,0.));
#7897 = CARTESIAN_POINT('',(20.975157891933,-28.57332280606,0.));
#7898 = CARTESIAN_POINT('',(21.045943426314,-28.31438235068,0.));
#7899 = CARTESIAN_POINT('',(21.277052087313,-28.18406833182,0.));
#7900 = CARTESIAN_POINT('',(21.321122587948,-27.94240314112,0.));
#7901 = CARTESIAN_POINT('',(21.398825590271,-27.73216864833,0.));
#7902 = CARTESIAN_POINT('',(21.451311124183,-27.52358060091,0.));
#7903 = CARTESIAN_POINT('',(21.494497571466,-27.32683631161,0.));
#7904 = CARTESIAN_POINT('',(21.526511494242,-27.13897392526,0.));
#7905 = CARTESIAN_POINT('',(21.549872373452,-26.95904862733,0.));
#7906 = CARTESIAN_POINT('',(21.565960984713,-26.78401165583,0.));
#7907 = CARTESIAN_POINT('',(21.576294160226,-26.6091209065,0.));
#7908 = CARTESIAN_POINT('',(21.582161418472,-26.426902361,0.));
#7909 = CARTESIAN_POINT('',(21.584902337411,-26.22593442419,0.));
#7910 = CARTESIAN_POINT('',(21.586222980845,-25.98874978469,0.));
#7911 = CARTESIAN_POINT('',(21.591095198331,-25.68895643757,0.));
#7912 = CARTESIAN_POINT('',(21.605740513426,-25.28639949771,0.));
#7913 = CARTESIAN_POINT('',(21.690592260219,-24.71416205874,0.));
#7914 = CARTESIAN_POINT('',(21.7181099249,-23.91213340273,0.));
#7915 = CARTESIAN_POINT('',(22.156716043456,-22.96009176074,0.));
#7916 = CARTESIAN_POINT('',(22.806780509398,-21.9768898095,0.));
#7917 = CARTESIAN_POINT('',(23.70445719875,-21.2130531462,0.));
#7918 = CARTESIAN_POINT('',(24.596689259789,-20.66288902109,0.));
#7919 = CARTESIAN_POINT('',(25.389553335937,-20.5388981195,0.));
#7920 = CARTESIAN_POINT('',(25.947390771831,-20.38568943626,0.));
#7921 = CARTESIAN_POINT('',(26.345247320693,-20.32262802486,0.));
#7922 = CARTESIAN_POINT('',(26.64226755585,-20.2816552365,0.));
#7923 = CARTESIAN_POINT('',(26.877563666304,-20.25175477299,0.));
#7924 = CARTESIAN_POINT('',(27.076735939319,-20.2248098305,0.));
#7925 = CARTESIAN_POINT('',(27.256918686635,-20.19702133262,0.));
#7926 = CARTESIAN_POINT('',(27.429288758815,-20.16568274725,0.));
#7927 = CARTESIAN_POINT('',(27.601110245929,-20.12861306462,0.));
#7928 = CARTESIAN_POINT('',(27.776907843029,-20.08373491441,0.));
#7929 = CARTESIAN_POINT('',(27.9595416491,-20.02931010078,0.));
#7930 = CARTESIAN_POINT('',(28.149645900024,-19.96272362783,0.));
#7931 = CARTESIAN_POINT('',(28.350386673714,-19.88547826178,0.));
#7932 = CARTESIAN_POINT('',(28.549722258394,-19.78300083399,0.));
#7933 = CARTESIAN_POINT('',(28.78431332592,-19.71012213711,0.));
#7934 = CARTESIAN_POINT('',(28.885820138089,-19.46499089923,0.));
#7935 = CARTESIAN_POINT('',(29.134340372684,-19.36350964821,0.));
#7936 = CARTESIAN_POINT('',(29.348464034611,-19.18966444612,0.));
#7937 = CARTESIAN_POINT('',(29.574905591998,-19.01191016902,0.));
#7938 = CARTESIAN_POINT('',(29.794936512174,-18.81196043841,0.));
#7939 = CARTESIAN_POINT('',(30.010965205123,-18.59558969446,0.));
#7940 = CARTESIAN_POINT('',(30.219471677901,-18.36218726488,0.));
#7941 = CARTESIAN_POINT('',(30.418709711207,-18.11332578271,0.));
#7942 = CARTESIAN_POINT('',(30.606613757698,-17.85033714936,0.));
#7943 = CARTESIAN_POINT('',(30.781436723055,-17.57495567147,0.));
#7944 = CARTESIAN_POINT('',(30.888145872737,-17.38452678818,0.));
#7945 = CARTESIAN_POINT('',(30.938964154299,-17.28770200002,0.));
#7946 = SURFACE_OF_LINEAR_EXTRUSION('',#7947,#8007);
#7947 = B_SPLINE_CURVE_WITH_KNOTS('',3,(#7948,#7949,#7950,#7951,#7952,
    #7953,#7954,#7955,#7956,#7957,#7958,#7959,#7960,#7961,#7962,#7963,
    #7964,#7965,#7966,#7967,#7968,#7969,#7970,#7971,#7972,#7973,#7974,
    #7975,#7976,#7977,#7978,#7979,#7980,#7981,#7982,#7983,#7984,#7985,
    #7986,#7987,#7988,#7989,#7990,#7991,#7992,#7993,#7994,#7995,#7996,
    #7997,#7998,#7999,#8000,#8001,#8002,#8003,#8004,#8005,#8006),
  .UNSPECIFIED.,.F.,.F.,(4,1,1,1,1,1,1,1,1,1,1,1,1,1,1,1,1,1,1,1,1,1,1,1
    ,1,1,1,1,1,1,1,1,1,1,1,1,1,1,1,1,1,1,1,1,1,1,1,1,1,1,1,1,1,1,1,1,4),
  (0.,0.328013505293,0.654532141274,0.978073973054,1.297183287801,
    1.61044462083,1.916497973535,2.214055789897,2.501922432478,
    2.779017159017,3.044401987384,3.269623492035,3.510023310168,
    3.737105776354,3.950973242823,4.152195746167,4.341963344013,
    4.522306308509,4.696421126138,4.869164710127,5.047820617967,
    5.243309477393,5.472118985513,5.759336347265,6.143042595942,
    6.678887194379,7.495697516282,8.524531677202,9.766857061766,
    11.00918244633,12.03801660725,12.854826929153,13.39067152759,
    13.774377776267,14.061595138019,14.290404646139,14.485893505565,
    14.664549413405,14.837292997394,15.011407815023,15.191750779519,
    15.381518377365,15.582740880709,15.796608347178,16.023690813363,
    16.264090631496,16.489312136147,16.754696964515,17.031791691054,
    17.319658333634,17.617216149997,17.923269502701,18.236530835731,
    18.555640150478,18.879181982258,19.205700618239,19.533714123532),
  .UNSPECIFIED.);
#7948 = CARTESIAN_POINT('',(19.132008578399,-30.61499981124,0.));
#7949 = CARTESIAN_POINT('',(19.222001937876,-30.55288111364,0.));
#7950 = CARTESIAN_POINT('',(19.398180013552,-30.42399632838,0.));
#7951 = CARTESIAN_POINT('',(19.650481070532,-30.21725445013,0.));
#7952 = CARTESIAN_POINT('',(19.888902890679,-29.99902065889,0.));
#7953 = CARTESIAN_POINT('',(20.111934401337,-29.77123835826,0.));
#7954 = CARTESIAN_POINT('',(20.318502386372,-29.5361185784,0.));
#7955 = CARTESIAN_POINT('',(20.5072561625,-29.29558436667,0.));
#7956 = CARTESIAN_POINT('',(20.679226237781,-29.05305644289,0.));
#7957 = CARTESIAN_POINT('',(20.828389972463,-28.80683998895,0.));
#7958 = CARTESIAN_POINT('',(20.975157891933,-28.57332280606,0.));
#7959 = CARTESIAN_POINT('',(21.045943426314,-28.31438235068,0.));
#7960 = CARTESIAN_POINT('',(21.277052087313,-28.18406833182,0.));
#7961 = CARTESIAN_POINT('',(21.321122587948,-27.94240314112,0.));
#7962 = CARTESIAN_POINT('',(21.398825590271,-27.73216864833,0.));
#7963 = CARTESIAN_POINT('',(21.451311124183,-27.52358060091,0.));
#7964 = CARTESIAN_POINT('',(21.494497571466,-27.32683631161,0.));
#7965 = CARTESIAN_POINT('',(21.526511494242,-27.13897392526,0.));
#7966 = CARTESIAN_POINT('',(21.549872373452,-26.95904862733,0.));
#7967 = CARTESIAN_POINT('',(21.565960984713,-26.78401165583,0.));
#7968 = CARTESIAN_POINT('',(21.576294160226,-26.6091209065,0.));
#7969 = CARTESIAN_POINT('',(21.582161418472,-26.426902361,0.));
#7970 = CARTESIAN_POINT('',(21.584902337411,-26.22593442419,0.));
#7971 = CARTESIAN_POINT('',(21.586222980845,-25.98874978469,0.));
#7972 = CARTESIAN_POINT('',(21.591095198331,-25.68895643757,0.));
#7973 = CARTESIAN_POINT('',(21.605740513426,-25.28639949771,0.));
#7974 = CARTESIAN_POINT('',(21.690592260219,-24.71416205874,0.));
#7975 = CARTESIAN_POINT('',(21.7181099249,-23.91213340273,0.));
#7976 = CARTESIAN_POINT('',(22.156716043456,-22.96009176074,0.));
#7977 = CARTESIAN_POINT('',(22.806780509398,-21.9768898095,0.));
#7978 = CARTESIAN_POINT('',(23.70445719875,-21.2130531462,0.));
#7979 = CARTESIAN_POINT('',(24.596689259789,-20.66288902109,0.));
#7980 = CARTESIAN_POINT('',(25.389553335937,-20.5388981195,0.));
#7981 = CARTESIAN_POINT('',(25.947390771831,-20.38568943626,0.));
#7982 = CARTESIAN_POINT('',(26.345247320693,-20.32262802486,0.));
#7983 = CARTESIAN_POINT('',(26.64226755585,-20.2816552365,0.));
#7984 = CARTESIAN_POINT('',(26.877563666304,-20.25175477299,0.));
#7985 = CARTESIAN_POINT('',(27.076735939319,-20.2248098305,0.));
#7986 = CARTESIAN_POINT('',(27.256918686635,-20.19702133262,0.));
#7987 = CARTESIAN_POINT('',(27.429288758815,-20.16568274725,0.));
#7988 = CARTESIAN_POINT('',(27.601110245929,-20.12861306462,0.));
#7989 = CARTESIAN_POINT('',(27.776907843029,-20.08373491441,0.));
#7990 = CARTESIAN_POINT('',(27.9595416491,-20.02931010078,0.));
#7991 = CARTESIAN_POINT('',(28.149645900024,-19.96272362783,0.));
#7992 = CARTESIAN_POINT('',(28.350386673714,-19.88547826178,0.));
#7993 = CARTESIAN_POINT('',(28.549722258394,-19.78300083399,0.));
#7994 = CARTESIAN_POINT('',(28.78431332592,-19.71012213711,0.));
#7995 = CARTESIAN_POINT('',(28.885820138089,-19.46499089923,0.));
#7996 = CARTESIAN_POINT('',(29.134340372684,-19.36350964821,0.));
#7997 = CARTESIAN_POINT('',(29.348464034611,-19.18966444612,0.));
#7998 = CARTESIAN_POINT('',(29.574905591998,-19.01191016902,0.));
#7999 = CARTESIAN_POINT('',(29.794936512174,-18.81196043841,0.));
#8000 = CARTESIAN_POINT('',(30.010965205123,-18.59558969446,0.));
#8001 = CARTESIAN_POINT('',(30.219471677901,-18.36218726488,0.));
#8002 = CARTESIAN_POINT('',(30.418709711207,-18.11332578271,0.));
#8003 = CARTESIAN_POINT('',(30.606613757698,-17.85033714936,0.));
#8004 = CARTESIAN_POINT('',(30.781436723055,-17.57495567147,0.));
#8005 = CARTESIAN_POINT('',(30.888145872737,-17.38452678818,0.));
#8006 = CARTESIAN_POINT('',(30.938964154299,-17.28770200002,0.));
#8007 = VECTOR('',#8008,1.);
#8008 = DIRECTION('',(-0.,-0.,-1.));
#8009 = ADVANCED_FACE('',(#8010),#8147,.F.);
#8010 = FACE_BOUND('',#8011,.F.);
#8011 = EDGE_LOOP('',(#8012,#8013,#8077,#8085));
#8012 = ORIENTED_EDGE('',*,*,#7877,.T.);
#8013 = ORIENTED_EDGE('',*,*,#8014,.T.);
#8014 = EDGE_CURVE('',#7814,#8015,#8017,.T.);
#8015 = VERTEX_POINT('',#8016);
#8016 = CARTESIAN_POINT('',(35.2,-1.665334536938E-14,5.));
#8017 = B_SPLINE_CURVE_WITH_KNOTS('',3,(#8018,#8019,#8020,#8021,#8022,
    #8023,#8024,#8025,#8026,#8027,#8028,#8029,#8030,#8031,#8032,#8033,
    #8034,#8035,#8036,#8037,#8038,#8039,#8040,#8041,#8042,#8043,#8044,
    #8045,#8046,#8047,#8048,#8049,#8050,#8051,#8052,#8053,#8054,#8055,
    #8056,#8057,#8058,#8059,#8060,#8061,#8062,#8063,#8064,#8065,#8066,
    #8067,#8068,#8069,#8070,#8071,#8072,#8073,#8074,#8075,#8076),
  .UNSPECIFIED.,.F.,.F.,(4,1,1,1,1,1,1,1,1,1,1,1,1,1,1,1,1,1,1,1,1,1,1,1
    ,1,1,1,1,1,1,1,1,1,1,1,1,1,1,1,1,1,1,1,1,1,1,1,1,1,1,1,1,1,1,1,1,4),
  (0.,0.328013505293,0.654532141274,0.978073973054,1.297183287801,
    1.61044462083,1.916497973535,2.214055789897,2.501922432478,
    2.779017159017,3.044401987384,3.269623492035,3.510023310168,
    3.737105776354,3.950973242823,4.152195746167,4.341963344013,
    4.522306308509,4.696421126138,4.869164710127,5.047820617967,
    5.243309477393,5.472118985513,5.759336347265,6.143042595942,
    6.678887194379,7.495697516282,8.524531677202,9.766857061766,
    11.00918244633,12.03801660725,12.854826929153,13.39067152759,
    13.774377776267,14.061595138019,14.290404646139,14.485893505565,
    14.664549413405,14.837292997394,15.011407815023,15.191750779519,
    15.381518377365,15.582740880709,15.796608347178,16.023690813363,
    16.264090631496,16.489312136147,16.754696964515,17.031791691054,
    17.319658333634,17.617216149997,17.923269502701,18.236530835731,
    18.555640150478,18.879181982258,19.205700618239,19.533714123532),
  .UNSPECIFIED.);
#8018 = CARTESIAN_POINT('',(30.938964154299,-17.28770200002,5.));
#8019 = CARTESIAN_POINT('',(30.989781318523,-17.19087662545,5.));
#8020 = CARTESIAN_POINT('',(31.085883510988,-16.99488078155,5.));
#8021 = CARTESIAN_POINT('',(31.213207260712,-16.69456979219,5.));
#8022 = CARTESIAN_POINT('',(31.322900998297,-16.39053322219,5.));
#8023 = CARTESIAN_POINT('',(31.414529880037,-16.08519410047,5.));
#8024 = CARTESIAN_POINT('',(31.488171137188,-15.78100894539,5.));
#8025 = CARTESIAN_POINT('',(31.543522483765,-15.48030822466,5.));
#8026 = CARTESIAN_POINT('',(31.583086077105,-15.18564193428,5.));
#8027 = CARTESIAN_POINT('',(31.600741513302,-14.89830824759,5.));
#8028 = CARTESIAN_POINT('',(31.622177206011,-14.62333259781,5.));
#8029 = CARTESIAN_POINT('',(31.564519054162,-14.36115653324,5.));
#8030 = CARTESIAN_POINT('',(31.708595666418,-14.13836764998,5.));
#8031 = CARTESIAN_POINT('',(31.635310742763,-13.90390316784,5.));
#8032 = CARTESIAN_POINT('',(31.606412494023,-13.68163938369,5.));
#8033 = CARTESIAN_POINT('',(31.555950427235,-13.47255259641,5.));
#8034 = CARTESIAN_POINT('',(31.502758497005,-13.27827443717,5.));
#8035 = CARTESIAN_POINT('',(31.443801413737,-13.09705294344,5.));
#8036 = CARTESIAN_POINT('',(31.380870989814,-12.92688066233,5.));
#8037 = CARTESIAN_POINT('',(31.313773010979,-12.76441637074,5.));
#8038 = CARTESIAN_POINT('',(31.241646799713,-12.60475623682,5.));
#8039 = CARTESIAN_POINT('',(31.162160818409,-12.44068307685,5.));
#8040 = CARTESIAN_POINT('',(31.071193324525,-12.2614610377,5.));
#8041 = CARTESIAN_POINT('',(30.962137498184,-12.05083073585,5.));
#8042 = CARTESIAN_POINT('',(30.827130717285,-11.78311267783,5.));
#8043 = CARTESIAN_POINT('',(30.653020961765,-11.41986019248,5.));
#8044 = CARTESIAN_POINT('',(30.462221454445,-10.87373653111,5.));
#8045 = CARTESIAN_POINT('',(30.11386583536,-10.15078732849,5.));
#8046 = CARTESIAN_POINT('',(30.059796454143,-9.10396589323,5.));
#8047 = CARTESIAN_POINT('',(30.178483223033,-7.931283780424,5.));
#8048 = CARTESIAN_POINT('',(30.618363859617,-6.837768845745,5.));
#8049 = CARTESIAN_POINT('',(31.152722096977,-5.935981792459,5.));
#8050 = CARTESIAN_POINT('',(31.797146925636,-5.457730993054,5.));
#8051 = CARTESIAN_POINT('',(32.219887819324,-5.062831458607,5.));
#8052 = CARTESIAN_POINT('',(32.542866198719,-4.822100194489,5.));
#8053 = CARTESIAN_POINT('',(32.786823551507,-4.647788406306,5.));
#8054 = CARTESIAN_POINT('',(32.981272472074,-4.511965305902,5.));
#8055 = CARTESIAN_POINT('',(33.14510882221,-4.39554677371,5.));
#8056 = CARTESIAN_POINT('',(33.291738762658,-4.287206182935,5.));
#8057 = CARTESIAN_POINT('',(33.429801114916,-4.179352876983,5.));
#8058 = CARTESIAN_POINT('',(33.564714345515,-4.066679876605,5.));
#8059 = CARTESIAN_POINT('',(33.699519470844,-3.945245031125,5.));
#8060 = CARTESIAN_POINT('',(33.835941202889,-3.812180090271,5.));
#8061 = CARTESIAN_POINT('',(33.973325880448,-3.664874846062,5.));
#8062 = CARTESIAN_POINT('',(34.115175296568,-3.503188582129,5.));
#8063 = CARTESIAN_POINT('',(34.244054555848,-3.319813460989,5.));
#8064 = CARTESIAN_POINT('',(34.417906210961,-3.146262674655,5.));
#8065 = CARTESIAN_POINT('',(34.393867863006,-2.882037175264,5.));
#8066 = CARTESIAN_POINT('',(34.566760913351,-2.676686878326,5.));
#8067 = CARTESIAN_POINT('',(34.675568106276,-2.423246369216,5.));
#8068 = CARTESIAN_POINT('',(34.793465616226,-2.160620134645,5.));
#8069 = CARTESIAN_POINT('',(34.895372047267,-1.881319973675,5.));
#8070 = CARTESIAN_POINT('',(34.986103456686,-1.589339655228,5.));
#8071 = CARTESIAN_POINT('',(35.062259251959,-1.285774278137,5.));
#8072 = CARTESIAN_POINT('',(35.123024071696,-0.972827848366,5.));
#8073 = CARTESIAN_POINT('',(35.167187930001,-0.652639613759,5.));
#8074 = CARTESIAN_POINT('',(35.194009824176,-0.327557141807,5.));
#8075 = CARTESIAN_POINT('',(35.19999936906,-0.109350525109,5.));
#8076 = CARTESIAN_POINT('',(35.2,-1.665334536938E-14,5.));
#8077 = ORIENTED_EDGE('',*,*,#8078,.F.);
#8078 = EDGE_CURVE('',#8079,#8015,#8081,.T.);
#8079 = VERTEX_POINT('',#8080);
#8080 = CARTESIAN_POINT('',(35.2,-1.665334536938E-14,0.));
#8081 = LINE('',#8082,#8083);
#8082 = CARTESIAN_POINT('',(35.2,-1.665334536938E-14,0.));
#8083 = VECTOR('',#8084,1.);
#8084 = DIRECTION('',(0.,0.,1.));
#8085 = ORIENTED_EDGE('',*,*,#8086,.F.);
#8086 = EDGE_CURVE('',#7878,#8079,#8087,.T.);
#8087 = B_SPLINE_CURVE_WITH_KNOTS('',3,(#8088,#8089,#8090,#8091,#8092,
    #8093,#8094,#8095,#8096,#8097,#8098,#8099,#8100,#8101,#8102,#8103,
    #8104,#8105,#8106,#8107,#8108,#8109,#8110,#8111,#8112,#8113,#8114,
    #8115,#8116,#8117,#8118,#8119,#8120,#8121,#8122,#8123,#8124,#8125,
    #8126,#8127,#8128,#8129,#8130,#8131,#8132,#8133,#8134,#8135,#8136,
    #8137,#8138,#8139,#8140,#8141,#8142,#8143,#8144,#8145,#8146),
  .UNSPECIFIED.,.F.,.F.,(4,1,1,1,1,1,1,1,1,1,1,1,1,1,1,1,1,1,1,1,1,1,1,1
    ,1,1,1,1,1,1,1,1,1,1,1,1,1,1,1,1,1,1,1,1,1,1,1,1,1,1,1,1,1,1,1,1,4),
  (0.,0.328013505293,0.654532141274,0.978073973054,1.297183287801,
    1.61044462083,1.916497973535,2.214055789897,2.501922432478,
    2.779017159017,3.044401987384,3.269623492035,3.510023310168,
    3.737105776354,3.950973242823,4.152195746167,4.341963344013,
    4.522306308509,4.696421126138,4.869164710127,5.047820617967,
    5.243309477393,5.472118985513,5.759336347265,6.143042595942,
    6.678887194379,7.495697516282,8.524531677202,9.766857061766,
    11.00918244633,12.03801660725,12.854826929153,13.39067152759,
    13.774377776267,14.061595138019,14.290404646139,14.485893505565,
    14.664549413405,14.837292997394,15.011407815023,15.191750779519,
    15.381518377365,15.582740880709,15.796608347178,16.023690813363,
    16.264090631496,16.489312136147,16.754696964515,17.031791691054,
    17.319658333634,17.617216149997,17.923269502701,18.236530835731,
    18.555640150478,18.879181982258,19.205700618239,19.533714123532),
  .UNSPECIFIED.);
#8088 = CARTESIAN_POINT('',(30.938964154299,-17.28770200002,0.));
#8089 = CARTESIAN_POINT('',(30.989781318523,-17.19087662545,0.));
#8090 = CARTESIAN_POINT('',(31.085883510988,-16.99488078155,0.));
#8091 = CARTESIAN_POINT('',(31.213207260712,-16.69456979219,0.));
#8092 = CARTESIAN_POINT('',(31.322900998297,-16.39053322219,0.));
#8093 = CARTESIAN_POINT('',(31.414529880037,-16.08519410047,0.));
#8094 = CARTESIAN_POINT('',(31.488171137188,-15.78100894539,0.));
#8095 = CARTESIAN_POINT('',(31.543522483765,-15.48030822466,0.));
#8096 = CARTESIAN_POINT('',(31.583086077105,-15.18564193428,0.));
#8097 = CARTESIAN_POINT('',(31.600741513302,-14.89830824759,0.));
#8098 = CARTESIAN_POINT('',(31.622177206011,-14.62333259781,0.));
#8099 = CARTESIAN_POINT('',(31.564519054162,-14.36115653324,0.));
#8100 = CARTESIAN_POINT('',(31.708595666418,-14.13836764998,0.));
#8101 = CARTESIAN_POINT('',(31.635310742763,-13.90390316784,0.));
#8102 = CARTESIAN_POINT('',(31.606412494023,-13.68163938369,0.));
#8103 = CARTESIAN_POINT('',(31.555950427235,-13.47255259641,0.));
#8104 = CARTESIAN_POINT('',(31.502758497005,-13.27827443717,0.));
#8105 = CARTESIAN_POINT('',(31.443801413737,-13.09705294344,0.));
#8106 = CARTESIAN_POINT('',(31.380870989814,-12.92688066233,0.));
#8107 = CARTESIAN_POINT('',(31.313773010979,-12.76441637074,0.));
#8108 = CARTESIAN_POINT('',(31.241646799713,-12.60475623682,0.));
#8109 = CARTESIAN_POINT('',(31.162160818409,-12.44068307685,0.));
#8110 = CARTESIAN_POINT('',(31.071193324525,-12.2614610377,0.));
#8111 = CARTESIAN_POINT('',(30.962137498184,-12.05083073585,0.));
#8112 = CARTESIAN_POINT('',(30.827130717285,-11.78311267783,0.));
#8113 = CARTESIAN_POINT('',(30.653020961765,-11.41986019248,0.));
#8114 = CARTESIAN_POINT('',(30.462221454445,-10.87373653111,0.));
#8115 = CARTESIAN_POINT('',(30.11386583536,-10.15078732849,0.));
#8116 = CARTESIAN_POINT('',(30.059796454143,-9.10396589323,0.));
#8117 = CARTESIAN_POINT('',(30.178483223033,-7.931283780424,0.));
#8118 = CARTESIAN_POINT('',(30.618363859617,-6.837768845745,0.));
#8119 = CARTESIAN_POINT('',(31.152722096977,-5.935981792459,0.));
#8120 = CARTESIAN_POINT('',(31.797146925636,-5.457730993054,0.));
#8121 = CARTESIAN_POINT('',(32.219887819324,-5.062831458607,0.));
#8122 = CARTESIAN_POINT('',(32.542866198719,-4.822100194489,0.));
#8123 = CARTESIAN_POINT('',(32.786823551507,-4.647788406306,0.));
#8124 = CARTESIAN_POINT('',(32.981272472074,-4.511965305902,0.));
#8125 = CARTESIAN_POINT('',(33.14510882221,-4.39554677371,0.));
#8126 = CARTESIAN_POINT('',(33.291738762658,-4.287206182935,0.));
#8127 = CARTESIAN_POINT('',(33.429801114916,-4.179352876983,0.));
#8128 = CARTESIAN_POINT('',(33.564714345515,-4.066679876605,0.));
#8129 = CARTESIAN_POINT('',(33.699519470844,-3.945245031125,0.));
#8130 = CARTESIAN_POINT('',(33.835941202889,-3.812180090271,0.));
#8131 = CARTESIAN_POINT('',(33.973325880448,-3.664874846062,0.));
#8132 = CARTESIAN_POINT('',(34.115175296568,-3.503188582129,0.));
#8133 = CARTESIAN_POINT('',(34.244054555848,-3.319813460989,0.));
#8134 = CARTESIAN_POINT('',(34.417906210961,-3.146262674655,0.));
#8135 = CARTESIAN_POINT('',(34.393867863006,-2.882037175264,0.));
#8136 = CARTESIAN_POINT('',(34.566760913351,-2.676686878326,0.));
#8137 = CARTESIAN_POINT('',(34.675568106276,-2.423246369216,0.));
#8138 = CARTESIAN_POINT('',(34.793465616226,-2.160620134645,0.));
#8139 = CARTESIAN_POINT('',(34.895372047267,-1.881319973675,0.));
#8140 = CARTESIAN_POINT('',(34.986103456686,-1.589339655228,0.));
#8141 = CARTESIAN_POINT('',(35.062259251959,-1.285774278137,0.));
#8142 = CARTESIAN_POINT('',(35.123024071696,-0.972827848366,0.));
#8143 = CARTESIAN_POINT('',(35.167187930001,-0.652639613759,0.));
#8144 = CARTESIAN_POINT('',(35.194009824176,-0.327557141807,0.));
#8145 = CARTESIAN_POINT('',(35.19999936906,-0.109350525109,0.));
#8146 = CARTESIAN_POINT('',(35.2,-1.665334536938E-14,0.));
#8147 = SURFACE_OF_LINEAR_EXTRUSION('',#8148,#8208);
#8148 = B_SPLINE_CURVE_WITH_KNOTS('',3,(#8149,#8150,#8151,#8152,#8153,
    #8154,#8155,#8156,#8157,#8158,#8159,#8160,#8161,#8162,#8163,#8164,
    #8165,#8166,#8167,#8168,#8169,#8170,#8171,#8172,#8173,#8174,#8175,
    #8176,#8177,#8178,#8179,#8180,#8181,#8182,#8183,#8184,#8185,#8186,
    #8187,#8188,#8189,#8190,#8191,#8192,#8193,#8194,#8195,#8196,#8197,
    #8198,#8199,#8200,#8201,#8202,#8203,#8204,#8205,#8206,#8207),
  .UNSPECIFIED.,.F.,.F.,(4,1,1,1,1,1,1,1,1,1,1,1,1,1,1,1,1,1,1,1,1,1,1,1
    ,1,1,1,1,1,1,1,1,1,1,1,1,1,1,1,1,1,1,1,1,1,1,1,1,1,1,1,1,1,1,1,1,4),
  (0.,0.328013505293,0.654532141274,0.978073973054,1.297183287801,
    1.61044462083,1.916497973535,2.214055789897,2.501922432478,
    2.779017159017,3.044401987384,3.269623492035,3.510023310168,
    3.737105776354,3.950973242823,4.152195746167,4.341963344013,
    4.522306308509,4.696421126138,4.869164710127,5.047820617967,
    5.243309477393,5.472118985513,5.759336347265,6.143042595942,
    6.678887194379,7.495697516282,8.524531677202,9.766857061766,
    11.00918244633,12.03801660725,12.854826929153,13.39067152759,
    13.774377776267,14.061595138019,14.290404646139,14.485893505565,
    14.664549413405,14.837292997394,15.011407815023,15.191750779519,
    15.381518377365,15.582740880709,15.796608347178,16.023690813363,
    16.264090631496,16.489312136147,16.754696964515,17.031791691054,
    17.319658333634,17.617216149997,17.923269502701,18.236530835731,
    18.555640150478,18.879181982258,19.205700618239,19.533714123532),
  .UNSPECIFIED.);
#8149 = CARTESIAN_POINT('',(30.938964154299,-17.28770200002,0.));
#8150 = CARTESIAN_POINT('',(30.989781318523,-17.19087662545,0.));
#8151 = CARTESIAN_POINT('',(31.085883510988,-16.99488078155,0.));
#8152 = CARTESIAN_POINT('',(31.213207260712,-16.69456979219,0.));
#8153 = CARTESIAN_POINT('',(31.322900998297,-16.39053322219,0.));
#8154 = CARTESIAN_POINT('',(31.414529880037,-16.08519410047,0.));
#8155 = CARTESIAN_POINT('',(31.488171137188,-15.78100894539,0.));
#8156 = CARTESIAN_POINT('',(31.543522483765,-15.48030822466,0.));
#8157 = CARTESIAN_POINT('',(31.583086077105,-15.18564193428,0.));
#8158 = CARTESIAN_POINT('',(31.600741513302,-14.89830824759,0.));
#8159 = CARTESIAN_POINT('',(31.622177206011,-14.62333259781,0.));
#8160 = CARTESIAN_POINT('',(31.564519054162,-14.36115653324,0.));
#8161 = CARTESIAN_POINT('',(31.708595666418,-14.13836764998,0.));
#8162 = CARTESIAN_POINT('',(31.635310742763,-13.90390316784,0.));
#8163 = CARTESIAN_POINT('',(31.606412494023,-13.68163938369,0.));
#8164 = CARTESIAN_POINT('',(31.555950427235,-13.47255259641,0.));
#8165 = CARTESIAN_POINT('',(31.502758497005,-13.27827443717,0.));
#8166 = CARTESIAN_POINT('',(31.443801413737,-13.09705294344,0.));
#8167 = CARTESIAN_POINT('',(31.380870989814,-12.92688066233,0.));
#8168 = CARTESIAN_POINT('',(31.313773010979,-12.76441637074,0.));
#8169 = CARTESIAN_POINT('',(31.241646799713,-12.60475623682,0.));
#8170 = CARTESIAN_POINT('',(31.162160818409,-12.44068307685,0.));
#8171 = CARTESIAN_POINT('',(31.071193324525,-12.2614610377,0.));
#8172 = CARTESIAN_POINT('',(30.962137498184,-12.05083073585,0.));
#8173 = CARTESIAN_POINT('',(30.827130717285,-11.78311267783,0.));
#8174 = CARTESIAN_POINT('',(30.653020961765,-11.41986019248,0.));
#8175 = CARTESIAN_POINT('',(30.462221454445,-10.87373653111,0.));
#8176 = CARTESIAN_POINT('',(30.11386583536,-10.15078732849,0.));
#8177 = CARTESIAN_POINT('',(30.059796454143,-9.10396589323,0.));
#8178 = CARTESIAN_POINT('',(30.178483223033,-7.931283780424,0.));
#8179 = CARTESIAN_POINT('',(30.618363859617,-6.837768845745,0.));
#8180 = CARTESIAN_POINT('',(31.152722096977,-5.935981792459,0.));
#8181 = CARTESIAN_POINT('',(31.797146925636,-5.457730993054,0.));
#8182 = CARTESIAN_POINT('',(32.219887819324,-5.062831458607,0.));
#8183 = CARTESIAN_POINT('',(32.542866198719,-4.822100194489,0.));
#8184 = CARTESIAN_POINT('',(32.786823551507,-4.647788406306,0.));
#8185 = CARTESIAN_POINT('',(32.981272472074,-4.511965305902,0.));
#8186 = CARTESIAN_POINT('',(33.14510882221,-4.39554677371,0.));
#8187 = CARTESIAN_POINT('',(33.291738762658,-4.287206182935,0.));
#8188 = CARTESIAN_POINT('',(33.429801114916,-4.179352876983,0.));
#8189 = CARTESIAN_POINT('',(33.564714345515,-4.066679876605,0.));
#8190 = CARTESIAN_POINT('',(33.699519470844,-3.945245031125,0.));
#8191 = CARTESIAN_POINT('',(33.835941202889,-3.812180090271,0.));
#8192 = CARTESIAN_POINT('',(33.973325880448,-3.664874846062,0.));
#8193 = CARTESIAN_POINT('',(34.115175296568,-3.503188582129,0.));
#8194 = CARTESIAN_POINT('',(34.244054555848,-3.319813460989,0.));
#8195 = CARTESIAN_POINT('',(34.417906210961,-3.146262674655,0.));
#8196 = CARTESIAN_POINT('',(34.393867863006,-2.882037175264,0.));
#8197 = CARTESIAN_POINT('',(34.566760913351,-2.676686878326,0.));
#8198 = CARTESIAN_POINT('',(34.675568106276,-2.423246369216,0.));
#8199 = CARTESIAN_POINT('',(34.793465616226,-2.160620134645,0.));
#8200 = CARTESIAN_POINT('',(34.895372047267,-1.881319973675,0.));
#8201 = CARTESIAN_POINT('',(34.986103456686,-1.589339655228,0.));
#8202 = CARTESIAN_POINT('',(35.062259251959,-1.285774278137,0.));
#8203 = CARTESIAN_POINT('',(35.123024071696,-0.972827848366,0.));
#8204 = CARTESIAN_POINT('',(35.167187930001,-0.652639613759,0.));
#8205 = CARTESIAN_POINT('',(35.194009824176,-0.327557141807,0.));
#8206 = CARTESIAN_POINT('',(35.19999936906,-0.109350525109,0.));
#8207 = CARTESIAN_POINT('',(35.2,-1.665334536938E-14,0.));
#8208 = VECTOR('',#8209,1.);
#8209 = DIRECTION('',(-0.,-0.,-1.));
#8210 = ADVANCED_FACE('',(#8211),#8339,.F.);
#8211 = FACE_BOUND('',#8212,.F.);
#8212 = EDGE_LOOP('',(#8213,#8214,#8276,#8277));
#8213 = ORIENTED_EDGE('',*,*,#8078,.T.);
#8214 = ORIENTED_EDGE('',*,*,#8215,.T.);
#8215 = EDGE_CURVE('',#8015,#5796,#8216,.T.);
#8216 = B_SPLINE_CURVE_WITH_KNOTS('',3,(#8217,#8218,#8219,#8220,#8221,
    #8222,#8223,#8224,#8225,#8226,#8227,#8228,#8229,#8230,#8231,#8232,
    #8233,#8234,#8235,#8236,#8237,#8238,#8239,#8240,#8241,#8242,#8243,
    #8244,#8245,#8246,#8247,#8248,#8249,#8250,#8251,#8252,#8253,#8254,
    #8255,#8256,#8257,#8258,#8259,#8260,#8261,#8262,#8263,#8264,#8265,
    #8266,#8267,#8268,#8269,#8270,#8271,#8272,#8273,#8274,#8275),
  .UNSPECIFIED.,.F.,.F.,(4,1,1,1,1,1,1,1,1,1,1,1,1,1,1,1,1,1,1,1,1,1,1,1
    ,1,1,1,1,1,1,1,1,1,1,1,1,1,1,1,1,1,1,1,1,1,1,1,1,1,1,1,1,1,1,1,1,4),
  (0.,0.328013505293,0.654532141274,0.978073973054,1.297183287801,
    1.61044462083,1.916497973535,2.214055789897,2.501922432478,
    2.779017159017,3.044401987384,3.269623492035,3.510023310168,
    3.737105776354,3.950973242823,4.152195746167,4.341963344013,
    4.522306308509,4.696421126138,4.869164710127,5.047820617967,
    5.243309477393,5.472118985513,5.759336347265,6.143042595942,
    6.678887194379,7.495697516282,8.524531677202,9.766857061766,
    11.00918244633,12.03801660725,12.854826929153,13.39067152759,
    13.774377776267,14.061595138019,14.290404646139,14.485893505565,
    14.664549413405,14.837292997394,15.011407815023,15.191750779519,
    15.381518377365,15.582740880709,15.796608347178,16.023690813363,
    16.264090631496,16.489312136147,16.754696964515,17.031791691054,
    17.319658333634,17.617216149997,17.923269502701,18.236530835731,
    18.555640150478,18.879181982258,19.205700618239,19.533714123532),
  .UNSPECIFIED.);
#8217 = CARTESIAN_POINT('',(35.2,-1.665334536938E-14,5.));
#8218 = CARTESIAN_POINT('',(35.19999936906,0.109350525109,5.));
#8219 = CARTESIAN_POINT('',(35.194009824176,0.327557141807,5.));
#8220 = CARTESIAN_POINT('',(35.167187930001,0.652639613759,5.));
#8221 = CARTESIAN_POINT('',(35.123024071696,0.972827848366,5.));
#8222 = CARTESIAN_POINT('',(35.062259251959,1.285774278137,5.));
#8223 = CARTESIAN_POINT('',(34.986103456686,1.589339655228,5.));
#8224 = CARTESIAN_POINT('',(34.895372047267,1.881319973675,5.));
#8225 = CARTESIAN_POINT('',(34.793465616226,2.160620134645,5.));
#8226 = CARTESIAN_POINT('',(34.675568106276,2.423246369216,5.));
#8227 = CARTESIAN_POINT('',(34.566760913351,2.676686878326,5.));
#8228 = CARTESIAN_POINT('',(34.393867863006,2.882037175264,5.));
#8229 = CARTESIAN_POINT('',(34.417906210961,3.146262674655,5.));
#8230 = CARTESIAN_POINT('',(34.244054555848,3.319813460989,5.));
#8231 = CARTESIAN_POINT('',(34.115175296568,3.503188582129,5.));
#8232 = CARTESIAN_POINT('',(33.973325880448,3.664874846062,5.));
#8233 = CARTESIAN_POINT('',(33.835941202889,3.812180090271,5.));
#8234 = CARTESIAN_POINT('',(33.699519470844,3.945245031125,5.));
#8235 = CARTESIAN_POINT('',(33.564714345515,4.066679876605,5.));
#8236 = CARTESIAN_POINT('',(33.429801114916,4.179352876983,5.));
#8237 = CARTESIAN_POINT('',(33.291738762658,4.287206182935,5.));
#8238 = CARTESIAN_POINT('',(33.14510882221,4.39554677371,5.));
#8239 = CARTESIAN_POINT('',(32.981272472074,4.511965305902,5.));
#8240 = CARTESIAN_POINT('',(32.786823551507,4.647788406306,5.));
#8241 = CARTESIAN_POINT('',(32.542866198719,4.822100194489,5.));
#8242 = CARTESIAN_POINT('',(32.219887819324,5.062831458607,5.));
#8243 = CARTESIAN_POINT('',(31.797146925636,5.457730993054,5.));
#8244 = CARTESIAN_POINT('',(31.152722096977,5.935981792459,5.));
#8245 = CARTESIAN_POINT('',(30.618363859617,6.837768845745,5.));
#8246 = CARTESIAN_POINT('',(30.178483223034,7.931283780424,5.));
#8247 = CARTESIAN_POINT('',(30.059796454143,9.10396589323,5.));
#8248 = CARTESIAN_POINT('',(30.11386583536,10.150787328492,5.));
#8249 = CARTESIAN_POINT('',(30.462221454445,10.873736531117,5.));
#8250 = CARTESIAN_POINT('',(30.653020961765,11.419860192488,5.));
#8251 = CARTESIAN_POINT('',(30.827130717285,11.783112677838,5.));
#8252 = CARTESIAN_POINT('',(30.962137498184,12.050830735858,5.));
#8253 = CARTESIAN_POINT('',(31.071193324525,12.261461037701,5.));
#8254 = CARTESIAN_POINT('',(31.162160818409,12.440683076859,5.));
#8255 = CARTESIAN_POINT('',(31.241646799713,12.604756236825,5.));
#8256 = CARTESIAN_POINT('',(31.313773010979,12.764416370748,5.));
#8257 = CARTESIAN_POINT('',(31.380870989814,12.926880662335,5.));
#8258 = CARTESIAN_POINT('',(31.443801413737,13.097052943441,5.));
#8259 = CARTESIAN_POINT('',(31.502758497005,13.278274437175,5.));
#8260 = CARTESIAN_POINT('',(31.555950427235,13.472552596416,5.));
#8261 = CARTESIAN_POINT('',(31.606412494023,13.681639383693,5.));
#8262 = CARTESIAN_POINT('',(31.635310742763,13.903903167843,5.));
#8263 = CARTESIAN_POINT('',(31.708595666418,14.138367649989,5.));
#8264 = CARTESIAN_POINT('',(31.564519054162,14.361156533244,5.));
#8265 = CARTESIAN_POINT('',(31.622177206011,14.623332597818,5.));
#8266 = CARTESIAN_POINT('',(31.600741513302,14.898308247591,5.));
#8267 = CARTESIAN_POINT('',(31.583086077105,15.185641934287,5.));
#8268 = CARTESIAN_POINT('',(31.543522483765,15.480308224669,5.));
#8269 = CARTESIAN_POINT('',(31.488171137188,15.781008945398,5.));
#8270 = CARTESIAN_POINT('',(31.414529880037,16.085194100473,5.));
#8271 = CARTESIAN_POINT('',(31.322900998297,16.390533222197,5.));
#8272 = CARTESIAN_POINT('',(31.213207260712,16.694569792195,5.));
#8273 = CARTESIAN_POINT('',(31.085883510988,16.994880781559,5.));
#8274 = CARTESIAN_POINT('',(30.989781318523,17.19087662545,5.));
#8275 = CARTESIAN_POINT('',(30.938964154299,17.287702000028,5.));
#8276 = ORIENTED_EDGE('',*,*,#5793,.F.);
#8277 = ORIENTED_EDGE('',*,*,#8278,.F.);
#8278 = EDGE_CURVE('',#8079,#5794,#8279,.T.);
#8279 = B_SPLINE_CURVE_WITH_KNOTS('',3,(#8280,#8281,#8282,#8283,#8284,
    #8285,#8286,#8287,#8288,#8289,#8290,#8291,#8292,#8293,#8294,#8295,
    #8296,#8297,#8298,#8299,#8300,#8301,#8302,#8303,#8304,#8305,#8306,
    #8307,#8308,#8309,#8310,#8311,#8312,#8313,#8314,#8315,#8316,#8317,
    #8318,#8319,#8320,#8321,#8322,#8323,#8324,#8325,#8326,#8327,#8328,
    #8329,#8330,#8331,#8332,#8333,#8334,#8335,#8336,#8337,#8338),
  .UNSPECIFIED.,.F.,.F.,(4,1,1,1,1,1,1,1,1,1,1,1,1,1,1,1,1,1,1,1,1,1,1,1
    ,1,1,1,1,1,1,1,1,1,1,1,1,1,1,1,1,1,1,1,1,1,1,1,1,1,1,1,1,1,1,1,1,4),
  (0.,0.328013505293,0.654532141274,0.978073973054,1.297183287801,
    1.61044462083,1.916497973535,2.214055789897,2.501922432478,
    2.779017159017,3.044401987384,3.269623492035,3.510023310168,
    3.737105776354,3.950973242823,4.152195746167,4.341963344013,
    4.522306308509,4.696421126138,4.869164710127,5.047820617967,
    5.243309477393,5.472118985513,5.759336347265,6.143042595942,
    6.678887194379,7.495697516282,8.524531677202,9.766857061766,
    11.00918244633,12.03801660725,12.854826929153,13.39067152759,
    13.774377776267,14.061595138019,14.290404646139,14.485893505565,
    14.664549413405,14.837292997394,15.011407815023,15.191750779519,
    15.381518377365,15.582740880709,15.796608347178,16.023690813363,
    16.264090631496,16.489312136147,16.754696964515,17.031791691054,
    17.319658333634,17.617216149997,17.923269502701,18.236530835731,
    18.555640150478,18.879181982258,19.205700618239,19.533714123532),
  .UNSPECIFIED.);
#8280 = CARTESIAN_POINT('',(35.2,-1.665334536938E-14,0.));
#8281 = CARTESIAN_POINT('',(35.19999936906,0.109350525109,0.));
#8282 = CARTESIAN_POINT('',(35.194009824176,0.327557141807,0.));
#8283 = CARTESIAN_POINT('',(35.167187930001,0.652639613759,0.));
#8284 = CARTESIAN_POINT('',(35.123024071696,0.972827848366,0.));
#8285 = CARTESIAN_POINT('',(35.062259251959,1.285774278137,0.));
#8286 = CARTESIAN_POINT('',(34.986103456686,1.589339655228,0.));
#8287 = CARTESIAN_POINT('',(34.895372047267,1.881319973675,0.));
#8288 = CARTESIAN_POINT('',(34.793465616226,2.160620134645,0.));
#8289 = CARTESIAN_POINT('',(34.675568106276,2.423246369216,0.));
#8290 = CARTESIAN_POINT('',(34.566760913351,2.676686878326,0.));
#8291 = CARTESIAN_POINT('',(34.393867863006,2.882037175264,0.));
#8292 = CARTESIAN_POINT('',(34.417906210961,3.146262674655,0.));
#8293 = CARTESIAN_POINT('',(34.244054555848,3.319813460989,0.));
#8294 = CARTESIAN_POINT('',(34.115175296568,3.503188582129,0.));
#8295 = CARTESIAN_POINT('',(33.973325880448,3.664874846062,0.));
#8296 = CARTESIAN_POINT('',(33.835941202889,3.812180090271,0.));
#8297 = CARTESIAN_POINT('',(33.699519470844,3.945245031125,0.));
#8298 = CARTESIAN_POINT('',(33.564714345515,4.066679876605,0.));
#8299 = CARTESIAN_POINT('',(33.429801114916,4.179352876983,0.));
#8300 = CARTESIAN_POINT('',(33.291738762658,4.287206182935,0.));
#8301 = CARTESIAN_POINT('',(33.14510882221,4.39554677371,0.));
#8302 = CARTESIAN_POINT('',(32.981272472074,4.511965305902,0.));
#8303 = CARTESIAN_POINT('',(32.786823551507,4.647788406306,0.));
#8304 = CARTESIAN_POINT('',(32.542866198719,4.822100194489,0.));
#8305 = CARTESIAN_POINT('',(32.219887819324,5.062831458607,0.));
#8306 = CARTESIAN_POINT('',(31.797146925636,5.457730993054,0.));
#8307 = CARTESIAN_POINT('',(31.152722096977,5.935981792459,0.));
#8308 = CARTESIAN_POINT('',(30.618363859617,6.837768845745,0.));
#8309 = CARTESIAN_POINT('',(30.178483223034,7.931283780424,0.));
#8310 = CARTESIAN_POINT('',(30.059796454143,9.10396589323,0.));
#8311 = CARTESIAN_POINT('',(30.11386583536,10.150787328492,0.));
#8312 = CARTESIAN_POINT('',(30.462221454445,10.873736531117,0.));
#8313 = CARTESIAN_POINT('',(30.653020961765,11.419860192488,0.));
#8314 = CARTESIAN_POINT('',(30.827130717285,11.783112677838,0.));
#8315 = CARTESIAN_POINT('',(30.962137498184,12.050830735858,0.));
#8316 = CARTESIAN_POINT('',(31.071193324525,12.261461037701,0.));
#8317 = CARTESIAN_POINT('',(31.162160818409,12.440683076859,0.));
#8318 = CARTESIAN_POINT('',(31.241646799713,12.604756236825,0.));
#8319 = CARTESIAN_POINT('',(31.313773010979,12.764416370748,0.));
#8320 = CARTESIAN_POINT('',(31.380870989814,12.926880662335,0.));
#8321 = CARTESIAN_POINT('',(31.443801413737,13.097052943441,0.));
#8322 = CARTESIAN_POINT('',(31.502758497005,13.278274437175,0.));
#8323 = CARTESIAN_POINT('',(31.555950427235,13.472552596416,0.));
#8324 = CARTESIAN_POINT('',(31.606412494023,13.681639383693,0.));
#8325 = CARTESIAN_POINT('',(31.635310742763,13.903903167843,0.));
#8326 = CARTESIAN_POINT('',(31.708595666418,14.138367649989,0.));
#8327 = CARTESIAN_POINT('',(31.564519054162,14.361156533244,0.));
#8328 = CARTESIAN_POINT('',(31.622177206011,14.623332597818,0.));
#8329 = CARTESIAN_POINT('',(31.600741513302,14.898308247591,0.));
#8330 = CARTESIAN_POINT('',(31.583086077105,15.185641934287,0.));
#8331 = CARTESIAN_POINT('',(31.543522483765,15.480308224669,0.));
#8332 = CARTESIAN_POINT('',(31.488171137188,15.781008945398,0.));
#8333 = CARTESIAN_POINT('',(31.414529880037,16.085194100473,0.));
#8334 = CARTESIAN_POINT('',(31.322900998297,16.390533222197,0.));
#8335 = CARTESIAN_POINT('',(31.213207260712,16.694569792195,0.));
#8336 = CARTESIAN_POINT('',(31.085883510988,16.994880781559,0.));
#8337 = CARTESIAN_POINT('',(30.989781318523,17.19087662545,0.));
#8338 = CARTESIAN_POINT('',(30.938964154299,17.287702000028,0.));
#8339 = SURFACE_OF_LINEAR_EXTRUSION('',#8340,#8400);
#8340 = B_SPLINE_CURVE_WITH_KNOTS('',3,(#8341,#8342,#8343,#8344,#8345,
    #8346,#8347,#8348,#8349,#8350,#8351,#8352,#8353,#8354,#8355,#8356,
    #8357,#8358,#8359,#8360,#8361,#8362,#8363,#8364,#8365,#8366,#8367,
    #8368,#8369,#8370,#8371,#8372,#8373,#8374,#8375,#8376,#8377,#8378,
    #8379,#8380,#8381,#8382,#8383,#8384,#8385,#8386,#8387,#8388,#8389,
    #8390,#8391,#8392,#8393,#8394,#8395,#8396,#8397,#8398,#8399),
  .UNSPECIFIED.,.F.,.F.,(4,1,1,1,1,1,1,1,1,1,1,1,1,1,1,1,1,1,1,1,1,1,1,1
    ,1,1,1,1,1,1,1,1,1,1,1,1,1,1,1,1,1,1,1,1,1,1,1,1,1,1,1,1,1,1,1,1,4),
  (0.,0.328013505293,0.654532141274,0.978073973054,1.297183287801,
    1.61044462083,1.916497973535,2.214055789897,2.501922432478,
    2.779017159017,3.044401987384,3.269623492035,3.510023310168,
    3.737105776354,3.950973242823,4.152195746167,4.341963344013,
    4.522306308509,4.696421126138,4.869164710127,5.047820617967,
    5.243309477393,5.472118985513,5.759336347265,6.143042595942,
    6.678887194379,7.495697516282,8.524531677202,9.766857061766,
    11.00918244633,12.03801660725,12.854826929153,13.39067152759,
    13.774377776267,14.061595138019,14.290404646139,14.485893505565,
    14.664549413405,14.837292997394,15.011407815023,15.191750779519,
    15.381518377365,15.582740880709,15.796608347178,16.023690813363,
    16.264090631496,16.489312136147,16.754696964515,17.031791691054,
    17.319658333634,17.617216149997,17.923269502701,18.236530835731,
    18.555640150478,18.879181982258,19.205700618239,19.533714123532),
  .UNSPECIFIED.);
#8341 = CARTESIAN_POINT('',(35.2,-1.665334536938E-14,0.));
#8342 = CARTESIAN_POINT('',(35.19999936906,0.109350525109,0.));
#8343 = CARTESIAN_POINT('',(35.194009824176,0.327557141807,0.));
#8344 = CARTESIAN_POINT('',(35.167187930001,0.652639613759,0.));
#8345 = CARTESIAN_POINT('',(35.123024071696,0.972827848366,0.));
#8346 = CARTESIAN_POINT('',(35.062259251959,1.285774278137,0.));
#8347 = CARTESIAN_POINT('',(34.986103456686,1.589339655228,0.));
#8348 = CARTESIAN_POINT('',(34.895372047267,1.881319973675,0.));
#8349 = CARTESIAN_POINT('',(34.793465616226,2.160620134645,0.));
#8350 = CARTESIAN_POINT('',(34.675568106276,2.423246369216,0.));
#8351 = CARTESIAN_POINT('',(34.566760913351,2.676686878326,0.));
#8352 = CARTESIAN_POINT('',(34.393867863006,2.882037175264,0.));
#8353 = CARTESIAN_POINT('',(34.417906210961,3.146262674655,0.));
#8354 = CARTESIAN_POINT('',(34.244054555848,3.319813460989,0.));
#8355 = CARTESIAN_POINT('',(34.115175296568,3.503188582129,0.));
#8356 = CARTESIAN_POINT('',(33.973325880448,3.664874846062,0.));
#8357 = CARTESIAN_POINT('',(33.835941202889,3.812180090271,0.));
#8358 = CARTESIAN_POINT('',(33.699519470844,3.945245031125,0.));
#8359 = CARTESIAN_POINT('',(33.564714345515,4.066679876605,0.));
#8360 = CARTESIAN_POINT('',(33.429801114916,4.179352876983,0.));
#8361 = CARTESIAN_POINT('',(33.291738762658,4.287206182935,0.));
#8362 = CARTESIAN_POINT('',(33.14510882221,4.39554677371,0.));
#8363 = CARTESIAN_POINT('',(32.981272472074,4.511965305902,0.));
#8364 = CARTESIAN_POINT('',(32.786823551507,4.647788406306,0.));
#8365 = CARTESIAN_POINT('',(32.542866198719,4.822100194489,0.));
#8366 = CARTESIAN_POINT('',(32.219887819324,5.062831458607,0.));
#8367 = CARTESIAN_POINT('',(31.797146925636,5.457730993054,0.));
#8368 = CARTESIAN_POINT('',(31.152722096977,5.935981792459,0.));
#8369 = CARTESIAN_POINT('',(30.618363859617,6.837768845745,0.));
#8370 = CARTESIAN_POINT('',(30.178483223034,7.931283780424,0.));
#8371 = CARTESIAN_POINT('',(30.059796454143,9.10396589323,0.));
#8372 = CARTESIAN_POINT('',(30.11386583536,10.150787328492,0.));
#8373 = CARTESIAN_POINT('',(30.462221454445,10.873736531117,0.));
#8374 = CARTESIAN_POINT('',(30.653020961765,11.419860192488,0.));
#8375 = CARTESIAN_POINT('',(30.827130717285,11.783112677838,0.));
#8376 = CARTESIAN_POINT('',(30.962137498184,12.050830735858,0.));
#8377 = CARTESIAN_POINT('',(31.071193324525,12.261461037701,0.));
#8378 = CARTESIAN_POINT('',(31.162160818409,12.440683076859,0.));
#8379 = CARTESIAN_POINT('',(31.241646799713,12.604756236825,0.));
#8380 = CARTESIAN_POINT('',(31.313773010979,12.764416370748,0.));
#8381 = CARTESIAN_POINT('',(31.380870989814,12.926880662335,0.));
#8382 = CARTESIAN_POINT('',(31.443801413737,13.097052943441,0.));
#8383 = CARTESIAN_POINT('',(31.502758497005,13.278274437175,0.));
#8384 = CARTESIAN_POINT('',(31.555950427235,13.472552596416,0.));
#8385 = CARTESIAN_POINT('',(31.606412494023,13.681639383693,0.));
#8386 = CARTESIAN_POINT('',(31.635310742763,13.903903167843,0.));
#8387 = CARTESIAN_POINT('',(31.708595666418,14.138367649989,0.));
#8388 = CARTESIAN_POINT('',(31.564519054162,14.361156533244,0.));
#8389 = CARTESIAN_POINT('',(31.622177206011,14.623332597818,0.));
#8390 = CARTESIAN_POINT('',(31.600741513302,14.898308247591,0.));
#8391 = CARTESIAN_POINT('',(31.583086077105,15.185641934287,0.));
#8392 = CARTESIAN_POINT('',(31.543522483765,15.480308224669,0.));
#8393 = CARTESIAN_POINT('',(31.488171137188,15.781008945398,0.));
#8394 = CARTESIAN_POINT('',(31.414529880037,16.085194100473,0.));
#8395 = CARTESIAN_POINT('',(31.322900998297,16.390533222197,0.));
#8396 = CARTESIAN_POINT('',(31.213207260712,16.694569792195,0.));
#8397 = CARTESIAN_POINT('',(31.085883510988,16.994880781559,0.));
#8398 = CARTESIAN_POINT('',(30.989781318523,17.19087662545,0.));
#8399 = CARTESIAN_POINT('',(30.938964154299,17.287702000028,0.));
#8400 = VECTOR('',#8401,1.);
#8401 = DIRECTION('',(-0.,-0.,-1.));
#8402 = ADVANCED_FACE('',(#8403),#8430,.F.);
#8403 = FACE_BOUND('',#8404,.T.);
#8404 = EDGE_LOOP('',(#8405,#8415,#8422,#8423));
#8405 = ORIENTED_EDGE('',*,*,#8406,.T.);
#8406 = EDGE_CURVE('',#8407,#8409,#8411,.T.);
#8407 = VERTEX_POINT('',#8408);
#8408 = CARTESIAN_POINT('',(-7.5,21.650635094611,0.));
#8409 = VERTEX_POINT('',#8410);
#8410 = CARTESIAN_POINT('',(-7.5,21.650635094611,5.));
#8411 = LINE('',#8412,#8413);
#8412 = CARTESIAN_POINT('',(-7.5,21.650635094611,0.));
#8413 = VECTOR('',#8414,1.);
#8414 = DIRECTION('',(0.,0.,1.));
#8415 = ORIENTED_EDGE('',*,*,#8416,.T.);
#8416 = EDGE_CURVE('',#8409,#8409,#8417,.T.);
#8417 = CIRCLE('',#8418,7.);
#8418 = AXIS2_PLACEMENT_3D('',#8419,#8420,#8421);
#8419 = CARTESIAN_POINT('',(-14.5,21.650635094611,5.));
#8420 = DIRECTION('',(0.,0.,1.));
#8421 = DIRECTION('',(1.,0.,0.));
#8422 = ORIENTED_EDGE('',*,*,#8406,.F.);
#8423 = ORIENTED_EDGE('',*,*,#8424,.F.);
#8424 = EDGE_CURVE('',#8407,#8407,#8425,.T.);
#8425 = CIRCLE('',#8426,7.);
#8426 = AXIS2_PLACEMENT_3D('',#8427,#8428,#8429);
#8427 = CARTESIAN_POINT('',(-14.5,21.650635094611,0.));
#8428 = DIRECTION('',(0.,0.,1.));
#8429 = DIRECTION('',(1.,0.,0.));
#8430 = CYLINDRICAL_SURFACE('',#8431,7.);
#8431 = AXIS2_PLACEMENT_3D('',#8432,#8433,#8434);
#8432 = CARTESIAN_POINT('',(-14.5,21.650635094611,0.));
#8433 = DIRECTION('',(-0.,-0.,-1.));
#8434 = DIRECTION('',(1.,0.,0.));
#8435 = ADVANCED_FACE('',(#8436),#8463,.F.);
#8436 = FACE_BOUND('',#8437,.T.);
#8437 = EDGE_LOOP('',(#8438,#8448,#8455,#8456));
#8438 = ORIENTED_EDGE('',*,*,#8439,.T.);
#8439 = EDGE_CURVE('',#8440,#8442,#8444,.T.);
#8440 = VERTEX_POINT('',#8441);
#8441 = CARTESIAN_POINT('',(17.5,21.650635094611,0.));
#8442 = VERTEX_POINT('',#8443);
#8443 = CARTESIAN_POINT('',(17.5,21.650635094611,5.));
#8444 = LINE('',#8445,#8446);
#8445 = CARTESIAN_POINT('',(17.5,21.650635094611,0.));
#8446 = VECTOR('',#8447,1.);
#8447 = DIRECTION('',(0.,0.,1.));
#8448 = ORIENTED_EDGE('',*,*,#8449,.T.);
#8449 = EDGE_CURVE('',#8442,#8442,#8450,.T.);
#8450 = CIRCLE('',#8451,7.);
#8451 = AXIS2_PLACEMENT_3D('',#8452,#8453,#8454);
#8452 = CARTESIAN_POINT('',(10.5,21.650635094611,5.));
#8453 = DIRECTION('',(0.,0.,1.));
#8454 = DIRECTION('',(1.,0.,0.));
#8455 = ORIENTED_EDGE('',*,*,#8439,.F.);
#8456 = ORIENTED_EDGE('',*,*,#8457,.F.);
#8457 = EDGE_CURVE('',#8440,#8440,#8458,.T.);
#8458 = CIRCLE('',#8459,7.);
#8459 = AXIS2_PLACEMENT_3D('',#8460,#8461,#8462);
#8460 = CARTESIAN_POINT('',(10.5,21.650635094611,0.));
#8461 = DIRECTION('',(0.,0.,1.));
#8462 = DIRECTION('',(1.,0.,0.));
#8463 = CYLINDRICAL_SURFACE('',#8464,7.);
#8464 = AXIS2_PLACEMENT_3D('',#8465,#8466,#8467);
#8465 = CARTESIAN_POINT('',(10.5,21.650635094611,0.));
#8466 = DIRECTION('',(-0.,-0.,-1.));
#8467 = DIRECTION('',(1.,0.,0.));
#8468 = ADVANCED_FACE('',(#8469),#8496,.F.);
#8469 = FACE_BOUND('',#8470,.T.);
#8470 = EDGE_LOOP('',(#8471,#8481,#8488,#8489));
#8471 = ORIENTED_EDGE('',*,*,#8472,.T.);
#8472 = EDGE_CURVE('',#8473,#8475,#8477,.T.);
#8473 = VERTEX_POINT('',#8474);
#8474 = CARTESIAN_POINT('',(30.,0.,0.));
#8475 = VERTEX_POINT('',#8476);
#8476 = CARTESIAN_POINT('',(30.,0.,5.));
#8477 = LINE('',#8478,#8479);
#8478 = CARTESIAN_POINT('',(30.,0.,0.));
#8479 = VECTOR('',#8480,1.);
#8480 = DIRECTION('',(0.,0.,1.));
#8481 = ORIENTED_EDGE('',*,*,#8482,.T.);
#8482 = EDGE_CURVE('',#8475,#8475,#8483,.T.);
#8483 = CIRCLE('',#8484,7.);
#8484 = AXIS2_PLACEMENT_3D('',#8485,#8486,#8487);
#8485 = CARTESIAN_POINT('',(23.,0.,5.));
#8486 = DIRECTION('',(0.,0.,1.));
#8487 = DIRECTION('',(1.,0.,0.));
#8488 = ORIENTED_EDGE('',*,*,#8472,.F.);
#8489 = ORIENTED_EDGE('',*,*,#8490,.F.);
#8490 = EDGE_CURVE('',#8473,#8473,#8491,.T.);
#8491 = CIRCLE('',#8492,7.);
#8492 = AXIS2_PLACEMENT_3D('',#8493,#8494,#8495);
#8493 = CARTESIAN_POINT('',(23.,0.,0.));
#8494 = DIRECTION('',(0.,0.,1.));
#8495 = DIRECTION('',(1.,0.,0.));
#8496 = CYLINDRICAL_SURFACE('',#8497,7.);
#8497 = AXIS2_PLACEMENT_3D('',#8498,#8499,#8500);
#8498 = CARTESIAN_POINT('',(23.,0.,0.));
#8499 = DIRECTION('',(-0.,-0.,-1.));
#8500 = DIRECTION('',(1.,0.,0.));
#8501 = ADVANCED_FACE('',(#8502),#8529,.F.);
#8502 = FACE_BOUND('',#8503,.T.);
#8503 = EDGE_LOOP('',(#8504,#8514,#8521,#8522));
#8504 = ORIENTED_EDGE('',*,*,#8505,.T.);
#8505 = EDGE_CURVE('',#8506,#8508,#8510,.T.);
#8506 = VERTEX_POINT('',#8507);
#8507 = CARTESIAN_POINT('',(-7.5,-21.65063509461,0.));
#8508 = VERTEX_POINT('',#8509);
#8509 = CARTESIAN_POINT('',(-7.5,-21.65063509461,5.));
#8510 = LINE('',#8511,#8512);
#8511 = CARTESIAN_POINT('',(-7.5,-21.65063509461,0.));
#8512 = VECTOR('',#8513,1.);
#8513 = DIRECTION('',(0.,0.,1.));
#8514 = ORIENTED_EDGE('',*,*,#8515,.T.);
#8515 = EDGE_CURVE('',#8508,#8508,#8516,.T.);
#8516 = CIRCLE('',#8517,7.);
#8517 = AXIS2_PLACEMENT_3D('',#8518,#8519,#8520);
#8518 = CARTESIAN_POINT('',(-14.5,-21.65063509461,5.));
#8519 = DIRECTION('',(0.,0.,1.));
#8520 = DIRECTION('',(1.,0.,0.));
#8521 = ORIENTED_EDGE('',*,*,#8505,.F.);
#8522 = ORIENTED_EDGE('',*,*,#8523,.F.);
#8523 = EDGE_CURVE('',#8506,#8506,#8524,.T.);
#8524 = CIRCLE('',#8525,7.);
#8525 = AXIS2_PLACEMENT_3D('',#8526,#8527,#8528);
#8526 = CARTESIAN_POINT('',(-14.5,-21.65063509461,0.));
#8527 = DIRECTION('',(0.,0.,1.));
#8528 = DIRECTION('',(1.,0.,0.));
#8529 = CYLINDRICAL_SURFACE('',#8530,7.);
#8530 = AXIS2_PLACEMENT_3D('',#8531,#8532,#8533);
#8531 = CARTESIAN_POINT('',(-14.5,-21.65063509461,0.));
#8532 = DIRECTION('',(-0.,-0.,-1.));
#8533 = DIRECTION('',(1.,0.,0.));
#8534 = ADVANCED_FACE('',(#8535),#8562,.F.);
#8535 = FACE_BOUND('',#8536,.T.);
#8536 = EDGE_LOOP('',(#8537,#8547,#8554,#8555));
#8537 = ORIENTED_EDGE('',*,*,#8538,.T.);
#8538 = EDGE_CURVE('',#8539,#8541,#8543,.T.);
#8539 = VERTEX_POINT('',#8540);
#8540 = CARTESIAN_POINT('',(-20.,0.,0.));
#8541 = VERTEX_POINT('',#8542);
#8542 = CARTESIAN_POINT('',(-20.,0.,5.));
#8543 = LINE('',#8544,#8545);
#8544 = CARTESIAN_POINT('',(-20.,0.,0.));
#8545 = VECTOR('',#8546,1.);
#8546 = DIRECTION('',(0.,0.,1.));
#8547 = ORIENTED_EDGE('',*,*,#8548,.T.);
#8548 = EDGE_CURVE('',#8541,#8541,#8549,.T.);
#8549 = CIRCLE('',#8550,7.);
#8550 = AXIS2_PLACEMENT_3D('',#8551,#8552,#8553);
#8551 = CARTESIAN_POINT('',(-27.,0.,5.));
#8552 = DIRECTION('',(0.,0.,1.));
#8553 = DIRECTION('',(1.,0.,0.));
#8554 = ORIENTED_EDGE('',*,*,#8538,.F.);
#8555 = ORIENTED_EDGE('',*,*,#8556,.F.);
#8556 = EDGE_CURVE('',#8539,#8539,#8557,.T.);
#8557 = CIRCLE('',#8558,7.);
#8558 = AXIS2_PLACEMENT_3D('',#8559,#8560,#8561);
#8559 = CARTESIAN_POINT('',(-27.,0.,0.));
#8560 = DIRECTION('',(0.,0.,1.));
#8561 = DIRECTION('',(1.,0.,0.));
#8562 = CYLINDRICAL_SURFACE('',#8563,7.);
#8563 = AXIS2_PLACEMENT_3D('',#8564,#8565,#8566);
#8564 = CARTESIAN_POINT('',(-27.,0.,0.));
#8565 = DIRECTION('',(-0.,-0.,-1.));
#8566 = DIRECTION('',(1.,0.,0.));
#8567 = ADVANCED_FACE('',(#8568),#8595,.F.);
#8568 = FACE_BOUND('',#8569,.T.);
#8569 = EDGE_LOOP('',(#8570,#8580,#8587,#8588));
#8570 = ORIENTED_EDGE('',*,*,#8571,.T.);
#8571 = EDGE_CURVE('',#8572,#8574,#8576,.T.);
#8572 = VERTEX_POINT('',#8573);
#8573 = CARTESIAN_POINT('',(17.5,-21.65063509461,0.));
#8574 = VERTEX_POINT('',#8575);
#8575 = CARTESIAN_POINT('',(17.5,-21.65063509461,5.));
#8576 = LINE('',#8577,#8578);
#8577 = CARTESIAN_POINT('',(17.5,-21.65063509461,0.));
#8578 = VECTOR('',#8579,1.);
#8579 = DIRECTION('',(0.,0.,1.));
#8580 = ORIENTED_EDGE('',*,*,#8581,.T.);
#8581 = EDGE_CURVE('',#8574,#8574,#8582,.T.);
#8582 = CIRCLE('',#8583,7.);
#8583 = AXIS2_PLACEMENT_3D('',#8584,#8585,#8586);
#8584 = CARTESIAN_POINT('',(10.5,-21.65063509461,5.));
#8585 = DIRECTION('',(0.,0.,1.));
#8586 = DIRECTION('',(1.,0.,0.));
#8587 = ORIENTED_EDGE('',*,*,#8571,.F.);
#8588 = ORIENTED_EDGE('',*,*,#8589,.F.);
#8589 = EDGE_CURVE('',#8572,#8572,#8590,.T.);
#8590 = CIRCLE('',#8591,7.);
#8591 = AXIS2_PLACEMENT_3D('',#8592,#8593,#8594);
#8592 = CARTESIAN_POINT('',(10.5,-21.65063509461,0.));
#8593 = DIRECTION('',(0.,0.,1.));
#8594 = DIRECTION('',(1.,0.,0.));
#8595 = CYLINDRICAL_SURFACE('',#8596,7.);
#8596 = AXIS2_PLACEMENT_3D('',#8597,#8598,#8599);
#8597 = CARTESIAN_POINT('',(10.5,-21.65063509461,0.));
#8598 = DIRECTION('',(-0.,-0.,-1.));
#8599 = DIRECTION('',(1.,0.,0.));
#8600 = ADVANCED_FACE('',(#8601),#8628,.F.);
#8601 = FACE_BOUND('',#8602,.T.);
#8602 = EDGE_LOOP('',(#8603,#8613,#8620,#8621));
#8603 = ORIENTED_EDGE('',*,*,#8604,.T.);
#8604 = EDGE_CURVE('',#8605,#8607,#8609,.T.);
#8605 = VERTEX_POINT('',#8606);
#8606 = CARTESIAN_POINT('',(4.8,0.,0.));
#8607 = VERTEX_POINT('',#8608);
#8608 = CARTESIAN_POINT('',(4.8,0.,5.));
#8609 = LINE('',#8610,#8611);
#8610 = CARTESIAN_POINT('',(4.8,0.,0.));
#8611 = VECTOR('',#8612,1.);
#8612 = DIRECTION('',(0.,0.,1.));
#8613 = ORIENTED_EDGE('',*,*,#8614,.T.);
#8614 = EDGE_CURVE('',#8607,#8607,#8615,.T.);
#8615 = CIRCLE('',#8616,6.8);
#8616 = AXIS2_PLACEMENT_3D('',#8617,#8618,#8619);
#8617 = CARTESIAN_POINT('',(-2.,0.,5.));
#8618 = DIRECTION('',(0.,0.,1.));
#8619 = DIRECTION('',(1.,0.,0.));
#8620 = ORIENTED_EDGE('',*,*,#8604,.F.);
#8621 = ORIENTED_EDGE('',*,*,#8622,.F.);
#8622 = EDGE_CURVE('',#8605,#8605,#8623,.T.);
#8623 = CIRCLE('',#8624,6.8);
#8624 = AXIS2_PLACEMENT_3D('',#8625,#8626,#8627);
#8625 = CARTESIAN_POINT('',(-2.,0.,0.));
#8626 = DIRECTION('',(0.,0.,1.));
#8627 = DIRECTION('',(1.,0.,0.));
#8628 = CYLINDRICAL_SURFACE('',#8629,6.8);
#8629 = AXIS2_PLACEMENT_3D('',#8630,#8631,#8632);
#8630 = CARTESIAN_POINT('',(-2.,0.,0.));
#8631 = DIRECTION('',(-0.,-0.,-1.));
#8632 = DIRECTION('',(1.,0.,0.));
#8633 = ADVANCED_FACE('',(#8634,#8649,#8652,#8655,#8658,#8661,#8664,
    #8667),#8670,.F.);
#8634 = FACE_BOUND('',#8635,.F.);
#8635 = EDGE_LOOP('',(#8636,#8637,#8638,#8639,#8640,#8641,#8642,#8643,
    #8644,#8645,#8646,#8647,#8648));
#8636 = ORIENTED_EDGE('',*,*,#5875,.T.);
#8637 = ORIENTED_EDGE('',*,*,#6076,.T.);
#8638 = ORIENTED_EDGE('',*,*,#6277,.T.);
#8639 = ORIENTED_EDGE('',*,*,#6478,.T.);
#8640 = ORIENTED_EDGE('',*,*,#6679,.T.);
#8641 = ORIENTED_EDGE('',*,*,#6880,.T.);
#8642 = ORIENTED_EDGE('',*,*,#7081,.T.);
#8643 = ORIENTED_EDGE('',*,*,#7282,.T.);
#8644 = ORIENTED_EDGE('',*,*,#7483,.T.);
#8645 = ORIENTED_EDGE('',*,*,#7684,.T.);
#8646 = ORIENTED_EDGE('',*,*,#7885,.T.);
#8647 = ORIENTED_EDGE('',*,*,#8086,.T.);
#8648 = ORIENTED_EDGE('',*,*,#8278,.T.);
#8649 = FACE_BOUND('',#8650,.T.);
#8650 = EDGE_LOOP('',(#8651));
#8651 = ORIENTED_EDGE('',*,*,#8424,.T.);
#8652 = FACE_BOUND('',#8653,.T.);
#8653 = EDGE_LOOP('',(#8654));
#8654 = ORIENTED_EDGE('',*,*,#8457,.T.);
#8655 = FACE_BOUND('',#8656,.T.);
#8656 = EDGE_LOOP('',(#8657));
#8657 = ORIENTED_EDGE('',*,*,#8490,.T.);
#8658 = FACE_BOUND('',#8659,.T.);
#8659 = EDGE_LOOP('',(#8660));
#8660 = ORIENTED_EDGE('',*,*,#8523,.T.);
#8661 = FACE_BOUND('',#8662,.T.);
#8662 = EDGE_LOOP('',(#8663));
#8663 = ORIENTED_EDGE('',*,*,#8556,.T.);
#8664 = FACE_BOUND('',#8665,.T.);
#8665 = EDGE_LOOP('',(#8666));
#8666 = ORIENTED_EDGE('',*,*,#8589,.T.);
#8667 = FACE_BOUND('',#8668,.T.);
#8668 = EDGE_LOOP('',(#8669));
#8669 = ORIENTED_EDGE('',*,*,#8622,.T.);
#8670 = PLANE('',#8671);
#8671 = AXIS2_PLACEMENT_3D('',#8672,#8673,#8674);
#8672 = CARTESIAN_POINT('',(-2.,-1.862546378831E-15,0.));
#8673 = DIRECTION('',(0.,0.,1.));
#8674 = DIRECTION('',(1.,0.,0.));
#8675 = ADVANCED_FACE('',(#8676,#8691,#8694,#8697,#8700,#8703,#8706,
    #8709),#8712,.T.);
#8676 = FACE_BOUND('',#8677,.T.);
#8677 = EDGE_LOOP('',(#8678,#8679,#8680,#8681,#8682,#8683,#8684,#8685,
    #8686,#8687,#8688,#8689,#8690));
#8678 = ORIENTED_EDGE('',*,*,#5803,.T.);
#8679 = ORIENTED_EDGE('',*,*,#6004,.T.);
#8680 = ORIENTED_EDGE('',*,*,#6205,.T.);
#8681 = ORIENTED_EDGE('',*,*,#6406,.T.);
#8682 = ORIENTED_EDGE('',*,*,#6607,.T.);
#8683 = ORIENTED_EDGE('',*,*,#6808,.T.);
#8684 = ORIENTED_EDGE('',*,*,#7009,.T.);
#8685 = ORIENTED_EDGE('',*,*,#7210,.T.);
#8686 = ORIENTED_EDGE('',*,*,#7411,.T.);
#8687 = ORIENTED_EDGE('',*,*,#7612,.T.);
#8688 = ORIENTED_EDGE('',*,*,#7813,.T.);
#8689 = ORIENTED_EDGE('',*,*,#8014,.T.);
#8690 = ORIENTED_EDGE('',*,*,#8215,.T.);
#8691 = FACE_BOUND('',#8692,.F.);
#8692 = EDGE_LOOP('',(#8693));
#8693 = ORIENTED_EDGE('',*,*,#8416,.T.);
#8694 = FACE_BOUND('',#8695,.F.);
#8695 = EDGE_LOOP('',(#8696));
#8696 = ORIENTED_EDGE('',*,*,#8449,.T.);
#8697 = FACE_BOUND('',#8698,.F.);
#8698 = EDGE_LOOP('',(#8699));
#8699 = ORIENTED_EDGE('',*,*,#8482,.T.);
#8700 = FACE_BOUND('',#8701,.F.);
#8701 = EDGE_LOOP('',(#8702));
#8702 = ORIENTED_EDGE('',*,*,#8515,.T.);
#8703 = FACE_BOUND('',#8704,.F.);
#8704 = EDGE_LOOP('',(#8705));
#8705 = ORIENTED_EDGE('',*,*,#8548,.T.);
#8706 = FACE_BOUND('',#8707,.F.);
#8707 = EDGE_LOOP('',(#8708));
#8708 = ORIENTED_EDGE('',*,*,#8581,.T.);
#8709 = FACE_BOUND('',#8710,.F.);
#8710 = EDGE_LOOP('',(#8711));
#8711 = ORIENTED_EDGE('',*,*,#8614,.T.);
#8712 = PLANE('',#8713);
#8713 = AXIS2_PLACEMENT_3D('',#8714,#8715,#8716);
#8714 = CARTESIAN_POINT('',(-2.,-1.862546378831E-15,5.));
#8715 = DIRECTION('',(0.,0.,1.));
#8716 = DIRECTION('',(1.,0.,0.));
#8717 = ( GEOMETRIC_REPRESENTATION_CONTEXT(3) 
GLOBAL_UNCERTAINTY_ASSIGNED_CONTEXT((#8721)) 
GLOBAL_UNIT_ASSIGNED_CONTEXT((#8718,#8719,#8720)) REPRESENTATION_CONTEXT
('Context #1','3D Context with UNIT and UNCERTAINTY') );
#8718 = ( LENGTH_UNIT() NAMED_UNIT(*) SI_UNIT(.MILLI.,.METRE.) );
#8719 = ( NAMED_UNIT(*) PLANE_ANGLE_UNIT() SI_UNIT($,.RADIAN.) );
#8720 = ( NAMED_UNIT(*) SI_UNIT($,.STERADIAN.) SOLID_ANGLE_UNIT() );
#8721 = UNCERTAINTY_MEASURE_WITH_UNIT(LENGTH_MEASURE(1.E-07),#8718,
  'distance_accuracy_value','confusion accuracy');
#8722 = CONTEXT_DEPENDENT_SHAPE_REPRESENTATION(#8723,#8725);
#8723 = ( REPRESENTATION_RELATIONSHIP('','',#5786,#10) 
REPRESENTATION_RELATIONSHIP_WITH_TRANSFORMATION(#8724) 
SHAPE_REPRESENTATION_RELATIONSHIP() );
#8724 = ITEM_DEFINED_TRANSFORMATION('','',#11,#31);
#8725 = PRODUCT_DEFINITION_SHAPE('Placement','Placement of an item',
  #8726);
#8726 = NEXT_ASSEMBLY_USAGE_OCCURRENCE('5','cycloidalDisk2','',#5,#5781,
  $);
#8727 = PRODUCT_RELATED_PRODUCT_CATEGORY('part',$,(#5783));
#8728 = SHAPE_DEFINITION_REPRESENTATION(#8729,#8735);
#8729 = PRODUCT_DEFINITION_SHAPE('','',#8730);
#8730 = PRODUCT_DEFINITION('design','',#8731,#8734);
#8731 = PRODUCT_DEFINITION_FORMATION('','',#8732);
#8732 = PRODUCT('eccentricKey','eccentricKey','',(#8733));
#8733 = PRODUCT_CONTEXT('',#2,'mechanical');
#8734 = PRODUCT_DEFINITION_CONTEXT('part definition',#2,'design');
#8735 = ADVANCED_BREP_SHAPE_REPRESENTATION('',(#11,#8736),#8972);
#8736 = MANIFOLD_SOLID_BREP('',#8737);
#8737 = CLOSED_SHELL('',(#8738,#8789,#8815,#8831,#8840,#8867,#8903,#8935
    ,#8958));
#8738 = ADVANCED_FACE('',(#8739),#8784,.T.);
#8739 = FACE_BOUND('',#8740,.F.);
#8740 = EDGE_LOOP('',(#8741,#8752,#8760,#8767,#8768,#8777));
#8741 = ORIENTED_EDGE('',*,*,#8742,.F.);
#8742 = EDGE_CURVE('',#8743,#8745,#8747,.T.);
#8743 = VERTEX_POINT('',#8744);
#8744 = CARTESIAN_POINT('',(8.5,0.,0.));
#8745 = VERTEX_POINT('',#8746);
#8746 = CARTESIAN_POINT('',(2.553512956638E-15,6.184658438426,0.));
#8747 = CIRCLE('',#8748,6.5);
#8748 = AXIS2_PLACEMENT_3D('',#8749,#8750,#8751);
#8749 = CARTESIAN_POINT('',(2.,0.,0.));
#8750 = DIRECTION('',(0.,0.,1.));
#8751 = DIRECTION('',(1.,0.,0.));
#8752 = ORIENTED_EDGE('',*,*,#8753,.T.);
#8753 = EDGE_CURVE('',#8743,#8754,#8756,.T.);
#8754 = VERTEX_POINT('',#8755);
#8755 = CARTESIAN_POINT('',(8.5,0.,5.));
#8756 = LINE('',#8757,#8758);
#8757 = CARTESIAN_POINT('',(8.5,0.,0.));
#8758 = VECTOR('',#8759,1.);
#8759 = DIRECTION('',(0.,0.,1.));
#8760 = ORIENTED_EDGE('',*,*,#8761,.T.);
#8761 = EDGE_CURVE('',#8754,#8754,#8762,.T.);
#8762 = CIRCLE('',#8763,6.5);
#8763 = AXIS2_PLACEMENT_3D('',#8764,#8765,#8766);
#8764 = CARTESIAN_POINT('',(2.,0.,5.));
#8765 = DIRECTION('',(0.,0.,1.));
#8766 = DIRECTION('',(1.,0.,0.));
#8767 = ORIENTED_EDGE('',*,*,#8753,.F.);
#8768 = ORIENTED_EDGE('',*,*,#8769,.F.);
#8769 = EDGE_CURVE('',#8770,#8743,#8772,.T.);
#8770 = VERTEX_POINT('',#8771);
#8771 = CARTESIAN_POINT('',(-6.661338147751E-15,-6.184658438426,0.));
#8772 = CIRCLE('',#8773,6.5);
#8773 = AXIS2_PLACEMENT_3D('',#8774,#8775,#8776);
#8774 = CARTESIAN_POINT('',(2.,0.,0.));
#8775 = DIRECTION('',(0.,0.,1.));
#8776 = DIRECTION('',(1.,0.,0.));
#8777 = ORIENTED_EDGE('',*,*,#8778,.F.);
#8778 = EDGE_CURVE('',#8745,#8770,#8779,.T.);
#8779 = CIRCLE('',#8780,6.5);
#8780 = AXIS2_PLACEMENT_3D('',#8781,#8782,#8783);
#8781 = CARTESIAN_POINT('',(2.,0.,0.));
#8782 = DIRECTION('',(0.,0.,1.));
#8783 = DIRECTION('',(1.,0.,0.));
#8784 = CYLINDRICAL_SURFACE('',#8785,6.5);
#8785 = AXIS2_PLACEMENT_3D('',#8786,#8787,#8788);
#8786 = CARTESIAN_POINT('',(2.,0.,0.));
#8787 = DIRECTION('',(-0.,-0.,-1.));
#8788 = DIRECTION('',(1.,0.,0.));
#8789 = ADVANCED_FACE('',(#8790),#8810,.F.);
#8790 = FACE_BOUND('',#8791,.F.);
#8791 = EDGE_LOOP('',(#8792,#8793,#8794,#8803));
#8792 = ORIENTED_EDGE('',*,*,#8769,.T.);
#8793 = ORIENTED_EDGE('',*,*,#8742,.T.);
#8794 = ORIENTED_EDGE('',*,*,#8795,.F.);
#8795 = EDGE_CURVE('',#8796,#8745,#8798,.T.);
#8796 = VERTEX_POINT('',#8797);
#8797 = CARTESIAN_POINT('',(4.5,0.,0.));
#8798 = CIRCLE('',#8799,6.5);
#8799 = AXIS2_PLACEMENT_3D('',#8800,#8801,#8802);
#8800 = CARTESIAN_POINT('',(-2.,0.,0.));
#8801 = DIRECTION('',(0.,0.,1.));
#8802 = DIRECTION('',(1.,0.,0.));
#8803 = ORIENTED_EDGE('',*,*,#8804,.F.);
#8804 = EDGE_CURVE('',#8770,#8796,#8805,.T.);
#8805 = CIRCLE('',#8806,6.5);
#8806 = AXIS2_PLACEMENT_3D('',#8807,#8808,#8809);
#8807 = CARTESIAN_POINT('',(-2.,0.,0.));
#8808 = DIRECTION('',(0.,0.,1.));
#8809 = DIRECTION('',(1.,0.,0.));
#8810 = PLANE('',#8811);
#8811 = AXIS2_PLACEMENT_3D('',#8812,#8813,#8814);
#8812 = CARTESIAN_POINT('',(2.,6.182204997657E-16,0.));
#8813 = DIRECTION('',(0.,0.,1.));
#8814 = DIRECTION('',(1.,0.,0.));
#8815 = ADVANCED_FACE('',(#8816),#8826,.T.);
#8816 = FACE_BOUND('',#8817,.T.);
#8817 = EDGE_LOOP('',(#8818,#8819));
#8818 = ORIENTED_EDGE('',*,*,#8778,.F.);
#8819 = ORIENTED_EDGE('',*,*,#8820,.T.);
#8820 = EDGE_CURVE('',#8745,#8770,#8821,.T.);
#8821 = CIRCLE('',#8822,6.5);
#8822 = AXIS2_PLACEMENT_3D('',#8823,#8824,#8825);
#8823 = CARTESIAN_POINT('',(-2.,0.,0.));
#8824 = DIRECTION('',(0.,0.,1.));
#8825 = DIRECTION('',(1.,0.,0.));
#8826 = PLANE('',#8827);
#8827 = AXIS2_PLACEMENT_3D('',#8828,#8829,#8830);
#8828 = CARTESIAN_POINT('',(-2.,6.182204997657E-16,0.));
#8829 = DIRECTION('',(0.,0.,1.));
#8830 = DIRECTION('',(1.,0.,0.));
#8831 = ADVANCED_FACE('',(#8832),#8835,.T.);
#8832 = FACE_BOUND('',#8833,.T.);
#8833 = EDGE_LOOP('',(#8834));
#8834 = ORIENTED_EDGE('',*,*,#8761,.T.);
#8835 = PLANE('',#8836);
#8836 = AXIS2_PLACEMENT_3D('',#8837,#8838,#8839);
#8837 = CARTESIAN_POINT('',(2.,6.182204997657E-16,5.));
#8838 = DIRECTION('',(0.,0.,1.));
#8839 = DIRECTION('',(1.,0.,0.));
#8840 = ADVANCED_FACE('',(#8841),#8862,.T.);
#8841 = FACE_BOUND('',#8842,.T.);
#8842 = EDGE_LOOP('',(#8843,#8851,#8852,#8853,#8854,#8855));
#8843 = ORIENTED_EDGE('',*,*,#8844,.F.);
#8844 = EDGE_CURVE('',#8796,#8845,#8847,.T.);
#8845 = VERTEX_POINT('',#8846);
#8846 = CARTESIAN_POINT('',(4.5,0.,-5.));
#8847 = LINE('',#8848,#8849);
#8848 = CARTESIAN_POINT('',(4.5,0.,0.));
#8849 = VECTOR('',#8850,1.);
#8850 = DIRECTION('',(-0.,-0.,-1.));
#8851 = ORIENTED_EDGE('',*,*,#8804,.F.);
#8852 = ORIENTED_EDGE('',*,*,#8820,.F.);
#8853 = ORIENTED_EDGE('',*,*,#8795,.F.);
#8854 = ORIENTED_EDGE('',*,*,#8844,.T.);
#8855 = ORIENTED_EDGE('',*,*,#8856,.T.);
#8856 = EDGE_CURVE('',#8845,#8845,#8857,.T.);
#8857 = CIRCLE('',#8858,6.5);
#8858 = AXIS2_PLACEMENT_3D('',#8859,#8860,#8861);
#8859 = CARTESIAN_POINT('',(-2.,0.,-5.));
#8860 = DIRECTION('',(0.,0.,1.));
#8861 = DIRECTION('',(1.,0.,0.));
#8862 = CYLINDRICAL_SURFACE('',#8863,6.5);
#8863 = AXIS2_PLACEMENT_3D('',#8864,#8865,#8866);
#8864 = CARTESIAN_POINT('',(-2.,0.,0.));
#8865 = DIRECTION('',(0.,0.,1.));
#8866 = DIRECTION('',(1.,0.,0.));
#8867 = ADVANCED_FACE('',(#8868,#8871),#8898,.F.);
#8868 = FACE_BOUND('',#8869,.F.);
#8869 = EDGE_LOOP('',(#8870));
#8870 = ORIENTED_EDGE('',*,*,#8856,.T.);
#8871 = FACE_BOUND('',#8872,.F.);
#8872 = EDGE_LOOP('',(#8873,#8882,#8891));
#8873 = ORIENTED_EDGE('',*,*,#8874,.F.);
#8874 = EDGE_CURVE('',#8845,#8875,#8877,.T.);
#8875 = VERTEX_POINT('',#8876);
#8876 = CARTESIAN_POINT('',(2.125,1.964529205688,-5.));
#8877 = CIRCLE('',#8878,2.);
#8878 = AXIS2_PLACEMENT_3D('',#8879,#8880,#8881);
#8879 = CARTESIAN_POINT('',(2.5,0.,-5.));
#8880 = DIRECTION('',(0.,0.,1.));
#8881 = DIRECTION('',(1.,0.,0.));
#8882 = ORIENTED_EDGE('',*,*,#8883,.F.);
#8883 = EDGE_CURVE('',#8884,#8845,#8886,.T.);
#8884 = VERTEX_POINT('',#8885);
#8885 = CARTESIAN_POINT('',(2.125,-1.964529205688,-5.));
#8886 = CIRCLE('',#8887,2.);
#8887 = AXIS2_PLACEMENT_3D('',#8888,#8889,#8890);
#8888 = CARTESIAN_POINT('',(2.5,0.,-5.));
#8889 = DIRECTION('',(0.,0.,1.));
#8890 = DIRECTION('',(1.,0.,0.));
#8891 = ORIENTED_EDGE('',*,*,#8892,.F.);
#8892 = EDGE_CURVE('',#8875,#8884,#8893,.T.);
#8893 = CIRCLE('',#8894,2.);
#8894 = AXIS2_PLACEMENT_3D('',#8895,#8896,#8897);
#8895 = CARTESIAN_POINT('',(1.75,0.,-5.));
#8896 = DIRECTION('',(0.,0.,1.));
#8897 = DIRECTION('',(1.,0.,0.));
#8898 = PLANE('',#8899);
#8899 = AXIS2_PLACEMENT_3D('',#8900,#8901,#8902);
#8900 = CARTESIAN_POINT('',(-2.,6.182204997657E-16,-5.));
#8901 = DIRECTION('',(0.,0.,1.));
#8902 = DIRECTION('',(1.,0.,0.));
#8903 = ADVANCED_FACE('',(#8904),#8930,.F.);
#8904 = FACE_BOUND('',#8905,.F.);
#8905 = EDGE_LOOP('',(#8906,#8917,#8923,#8924));
#8906 = ORIENTED_EDGE('',*,*,#8907,.F.);
#8907 = EDGE_CURVE('',#8908,#8910,#8912,.T.);
#8908 = VERTEX_POINT('',#8909);
#8909 = CARTESIAN_POINT('',(2.125,1.964529205688,0.));
#8910 = VERTEX_POINT('',#8911);
#8911 = CARTESIAN_POINT('',(2.125,-1.964529205688,0.));
#8912 = CIRCLE('',#8913,2.);
#8913 = AXIS2_PLACEMENT_3D('',#8914,#8915,#8916);
#8914 = CARTESIAN_POINT('',(1.75,0.,0.));
#8915 = DIRECTION('',(0.,0.,1.));
#8916 = DIRECTION('',(1.,0.,0.));
#8917 = ORIENTED_EDGE('',*,*,#8918,.F.);
#8918 = EDGE_CURVE('',#8875,#8908,#8919,.T.);
#8919 = LINE('',#8920,#8921);
#8920 = CARTESIAN_POINT('',(2.125,1.964529205688,0.));
#8921 = VECTOR('',#8922,1.);
#8922 = DIRECTION('',(0.,0.,1.));
#8923 = ORIENTED_EDGE('',*,*,#8892,.T.);
#8924 = ORIENTED_EDGE('',*,*,#8925,.T.);
#8925 = EDGE_CURVE('',#8884,#8910,#8926,.T.);
#8926 = LINE('',#8927,#8928);
#8927 = CARTESIAN_POINT('',(2.125,-1.964529205688,0.));
#8928 = VECTOR('',#8929,1.);
#8929 = DIRECTION('',(0.,0.,1.));
#8930 = CYLINDRICAL_SURFACE('',#8931,2.);
#8931 = AXIS2_PLACEMENT_3D('',#8932,#8933,#8934);
#8932 = CARTESIAN_POINT('',(1.75,0.,0.));
#8933 = DIRECTION('',(0.,0.,1.));
#8934 = DIRECTION('',(1.,0.,0.));
#8935 = ADVANCED_FACE('',(#8936),#8953,.T.);
#8936 = FACE_BOUND('',#8937,.T.);
#8937 = EDGE_LOOP('',(#8938,#8945,#8946));
#8938 = ORIENTED_EDGE('',*,*,#8939,.F.);
#8939 = EDGE_CURVE('',#8910,#8796,#8940,.T.);
#8940 = CIRCLE('',#8941,2.);
#8941 = AXIS2_PLACEMENT_3D('',#8942,#8943,#8944);
#8942 = CARTESIAN_POINT('',(2.5,0.,0.));
#8943 = DIRECTION('',(0.,0.,1.));
#8944 = DIRECTION('',(1.,0.,0.));
#8945 = ORIENTED_EDGE('',*,*,#8907,.F.);
#8946 = ORIENTED_EDGE('',*,*,#8947,.F.);
#8947 = EDGE_CURVE('',#8796,#8908,#8948,.T.);
#8948 = CIRCLE('',#8949,2.);
#8949 = AXIS2_PLACEMENT_3D('',#8950,#8951,#8952);
#8950 = CARTESIAN_POINT('',(2.5,0.,0.));
#8951 = DIRECTION('',(0.,0.,1.));
#8952 = DIRECTION('',(1.,0.,0.));
#8953 = PLANE('',#8954);
#8954 = AXIS2_PLACEMENT_3D('',#8955,#8956,#8957);
#8955 = CARTESIAN_POINT('',(2.205180142691,-6.722535195471E-17,0.));
#8956 = DIRECTION('',(-0.,-0.,-1.));
#8957 = DIRECTION('',(-1.,0.,0.));
#8958 = ADVANCED_FACE('',(#8959),#8967,.F.);
#8959 = FACE_BOUND('',#8960,.F.);
#8960 = EDGE_LOOP('',(#8961,#8962,#8963,#8964,#8965,#8966));
#8961 = ORIENTED_EDGE('',*,*,#8925,.F.);
#8962 = ORIENTED_EDGE('',*,*,#8883,.T.);
#8963 = ORIENTED_EDGE('',*,*,#8874,.T.);
#8964 = ORIENTED_EDGE('',*,*,#8918,.T.);
#8965 = ORIENTED_EDGE('',*,*,#8947,.F.);
#8966 = ORIENTED_EDGE('',*,*,#8939,.F.);
#8967 = CYLINDRICAL_SURFACE('',#8968,2.);
#8968 = AXIS2_PLACEMENT_3D('',#8969,#8970,#8971);
#8969 = CARTESIAN_POINT('',(2.5,0.,0.));
#8970 = DIRECTION('',(0.,0.,1.));
#8971 = DIRECTION('',(1.,0.,0.));
#8972 = ( GEOMETRIC_REPRESENTATION_CONTEXT(3) 
GLOBAL_UNCERTAINTY_ASSIGNED_CONTEXT((#8976)) 
GLOBAL_UNIT_ASSIGNED_CONTEXT((#8973,#8974,#8975)) REPRESENTATION_CONTEXT
('Context #1','3D Context with UNIT and UNCERTAINTY') );
#8973 = ( LENGTH_UNIT() NAMED_UNIT(*) SI_UNIT(.MILLI.,.METRE.) );
#8974 = ( NAMED_UNIT(*) PLANE_ANGLE_UNIT() SI_UNIT($,.RADIAN.) );
#8975 = ( NAMED_UNIT(*) SI_UNIT($,.STERADIAN.) SOLID_ANGLE_UNIT() );
#8976 = UNCERTAINTY_MEASURE_WITH_UNIT(LENGTH_MEASURE(2.E-06),#8973,
  'distance_accuracy_value','confusion accuracy');
#8977 = CONTEXT_DEPENDENT_SHAPE_REPRESENTATION(#8978,#8980);
#8978 = ( REPRESENTATION_RELATIONSHIP('','',#8735,#10) 
REPRESENTATION_RELATIONSHIP_WITH_TRANSFORMATION(#8979) 
SHAPE_REPRESENTATION_RELATIONSHIP() );
#8979 = ITEM_DEFINED_TRANSFORMATION('','',#11,#35);
#8980 = PRODUCT_DEFINITION_SHAPE('Placement','Placement of an item',
  #8981);
#8981 = NEXT_ASSEMBLY_USAGE_OCCURRENCE('6','eccentricKey','',#5,#8730,$
  );
#8982 = PRODUCT_RELATED_PRODUCT_CATEGORY('part',$,(#8732));
#8983 = SHAPE_DEFINITION_REPRESENTATION(#8984,#8990);
#8984 = PRODUCT_DEFINITION_SHAPE('','',#8985);
#8985 = PRODUCT_DEFINITION('design','',#8986,#8989);
#8986 = PRODUCT_DEFINITION_FORMATION('','',#8987);
#8987 = PRODUCT('outputShaft','outputShaft','',(#8988));
#8988 = PRODUCT_CONTEXT('',#2,'mechanical');
#8989 = PRODUCT_DEFINITION_CONTEXT('part definition',#2,'design');
#8990 = ADVANCED_BREP_SHAPE_REPRESENTATION('',(#11,#8991),#9356);
#8991 = MANIFOLD_SOLID_BREP('',#8992);
#8992 = CLOSED_SHELL('',(#8993,#9026,#9101,#9195,#9212,#9229,#9246,#9263
    ,#9280,#9297,#9328,#9346));
#8993 = ADVANCED_FACE('',(#8994),#9021,.T.);
#8994 = FACE_BOUND('',#8995,.F.);
#8995 = EDGE_LOOP('',(#8996,#9006,#9013,#9014));
#8996 = ORIENTED_EDGE('',*,*,#8997,.T.);
#8997 = EDGE_CURVE('',#8998,#9000,#9002,.T.);
#8998 = VERTEX_POINT('',#8999);
#8999 = CARTESIAN_POINT('',(33.908915126443,0.,0.));
#9000 = VERTEX_POINT('',#9001);
#9001 = CARTESIAN_POINT('',(33.908915126443,0.,5.));
#9002 = LINE('',#9003,#9004);
#9003 = CARTESIAN_POINT('',(33.908915126443,0.,0.));
#9004 = VECTOR('',#9005,1.);
#9005 = DIRECTION('',(0.,0.,1.));
#9006 = ORIENTED_EDGE('',*,*,#9007,.T.);
#9007 = EDGE_CURVE('',#9000,#9000,#9008,.T.);
#9008 = CIRCLE('',#9009,33.908915126443);
#9009 = AXIS2_PLACEMENT_3D('',#9010,#9011,#9012);
#9010 = CARTESIAN_POINT('',(0.,0.,5.));
#9011 = DIRECTION('',(0.,0.,1.));
#9012 = DIRECTION('',(1.,0.,0.));
#9013 = ORIENTED_EDGE('',*,*,#8997,.F.);
#9014 = ORIENTED_EDGE('',*,*,#9015,.F.);
#9015 = EDGE_CURVE('',#8998,#8998,#9016,.T.);
#9016 = CIRCLE('',#9017,33.908915126443);
#9017 = AXIS2_PLACEMENT_3D('',#9018,#9019,#9020);
#9018 = CARTESIAN_POINT('',(0.,0.,0.));
#9019 = DIRECTION('',(0.,0.,1.));
#9020 = DIRECTION('',(1.,0.,0.));
#9021 = CYLINDRICAL_SURFACE('',#9022,33.908915126443);
#9022 = AXIS2_PLACEMENT_3D('',#9023,#9024,#9025);
#9023 = CARTESIAN_POINT('',(0.,0.,0.));
#9024 = DIRECTION('',(-0.,-0.,-1.));
#9025 = DIRECTION('',(1.,0.,0.));
#9026 = ADVANCED_FACE('',(#9027,#9030,#9041,#9052,#9063,#9074,#9085),
  #9096,.T.);
#9027 = FACE_BOUND('',#9028,.T.);
#9028 = EDGE_LOOP('',(#9029));
#9029 = ORIENTED_EDGE('',*,*,#9015,.F.);
#9030 = FACE_BOUND('',#9031,.T.);
#9031 = EDGE_LOOP('',(#9032));
#9032 = ORIENTED_EDGE('',*,*,#9033,.T.);
#9033 = EDGE_CURVE('',#9034,#9034,#9036,.T.);
#9034 = VERTEX_POINT('',#9035);
#9035 = CARTESIAN_POINT('',(9.85,-17.06070045455,0.));
#9036 = CIRCLE('',#9037,5.3);
#9037 = AXIS2_PLACEMENT_3D('',#9038,#9039,#9040);
#9038 = CARTESIAN_POINT('',(12.5,-21.65063509461,0.));
#9039 = DIRECTION('',(0.,0.,1.));
#9040 = DIRECTION('',(-0.5,0.866025403784,0.));
#9041 = FACE_BOUND('',#9042,.T.);
#9042 = EDGE_LOOP('',(#9043));
#9043 = ORIENTED_EDGE('',*,*,#9044,.T.);
#9044 = EDGE_CURVE('',#9045,#9045,#9047,.T.);
#9045 = VERTEX_POINT('',#9046);
#9046 = CARTESIAN_POINT('',(19.7,-2.41255419432E-15,0.));
#9047 = CIRCLE('',#9048,5.3);
#9048 = AXIS2_PLACEMENT_3D('',#9049,#9050,#9051);
#9049 = CARTESIAN_POINT('',(25.,-3.061616997868E-15,0.));
#9050 = DIRECTION('',(0.,0.,1.));
#9051 = DIRECTION('',(-1.,1.224646799147E-16,0.));
#9052 = FACE_BOUND('',#9053,.T.);
#9053 = EDGE_LOOP('',(#9054));
#9054 = ORIENTED_EDGE('',*,*,#9055,.T.);
#9055 = EDGE_CURVE('',#9056,#9056,#9058,.T.);
#9056 = VERTEX_POINT('',#9057);
#9057 = CARTESIAN_POINT('',(-9.85,-17.06070045455,0.));
#9058 = CIRCLE('',#9059,5.3);
#9059 = AXIS2_PLACEMENT_3D('',#9060,#9061,#9062);
#9060 = CARTESIAN_POINT('',(-12.5,-21.65063509461,0.));
#9061 = DIRECTION('',(0.,-0.,1.));
#9062 = DIRECTION('',(0.5,0.866025403784,0.));
#9063 = FACE_BOUND('',#9064,.T.);
#9064 = EDGE_LOOP('',(#9065));
#9065 = ORIENTED_EDGE('',*,*,#9066,.T.);
#9066 = EDGE_CURVE('',#9067,#9067,#9069,.T.);
#9067 = VERTEX_POINT('',#9068);
#9068 = CARTESIAN_POINT('',(-19.7,0.,0.));
#9069 = CIRCLE('',#9070,5.3);
#9070 = AXIS2_PLACEMENT_3D('',#9071,#9072,#9073);
#9071 = CARTESIAN_POINT('',(-25.,0.,0.));
#9072 = DIRECTION('',(0.,0.,1.));
#9073 = DIRECTION('',(1.,0.,0.));
#9074 = FACE_BOUND('',#9075,.T.);
#9075 = EDGE_LOOP('',(#9076));
#9076 = ORIENTED_EDGE('',*,*,#9077,.T.);
#9077 = EDGE_CURVE('',#9078,#9078,#9080,.T.);
#9078 = VERTEX_POINT('',#9079);
#9079 = CARTESIAN_POINT('',(9.85,17.060700454553,0.));
#9080 = CIRCLE('',#9081,5.3);
#9081 = AXIS2_PLACEMENT_3D('',#9082,#9083,#9084);
#9082 = CARTESIAN_POINT('',(12.5,21.650635094611,0.));
#9083 = DIRECTION('',(0.,0.,1.));
#9084 = DIRECTION('',(-0.5,-0.866025403784,0.));
#9085 = FACE_BOUND('',#9086,.T.);
#9086 = EDGE_LOOP('',(#9087));
#9087 = ORIENTED_EDGE('',*,*,#9088,.T.);
#9088 = EDGE_CURVE('',#9089,#9089,#9091,.T.);
#9089 = VERTEX_POINT('',#9090);
#9090 = CARTESIAN_POINT('',(-9.85,17.060700454553,0.));
#9091 = CIRCLE('',#9092,5.3);
#9092 = AXIS2_PLACEMENT_3D('',#9093,#9094,#9095);
#9093 = CARTESIAN_POINT('',(-12.5,21.650635094611,0.));
#9094 = DIRECTION('',(-0.,0.,1.));
#9095 = DIRECTION('',(0.5,-0.866025403784,0.));
#9096 = PLANE('',#9097);
#9097 = AXIS2_PLACEMENT_3D('',#9098,#9099,#9100);
#9098 = CARTESIAN_POINT('',(-1.199474982758E-15,1.174130011908E-15,0.));
#9099 = DIRECTION('',(-0.,-0.,-1.));
#9100 = DIRECTION('',(-1.,0.,0.));
#9101 = ADVANCED_FACE('',(#9102,#9105,#9116,#9127,#9146,#9157,#9168,
    #9179),#9190,.T.);
#9102 = FACE_BOUND('',#9103,.T.);
#9103 = EDGE_LOOP('',(#9104));
#9104 = ORIENTED_EDGE('',*,*,#9007,.T.);
#9105 = FACE_BOUND('',#9106,.T.);
#9106 = EDGE_LOOP('',(#9107));
#9107 = ORIENTED_EDGE('',*,*,#9108,.F.);
#9108 = EDGE_CURVE('',#9109,#9109,#9111,.T.);
#9109 = VERTEX_POINT('',#9110);
#9110 = CARTESIAN_POINT('',(-9.85,-17.06070045455,5.));
#9111 = CIRCLE('',#9112,5.3);
#9112 = AXIS2_PLACEMENT_3D('',#9113,#9114,#9115);
#9113 = CARTESIAN_POINT('',(-12.5,-21.65063509461,5.));
#9114 = DIRECTION('',(0.,-0.,1.));
#9115 = DIRECTION('',(0.5,0.866025403784,0.));
#9116 = FACE_BOUND('',#9117,.T.);
#9117 = EDGE_LOOP('',(#9118));
#9118 = ORIENTED_EDGE('',*,*,#9119,.F.);
#9119 = EDGE_CURVE('',#9120,#9120,#9122,.T.);
#9120 = VERTEX_POINT('',#9121);
#9121 = CARTESIAN_POINT('',(-19.7,0.,5.));
#9122 = CIRCLE('',#9123,5.3);
#9123 = AXIS2_PLACEMENT_3D('',#9124,#9125,#9126);
#9124 = CARTESIAN_POINT('',(-25.,0.,5.));
#9125 = DIRECTION('',(0.,0.,1.));
#9126 = DIRECTION('',(1.,0.,0.));
#9127 = FACE_BOUND('',#9128,.T.);
#9128 = EDGE_LOOP('',(#9129,#9139));
#9129 = ORIENTED_EDGE('',*,*,#9130,.F.);
#9130 = EDGE_CURVE('',#9131,#9133,#9135,.T.);
#9131 = VERTEX_POINT('',#9132);
#9132 = CARTESIAN_POINT('',(0.979795897134,2.299999999991,5.));
#9133 = VERTEX_POINT('',#9134);
#9134 = CARTESIAN_POINT('',(-0.979795897134,2.299999999991,5.));
#9135 = LINE('',#9136,#9137);
#9136 = CARTESIAN_POINT('',(-0.489897948567,2.299999999991,5.));
#9137 = VECTOR('',#9138,1.);
#9138 = DIRECTION('',(-1.,0.,0.));
#9139 = ORIENTED_EDGE('',*,*,#9140,.T.);
#9140 = EDGE_CURVE('',#9131,#9133,#9141,.T.);
#9141 = CIRCLE('',#9142,2.5);
#9142 = AXIS2_PLACEMENT_3D('',#9143,#9144,#9145);
#9143 = CARTESIAN_POINT('',(0.,0.,5.));
#9144 = DIRECTION('',(0.,0.,-1.));
#9145 = DIRECTION('',(1.,0.,0.));
#9146 = FACE_BOUND('',#9147,.T.);
#9147 = EDGE_LOOP('',(#9148));
#9148 = ORIENTED_EDGE('',*,*,#9149,.F.);
#9149 = EDGE_CURVE('',#9150,#9150,#9152,.T.);
#9150 = VERTEX_POINT('',#9151);
#9151 = CARTESIAN_POINT('',(9.85,-17.06070045455,5.));
#9152 = CIRCLE('',#9153,5.3);
#9153 = AXIS2_PLACEMENT_3D('',#9154,#9155,#9156);
#9154 = CARTESIAN_POINT('',(12.5,-21.65063509461,5.));
#9155 = DIRECTION('',(0.,0.,1.));
#9156 = DIRECTION('',(-0.5,0.866025403784,0.));
#9157 = FACE_BOUND('',#9158,.T.);
#9158 = EDGE_LOOP('',(#9159));
#9159 = ORIENTED_EDGE('',*,*,#9160,.F.);
#9160 = EDGE_CURVE('',#9161,#9161,#9163,.T.);
#9161 = VERTEX_POINT('',#9162);
#9162 = CARTESIAN_POINT('',(19.7,-2.41255419432E-15,5.));
#9163 = CIRCLE('',#9164,5.3);
#9164 = AXIS2_PLACEMENT_3D('',#9165,#9166,#9167);
#9165 = CARTESIAN_POINT('',(25.,-3.061616997868E-15,5.));
#9166 = DIRECTION('',(0.,0.,1.));
#9167 = DIRECTION('',(-1.,1.224646799147E-16,0.));
#9168 = FACE_BOUND('',#9169,.T.);
#9169 = EDGE_LOOP('',(#9170));
#9170 = ORIENTED_EDGE('',*,*,#9171,.F.);
#9171 = EDGE_CURVE('',#9172,#9172,#9174,.T.);
#9172 = VERTEX_POINT('',#9173);
#9173 = CARTESIAN_POINT('',(-9.85,17.060700454553,5.));
#9174 = CIRCLE('',#9175,5.3);
#9175 = AXIS2_PLACEMENT_3D('',#9176,#9177,#9178);
#9176 = CARTESIAN_POINT('',(-12.5,21.650635094611,5.));
#9177 = DIRECTION('',(-0.,0.,1.));
#9178 = DIRECTION('',(0.5,-0.866025403784,0.));
#9179 = FACE_BOUND('',#9180,.T.);
#9180 = EDGE_LOOP('',(#9181));
#9181 = ORIENTED_EDGE('',*,*,#9182,.F.);
#9182 = EDGE_CURVE('',#9183,#9183,#9185,.T.);
#9183 = VERTEX_POINT('',#9184);
#9184 = CARTESIAN_POINT('',(9.85,17.060700454553,5.));
#9185 = CIRCLE('',#9186,5.3);
#9186 = AXIS2_PLACEMENT_3D('',#9187,#9188,#9189);
#9187 = CARTESIAN_POINT('',(12.5,21.650635094611,5.));
#9188 = DIRECTION('',(0.,0.,1.));
#9189 = DIRECTION('',(-0.5,-0.866025403784,0.));
#9190 = PLANE('',#9191);
#9191 = AXIS2_PLACEMENT_3D('',#9192,#9193,#9194);
#9192 = CARTESIAN_POINT('',(-1.199474982758E-15,1.174130011908E-15,5.));
#9193 = DIRECTION('',(0.,0.,1.));
#9194 = DIRECTION('',(1.,0.,0.));
#9195 = ADVANCED_FACE('',(#9196),#9207,.F.);
#9196 = FACE_BOUND('',#9197,.T.);
#9197 = EDGE_LOOP('',(#9198,#9204,#9205,#9206));
#9198 = ORIENTED_EDGE('',*,*,#9199,.T.);
#9199 = EDGE_CURVE('',#9034,#9150,#9200,.T.);
#9200 = LINE('',#9201,#9202);
#9201 = CARTESIAN_POINT('',(9.85,-17.06070045455,0.));
#9202 = VECTOR('',#9203,1.);
#9203 = DIRECTION('',(0.,0.,1.));
#9204 = ORIENTED_EDGE('',*,*,#9149,.T.);
#9205 = ORIENTED_EDGE('',*,*,#9199,.F.);
#9206 = ORIENTED_EDGE('',*,*,#9033,.F.);
#9207 = CYLINDRICAL_SURFACE('',#9208,5.3);
#9208 = AXIS2_PLACEMENT_3D('',#9209,#9210,#9211);
#9209 = CARTESIAN_POINT('',(12.5,-21.65063509461,0.));
#9210 = DIRECTION('',(-0.,0.,-1.));
#9211 = DIRECTION('',(-0.5,0.866025403784,0.));
#9212 = ADVANCED_FACE('',(#9213),#9224,.F.);
#9213 = FACE_BOUND('',#9214,.T.);
#9214 = EDGE_LOOP('',(#9215,#9221,#9222,#9223));
#9215 = ORIENTED_EDGE('',*,*,#9216,.T.);
#9216 = EDGE_CURVE('',#9045,#9161,#9217,.T.);
#9217 = LINE('',#9218,#9219);
#9218 = CARTESIAN_POINT('',(19.7,-2.41255419432E-15,0.));
#9219 = VECTOR('',#9220,1.);
#9220 = DIRECTION('',(0.,0.,1.));
#9221 = ORIENTED_EDGE('',*,*,#9160,.T.);
#9222 = ORIENTED_EDGE('',*,*,#9216,.F.);
#9223 = ORIENTED_EDGE('',*,*,#9044,.F.);
#9224 = CYLINDRICAL_SURFACE('',#9225,5.3);
#9225 = AXIS2_PLACEMENT_3D('',#9226,#9227,#9228);
#9226 = CARTESIAN_POINT('',(25.,-3.061616997868E-15,0.));
#9227 = DIRECTION('',(0.,0.,-1.));
#9228 = DIRECTION('',(-1.,1.224646799147E-16,0.));
#9229 = ADVANCED_FACE('',(#9230),#9241,.F.);
#9230 = FACE_BOUND('',#9231,.T.);
#9231 = EDGE_LOOP('',(#9232,#9238,#9239,#9240));
#9232 = ORIENTED_EDGE('',*,*,#9233,.T.);
#9233 = EDGE_CURVE('',#9056,#9109,#9234,.T.);
#9234 = LINE('',#9235,#9236);
#9235 = CARTESIAN_POINT('',(-9.85,-17.06070045455,0.));
#9236 = VECTOR('',#9237,1.);
#9237 = DIRECTION('',(0.,0.,1.));
#9238 = ORIENTED_EDGE('',*,*,#9108,.T.);
#9239 = ORIENTED_EDGE('',*,*,#9233,.F.);
#9240 = ORIENTED_EDGE('',*,*,#9055,.F.);
#9241 = CYLINDRICAL_SURFACE('',#9242,5.3);
#9242 = AXIS2_PLACEMENT_3D('',#9243,#9244,#9245);
#9243 = CARTESIAN_POINT('',(-12.5,-21.65063509461,0.));
#9244 = DIRECTION('',(0.,-0.,-1.));
#9245 = DIRECTION('',(0.5,0.866025403784,0.));
#9246 = ADVANCED_FACE('',(#9247),#9258,.F.);
#9247 = FACE_BOUND('',#9248,.T.);
#9248 = EDGE_LOOP('',(#9249,#9255,#9256,#9257));
#9249 = ORIENTED_EDGE('',*,*,#9250,.T.);
#9250 = EDGE_CURVE('',#9067,#9120,#9251,.T.);
#9251 = LINE('',#9252,#9253);
#9252 = CARTESIAN_POINT('',(-19.7,0.,0.));
#9253 = VECTOR('',#9254,1.);
#9254 = DIRECTION('',(0.,0.,1.));
#9255 = ORIENTED_EDGE('',*,*,#9119,.T.);
#9256 = ORIENTED_EDGE('',*,*,#9250,.F.);
#9257 = ORIENTED_EDGE('',*,*,#9066,.F.);
#9258 = CYLINDRICAL_SURFACE('',#9259,5.3);
#9259 = AXIS2_PLACEMENT_3D('',#9260,#9261,#9262);
#9260 = CARTESIAN_POINT('',(-25.,0.,0.));
#9261 = DIRECTION('',(-0.,-0.,-1.));
#9262 = DIRECTION('',(1.,0.,0.));
#9263 = ADVANCED_FACE('',(#9264),#9275,.F.);
#9264 = FACE_BOUND('',#9265,.T.);
#9265 = EDGE_LOOP('',(#9266,#9272,#9273,#9274));
#9266 = ORIENTED_EDGE('',*,*,#9267,.T.);
#9267 = EDGE_CURVE('',#9078,#9183,#9268,.T.);
#9268 = LINE('',#9269,#9270);
#9269 = CARTESIAN_POINT('',(9.85,17.060700454553,0.));
#9270 = VECTOR('',#9271,1.);
#9271 = DIRECTION('',(0.,0.,1.));
#9272 = ORIENTED_EDGE('',*,*,#9182,.T.);
#9273 = ORIENTED_EDGE('',*,*,#9267,.F.);
#9274 = ORIENTED_EDGE('',*,*,#9077,.F.);
#9275 = CYLINDRICAL_SURFACE('',#9276,5.3);
#9276 = AXIS2_PLACEMENT_3D('',#9277,#9278,#9279);
#9277 = CARTESIAN_POINT('',(12.5,21.650635094611,0.));
#9278 = DIRECTION('',(0.,0.,-1.));
#9279 = DIRECTION('',(-0.5,-0.866025403784,0.));
#9280 = ADVANCED_FACE('',(#9281),#9292,.F.);
#9281 = FACE_BOUND('',#9282,.T.);
#9282 = EDGE_LOOP('',(#9283,#9289,#9290,#9291));
#9283 = ORIENTED_EDGE('',*,*,#9284,.T.);
#9284 = EDGE_CURVE('',#9089,#9172,#9285,.T.);
#9285 = LINE('',#9286,#9287);
#9286 = CARTESIAN_POINT('',(-9.85,17.060700454553,0.));
#9287 = VECTOR('',#9288,1.);
#9288 = DIRECTION('',(0.,0.,1.));
#9289 = ORIENTED_EDGE('',*,*,#9171,.T.);
#9290 = ORIENTED_EDGE('',*,*,#9284,.F.);
#9291 = ORIENTED_EDGE('',*,*,#9088,.F.);
#9292 = CYLINDRICAL_SURFACE('',#9293,5.3);
#9293 = AXIS2_PLACEMENT_3D('',#9294,#9295,#9296);
#9294 = CARTESIAN_POINT('',(-12.5,21.650635094611,0.));
#9295 = DIRECTION('',(0.,0.,-1.));
#9296 = DIRECTION('',(0.5,-0.866025403784,0.));
#9297 = ADVANCED_FACE('',(#9298),#9323,.T.);
#9298 = FACE_BOUND('',#9299,.T.);
#9299 = EDGE_LOOP('',(#9300,#9301,#9309,#9317));
#9300 = ORIENTED_EDGE('',*,*,#9130,.T.);
#9301 = ORIENTED_EDGE('',*,*,#9302,.T.);
#9302 = EDGE_CURVE('',#9133,#9303,#9305,.T.);
#9303 = VERTEX_POINT('',#9304);
#9304 = CARTESIAN_POINT('',(-0.979795897134,2.299999999991,20.));
#9305 = LINE('',#9306,#9307);
#9306 = CARTESIAN_POINT('',(-0.979795897134,2.299999999991,0.));
#9307 = VECTOR('',#9308,1.);
#9308 = DIRECTION('',(0.,0.,1.));
#9309 = ORIENTED_EDGE('',*,*,#9310,.T.);
#9310 = EDGE_CURVE('',#9303,#9311,#9313,.T.);
#9311 = VERTEX_POINT('',#9312);
#9312 = CARTESIAN_POINT('',(0.979795897134,2.299999999991,20.));
#9313 = LINE('',#9314,#9315);
#9314 = CARTESIAN_POINT('',(-0.979795897134,2.299999999991,20.));
#9315 = VECTOR('',#9316,1.);
#9316 = DIRECTION('',(1.,0.,0.));
#9317 = ORIENTED_EDGE('',*,*,#9318,.F.);
#9318 = EDGE_CURVE('',#9131,#9311,#9319,.T.);
#9319 = LINE('',#9320,#9321);
#9320 = CARTESIAN_POINT('',(0.979795897134,2.299999999991,0.));
#9321 = VECTOR('',#9322,1.);
#9322 = DIRECTION('',(0.,0.,1.));
#9323 = PLANE('',#9324);
#9324 = AXIS2_PLACEMENT_3D('',#9325,#9326,#9327);
#9325 = CARTESIAN_POINT('',(-0.979795897134,2.299999999991,0.));
#9326 = DIRECTION('',(0.,1.,0.));
#9327 = DIRECTION('',(1.,0.,0.));
#9328 = ADVANCED_FACE('',(#9329),#9341,.T.);
#9329 = FACE_BOUND('',#9330,.F.);
#9330 = EDGE_LOOP('',(#9331,#9332,#9333,#9340));
#9331 = ORIENTED_EDGE('',*,*,#9140,.T.);
#9332 = ORIENTED_EDGE('',*,*,#9302,.T.);
#9333 = ORIENTED_EDGE('',*,*,#9334,.T.);
#9334 = EDGE_CURVE('',#9303,#9311,#9335,.T.);
#9335 = CIRCLE('',#9336,2.5);
#9336 = AXIS2_PLACEMENT_3D('',#9337,#9338,#9339);
#9337 = CARTESIAN_POINT('',(0.,0.,20.));
#9338 = DIRECTION('',(0.,0.,1.));
#9339 = DIRECTION('',(1.,0.,0.));
#9340 = ORIENTED_EDGE('',*,*,#9318,.F.);
#9341 = CYLINDRICAL_SURFACE('',#9342,2.5);
#9342 = AXIS2_PLACEMENT_3D('',#9343,#9344,#9345);
#9343 = CARTESIAN_POINT('',(0.,0.,0.));
#9344 = DIRECTION('',(-0.,-0.,-1.));
#9345 = DIRECTION('',(1.,0.,0.));
#9346 = ADVANCED_FACE('',(#9347),#9351,.T.);
#9347 = FACE_BOUND('',#9348,.T.);
#9348 = EDGE_LOOP('',(#9349,#9350));
#9349 = ORIENTED_EDGE('',*,*,#9334,.T.);
#9350 = ORIENTED_EDGE('',*,*,#9310,.F.);
#9351 = PLANE('',#9352);
#9352 = AXIS2_PLACEMENT_3D('',#9353,#9354,#9355);
#9353 = CARTESIAN_POINT('',(1.640160752746E-17,0.10931767404,20.));
#9354 = DIRECTION('',(0.,0.,1.));
#9355 = DIRECTION('',(1.,0.,0.));
#9356 = ( GEOMETRIC_REPRESENTATION_CONTEXT(3) 
GLOBAL_UNCERTAINTY_ASSIGNED_CONTEXT((#9360)) 
GLOBAL_UNIT_ASSIGNED_CONTEXT((#9357,#9358,#9359)) REPRESENTATION_CONTEXT
('Context #1','3D Context with UNIT and UNCERTAINTY') );
#9357 = ( LENGTH_UNIT() NAMED_UNIT(*) SI_UNIT(.MILLI.,.METRE.) );
#9358 = ( NAMED_UNIT(*) PLANE_ANGLE_UNIT() SI_UNIT($,.RADIAN.) );
#9359 = ( NAMED_UNIT(*) SI_UNIT($,.STERADIAN.) SOLID_ANGLE_UNIT() );
#9360 = UNCERTAINTY_MEASURE_WITH_UNIT(LENGTH_MEASURE(5.E-06),#9357,
  'distance_accuracy_value','confusion accuracy');
#9361 = CONTEXT_DEPENDENT_SHAPE_REPRESENTATION(#9362,#9364);
#9362 = ( REPRESENTATION_RELATIONSHIP('','',#8990,#10) 
REPRESENTATION_RELATIONSHIP_WITH_TRANSFORMATION(#9363) 
SHAPE_REPRESENTATION_RELATIONSHIP() );
#9363 = ITEM_DEFINED_TRANSFORMATION('','',#11,#39);
#9364 = PRODUCT_DEFINITION_SHAPE('Placement','Placement of an item',
  #9365);
#9365 = NEXT_ASSEMBLY_USAGE_OCCURRENCE('7','outputShaft','',#5,#8985,$);
#9366 = PRODUCT_RELATED_PRODUCT_CATEGORY('part',$,(#8987));
ENDSEC;
END-ISO-10303-21;
