ISO-10303-21;
HEADER;
FILE_DESCRIPTION(('FreeCAD Model'),'2;1');
FILE_NAME('Open CASCADE Shape Model','2026-05-26T02:31:37',('Author'),(
    ''),'Open CASCADE STEP processor 7.8','FreeCAD','Unknown');
FILE_SCHEMA(('AUTOMOTIVE_DESIGN { 1 0 10303 214 1 1 1 1 }'));
ENDSEC;
DATA;
#1 = APPLICATION_PROTOCOL_DEFINITION('international standard',
  'automotive_design',2000,#2);
#2 = APPLICATION_CONTEXT(
  'core data for automotive mechanical design processes');
#3 = SHAPE_DEFINITION_REPRESENTATION(#4,#10);
#4 = PRODUCT_DEFINITION_SHAPE('','',#5);
#5 = PRODUCT_DEFINITION('design','',#6,#9);
#6 = PRODUCT_DEFINITION_FORMATION('','',#7);
#7 = PRODUCT('cycloidalDisk2','cycloidalDisk2','',(#8));
#8 = PRODUCT_CONTEXT('',#2,'mechanical');
#9 = PRODUCT_DEFINITION_CONTEXT('part definition',#2,'design');
#10 = ADVANCED_BREP_SHAPE_REPRESENTATION('',(#11,#15),#2945);
#11 = AXIS2_PLACEMENT_3D('',#12,#13,#14);
#12 = CARTESIAN_POINT('',(0.,0.,0.));
#13 = DIRECTION('',(0.,0.,1.));
#14 = DIRECTION('',(1.,0.,-0.));
#15 = MANIFOLD_SOLID_BREP('',#16);
#16 = CLOSED_SHELL('',(#17,#227,#428,#629,#830,#1031,#1232,#1433,#1634,
    #1835,#2036,#2237,#2438,#2630,#2663,#2696,#2729,#2762,#2795,#2828,
    #2861,#2903));
#17 = ADVANCED_FACE('',(#18),#164,.F.);
#18 = FACE_BOUND('',#19,.F.);
#19 = EDGE_LOOP('',(#20,#30,#94,#102));
#20 = ORIENTED_EDGE('',*,*,#21,.T.);
#21 = EDGE_CURVE('',#22,#24,#26,.T.);
#22 = VERTEX_POINT('',#23);
#23 = CARTESIAN_POINT('',(30.938964154299,17.287702000028,0.));
#24 = VERTEX_POINT('',#25);
#25 = CARTESIAN_POINT('',(30.938964154299,17.287702000028,5.));
#26 = LINE('',#27,#28);
#27 = CARTESIAN_POINT('',(30.938964154299,17.287702000028,0.));
#28 = VECTOR('',#29,1.);
#29 = DIRECTION('',(0.,0.,1.));
#30 = ORIENTED_EDGE('',*,*,#31,.T.);
#31 = EDGE_CURVE('',#24,#32,#34,.T.);
#32 = VERTEX_POINT('',#33);
#33 = CARTESIAN_POINT('',(19.132008578399,30.614999811244,5.));
#34 = B_SPLINE_CURVE_WITH_KNOTS('',3,(#35,#36,#37,#38,#39,#40,#41,#42,
    #43,#44,#45,#46,#47,#48,#49,#50,#51,#52,#53,#54,#55,#56,#57,#58,#59,
    #60,#61,#62,#63,#64,#65,#66,#67,#68,#69,#70,#71,#72,#73,#74,#75,#76,
    #77,#78,#79,#80,#81,#82,#83,#84,#85,#86,#87,#88,#89,#90,#91,#92,#93)
  ,.UNSPECIFIED.,.F.,.F.,(4,1,1,1,1,1,1,1,1,1,1,1,1,1,1,1,1,1,1,1,1,1,1,
    1,1,1,1,1,1,1,1,1,1,1,1,1,1,1,1,1,1,1,1,1,1,1,1,1,1,1,1,1,1,1,1,1,4)
  ,(0.,0.328013505293,0.654532141274,0.978073973054,1.297183287801,
    1.61044462083,1.916497973535,2.214055789897,2.501922432478,
    2.779017159017,3.044401987384,3.269623492035,3.510023310168,
    3.737105776354,3.950973242823,4.152195746167,4.341963344013,
    4.522306308509,4.696421126138,4.869164710127,5.047820617967,
    5.243309477393,5.472118985513,5.759336347265,6.143042595942,
    6.678887194379,7.495697516282,8.524531677202,9.766857061766,
    11.00918244633,12.03801660725,12.854826929153,13.39067152759,
    13.774377776267,14.061595138019,14.290404646139,14.485893505565,
    14.664549413405,14.837292997394,15.011407815023,15.191750779519,
    15.381518377365,15.582740880709,15.796608347178,16.023690813363,
    16.264090631496,16.489312136147,16.754696964515,17.031791691054,
    17.319658333634,17.617216149997,17.923269502701,18.236530835731,
    18.555640150478,18.879181982258,19.205700618239,19.533714123532),
  .UNSPECIFIED.);
#35 = CARTESIAN_POINT('',(30.938964154299,17.287702000028,5.));
#36 = CARTESIAN_POINT('',(30.888145872737,17.384526788182,5.));
#37 = CARTESIAN_POINT('',(30.781436723055,17.574955671477,5.));
#38 = CARTESIAN_POINT('',(30.606613757698,17.85033714936,5.));
#39 = CARTESIAN_POINT('',(30.418709711207,18.113325782714,5.));
#40 = CARTESIAN_POINT('',(30.219471677901,18.362187264886,5.));
#41 = CARTESIAN_POINT('',(30.010965205123,18.595589694461,5.));
#42 = CARTESIAN_POINT('',(29.794936512174,18.811960438413,5.));
#43 = CARTESIAN_POINT('',(29.574905591998,19.011910169025,5.));
#44 = CARTESIAN_POINT('',(29.348464034611,19.18966444612,5.));
#45 = CARTESIAN_POINT('',(29.134340372684,19.363509648219,5.));
#46 = CARTESIAN_POINT('',(28.885820138089,19.464990899232,5.));
#47 = CARTESIAN_POINT('',(28.78431332592,19.710122137112,5.));
#48 = CARTESIAN_POINT('',(28.549722258394,19.783000833998,5.));
#49 = CARTESIAN_POINT('',(28.350386673714,19.885478261783,5.));
#50 = CARTESIAN_POINT('',(28.149645900024,19.962723627836,5.));
#51 = CARTESIAN_POINT('',(27.9595416491,20.029310100786,5.));
#52 = CARTESIAN_POINT('',(27.776907843029,20.083734914417,5.));
#53 = CARTESIAN_POINT('',(27.601110245929,20.128613064621,5.));
#54 = CARTESIAN_POINT('',(27.429288758815,20.165682747259,5.));
#55 = CARTESIAN_POINT('',(27.256918686635,20.19702133262,5.));
#56 = CARTESIAN_POINT('',(27.076735939319,20.224809830503,5.));
#57 = CARTESIAN_POINT('',(26.877563666304,20.251754772998,5.));
#58 = CARTESIAN_POINT('',(26.64226755585,20.281655236508,5.));
#59 = CARTESIAN_POINT('',(26.345247320693,20.322628024867,5.));
#60 = CARTESIAN_POINT('',(25.947390771831,20.385689436269,5.));
#61 = CARTESIAN_POINT('',(25.389553335937,20.538898119505,5.));
#62 = CARTESIAN_POINT('',(24.596689259789,20.662889021094,5.));
#63 = CARTESIAN_POINT('',(23.70445719875,21.213053146208,5.));
#64 = CARTESIAN_POINT('',(22.806780509398,21.976889809507,5.));
#65 = CARTESIAN_POINT('',(22.156716043456,22.960091760749,5.));
#66 = CARTESIAN_POINT('',(21.7181099249,23.912133402734,5.));
#67 = CARTESIAN_POINT('',(21.690592260219,24.71416205874,5.));
#68 = CARTESIAN_POINT('',(21.605740513426,25.286399497719,5.));
#69 = CARTESIAN_POINT('',(21.591095198331,25.688956437575,5.));
#70 = CARTESIAN_POINT('',(21.586222980846,25.988749784692,5.));
#71 = CARTESIAN_POINT('',(21.584902337411,26.22593442419,5.));
#72 = CARTESIAN_POINT('',(21.582161418472,26.426902361003,5.));
#73 = CARTESIAN_POINT('',(21.576294160226,26.609120906508,5.));
#74 = CARTESIAN_POINT('',(21.565960984713,26.784011655833,5.));
#75 = CARTESIAN_POINT('',(21.549872373452,26.959048627335,5.));
#76 = CARTESIAN_POINT('',(21.526511494242,27.138973925263,5.));
#77 = CARTESIAN_POINT('',(21.494497571466,27.326836311618,5.));
#78 = CARTESIAN_POINT('',(21.451311124183,27.523580600914,5.));
#79 = CARTESIAN_POINT('',(21.398825590271,27.732168648338,5.));
#80 = CARTESIAN_POINT('',(21.321122587948,27.94240314112,5.));
#81 = CARTESIAN_POINT('',(21.277052087313,28.184068331822,5.));
#82 = CARTESIAN_POINT('',(21.045943426314,28.314382350683,5.));
#83 = CARTESIAN_POINT('',(20.975157891933,28.573322806064,5.));
#84 = CARTESIAN_POINT('',(20.828389972463,28.806839988953,5.));
#85 = CARTESIAN_POINT('',(20.679226237781,29.053056442898,5.));
#86 = CARTESIAN_POINT('',(20.5072561625,29.295584366679,5.));
#87 = CARTESIAN_POINT('',(20.318502386372,29.536118578409,5.));
#88 = CARTESIAN_POINT('',(20.111934401337,29.771238358267,5.));
#89 = CARTESIAN_POINT('',(19.888902890679,29.999020658893,5.));
#90 = CARTESIAN_POINT('',(19.650481070532,30.217254450132,5.));
#91 = CARTESIAN_POINT('',(19.398180013552,30.423996328386,5.));
#92 = CARTESIAN_POINT('',(19.222001937876,30.55288111364,5.));
#93 = CARTESIAN_POINT('',(19.132008578399,30.614999811244,5.));
#94 = ORIENTED_EDGE('',*,*,#95,.F.);
#95 = EDGE_CURVE('',#96,#32,#98,.T.);
#96 = VERTEX_POINT('',#97);
#97 = CARTESIAN_POINT('',(19.132008578399,30.614999811244,0.));
#98 = LINE('',#99,#100);
#99 = CARTESIAN_POINT('',(19.132008578399,30.614999811244,0.));
#100 = VECTOR('',#101,1.);
#101 = DIRECTION('',(0.,0.,1.));
#102 = ORIENTED_EDGE('',*,*,#103,.F.);
#103 = EDGE_CURVE('',#22,#96,#104,.T.);
#104 = B_SPLINE_CURVE_WITH_KNOTS('',3,(#105,#106,#107,#108,#109,#110,
    #111,#112,#113,#114,#115,#116,#117,#118,#119,#120,#121,#122,#123,
    #124,#125,#126,#127,#128,#129,#130,#131,#132,#133,#134,#135,#136,
    #137,#138,#139,#140,#141,#142,#143,#144,#145,#146,#147,#148,#149,
    #150,#151,#152,#153,#154,#155,#156,#157,#158,#159,#160,#161,#162,
    #163),.UNSPECIFIED.,.F.,.F.,(4,1,1,1,1,1,1,1,1,1,1,1,1,1,1,1,1,1,1,1
    ,1,1,1,1,1,1,1,1,1,1,1,1,1,1,1,1,1,1,1,1,1,1,1,1,1,1,1,1,1,1,1,1,1,1
    ,1,1,4),(0.,0.328013505293,0.654532141274,0.978073973054,
    1.297183287801,1.61044462083,1.916497973535,2.214055789897,
    2.501922432478,2.779017159017,3.044401987384,3.269623492035,
    3.510023310168,3.737105776354,3.950973242823,4.152195746167,
    4.341963344013,4.522306308509,4.696421126138,4.869164710127,
    5.047820617967,5.243309477393,5.472118985513,5.759336347265,
    6.143042595942,6.678887194379,7.495697516282,8.524531677202,
    9.766857061766,11.00918244633,12.03801660725,12.854826929153,
    13.39067152759,13.774377776267,14.061595138019,14.290404646139,
    14.485893505565,14.664549413405,14.837292997394,15.011407815023,
    15.191750779519,15.381518377365,15.582740880709,15.796608347178,
    16.023690813363,16.264090631496,16.489312136147,16.754696964515,
    17.031791691054,17.319658333634,17.617216149997,17.923269502701,
    18.236530835731,18.555640150478,18.879181982258,19.205700618239,
    19.533714123532),.UNSPECIFIED.);
#105 = CARTESIAN_POINT('',(30.938964154299,17.287702000028,0.));
#106 = CARTESIAN_POINT('',(30.888145872737,17.384526788182,0.));
#107 = CARTESIAN_POINT('',(30.781436723055,17.574955671477,0.));
#108 = CARTESIAN_POINT('',(30.606613757698,17.85033714936,0.));
#109 = CARTESIAN_POINT('',(30.418709711207,18.113325782714,0.));
#110 = CARTESIAN_POINT('',(30.219471677901,18.362187264886,0.));
#111 = CARTESIAN_POINT('',(30.010965205123,18.595589694461,0.));
#112 = CARTESIAN_POINT('',(29.794936512174,18.811960438413,0.));
#113 = CARTESIAN_POINT('',(29.574905591998,19.011910169025,0.));
#114 = CARTESIAN_POINT('',(29.348464034611,19.18966444612,0.));
#115 = CARTESIAN_POINT('',(29.134340372684,19.363509648219,0.));
#116 = CARTESIAN_POINT('',(28.885820138089,19.464990899232,0.));
#117 = CARTESIAN_POINT('',(28.78431332592,19.710122137112,0.));
#118 = CARTESIAN_POINT('',(28.549722258394,19.783000833998,0.));
#119 = CARTESIAN_POINT('',(28.350386673714,19.885478261783,0.));
#120 = CARTESIAN_POINT('',(28.149645900024,19.962723627836,0.));
#121 = CARTESIAN_POINT('',(27.9595416491,20.029310100786,0.));
#122 = CARTESIAN_POINT('',(27.776907843029,20.083734914417,0.));
#123 = CARTESIAN_POINT('',(27.601110245929,20.128613064621,0.));
#124 = CARTESIAN_POINT('',(27.429288758815,20.165682747259,0.));
#125 = CARTESIAN_POINT('',(27.256918686635,20.19702133262,0.));
#126 = CARTESIAN_POINT('',(27.076735939319,20.224809830503,0.));
#127 = CARTESIAN_POINT('',(26.877563666304,20.251754772998,0.));
#128 = CARTESIAN_POINT('',(26.64226755585,20.281655236508,0.));
#129 = CARTESIAN_POINT('',(26.345247320693,20.322628024867,0.));
#130 = CARTESIAN_POINT('',(25.947390771831,20.385689436269,0.));
#131 = CARTESIAN_POINT('',(25.389553335937,20.538898119505,0.));
#132 = CARTESIAN_POINT('',(24.596689259789,20.662889021094,0.));
#133 = CARTESIAN_POINT('',(23.70445719875,21.213053146208,0.));
#134 = CARTESIAN_POINT('',(22.806780509398,21.976889809507,0.));
#135 = CARTESIAN_POINT('',(22.156716043456,22.960091760749,0.));
#136 = CARTESIAN_POINT('',(21.7181099249,23.912133402734,0.));
#137 = CARTESIAN_POINT('',(21.690592260219,24.71416205874,0.));
#138 = CARTESIAN_POINT('',(21.605740513426,25.286399497719,0.));
#139 = CARTESIAN_POINT('',(21.591095198331,25.688956437575,0.));
#140 = CARTESIAN_POINT('',(21.586222980846,25.988749784692,0.));
#141 = CARTESIAN_POINT('',(21.584902337411,26.22593442419,0.));
#142 = CARTESIAN_POINT('',(21.582161418472,26.426902361003,0.));
#143 = CARTESIAN_POINT('',(21.576294160226,26.609120906508,0.));
#144 = CARTESIAN_POINT('',(21.565960984713,26.784011655833,0.));
#145 = CARTESIAN_POINT('',(21.549872373452,26.959048627335,0.));
#146 = CARTESIAN_POINT('',(21.526511494242,27.138973925263,0.));
#147 = CARTESIAN_POINT('',(21.494497571466,27.326836311618,0.));
#148 = CARTESIAN_POINT('',(21.451311124183,27.523580600914,0.));
#149 = CARTESIAN_POINT('',(21.398825590271,27.732168648338,0.));
#150 = CARTESIAN_POINT('',(21.321122587948,27.94240314112,0.));
#151 = CARTESIAN_POINT('',(21.277052087313,28.184068331822,0.));
#152 = CARTESIAN_POINT('',(21.045943426314,28.314382350683,0.));
#153 = CARTESIAN_POINT('',(20.975157891933,28.573322806064,0.));
#154 = CARTESIAN_POINT('',(20.828389972463,28.806839988953,0.));
#155 = CARTESIAN_POINT('',(20.679226237781,29.053056442898,0.));
#156 = CARTESIAN_POINT('',(20.5072561625,29.295584366679,0.));
#157 = CARTESIAN_POINT('',(20.318502386372,29.536118578409,0.));
#158 = CARTESIAN_POINT('',(20.111934401337,29.771238358267,0.));
#159 = CARTESIAN_POINT('',(19.888902890679,29.999020658893,0.));
#160 = CARTESIAN_POINT('',(19.650481070532,30.217254450132,0.));
#161 = CARTESIAN_POINT('',(19.398180013552,30.423996328386,0.));
#162 = CARTESIAN_POINT('',(19.222001937876,30.55288111364,0.));
#163 = CARTESIAN_POINT('',(19.132008578399,30.614999811244,0.));
#164 = SURFACE_OF_LINEAR_EXTRUSION('',#165,#225);
#165 = B_SPLINE_CURVE_WITH_KNOTS('',3,(#166,#167,#168,#169,#170,#171,
    #172,#173,#174,#175,#176,#177,#178,#179,#180,#181,#182,#183,#184,
    #185,#186,#187,#188,#189,#190,#191,#192,#193,#194,#195,#196,#197,
    #198,#199,#200,#201,#202,#203,#204,#205,#206,#207,#208,#209,#210,
    #211,#212,#213,#214,#215,#216,#217,#218,#219,#220,#221,#222,#223,
    #224),.UNSPECIFIED.,.F.,.F.,(4,1,1,1,1,1,1,1,1,1,1,1,1,1,1,1,1,1,1,1
    ,1,1,1,1,1,1,1,1,1,1,1,1,1,1,1,1,1,1,1,1,1,1,1,1,1,1,1,1,1,1,1,1,1,1
    ,1,1,4),(0.,0.328013505293,0.654532141274,0.978073973054,
    1.297183287801,1.61044462083,1.916497973535,2.214055789897,
    2.501922432478,2.779017159017,3.044401987384,3.269623492035,
    3.510023310168,3.737105776354,3.950973242823,4.152195746167,
    4.341963344013,4.522306308509,4.696421126138,4.869164710127,
    5.047820617967,5.243309477393,5.472118985513,5.759336347265,
    6.143042595942,6.678887194379,7.495697516282,8.524531677202,
    9.766857061766,11.00918244633,12.03801660725,12.854826929153,
    13.39067152759,13.774377776267,14.061595138019,14.290404646139,
    14.485893505565,14.664549413405,14.837292997394,15.011407815023,
    15.191750779519,15.381518377365,15.582740880709,15.796608347178,
    16.023690813363,16.264090631496,16.489312136147,16.754696964515,
    17.031791691054,17.319658333634,17.617216149997,17.923269502701,
    18.236530835731,18.555640150478,18.879181982258,19.205700618239,
    19.533714123532),.UNSPECIFIED.);
#166 = CARTESIAN_POINT('',(30.938964154299,17.287702000028,0.));
#167 = CARTESIAN_POINT('',(30.888145872737,17.384526788182,0.));
#168 = CARTESIAN_POINT('',(30.781436723055,17.574955671477,0.));
#169 = CARTESIAN_POINT('',(30.606613757698,17.85033714936,0.));
#170 = CARTESIAN_POINT('',(30.418709711207,18.113325782714,0.));
#171 = CARTESIAN_POINT('',(30.219471677901,18.362187264886,0.));
#172 = CARTESIAN_POINT('',(30.010965205123,18.595589694461,0.));
#173 = CARTESIAN_POINT('',(29.794936512174,18.811960438413,0.));
#174 = CARTESIAN_POINT('',(29.574905591998,19.011910169025,0.));
#175 = CARTESIAN_POINT('',(29.348464034611,19.18966444612,0.));
#176 = CARTESIAN_POINT('',(29.134340372684,19.363509648219,0.));
#177 = CARTESIAN_POINT('',(28.885820138089,19.464990899232,0.));
#178 = CARTESIAN_POINT('',(28.78431332592,19.710122137112,0.));
#179 = CARTESIAN_POINT('',(28.549722258394,19.783000833998,0.));
#180 = CARTESIAN_POINT('',(28.350386673714,19.885478261783,0.));
#181 = CARTESIAN_POINT('',(28.149645900024,19.962723627836,0.));
#182 = CARTESIAN_POINT('',(27.9595416491,20.029310100786,0.));
#183 = CARTESIAN_POINT('',(27.776907843029,20.083734914417,0.));
#184 = CARTESIAN_POINT('',(27.601110245929,20.128613064621,0.));
#185 = CARTESIAN_POINT('',(27.429288758815,20.165682747259,0.));
#186 = CARTESIAN_POINT('',(27.256918686635,20.19702133262,0.));
#187 = CARTESIAN_POINT('',(27.076735939319,20.224809830503,0.));
#188 = CARTESIAN_POINT('',(26.877563666304,20.251754772998,0.));
#189 = CARTESIAN_POINT('',(26.64226755585,20.281655236508,0.));
#190 = CARTESIAN_POINT('',(26.345247320693,20.322628024867,0.));
#191 = CARTESIAN_POINT('',(25.947390771831,20.385689436269,0.));
#192 = CARTESIAN_POINT('',(25.389553335937,20.538898119505,0.));
#193 = CARTESIAN_POINT('',(24.596689259789,20.662889021094,0.));
#194 = CARTESIAN_POINT('',(23.70445719875,21.213053146208,0.));
#195 = CARTESIAN_POINT('',(22.806780509398,21.976889809507,0.));
#196 = CARTESIAN_POINT('',(22.156716043456,22.960091760749,0.));
#197 = CARTESIAN_POINT('',(21.7181099249,23.912133402734,0.));
#198 = CARTESIAN_POINT('',(21.690592260219,24.71416205874,0.));
#199 = CARTESIAN_POINT('',(21.605740513426,25.286399497719,0.));
#200 = CARTESIAN_POINT('',(21.591095198331,25.688956437575,0.));
#201 = CARTESIAN_POINT('',(21.586222980846,25.988749784692,0.));
#202 = CARTESIAN_POINT('',(21.584902337411,26.22593442419,0.));
#203 = CARTESIAN_POINT('',(21.582161418472,26.426902361003,0.));
#204 = CARTESIAN_POINT('',(21.576294160226,26.609120906508,0.));
#205 = CARTESIAN_POINT('',(21.565960984713,26.784011655833,0.));
#206 = CARTESIAN_POINT('',(21.549872373452,26.959048627335,0.));
#207 = CARTESIAN_POINT('',(21.526511494242,27.138973925263,0.));
#208 = CARTESIAN_POINT('',(21.494497571466,27.326836311618,0.));
#209 = CARTESIAN_POINT('',(21.451311124183,27.523580600914,0.));
#210 = CARTESIAN_POINT('',(21.398825590271,27.732168648338,0.));
#211 = CARTESIAN_POINT('',(21.321122587948,27.94240314112,0.));
#212 = CARTESIAN_POINT('',(21.277052087313,28.184068331822,0.));
#213 = CARTESIAN_POINT('',(21.045943426314,28.314382350683,0.));
#214 = CARTESIAN_POINT('',(20.975157891933,28.573322806064,0.));
#215 = CARTESIAN_POINT('',(20.828389972463,28.806839988953,0.));
#216 = CARTESIAN_POINT('',(20.679226237781,29.053056442898,0.));
#217 = CARTESIAN_POINT('',(20.5072561625,29.295584366679,0.));
#218 = CARTESIAN_POINT('',(20.318502386372,29.536118578409,0.));
#219 = CARTESIAN_POINT('',(20.111934401337,29.771238358267,0.));
#220 = CARTESIAN_POINT('',(19.888902890679,29.999020658893,0.));
#221 = CARTESIAN_POINT('',(19.650481070532,30.217254450132,0.));
#222 = CARTESIAN_POINT('',(19.398180013552,30.423996328386,0.));
#223 = CARTESIAN_POINT('',(19.222001937876,30.55288111364,0.));
#224 = CARTESIAN_POINT('',(19.132008578399,30.614999811244,0.));
#225 = VECTOR('',#226,1.);
#226 = DIRECTION('',(-0.,-0.,-1.));
#227 = ADVANCED_FACE('',(#228),#365,.F.);
#228 = FACE_BOUND('',#229,.F.);
#229 = EDGE_LOOP('',(#230,#231,#295,#303));
#230 = ORIENTED_EDGE('',*,*,#95,.T.);
#231 = ORIENTED_EDGE('',*,*,#232,.T.);
#232 = EDGE_CURVE('',#32,#233,#235,.T.);
#233 = VERTEX_POINT('',#234);
#234 = CARTESIAN_POINT('',(2.483964505498,36.928770116448,5.));
#235 = B_SPLINE_CURVE_WITH_KNOTS('',3,(#236,#237,#238,#239,#240,#241,
    #242,#243,#244,#245,#246,#247,#248,#249,#250,#251,#252,#253,#254,
    #255,#256,#257,#258,#259,#260,#261,#262,#263,#264,#265,#266,#267,
    #268,#269,#270,#271,#272,#273,#274,#275,#276,#277,#278,#279,#280,
    #281,#282,#283,#284,#285,#286,#287,#288,#289,#290,#291,#292,#293,
    #294),.UNSPECIFIED.,.F.,.F.,(4,1,1,1,1,1,1,1,1,1,1,1,1,1,1,1,1,1,1,1
    ,1,1,1,1,1,1,1,1,1,1,1,1,1,1,1,1,1,1,1,1,1,1,1,1,1,1,1,1,1,1,1,1,1,1
    ,1,1,4),(0.,0.328013505293,0.654532141274,0.978073973054,
    1.297183287801,1.61044462083,1.916497973535,2.214055789897,
    2.501922432478,2.779017159017,3.044401987384,3.269623492035,
    3.510023310168,3.737105776354,3.950973242823,4.152195746167,
    4.341963344013,4.522306308509,4.696421126138,4.869164710127,
    5.047820617967,5.243309477393,5.472118985513,5.759336347265,
    6.143042595942,6.678887194379,7.495697516282,8.524531677202,
    9.766857061766,11.00918244633,12.03801660725,12.854826929153,
    13.39067152759,13.774377776267,14.061595138019,14.290404646139,
    14.485893505565,14.664549413405,14.837292997394,15.011407815023,
    15.191750779519,15.381518377365,15.582740880709,15.796608347178,
    16.023690813363,16.264090631496,16.489312136147,16.754696964515,
    17.031791691054,17.319658333634,17.617216149997,17.923269502701,
    18.236530835731,18.555640150478,18.879181982258,19.205700618239,
    19.533714123532),.UNSPECIFIED.);
#236 = CARTESIAN_POINT('',(19.132008578399,30.614999811244,5.));
#237 = CARTESIAN_POINT('',(19.042014502093,30.677117470342,5.));
#238 = CARTESIAN_POINT('',(18.859031527821,30.796143657988,5.));
#239 = CARTESIAN_POINT('',(18.576257325799,30.958737563925,5.));
#240 = CARTESIAN_POINT('',(18.287659643685,31.104279069482,5.));
#241 = CARTESIAN_POINT('',(17.995591429161,31.232044437594,5.));
#242 = CARTESIAN_POINT('',(17.702500599017,31.341814235843,5.));
#243 = CARTESIAN_POINT('',(17.410664192665,31.433007475411,5.));
#244 = CARTESIAN_POINT('',(17.122915215505,31.507800702036,5.));
#245 = CARTESIAN_POINT('',(16.839804642563,31.559961658945,5.));
#246 = CARTESIAN_POINT('',(16.56941766211,31.614385713294,5.));
#247 = CARTESIAN_POINT('',(16.302203234018,31.588749786756,5.));
#248 = CARTESIAN_POINT('',(16.098405249104,31.758630150677,5.));
#249 = CARTESIAN_POINT('',(15.856816755607,31.714141126943,5.));
#250 = CARTESIAN_POINT('',(15.632690225722,31.712244517655,5.));
#251 = CARTESIAN_POINT('',(15.419045386526,31.687353003373,5.));
#252 = CARTESIAN_POINT('',(15.219772155118,31.657966546565,5.));
#253 = CARTESIAN_POINT('',(15.032765479016,31.621283164059,5.));
#254 = CARTESIAN_POINT('',(14.85624852105,31.579323575616,5.));
#255 = CARTESIAN_POINT('',(14.686881009446,31.53229772296,5.));
#256 = CARTESIAN_POINT('',(14.519691123596,31.479942295494,5.));
#257 = CARTESIAN_POINT('',(14.347233265384,31.420812690508,5.));
#258 = CARTESIAN_POINT('',(14.158353036953,31.352111281703,5.));
#259 = CARTESIAN_POINT('',(13.936113239891,31.269239272468,5.));
#260 = CARTESIAN_POINT('',(13.654073878756,31.167486688964,5.));
#261 = CARTESIAN_POINT('',(13.27248330108,31.038431638271,5.));
#262 = CARTESIAN_POINT('',(12.707343156876,30.914851207332,5.));
#263 = CARTESIAN_POINT('',(11.947675438035,30.656177389802,5.));
#264 = CARTESIAN_POINT('',(10.901969165939,30.728682615878,5.));
#265 = CARTESIAN_POINT('',(9.752143335173,30.987855233466,5.));
#266 = CARTESIAN_POINT('',(8.719623107201,31.556337304981,5.));
#267 = CARTESIAN_POINT('',(7.888820864856,32.195497886856,5.));
#268 = CARTESIAN_POINT('',(7.491733881763,32.892870896645,5.));
#269 = CARTESIAN_POINT('',(7.150669393473,33.360129412171,5.));
#270 = CARTESIAN_POINT('',(6.950624072957,33.709769862948,5.));
#271 = CARTESIAN_POINT('',(6.806989023396,33.972959456239,5.));
#272 = CARTESIAN_POINT('',(6.695594453682,34.182362290869,5.));
#273 = CARTESIAN_POINT('',(6.599773033416,34.35903679294,5.));
#274 = CARTESIAN_POINT('',(6.509896653777,34.517656651179,5.));
#275 = CARTESIAN_POINT('',(6.419471297467,34.667712652899,5.));
#276 = CARTESIAN_POINT('',(6.323881803059,34.815223443568,5.));
#277 = CARTESIAN_POINT('',(6.219581316615,34.963683040898,5.));
#278 = CARTESIAN_POINT('',(6.103930391693,35.115149311148,5.));
#279 = CARTESIAN_POINT('',(5.974259061517,35.269287984847,5.));
#280 = CARTESIAN_POINT('',(5.830849730205,35.429592284512,5.));
#281 = CARTESIAN_POINT('',(5.664346298229,35.579635297229,5.));
#282 = CARTESIAN_POINT('',(5.513016393893,35.773138613678,5.));
#283 = CARTESIAN_POINT('',(5.247819893223,35.781124396879,5.));
#284 = CARTESIAN_POINT('',(5.064806785481,35.977509105309,5.));
#285 = CARTESIAN_POINT('',(4.826329400855,36.116071848902,5.));
#286 = CARTESIAN_POINT('',(4.579828981685,36.264765847726,5.));
#287 = CARTESIAN_POINT('',(4.314848696247,36.399595180347,5.));
#288 = CARTESIAN_POINT('',(4.03593370595,36.524859393921,5.));
#289 = CARTESIAN_POINT('',(3.743761228987,36.637050690499,5.));
#290 = CARTESIAN_POINT('',(3.440420920683,36.735093990026,5.));
#291 = CARTESIAN_POINT('',(3.127890583674,36.817530270937,5.));
#292 = CARTESIAN_POINT('',(2.808411351037,36.883340965282,5.));
#293 = CARTESIAN_POINT('',(2.592517666109,36.915588740827,5.));
#294 = CARTESIAN_POINT('',(2.483964505498,36.928770116448,5.));
#295 = ORIENTED_EDGE('',*,*,#296,.F.);
#296 = EDGE_CURVE('',#297,#233,#299,.T.);
#297 = VERTEX_POINT('',#298);
#298 = CARTESIAN_POINT('',(2.483964505498,36.928770116448,0.));
#299 = LINE('',#300,#301);
#300 = CARTESIAN_POINT('',(2.483964505498,36.928770116448,0.));
#301 = VECTOR('',#302,1.);
#302 = DIRECTION('',(0.,0.,1.));
#303 = ORIENTED_EDGE('',*,*,#304,.F.);
#304 = EDGE_CURVE('',#96,#297,#305,.T.);
#305 = B_SPLINE_CURVE_WITH_KNOTS('',3,(#306,#307,#308,#309,#310,#311,
    #312,#313,#314,#315,#316,#317,#318,#319,#320,#321,#322,#323,#324,
    #325,#326,#327,#328,#329,#330,#331,#332,#333,#334,#335,#336,#337,
    #338,#339,#340,#341,#342,#343,#344,#345,#346,#347,#348,#349,#350,
    #351,#352,#353,#354,#355,#356,#357,#358,#359,#360,#361,#362,#363,
    #364),.UNSPECIFIED.,.F.,.F.,(4,1,1,1,1,1,1,1,1,1,1,1,1,1,1,1,1,1,1,1
    ,1,1,1,1,1,1,1,1,1,1,1,1,1,1,1,1,1,1,1,1,1,1,1,1,1,1,1,1,1,1,1,1,1,1
    ,1,1,4),(0.,0.328013505293,0.654532141274,0.978073973054,
    1.297183287801,1.61044462083,1.916497973535,2.214055789897,
    2.501922432478,2.779017159017,3.044401987384,3.269623492035,
    3.510023310168,3.737105776354,3.950973242823,4.152195746167,
    4.341963344013,4.522306308509,4.696421126138,4.869164710127,
    5.047820617967,5.243309477393,5.472118985513,5.759336347265,
    6.143042595942,6.678887194379,7.495697516282,8.524531677202,
    9.766857061766,11.00918244633,12.03801660725,12.854826929153,
    13.39067152759,13.774377776267,14.061595138019,14.290404646139,
    14.485893505565,14.664549413405,14.837292997394,15.011407815023,
    15.191750779519,15.381518377365,15.582740880709,15.796608347178,
    16.023690813363,16.264090631496,16.489312136147,16.754696964515,
    17.031791691054,17.319658333634,17.617216149997,17.923269502701,
    18.236530835731,18.555640150478,18.879181982258,19.205700618239,
    19.533714123532),.UNSPECIFIED.);
#306 = CARTESIAN_POINT('',(19.132008578399,30.614999811244,0.));
#307 = CARTESIAN_POINT('',(19.042014502093,30.677117470342,0.));
#308 = CARTESIAN_POINT('',(18.859031527821,30.796143657988,0.));
#309 = CARTESIAN_POINT('',(18.576257325799,30.958737563925,0.));
#310 = CARTESIAN_POINT('',(18.287659643685,31.104279069482,0.));
#311 = CARTESIAN_POINT('',(17.995591429161,31.232044437594,0.));
#312 = CARTESIAN_POINT('',(17.702500599017,31.341814235843,0.));
#313 = CARTESIAN_POINT('',(17.410664192665,31.433007475411,0.));
#314 = CARTESIAN_POINT('',(17.122915215505,31.507800702036,0.));
#315 = CARTESIAN_POINT('',(16.839804642563,31.559961658945,0.));
#316 = CARTESIAN_POINT('',(16.56941766211,31.614385713294,0.));
#317 = CARTESIAN_POINT('',(16.302203234018,31.588749786756,0.));
#318 = CARTESIAN_POINT('',(16.098405249104,31.758630150677,0.));
#319 = CARTESIAN_POINT('',(15.856816755607,31.714141126943,0.));
#320 = CARTESIAN_POINT('',(15.632690225722,31.712244517655,0.));
#321 = CARTESIAN_POINT('',(15.419045386526,31.687353003373,0.));
#322 = CARTESIAN_POINT('',(15.219772155118,31.657966546565,0.));
#323 = CARTESIAN_POINT('',(15.032765479016,31.621283164059,0.));
#324 = CARTESIAN_POINT('',(14.85624852105,31.579323575616,0.));
#325 = CARTESIAN_POINT('',(14.686881009446,31.53229772296,0.));
#326 = CARTESIAN_POINT('',(14.519691123596,31.479942295494,0.));
#327 = CARTESIAN_POINT('',(14.347233265384,31.420812690508,0.));
#328 = CARTESIAN_POINT('',(14.158353036953,31.352111281703,0.));
#329 = CARTESIAN_POINT('',(13.936113239891,31.269239272468,0.));
#330 = CARTESIAN_POINT('',(13.654073878756,31.167486688964,0.));
#331 = CARTESIAN_POINT('',(13.27248330108,31.038431638271,0.));
#332 = CARTESIAN_POINT('',(12.707343156876,30.914851207332,0.));
#333 = CARTESIAN_POINT('',(11.947675438035,30.656177389802,0.));
#334 = CARTESIAN_POINT('',(10.901969165939,30.728682615878,0.));
#335 = CARTESIAN_POINT('',(9.752143335173,30.987855233466,0.));
#336 = CARTESIAN_POINT('',(8.719623107201,31.556337304981,0.));
#337 = CARTESIAN_POINT('',(7.888820864856,32.195497886856,0.));
#338 = CARTESIAN_POINT('',(7.491733881763,32.892870896645,0.));
#339 = CARTESIAN_POINT('',(7.150669393473,33.360129412171,0.));
#340 = CARTESIAN_POINT('',(6.950624072957,33.709769862948,0.));
#341 = CARTESIAN_POINT('',(6.806989023396,33.972959456239,0.));
#342 = CARTESIAN_POINT('',(6.695594453682,34.182362290869,0.));
#343 = CARTESIAN_POINT('',(6.599773033416,34.35903679294,0.));
#344 = CARTESIAN_POINT('',(6.509896653777,34.517656651179,0.));
#345 = CARTESIAN_POINT('',(6.419471297467,34.667712652899,0.));
#346 = CARTESIAN_POINT('',(6.323881803059,34.815223443568,0.));
#347 = CARTESIAN_POINT('',(6.219581316615,34.963683040898,0.));
#348 = CARTESIAN_POINT('',(6.103930391693,35.115149311148,0.));
#349 = CARTESIAN_POINT('',(5.974259061517,35.269287984847,0.));
#350 = CARTESIAN_POINT('',(5.830849730205,35.429592284512,0.));
#351 = CARTESIAN_POINT('',(5.664346298229,35.579635297229,0.));
#352 = CARTESIAN_POINT('',(5.513016393893,35.773138613678,0.));
#353 = CARTESIAN_POINT('',(5.247819893223,35.781124396879,0.));
#354 = CARTESIAN_POINT('',(5.064806785481,35.977509105309,0.));
#355 = CARTESIAN_POINT('',(4.826329400855,36.116071848902,0.));
#356 = CARTESIAN_POINT('',(4.579828981685,36.264765847726,0.));
#357 = CARTESIAN_POINT('',(4.314848696247,36.399595180347,0.));
#358 = CARTESIAN_POINT('',(4.03593370595,36.524859393921,0.));
#359 = CARTESIAN_POINT('',(3.743761228987,36.637050690499,0.));
#360 = CARTESIAN_POINT('',(3.440420920683,36.735093990026,0.));
#361 = CARTESIAN_POINT('',(3.127890583674,36.817530270937,0.));
#362 = CARTESIAN_POINT('',(2.808411351037,36.883340965282,0.));
#363 = CARTESIAN_POINT('',(2.592517666109,36.915588740827,0.));
#364 = CARTESIAN_POINT('',(2.483964505498,36.928770116448,0.));
#365 = SURFACE_OF_LINEAR_EXTRUSION('',#366,#426);
#366 = B_SPLINE_CURVE_WITH_KNOTS('',3,(#367,#368,#369,#370,#371,#372,
    #373,#374,#375,#376,#377,#378,#379,#380,#381,#382,#383,#384,#385,
    #386,#387,#388,#389,#390,#391,#392,#393,#394,#395,#396,#397,#398,
    #399,#400,#401,#402,#403,#404,#405,#406,#407,#408,#409,#410,#411,
    #412,#413,#414,#415,#416,#417,#418,#419,#420,#421,#422,#423,#424,
    #425),.UNSPECIFIED.,.F.,.F.,(4,1,1,1,1,1,1,1,1,1,1,1,1,1,1,1,1,1,1,1
    ,1,1,1,1,1,1,1,1,1,1,1,1,1,1,1,1,1,1,1,1,1,1,1,1,1,1,1,1,1,1,1,1,1,1
    ,1,1,4),(0.,0.328013505293,0.654532141274,0.978073973054,
    1.297183287801,1.61044462083,1.916497973535,2.214055789897,
    2.501922432478,2.779017159017,3.044401987384,3.269623492035,
    3.510023310168,3.737105776354,3.950973242823,4.152195746167,
    4.341963344013,4.522306308509,4.696421126138,4.869164710127,
    5.047820617967,5.243309477393,5.472118985513,5.759336347265,
    6.143042595942,6.678887194379,7.495697516282,8.524531677202,
    9.766857061766,11.00918244633,12.03801660725,12.854826929153,
    13.39067152759,13.774377776267,14.061595138019,14.290404646139,
    14.485893505565,14.664549413405,14.837292997394,15.011407815023,
    15.191750779519,15.381518377365,15.582740880709,15.796608347178,
    16.023690813363,16.264090631496,16.489312136147,16.754696964515,
    17.031791691054,17.319658333634,17.617216149997,17.923269502701,
    18.236530835731,18.555640150478,18.879181982258,19.205700618239,
    19.533714123532),.UNSPECIFIED.);
#367 = CARTESIAN_POINT('',(19.132008578399,30.614999811244,0.));
#368 = CARTESIAN_POINT('',(19.042014502093,30.677117470342,0.));
#369 = CARTESIAN_POINT('',(18.859031527821,30.796143657988,0.));
#370 = CARTESIAN_POINT('',(18.576257325799,30.958737563925,0.));
#371 = CARTESIAN_POINT('',(18.287659643685,31.104279069482,0.));
#372 = CARTESIAN_POINT('',(17.995591429161,31.232044437594,0.));
#373 = CARTESIAN_POINT('',(17.702500599017,31.341814235843,0.));
#374 = CARTESIAN_POINT('',(17.410664192665,31.433007475411,0.));
#375 = CARTESIAN_POINT('',(17.122915215505,31.507800702036,0.));
#376 = CARTESIAN_POINT('',(16.839804642563,31.559961658945,0.));
#377 = CARTESIAN_POINT('',(16.56941766211,31.614385713294,0.));
#378 = CARTESIAN_POINT('',(16.302203234018,31.588749786756,0.));
#379 = CARTESIAN_POINT('',(16.098405249104,31.758630150677,0.));
#380 = CARTESIAN_POINT('',(15.856816755607,31.714141126943,0.));
#381 = CARTESIAN_POINT('',(15.632690225722,31.712244517655,0.));
#382 = CARTESIAN_POINT('',(15.419045386526,31.687353003373,0.));
#383 = CARTESIAN_POINT('',(15.219772155118,31.657966546565,0.));
#384 = CARTESIAN_POINT('',(15.032765479016,31.621283164059,0.));
#385 = CARTESIAN_POINT('',(14.85624852105,31.579323575616,0.));
#386 = CARTESIAN_POINT('',(14.686881009446,31.53229772296,0.));
#387 = CARTESIAN_POINT('',(14.519691123596,31.479942295494,0.));
#388 = CARTESIAN_POINT('',(14.347233265384,31.420812690508,0.));
#389 = CARTESIAN_POINT('',(14.158353036953,31.352111281703,0.));
#390 = CARTESIAN_POINT('',(13.936113239891,31.269239272468,0.));
#391 = CARTESIAN_POINT('',(13.654073878756,31.167486688964,0.));
#392 = CARTESIAN_POINT('',(13.27248330108,31.038431638271,0.));
#393 = CARTESIAN_POINT('',(12.707343156876,30.914851207332,0.));
#394 = CARTESIAN_POINT('',(11.947675438035,30.656177389802,0.));
#395 = CARTESIAN_POINT('',(10.901969165939,30.728682615878,0.));
#396 = CARTESIAN_POINT('',(9.752143335173,30.987855233466,0.));
#397 = CARTESIAN_POINT('',(8.719623107201,31.556337304981,0.));
#398 = CARTESIAN_POINT('',(7.888820864856,32.195497886856,0.));
#399 = CARTESIAN_POINT('',(7.491733881763,32.892870896645,0.));
#400 = CARTESIAN_POINT('',(7.150669393473,33.360129412171,0.));
#401 = CARTESIAN_POINT('',(6.950624072957,33.709769862948,0.));
#402 = CARTESIAN_POINT('',(6.806989023396,33.972959456239,0.));
#403 = CARTESIAN_POINT('',(6.695594453682,34.182362290869,0.));
#404 = CARTESIAN_POINT('',(6.599773033416,34.35903679294,0.));
#405 = CARTESIAN_POINT('',(6.509896653777,34.517656651179,0.));
#406 = CARTESIAN_POINT('',(6.419471297467,34.667712652899,0.));
#407 = CARTESIAN_POINT('',(6.323881803059,34.815223443568,0.));
#408 = CARTESIAN_POINT('',(6.219581316615,34.963683040898,0.));
#409 = CARTESIAN_POINT('',(6.103930391693,35.115149311148,0.));
#410 = CARTESIAN_POINT('',(5.974259061517,35.269287984847,0.));
#411 = CARTESIAN_POINT('',(5.830849730205,35.429592284512,0.));
#412 = CARTESIAN_POINT('',(5.664346298229,35.579635297229,0.));
#413 = CARTESIAN_POINT('',(5.513016393893,35.773138613678,0.));
#414 = CARTESIAN_POINT('',(5.247819893223,35.781124396879,0.));
#415 = CARTESIAN_POINT('',(5.064806785481,35.977509105309,0.));
#416 = CARTESIAN_POINT('',(4.826329400855,36.116071848902,0.));
#417 = CARTESIAN_POINT('',(4.579828981685,36.264765847726,0.));
#418 = CARTESIAN_POINT('',(4.314848696247,36.399595180347,0.));
#419 = CARTESIAN_POINT('',(4.03593370595,36.524859393921,0.));
#420 = CARTESIAN_POINT('',(3.743761228987,36.637050690499,0.));
#421 = CARTESIAN_POINT('',(3.440420920683,36.735093990026,0.));
#422 = CARTESIAN_POINT('',(3.127890583674,36.817530270937,0.));
#423 = CARTESIAN_POINT('',(2.808411351037,36.883340965282,0.));
#424 = CARTESIAN_POINT('',(2.592517666109,36.915588740827,0.));
#425 = CARTESIAN_POINT('',(2.483964505498,36.928770116448,0.));
#426 = VECTOR('',#427,1.);
#427 = DIRECTION('',(-0.,-0.,-1.));
#428 = ADVANCED_FACE('',(#429),#566,.F.);
#429 = FACE_BOUND('',#430,.F.);
#430 = EDGE_LOOP('',(#431,#432,#496,#504));
#431 = ORIENTED_EDGE('',*,*,#296,.T.);
#432 = ORIENTED_EDGE('',*,*,#433,.T.);
#433 = EDGE_CURVE('',#233,#434,#436,.T.);
#434 = VERTEX_POINT('',#435);
#435 = CARTESIAN_POINT('',(-15.19130179798,34.782604227897,5.));
#436 = B_SPLINE_CURVE_WITH_KNOTS('',3,(#437,#438,#439,#440,#441,#442,
    #443,#444,#445,#446,#447,#448,#449,#450,#451,#452,#453,#454,#455,
    #456,#457,#458,#459,#460,#461,#462,#463,#464,#465,#466,#467,#468,
    #469,#470,#471,#472,#473,#474,#475,#476,#477,#478,#479,#480,#481,
    #482,#483,#484,#485,#486,#487,#488,#489,#490,#491,#492,#493,#494,
    #495),.UNSPECIFIED.,.F.,.F.,(4,1,1,1,1,1,1,1,1,1,1,1,1,1,1,1,1,1,1,1
    ,1,1,1,1,1,1,1,1,1,1,1,1,1,1,1,1,1,1,1,1,1,1,1,1,1,1,1,1,1,1,1,1,1,1
    ,1,1,4),(0.,0.328013505293,0.654532141274,0.978073973054,
    1.297183287801,1.61044462083,1.916497973535,2.214055789897,
    2.501922432478,2.779017159017,3.044401987384,3.269623492035,
    3.510023310168,3.737105776354,3.950973242823,4.152195746167,
    4.341963344013,4.522306308509,4.696421126138,4.869164710127,
    5.047820617967,5.243309477393,5.472118985513,5.759336347265,
    6.143042595942,6.678887194379,7.495697516282,8.524531677202,
    9.766857061766,11.00918244633,12.03801660725,12.854826929153,
    13.39067152759,13.774377776267,14.061595138019,14.290404646139,
    14.485893505565,14.664549413405,14.837292997394,15.011407815023,
    15.191750779519,15.381518377365,15.582740880709,15.796608347178,
    16.023690813363,16.264090631496,16.489312136147,16.754696964515,
    17.031791691054,17.319658333634,17.617216149997,17.923269502701,
    18.236530835731,18.555640150478,18.879181982258,19.205700618239,
    19.533714123532),.UNSPECIFIED.);
#437 = CARTESIAN_POINT('',(2.483964505498,36.928770116448,5.));
#438 = CARTESIAN_POINT('',(2.375411192784,36.941950239389,5.));
#439 = CARTESIAN_POINT('',(2.158073588144,36.962306266217,5.));
#440 = CARTESIAN_POINT('',(1.832128311342,36.974864295828,5.));
#441 = CARTESIAN_POINT('',(1.508951244598,36.96961686863,5.));
#442 = CARTESIAN_POINT('',(1.190962156999,36.947016616587,5.));
#443 = CARTESIAN_POINT('',(0.880430546548,36.9080068456,5.));
#444 = CARTESIAN_POINT('',(0.579642630478,36.853131308596,5.));
#445 = CARTESIAN_POINT('',(0.290095419251,36.785633804372,5.));
#446 = CARTESIAN_POINT('',(1.517305116217E-02,36.700251994474,5.));
#447 = CARTESIAN_POINT('',(-0.24953484911,36.622787006102,5.));
#448 = CARTESIAN_POINT('',(-0.474227865507,36.475906783837,5.));
#449 = CARTESIAN_POINT('',(-0.733629360855,36.531618729706,5.));
#450 = CARTESIAN_POINT('',(-0.926870267919,36.379953884538,5.));
#451 = CARTESIAN_POINT('',(-1.124443056031,36.274117728508,5.));
#452 = CARTESIAN_POINT('',(-1.302048502772,36.152791679838,5.));
#453 = CARTESIAN_POINT('',(-1.46483961885,36.034164376381,5.));
#454 = CARTESIAN_POINT('',(-1.613378189163,35.914776518589,5.));
#455 = CARTESIAN_POINT('',(-1.750176600185,35.795591627542,5.));
#456 = CARTESIAN_POINT('',(-1.87829008047,35.675243295713,5.));
#457 = CARTESIAN_POINT('',(-2.001998591999,35.551187852902,5.));
#458 = CARTESIAN_POINT('',(-2.127223544134,35.41868602496,5.));
#459 = CARTESIAN_POINT('',(-2.2625415439,35.27007692967,5.));
#460 = CARTESIAN_POINT('',(-2.420812568344,35.093417426289,5.));
#461 = CARTESIAN_POINT('',(-2.623259236762,34.872249761553,5.));
#462 = CARTESIAN_POINT('',(-2.901166040571,34.580643205596,5.));
#463 = CARTESIAN_POINT('',(-3.344142096728,34.208584447904,5.));
#464 = CARTESIAN_POINT('',(-3.896582738862,33.626504965495,5.));
#465 = CARTESIAN_POINT('',(-4.856204517204,33.20474121902,5.));
#466 = CARTESIAN_POINT('',(-5.99476824846,32.899876467576,5.));
#467 = CARTESIAN_POINT('',(-7.173206297452,32.923406267733,5.));
#468 = CARTESIAN_POINT('',(-8.205877882117,33.103261802911,5.));
#469 = CARTESIAN_POINT('',(-8.881566341212,33.536219414196,5.));
#470 = CARTESIAN_POINT('',(-9.400709807003,33.791455711436,5.));
#471 = CARTESIAN_POINT('',(-9.740327160818,34.008081259486,5.));
#472 = CARTESIAN_POINT('',(-9.98981998359,34.174373534906,5.));
#473 = CARTESIAN_POINT('',(-10.18576932611,34.308022898832,5.));
#474 = CARTESIAN_POINT('',(-10.35271971509,34.419929966895,5.));
#475 = CARTESIAN_POINT('',(-10.50601562068,34.518613239923,5.));
#476 = CARTESIAN_POINT('',(-10.6558177984,34.609458472413,5.));
#477 = CARTESIAN_POINT('',(-10.80900977476,34.695650137805,5.));
#478 = CARTESIAN_POINT('',(-10.97035588395,34.778633729921,5.));
#479 = CARTESIAN_POINT('',(-11.14314957786,34.859004786917,5.));
#480 = CARTESIAN_POINT('',(-11.3295996519,34.935226532447,5.));
#481 = CARTESIAN_POINT('',(-11.53107943108,35.010523301177,5.));
#482 = CARTESIAN_POINT('',(-11.74823936302,35.06600178783,5.));
#483 = CARTESIAN_POINT('',(-11.9721608137,35.167013952195,5.));
#484 = CARTESIAN_POINT('',(-12.2106918317,35.050842053044,5.));
#485 = CARTESIAN_POINT('',(-12.46400641537,35.139681644515,5.));
#486 = CARTESIAN_POINT('',(-12.7395609703,35.151546894115,5.));
#487 = CARTESIAN_POINT('',(-13.02692779857,35.168654434646,5.));
#488 = CARTESIAN_POINT('',(-13.32421450413,35.164897400872,5.));
#489 = CARTESIAN_POINT('',(-13.62939464561,35.146195094559,5.));
#490 = CARTESIAN_POINT('',(-13.94023842109,35.109756233861,5.));
#491 = CARTESIAN_POINT('',(-14.25439591806,35.055599993919,5.));
#492 = CARTESIAN_POINT('',(-14.56943783812,34.983353606009,5.));
#493 = CARTESIAN_POINT('',(-14.88290640436,34.893156679476,5.));
#494 = CARTESIAN_POINT('',(-15.08905705712,34.821379868563,5.));
#495 = CARTESIAN_POINT('',(-15.19130179798,34.782604227897,5.));
#496 = ORIENTED_EDGE('',*,*,#497,.F.);
#497 = EDGE_CURVE('',#498,#434,#500,.T.);
#498 = VERTEX_POINT('',#499);
#499 = CARTESIAN_POINT('',(-15.19130179798,34.782604227897,0.));
#500 = LINE('',#501,#502);
#501 = CARTESIAN_POINT('',(-15.19130179798,34.782604227897,0.));
#502 = VECTOR('',#503,1.);
#503 = DIRECTION('',(0.,0.,1.));
#504 = ORIENTED_EDGE('',*,*,#505,.F.);
#505 = EDGE_CURVE('',#297,#498,#506,.T.);
#506 = B_SPLINE_CURVE_WITH_KNOTS('',3,(#507,#508,#509,#510,#511,#512,
    #513,#514,#515,#516,#517,#518,#519,#520,#521,#522,#523,#524,#525,
    #526,#527,#528,#529,#530,#531,#532,#533,#534,#535,#536,#537,#538,
    #539,#540,#541,#542,#543,#544,#545,#546,#547,#548,#549,#550,#551,
    #552,#553,#554,#555,#556,#557,#558,#559,#560,#561,#562,#563,#564,
    #565),.UNSPECIFIED.,.F.,.F.,(4,1,1,1,1,1,1,1,1,1,1,1,1,1,1,1,1,1,1,1
    ,1,1,1,1,1,1,1,1,1,1,1,1,1,1,1,1,1,1,1,1,1,1,1,1,1,1,1,1,1,1,1,1,1,1
    ,1,1,4),(0.,0.328013505293,0.654532141274,0.978073973054,
    1.297183287801,1.61044462083,1.916497973535,2.214055789897,
    2.501922432478,2.779017159017,3.044401987384,3.269623492035,
    3.510023310168,3.737105776354,3.950973242823,4.152195746167,
    4.341963344013,4.522306308509,4.696421126138,4.869164710127,
    5.047820617967,5.243309477393,5.472118985513,5.759336347265,
    6.143042595942,6.678887194379,7.495697516282,8.524531677202,
    9.766857061766,11.00918244633,12.03801660725,12.854826929153,
    13.39067152759,13.774377776267,14.061595138019,14.290404646139,
    14.485893505565,14.664549413405,14.837292997394,15.011407815023,
    15.191750779519,15.381518377365,15.582740880709,15.796608347178,
    16.023690813363,16.264090631496,16.489312136147,16.754696964515,
    17.031791691054,17.319658333634,17.617216149997,17.923269502701,
    18.236530835731,18.555640150478,18.879181982258,19.205700618239,
    19.533714123532),.UNSPECIFIED.);
#507 = CARTESIAN_POINT('',(2.483964505498,36.928770116448,0.));
#508 = CARTESIAN_POINT('',(2.375411192784,36.941950239389,0.));
#509 = CARTESIAN_POINT('',(2.158073588144,36.962306266217,0.));
#510 = CARTESIAN_POINT('',(1.832128311342,36.974864295828,0.));
#511 = CARTESIAN_POINT('',(1.508951244598,36.96961686863,0.));
#512 = CARTESIAN_POINT('',(1.190962156999,36.947016616587,0.));
#513 = CARTESIAN_POINT('',(0.880430546548,36.9080068456,0.));
#514 = CARTESIAN_POINT('',(0.579642630478,36.853131308596,0.));
#515 = CARTESIAN_POINT('',(0.290095419251,36.785633804372,0.));
#516 = CARTESIAN_POINT('',(1.517305116217E-02,36.700251994474,0.));
#517 = CARTESIAN_POINT('',(-0.24953484911,36.622787006102,0.));
#518 = CARTESIAN_POINT('',(-0.474227865507,36.475906783837,0.));
#519 = CARTESIAN_POINT('',(-0.733629360855,36.531618729706,0.));
#520 = CARTESIAN_POINT('',(-0.926870267919,36.379953884538,0.));
#521 = CARTESIAN_POINT('',(-1.124443056031,36.274117728508,0.));
#522 = CARTESIAN_POINT('',(-1.302048502772,36.152791679838,0.));
#523 = CARTESIAN_POINT('',(-1.46483961885,36.034164376381,0.));
#524 = CARTESIAN_POINT('',(-1.613378189163,35.914776518589,0.));
#525 = CARTESIAN_POINT('',(-1.750176600185,35.795591627542,0.));
#526 = CARTESIAN_POINT('',(-1.87829008047,35.675243295713,0.));
#527 = CARTESIAN_POINT('',(-2.001998591999,35.551187852902,0.));
#528 = CARTESIAN_POINT('',(-2.127223544134,35.41868602496,0.));
#529 = CARTESIAN_POINT('',(-2.2625415439,35.27007692967,0.));
#530 = CARTESIAN_POINT('',(-2.420812568344,35.093417426289,0.));
#531 = CARTESIAN_POINT('',(-2.623259236762,34.872249761553,0.));
#532 = CARTESIAN_POINT('',(-2.901166040571,34.580643205596,0.));
#533 = CARTESIAN_POINT('',(-3.344142096728,34.208584447904,0.));
#534 = CARTESIAN_POINT('',(-3.896582738862,33.626504965495,0.));
#535 = CARTESIAN_POINT('',(-4.856204517204,33.20474121902,0.));
#536 = CARTESIAN_POINT('',(-5.99476824846,32.899876467576,0.));
#537 = CARTESIAN_POINT('',(-7.173206297452,32.923406267733,0.));
#538 = CARTESIAN_POINT('',(-8.205877882117,33.103261802911,0.));
#539 = CARTESIAN_POINT('',(-8.881566341212,33.536219414196,0.));
#540 = CARTESIAN_POINT('',(-9.400709807003,33.791455711436,0.));
#541 = CARTESIAN_POINT('',(-9.740327160818,34.008081259486,0.));
#542 = CARTESIAN_POINT('',(-9.98981998359,34.174373534906,0.));
#543 = CARTESIAN_POINT('',(-10.18576932611,34.308022898832,0.));
#544 = CARTESIAN_POINT('',(-10.35271971509,34.419929966895,0.));
#545 = CARTESIAN_POINT('',(-10.50601562068,34.518613239923,0.));
#546 = CARTESIAN_POINT('',(-10.6558177984,34.609458472413,0.));
#547 = CARTESIAN_POINT('',(-10.80900977476,34.695650137805,0.));
#548 = CARTESIAN_POINT('',(-10.97035588395,34.778633729921,0.));
#549 = CARTESIAN_POINT('',(-11.14314957786,34.859004786917,0.));
#550 = CARTESIAN_POINT('',(-11.3295996519,34.935226532447,0.));
#551 = CARTESIAN_POINT('',(-11.53107943108,35.010523301177,0.));
#552 = CARTESIAN_POINT('',(-11.74823936302,35.06600178783,0.));
#553 = CARTESIAN_POINT('',(-11.9721608137,35.167013952195,0.));
#554 = CARTESIAN_POINT('',(-12.2106918317,35.050842053044,0.));
#555 = CARTESIAN_POINT('',(-12.46400641537,35.139681644515,0.));
#556 = CARTESIAN_POINT('',(-12.7395609703,35.151546894115,0.));
#557 = CARTESIAN_POINT('',(-13.02692779857,35.168654434646,0.));
#558 = CARTESIAN_POINT('',(-13.32421450413,35.164897400872,0.));
#559 = CARTESIAN_POINT('',(-13.62939464561,35.146195094559,0.));
#560 = CARTESIAN_POINT('',(-13.94023842109,35.109756233861,0.));
#561 = CARTESIAN_POINT('',(-14.25439591806,35.055599993919,0.));
#562 = CARTESIAN_POINT('',(-14.56943783812,34.983353606009,0.));
#563 = CARTESIAN_POINT('',(-14.88290640436,34.893156679476,0.));
#564 = CARTESIAN_POINT('',(-15.08905705712,34.821379868563,0.));
#565 = CARTESIAN_POINT('',(-15.19130179798,34.782604227897,0.));
#566 = SURFACE_OF_LINEAR_EXTRUSION('',#567,#627);
#567 = B_SPLINE_CURVE_WITH_KNOTS('',3,(#568,#569,#570,#571,#572,#573,
    #574,#575,#576,#577,#578,#579,#580,#581,#582,#583,#584,#585,#586,
    #587,#588,#589,#590,#591,#592,#593,#594,#595,#596,#597,#598,#599,
    #600,#601,#602,#603,#604,#605,#606,#607,#608,#609,#610,#611,#612,
    #613,#614,#615,#616,#617,#618,#619,#620,#621,#622,#623,#624,#625,
    #626),.UNSPECIFIED.,.F.,.F.,(4,1,1,1,1,1,1,1,1,1,1,1,1,1,1,1,1,1,1,1
    ,1,1,1,1,1,1,1,1,1,1,1,1,1,1,1,1,1,1,1,1,1,1,1,1,1,1,1,1,1,1,1,1,1,1
    ,1,1,4),(0.,0.328013505293,0.654532141274,0.978073973054,
    1.297183287801,1.61044462083,1.916497973535,2.214055789897,
    2.501922432478,2.779017159017,3.044401987384,3.269623492035,
    3.510023310168,3.737105776354,3.950973242823,4.152195746167,
    4.341963344013,4.522306308509,4.696421126138,4.869164710127,
    5.047820617967,5.243309477393,5.472118985513,5.759336347265,
    6.143042595942,6.678887194379,7.495697516282,8.524531677202,
    9.766857061766,11.00918244633,12.03801660725,12.854826929153,
    13.39067152759,13.774377776267,14.061595138019,14.290404646139,
    14.485893505565,14.664549413405,14.837292997394,15.011407815023,
    15.191750779519,15.381518377365,15.582740880709,15.796608347178,
    16.023690813363,16.264090631496,16.489312136147,16.754696964515,
    17.031791691054,17.319658333634,17.617216149997,17.923269502701,
    18.236530835731,18.555640150478,18.879181982258,19.205700618239,
    19.533714123532),.UNSPECIFIED.);
#568 = CARTESIAN_POINT('',(2.483964505498,36.928770116448,0.));
#569 = CARTESIAN_POINT('',(2.375411192784,36.941950239389,0.));
#570 = CARTESIAN_POINT('',(2.158073588144,36.962306266217,0.));
#571 = CARTESIAN_POINT('',(1.832128311342,36.974864295828,0.));
#572 = CARTESIAN_POINT('',(1.508951244598,36.96961686863,0.));
#573 = CARTESIAN_POINT('',(1.190962156999,36.947016616587,0.));
#574 = CARTESIAN_POINT('',(0.880430546548,36.9080068456,0.));
#575 = CARTESIAN_POINT('',(0.579642630478,36.853131308596,0.));
#576 = CARTESIAN_POINT('',(0.290095419251,36.785633804372,0.));
#577 = CARTESIAN_POINT('',(1.517305116217E-02,36.700251994474,0.));
#578 = CARTESIAN_POINT('',(-0.24953484911,36.622787006102,0.));
#579 = CARTESIAN_POINT('',(-0.474227865507,36.475906783837,0.));
#580 = CARTESIAN_POINT('',(-0.733629360855,36.531618729706,0.));
#581 = CARTESIAN_POINT('',(-0.926870267919,36.379953884538,0.));
#582 = CARTESIAN_POINT('',(-1.124443056031,36.274117728508,0.));
#583 = CARTESIAN_POINT('',(-1.302048502772,36.152791679838,0.));
#584 = CARTESIAN_POINT('',(-1.46483961885,36.034164376381,0.));
#585 = CARTESIAN_POINT('',(-1.613378189163,35.914776518589,0.));
#586 = CARTESIAN_POINT('',(-1.750176600185,35.795591627542,0.));
#587 = CARTESIAN_POINT('',(-1.87829008047,35.675243295713,0.));
#588 = CARTESIAN_POINT('',(-2.001998591999,35.551187852902,0.));
#589 = CARTESIAN_POINT('',(-2.127223544134,35.41868602496,0.));
#590 = CARTESIAN_POINT('',(-2.2625415439,35.27007692967,0.));
#591 = CARTESIAN_POINT('',(-2.420812568344,35.093417426289,0.));
#592 = CARTESIAN_POINT('',(-2.623259236762,34.872249761553,0.));
#593 = CARTESIAN_POINT('',(-2.901166040571,34.580643205596,0.));
#594 = CARTESIAN_POINT('',(-3.344142096728,34.208584447904,0.));
#595 = CARTESIAN_POINT('',(-3.896582738862,33.626504965495,0.));
#596 = CARTESIAN_POINT('',(-4.856204517204,33.20474121902,0.));
#597 = CARTESIAN_POINT('',(-5.99476824846,32.899876467576,0.));
#598 = CARTESIAN_POINT('',(-7.173206297452,32.923406267733,0.));
#599 = CARTESIAN_POINT('',(-8.205877882117,33.103261802911,0.));
#600 = CARTESIAN_POINT('',(-8.881566341212,33.536219414196,0.));
#601 = CARTESIAN_POINT('',(-9.400709807003,33.791455711436,0.));
#602 = CARTESIAN_POINT('',(-9.740327160818,34.008081259486,0.));
#603 = CARTESIAN_POINT('',(-9.98981998359,34.174373534906,0.));
#604 = CARTESIAN_POINT('',(-10.18576932611,34.308022898832,0.));
#605 = CARTESIAN_POINT('',(-10.35271971509,34.419929966895,0.));
#606 = CARTESIAN_POINT('',(-10.50601562068,34.518613239923,0.));
#607 = CARTESIAN_POINT('',(-10.6558177984,34.609458472413,0.));
#608 = CARTESIAN_POINT('',(-10.80900977476,34.695650137805,0.));
#609 = CARTESIAN_POINT('',(-10.97035588395,34.778633729921,0.));
#610 = CARTESIAN_POINT('',(-11.14314957786,34.859004786917,0.));
#611 = CARTESIAN_POINT('',(-11.3295996519,34.935226532447,0.));
#612 = CARTESIAN_POINT('',(-11.53107943108,35.010523301177,0.));
#613 = CARTESIAN_POINT('',(-11.74823936302,35.06600178783,0.));
#614 = CARTESIAN_POINT('',(-11.9721608137,35.167013952195,0.));
#615 = CARTESIAN_POINT('',(-12.2106918317,35.050842053044,0.));
#616 = CARTESIAN_POINT('',(-12.46400641537,35.139681644515,0.));
#617 = CARTESIAN_POINT('',(-12.7395609703,35.151546894115,0.));
#618 = CARTESIAN_POINT('',(-13.02692779857,35.168654434646,0.));
#619 = CARTESIAN_POINT('',(-13.32421450413,35.164897400872,0.));
#620 = CARTESIAN_POINT('',(-13.62939464561,35.146195094559,0.));
#621 = CARTESIAN_POINT('',(-13.94023842109,35.109756233861,0.));
#622 = CARTESIAN_POINT('',(-14.25439591806,35.055599993919,0.));
#623 = CARTESIAN_POINT('',(-14.56943783812,34.983353606009,0.));
#624 = CARTESIAN_POINT('',(-14.88290640436,34.893156679476,0.));
#625 = CARTESIAN_POINT('',(-15.08905705712,34.821379868563,0.));
#626 = CARTESIAN_POINT('',(-15.19130179798,34.782604227897,0.));
#627 = VECTOR('',#628,1.);
#628 = DIRECTION('',(-0.,-0.,-1.));
#629 = ADVANCED_FACE('',(#630),#767,.F.);
#630 = FACE_BOUND('',#631,.F.);
#631 = EDGE_LOOP('',(#632,#633,#697,#705));
#632 = ORIENTED_EDGE('',*,*,#497,.T.);
#633 = ORIENTED_EDGE('',*,*,#634,.T.);
#634 = EDGE_CURVE('',#434,#635,#637,.T.);
#635 = VERTEX_POINT('',#636);
#636 = CARTESIAN_POINT('',(-29.84459983196,24.668162886558,5.));
#637 = B_SPLINE_CURVE_WITH_KNOTS('',3,(#638,#639,#640,#641,#642,#643,
    #644,#645,#646,#647,#648,#649,#650,#651,#652,#653,#654,#655,#656,
    #657,#658,#659,#660,#661,#662,#663,#664,#665,#666,#667,#668,#669,
    #670,#671,#672,#673,#674,#675,#676,#677,#678,#679,#680,#681,#682,
    #683,#684,#685,#686,#687,#688,#689,#690,#691,#692,#693,#694,#695,
    #696),.UNSPECIFIED.,.F.,.F.,(4,1,1,1,1,1,1,1,1,1,1,1,1,1,1,1,1,1,1,1
    ,1,1,1,1,1,1,1,1,1,1,1,1,1,1,1,1,1,1,1,1,1,1,1,1,1,1,1,1,1,1,1,1,1,1
    ,1,1,4),(0.,0.328013505293,0.654532141274,0.978073973054,
    1.297183287801,1.61044462083,1.916497973535,2.214055789897,
    2.501922432478,2.779017159017,3.044401987384,3.269623492035,
    3.510023310168,3.737105776354,3.950973242823,4.152195746167,
    4.341963344013,4.522306308509,4.696421126138,4.869164710127,
    5.047820617967,5.243309477393,5.472118985513,5.759336347265,
    6.143042595942,6.678887194379,7.495697516282,8.524531677202,
    9.766857061766,11.00918244633,12.03801660725,12.854826929153,
    13.39067152759,13.774377776267,14.061595138019,14.290404646139,
    14.485893505565,14.664549413405,14.837292997394,15.011407815023,
    15.191750779519,15.381518377365,15.582740880709,15.796608347178,
    16.023690813363,16.264090631496,16.489312136147,16.754696964515,
    17.031791691054,17.319658333634,17.617216149997,17.923269502701,
    18.236530835731,18.555640150478,18.879181982258,19.205700618239,
    19.533714123532),.UNSPECIFIED.);
#638 = CARTESIAN_POINT('',(-15.19130179798,34.782604227897,5.));
#639 = CARTESIAN_POINT('',(-15.29354609137,34.743827407354,5.));
#640 = CARTESIAN_POINT('',(-15.49544890035,34.660849952935,5.));
#641 = CARTESIAN_POINT('',(-15.78989511709,34.520495212976,5.));
#642 = CARTESIAN_POINT('',(-16.07361559718,34.365660975356,5.));
#643 = CARTESIAN_POINT('',(-16.34467809006,34.197872548539,5.));
#644 = CARTESIAN_POINT('',(-16.60151143118,34.01901987673,5.));
#645 = CARTESIAN_POINT('',(-16.84234397028,33.830646887361,5.));
#646 = CARTESIAN_POINT('',(-17.06735763891,33.636321517071,5.));
#647 = CARTESIAN_POINT('',(-17.27111040079,33.432956884051,5.));
#648 = CARTESIAN_POINT('',(-17.469497831,33.241349148241,5.));
#649 = CARTESIAN_POINT('',(-17.60019497349,33.00687311907,5.));
#650 = CARTESIAN_POINT('',(-17.85577422282,32.935653711491,5.));
#651 = CARTESIAN_POINT('',(-17.95639838045,32.711557633157,5.));
#652 = CARTESIAN_POINT('',(-18.08215588204,32.526027718268,5.));
#653 = CARTESIAN_POINT('',(-18.18303466885,32.336061470822,5.));
#654 = CARTESIAN_POINT('',(-18.27205018675,32.155369406325,5.));
#655 = CARTESIAN_POINT('',(-18.3480922549,31.980627392686,5.));
#656 = CARTESIAN_POINT('',(-18.41383325161,31.811521021242,5.));
#657 = CARTESIAN_POINT('',(-18.47134344618,31.645420562706,5.));
#658 = CARTESIAN_POINT('',(-18.52323045425,31.478084711468,5.));
#659 = CARTESIAN_POINT('',(-18.5725349729,31.302565232531,5.));
#660 = CARTESIAN_POINT('',(-18.62329102101,31.108093003554,5.));
#661 = CARTESIAN_POINT('',(-18.68133528851,30.878116569275,5.));
#662 = CARTESIAN_POINT('',(-18.75781117222,30.588200669937,5.));
#663 = CARTESIAN_POINT('',(-18.86836910255,30.200846156446,5.));
#664 = CARTESIAN_POINT('',(-19.08770059463,29.665543249595,5.));
#665 = CARTESIAN_POINT('',(-19.30635666658,28.893405496907,5.));
#666 = CARTESIAN_POINT('',(-19.96005616645,28.073993769396,5.));
#667 = CARTESIAN_POINT('',(-20.82652656854,27.274932489457,5.));
#668 = CARTESIAN_POINT('',(-21.88091648325,26.748119624604,5.));
#669 = CARTESIAN_POINT('',(-22.87888479523,26.427467377469,5.));
#670 = CARTESIAN_POINT('',(-23.67838264727,26.49682421921,5.));
#671 = CARTESIAN_POINT('',(-24.25667557891,26.481566738399,5.));
#672 = CARTESIAN_POINT('',(-24.6580627231,26.515551081284,5.));
#673 = CARTESIAN_POINT('',(-24.9562575201,26.546850482574,5.));
#674 = CARTESIAN_POINT('',(-25.1918720025,26.57412891717,5.));
#675 = CARTESIAN_POINT('',(-25.39170503806,26.595631990557,5.));
#676 = CARTESIAN_POINT('',(-25.57330222504,26.611771529786,5.));
#677 = CARTESIAN_POINT('',(-25.74816335056,26.622594445087,5.));
#678 = CARTESIAN_POINT('',(-25.92386337326,26.627721513383,5.));
#679 = CARTESIAN_POINT('',(-26.10529265602,26.626218559391,5.));
#680 = CARTESIAN_POINT('',(-26.29564416603,26.617082362552,5.));
#681 = CARTESIAN_POINT('',(-26.49615951893,26.597925696584,5.));
#682 = CARTESIAN_POINT('',(-26.70955315666,26.570965352086,5.));
#683 = CARTESIAN_POINT('',(-26.92762086523,26.519169859972,5.));
#684 = CARTESIAN_POINT('',(-27.17283615645,26.504550202726,5.));
#685 = CARTESIAN_POINT('',(-27.33005711016,26.290834203295,5.));
#686 = CARTESIAN_POINT('',(-27.59564185141,26.251776598033,5.));
#687 = CARTESIAN_POINT('',(-27.8451473489,26.13422616795,5.));
#688 = CARTESIAN_POINT('',(-28.10754830907,26.01582811882,5.));
#689 = CARTESIAN_POINT('',(-28.3690366332,25.874345409811,5.));
#690 = CARTESIAN_POINT('',(-28.63056883327,25.715961056599,5.));
#691 = CARTESIAN_POINT('',(-28.88887334437,25.539239742477,5.));
#692 = CARTESIAN_POINT('',(-29.14187833346,25.345290504982,5.));
#693 = CARTESIAN_POINT('',(-29.38725952935,25.134912225058,5.));
#694 = CARTESIAN_POINT('',(-29.62290555837,24.909370706525,5.));
#695 = CARTESIAN_POINT('',(-29.77208654881,24.750012511529,5.));
#696 = CARTESIAN_POINT('',(-29.84459983196,24.668162886558,5.));
#697 = ORIENTED_EDGE('',*,*,#698,.F.);
#698 = EDGE_CURVE('',#699,#635,#701,.T.);
#699 = VERTEX_POINT('',#700);
#700 = CARTESIAN_POINT('',(-29.84459983196,24.668162886558,0.));
#701 = LINE('',#702,#703);
#702 = CARTESIAN_POINT('',(-29.84459983196,24.668162886558,0.));
#703 = VECTOR('',#704,1.);
#704 = DIRECTION('',(0.,0.,1.));
#705 = ORIENTED_EDGE('',*,*,#706,.F.);
#706 = EDGE_CURVE('',#498,#699,#707,.T.);
#707 = B_SPLINE_CURVE_WITH_KNOTS('',3,(#708,#709,#710,#711,#712,#713,
    #714,#715,#716,#717,#718,#719,#720,#721,#722,#723,#724,#725,#726,
    #727,#728,#729,#730,#731,#732,#733,#734,#735,#736,#737,#738,#739,
    #740,#741,#742,#743,#744,#745,#746,#747,#748,#749,#750,#751,#752,
    #753,#754,#755,#756,#757,#758,#759,#760,#761,#762,#763,#764,#765,
    #766),.UNSPECIFIED.,.F.,.F.,(4,1,1,1,1,1,1,1,1,1,1,1,1,1,1,1,1,1,1,1
    ,1,1,1,1,1,1,1,1,1,1,1,1,1,1,1,1,1,1,1,1,1,1,1,1,1,1,1,1,1,1,1,1,1,1
    ,1,1,4),(0.,0.328013505293,0.654532141274,0.978073973054,
    1.297183287801,1.61044462083,1.916497973535,2.214055789897,
    2.501922432478,2.779017159017,3.044401987384,3.269623492035,
    3.510023310168,3.737105776354,3.950973242823,4.152195746167,
    4.341963344013,4.522306308509,4.696421126138,4.869164710127,
    5.047820617967,5.243309477393,5.472118985513,5.759336347265,
    6.143042595942,6.678887194379,7.495697516282,8.524531677202,
    9.766857061766,11.00918244633,12.03801660725,12.854826929153,
    13.39067152759,13.774377776267,14.061595138019,14.290404646139,
    14.485893505565,14.664549413405,14.837292997394,15.011407815023,
    15.191750779519,15.381518377365,15.582740880709,15.796608347178,
    16.023690813363,16.264090631496,16.489312136147,16.754696964515,
    17.031791691054,17.319658333634,17.617216149997,17.923269502701,
    18.236530835731,18.555640150478,18.879181982258,19.205700618239,
    19.533714123532),.UNSPECIFIED.);
#708 = CARTESIAN_POINT('',(-15.19130179798,34.782604227897,0.));
#709 = CARTESIAN_POINT('',(-15.29354609137,34.743827407354,0.));
#710 = CARTESIAN_POINT('',(-15.49544890035,34.660849952935,0.));
#711 = CARTESIAN_POINT('',(-15.78989511709,34.520495212976,0.));
#712 = CARTESIAN_POINT('',(-16.07361559718,34.365660975356,0.));
#713 = CARTESIAN_POINT('',(-16.34467809006,34.197872548539,0.));
#714 = CARTESIAN_POINT('',(-16.60151143118,34.01901987673,0.));
#715 = CARTESIAN_POINT('',(-16.84234397028,33.830646887361,0.));
#716 = CARTESIAN_POINT('',(-17.06735763891,33.636321517071,0.));
#717 = CARTESIAN_POINT('',(-17.27111040079,33.432956884051,0.));
#718 = CARTESIAN_POINT('',(-17.469497831,33.241349148241,0.));
#719 = CARTESIAN_POINT('',(-17.60019497349,33.00687311907,0.));
#720 = CARTESIAN_POINT('',(-17.85577422282,32.935653711491,0.));
#721 = CARTESIAN_POINT('',(-17.95639838045,32.711557633157,0.));
#722 = CARTESIAN_POINT('',(-18.08215588204,32.526027718268,0.));
#723 = CARTESIAN_POINT('',(-18.18303466885,32.336061470822,0.));
#724 = CARTESIAN_POINT('',(-18.27205018675,32.155369406325,0.));
#725 = CARTESIAN_POINT('',(-18.3480922549,31.980627392686,0.));
#726 = CARTESIAN_POINT('',(-18.41383325161,31.811521021242,0.));
#727 = CARTESIAN_POINT('',(-18.47134344618,31.645420562706,0.));
#728 = CARTESIAN_POINT('',(-18.52323045425,31.478084711468,0.));
#729 = CARTESIAN_POINT('',(-18.5725349729,31.302565232531,0.));
#730 = CARTESIAN_POINT('',(-18.62329102101,31.108093003554,0.));
#731 = CARTESIAN_POINT('',(-18.68133528851,30.878116569275,0.));
#732 = CARTESIAN_POINT('',(-18.75781117222,30.588200669937,0.));
#733 = CARTESIAN_POINT('',(-18.86836910255,30.200846156446,0.));
#734 = CARTESIAN_POINT('',(-19.08770059463,29.665543249595,0.));
#735 = CARTESIAN_POINT('',(-19.30635666658,28.893405496907,0.));
#736 = CARTESIAN_POINT('',(-19.96005616645,28.073993769396,0.));
#737 = CARTESIAN_POINT('',(-20.82652656854,27.274932489457,0.));
#738 = CARTESIAN_POINT('',(-21.88091648325,26.748119624604,0.));
#739 = CARTESIAN_POINT('',(-22.87888479523,26.427467377469,0.));
#740 = CARTESIAN_POINT('',(-23.67838264727,26.49682421921,0.));
#741 = CARTESIAN_POINT('',(-24.25667557891,26.481566738399,0.));
#742 = CARTESIAN_POINT('',(-24.6580627231,26.515551081284,0.));
#743 = CARTESIAN_POINT('',(-24.9562575201,26.546850482574,0.));
#744 = CARTESIAN_POINT('',(-25.1918720025,26.57412891717,0.));
#745 = CARTESIAN_POINT('',(-25.39170503806,26.595631990557,0.));
#746 = CARTESIAN_POINT('',(-25.57330222504,26.611771529786,0.));
#747 = CARTESIAN_POINT('',(-25.74816335056,26.622594445087,0.));
#748 = CARTESIAN_POINT('',(-25.92386337326,26.627721513383,0.));
#749 = CARTESIAN_POINT('',(-26.10529265602,26.626218559391,0.));
#750 = CARTESIAN_POINT('',(-26.29564416603,26.617082362552,0.));
#751 = CARTESIAN_POINT('',(-26.49615951893,26.597925696584,0.));
#752 = CARTESIAN_POINT('',(-26.70955315666,26.570965352086,0.));
#753 = CARTESIAN_POINT('',(-26.92762086523,26.519169859972,0.));
#754 = CARTESIAN_POINT('',(-27.17283615645,26.504550202726,0.));
#755 = CARTESIAN_POINT('',(-27.33005711016,26.290834203295,0.));
#756 = CARTESIAN_POINT('',(-27.59564185141,26.251776598033,0.));
#757 = CARTESIAN_POINT('',(-27.8451473489,26.13422616795,0.));
#758 = CARTESIAN_POINT('',(-28.10754830907,26.01582811882,0.));
#759 = CARTESIAN_POINT('',(-28.3690366332,25.874345409811,0.));
#760 = CARTESIAN_POINT('',(-28.63056883327,25.715961056599,0.));
#761 = CARTESIAN_POINT('',(-28.88887334437,25.539239742477,0.));
#762 = CARTESIAN_POINT('',(-29.14187833346,25.345290504982,0.));
#763 = CARTESIAN_POINT('',(-29.38725952935,25.134912225058,0.));
#764 = CARTESIAN_POINT('',(-29.62290555837,24.909370706525,0.));
#765 = CARTESIAN_POINT('',(-29.77208654881,24.750012511529,0.));
#766 = CARTESIAN_POINT('',(-29.84459983196,24.668162886558,0.));
#767 = SURFACE_OF_LINEAR_EXTRUSION('',#768,#828);
#768 = B_SPLINE_CURVE_WITH_KNOTS('',3,(#769,#770,#771,#772,#773,#774,
    #775,#776,#777,#778,#779,#780,#781,#782,#783,#784,#785,#786,#787,
    #788,#789,#790,#791,#792,#793,#794,#795,#796,#797,#798,#799,#800,
    #801,#802,#803,#804,#805,#806,#807,#808,#809,#810,#811,#812,#813,
    #814,#815,#816,#817,#818,#819,#820,#821,#822,#823,#824,#825,#826,
    #827),.UNSPECIFIED.,.F.,.F.,(4,1,1,1,1,1,1,1,1,1,1,1,1,1,1,1,1,1,1,1
    ,1,1,1,1,1,1,1,1,1,1,1,1,1,1,1,1,1,1,1,1,1,1,1,1,1,1,1,1,1,1,1,1,1,1
    ,1,1,4),(0.,0.328013505293,0.654532141274,0.978073973054,
    1.297183287801,1.61044462083,1.916497973535,2.214055789897,
    2.501922432478,2.779017159017,3.044401987384,3.269623492035,
    3.510023310168,3.737105776354,3.950973242823,4.152195746167,
    4.341963344013,4.522306308509,4.696421126138,4.869164710127,
    5.047820617967,5.243309477393,5.472118985513,5.759336347265,
    6.143042595942,6.678887194379,7.495697516282,8.524531677202,
    9.766857061766,11.00918244633,12.03801660725,12.854826929153,
    13.39067152759,13.774377776267,14.061595138019,14.290404646139,
    14.485893505565,14.664549413405,14.837292997394,15.011407815023,
    15.191750779519,15.381518377365,15.582740880709,15.796608347178,
    16.023690813363,16.264090631496,16.489312136147,16.754696964515,
    17.031791691054,17.319658333634,17.617216149997,17.923269502701,
    18.236530835731,18.555640150478,18.879181982258,19.205700618239,
    19.533714123532),.UNSPECIFIED.);
#769 = CARTESIAN_POINT('',(-15.19130179798,34.782604227897,0.));
#770 = CARTESIAN_POINT('',(-15.29354609137,34.743827407354,0.));
#771 = CARTESIAN_POINT('',(-15.49544890035,34.660849952935,0.));
#772 = CARTESIAN_POINT('',(-15.78989511709,34.520495212976,0.));
#773 = CARTESIAN_POINT('',(-16.07361559718,34.365660975356,0.));
#774 = CARTESIAN_POINT('',(-16.34467809006,34.197872548539,0.));
#775 = CARTESIAN_POINT('',(-16.60151143118,34.01901987673,0.));
#776 = CARTESIAN_POINT('',(-16.84234397028,33.830646887361,0.));
#777 = CARTESIAN_POINT('',(-17.06735763891,33.636321517071,0.));
#778 = CARTESIAN_POINT('',(-17.27111040079,33.432956884051,0.));
#779 = CARTESIAN_POINT('',(-17.469497831,33.241349148241,0.));
#780 = CARTESIAN_POINT('',(-17.60019497349,33.00687311907,0.));
#781 = CARTESIAN_POINT('',(-17.85577422282,32.935653711491,0.));
#782 = CARTESIAN_POINT('',(-17.95639838045,32.711557633157,0.));
#783 = CARTESIAN_POINT('',(-18.08215588204,32.526027718268,0.));
#784 = CARTESIAN_POINT('',(-18.18303466885,32.336061470822,0.));
#785 = CARTESIAN_POINT('',(-18.27205018675,32.155369406325,0.));
#786 = CARTESIAN_POINT('',(-18.3480922549,31.980627392686,0.));
#787 = CARTESIAN_POINT('',(-18.41383325161,31.811521021242,0.));
#788 = CARTESIAN_POINT('',(-18.47134344618,31.645420562706,0.));
#789 = CARTESIAN_POINT('',(-18.52323045425,31.478084711468,0.));
#790 = CARTESIAN_POINT('',(-18.5725349729,31.302565232531,0.));
#791 = CARTESIAN_POINT('',(-18.62329102101,31.108093003554,0.));
#792 = CARTESIAN_POINT('',(-18.68133528851,30.878116569275,0.));
#793 = CARTESIAN_POINT('',(-18.75781117222,30.588200669937,0.));
#794 = CARTESIAN_POINT('',(-18.86836910255,30.200846156446,0.));
#795 = CARTESIAN_POINT('',(-19.08770059463,29.665543249595,0.));
#796 = CARTESIAN_POINT('',(-19.30635666658,28.893405496907,0.));
#797 = CARTESIAN_POINT('',(-19.96005616645,28.073993769396,0.));
#798 = CARTESIAN_POINT('',(-20.82652656854,27.274932489457,0.));
#799 = CARTESIAN_POINT('',(-21.88091648325,26.748119624604,0.));
#800 = CARTESIAN_POINT('',(-22.87888479523,26.427467377469,0.));
#801 = CARTESIAN_POINT('',(-23.67838264727,26.49682421921,0.));
#802 = CARTESIAN_POINT('',(-24.25667557891,26.481566738399,0.));
#803 = CARTESIAN_POINT('',(-24.6580627231,26.515551081284,0.));
#804 = CARTESIAN_POINT('',(-24.9562575201,26.546850482574,0.));
#805 = CARTESIAN_POINT('',(-25.1918720025,26.57412891717,0.));
#806 = CARTESIAN_POINT('',(-25.39170503806,26.595631990557,0.));
#807 = CARTESIAN_POINT('',(-25.57330222504,26.611771529786,0.));
#808 = CARTESIAN_POINT('',(-25.74816335056,26.622594445087,0.));
#809 = CARTESIAN_POINT('',(-25.92386337326,26.627721513383,0.));
#810 = CARTESIAN_POINT('',(-26.10529265602,26.626218559391,0.));
#811 = CARTESIAN_POINT('',(-26.29564416603,26.617082362552,0.));
#812 = CARTESIAN_POINT('',(-26.49615951893,26.597925696584,0.));
#813 = CARTESIAN_POINT('',(-26.70955315666,26.570965352086,0.));
#814 = CARTESIAN_POINT('',(-26.92762086523,26.519169859972,0.));
#815 = CARTESIAN_POINT('',(-27.17283615645,26.504550202726,0.));
#816 = CARTESIAN_POINT('',(-27.33005711016,26.290834203295,0.));
#817 = CARTESIAN_POINT('',(-27.59564185141,26.251776598033,0.));
#818 = CARTESIAN_POINT('',(-27.8451473489,26.13422616795,0.));
#819 = CARTESIAN_POINT('',(-28.10754830907,26.01582811882,0.));
#820 = CARTESIAN_POINT('',(-28.3690366332,25.874345409811,0.));
#821 = CARTESIAN_POINT('',(-28.63056883327,25.715961056599,0.));
#822 = CARTESIAN_POINT('',(-28.88887334437,25.539239742477,0.));
#823 = CARTESIAN_POINT('',(-29.14187833346,25.345290504982,0.));
#824 = CARTESIAN_POINT('',(-29.38725952935,25.134912225058,0.));
#825 = CARTESIAN_POINT('',(-29.62290555837,24.909370706525,0.));
#826 = CARTESIAN_POINT('',(-29.77208654881,24.750012511529,0.));
#827 = CARTESIAN_POINT('',(-29.84459983196,24.668162886558,0.));
#828 = VECTOR('',#829,1.);
#829 = DIRECTION('',(-0.,-0.,-1.));
#830 = ADVANCED_FACE('',(#831),#968,.F.);
#831 = FACE_BOUND('',#832,.F.);
#832 = EDGE_LOOP('',(#833,#834,#898,#906));
#833 = ORIENTED_EDGE('',*,*,#698,.T.);
#834 = ORIENTED_EDGE('',*,*,#835,.T.);
#835 = EDGE_CURVE('',#635,#836,#838,.T.);
#836 = VERTEX_POINT('',#837);
#837 = CARTESIAN_POINT('',(-38.11903560824,8.902542711497,5.));
#838 = B_SPLINE_CURVE_WITH_KNOTS('',3,(#839,#840,#841,#842,#843,#844,
    #845,#846,#847,#848,#849,#850,#851,#852,#853,#854,#855,#856,#857,
    #858,#859,#860,#861,#862,#863,#864,#865,#866,#867,#868,#869,#870,
    #871,#872,#873,#874,#875,#876,#877,#878,#879,#880,#881,#882,#883,
    #884,#885,#886,#887,#888,#889,#890,#891,#892,#893,#894,#895,#896,
    #897),.UNSPECIFIED.,.F.,.F.,(4,1,1,1,1,1,1,1,1,1,1,1,1,1,1,1,1,1,1,1
    ,1,1,1,1,1,1,1,1,1,1,1,1,1,1,1,1,1,1,1,1,1,1,1,1,1,1,1,1,1,1,1,1,1,1
    ,1,1,4),(0.,0.328013505293,0.654532141274,0.978073973054,
    1.297183287801,1.61044462083,1.916497973535,2.214055789897,
    2.501922432478,2.779017159017,3.044401987384,3.269623492035,
    3.510023310168,3.737105776354,3.950973242823,4.152195746167,
    4.341963344013,4.522306308509,4.696421126138,4.869164710127,
    5.047820617967,5.243309477393,5.472118985513,5.759336347265,
    6.143042595942,6.678887194379,7.495697516282,8.524531677202,
    9.766857061766,11.00918244633,12.03801660725,12.854826929153,
    13.39067152759,13.774377776267,14.061595138019,14.290404646139,
    14.485893505565,14.664549413405,14.837292997394,15.011407815023,
    15.191750779519,15.381518377365,15.582740880709,15.796608347178,
    16.023690813363,16.264090631496,16.489312136147,16.754696964515,
    17.031791691054,17.319658333634,17.617216149997,17.923269502701,
    18.236530835731,18.555640150478,18.879181982258,19.205700618239,
    19.533714123532),.UNSPECIFIED.);
#839 = CARTESIAN_POINT('',(-29.84459983196,24.668162886558,5.));
#840 = CARTESIAN_POINT('',(-29.91711217059,24.586312424805,5.));
#841 = CARTESIAN_POINT('',(-30.05732668357,24.419010623959,5.));
#842 = CARTESIAN_POINT('',(-30.25281976045,24.157896693897,5.));
#843 = CARTESIAN_POINT('',(-30.43208671109,23.888946303738,5.));
#844 = CARTESIAN_POINT('',(-30.59412545881,23.614408008661,5.));
#845 = CARTESIAN_POINT('',(-30.73842310732,23.336685427733,5.));
#846 = CARTESIAN_POINT('',(-30.86412843709,23.057968967723,5.));
#847 = CARTESIAN_POINT('',(-30.97306064334,22.781333331826,5.));
#848 = CARTESIAN_POINT('',(-31.05896649675,22.5065742623,5.));
#849 = CARTESIAN_POINT('',(-31.14558528748,22.244718802202,5.));
#850 = CARTESIAN_POINT('',(-31.15234541578,21.976362598667,5.));
#851 = CARTESIAN_POINT('',(-31.34555229313,21.794527345628,5.));
#852 = CARTESIAN_POINT('',(-31.33050791946,21.549337745025,5.));
#853 = CARTESIAN_POINT('',(-31.35564060646,21.326616738899,5.));
#854 = CARTESIAN_POINT('',(-31.35668261901,21.111529270626,5.));
#855 = CARTESIAN_POINT('',(-31.35153015634,20.910166819489,5.));
#856 = CARTESIAN_POINT('',(-31.33765540092,20.72010193946,5.));
#857 = CARTESIAN_POINT('',(-31.31727851324,20.539814319362,5.));
#858 = CARTESIAN_POINT('',(-31.29101052959,20.366013347444,5.));
#859 = CARTESIAN_POINT('',(-31.25918934595,20.193731714681,5.));
#860 = CARTESIAN_POINT('',(-31.22127836007,20.015403982135,5.));
#861 = CARTESIAN_POINT('',(-31.17584485758,19.819619863485,5.));
#862 = CARTESIAN_POINT('',(-31.12036512596,19.589011327884,5.));
#863 = CARTESIAN_POINT('',(-31.05335052165,19.296763432618,5.));
#864 = CARTESIAN_POINT('',(-30.97123208903,18.902399212506,5.));
#865 = CARTESIAN_POINT('',(-30.91667281543,18.326483601355,5.));
#866 = CARTESIAN_POINT('',(-30.7514528462,17.541175032262,5.));
#867 = CARTESIAN_POINT('',(-30.9494753901,16.511832675505,5.));
#868 = CARTESIAN_POINT('',(-31.34535453602,15.401630176573,5.));
#869 = CARTESIAN_POINT('',(-32.03414829375,14.445161125264,5.));
#870 = CARTESIAN_POINT('',(-32.76879081959,13.697458661357,5.));
#871 = CARTESIAN_POINT('',(-33.50894274168,13.387325916952,5.));
#872 = CARTESIAN_POINT('',(-34.01390519771,13.105069963069,5.));
#873 = CARTESIAN_POINT('',(-34.38510917478,12.948627697391,5.));
#874 = CARTESIAN_POINT('',(-34.66369311165,12.837763908913,5.));
#875 = CARTESIAN_POINT('',(-34.88499629548,12.752422253554,5.));
#876 = CARTESIAN_POINT('',(-35.07193263741,12.678595237293,5.));
#877 = CARTESIAN_POINT('',(-35.24022937873,12.608493668788,5.));
#878 = CARTESIAN_POINT('',(-35.40009087551,12.536814867435,5.));
#879 = CARTESIAN_POINT('',(-35.55804818675,12.459702789075,5.));
#880 = CARTESIAN_POINT('',(-35.71799738085,12.374057597623,5.));
#881 = CARTESIAN_POINT('',(-35.88229947002,12.277507139542,5.));
#882 = CARTESIAN_POINT('',(-36.0509444509,12.167360623387,5.));
#883 = CARTESIAN_POINT('',(-36.22736603645,12.044319455678,5.));
#884 = CARTESIAN_POINT('',(-36.39638483761,11.897115707835,5.));
#885 = CARTESIAN_POINT('',(-36.60671810131,11.770213416268,5.));
#886 = CARTESIAN_POINT('',(-36.64661156497,11.507913076469,5.));
#887 = CARTESIAN_POINT('',(-36.86362420021,11.349905901145,5.));
#888 = CARTESIAN_POINT('',(-37.02992193765,11.129869178274,5.));
#889 = CARTESIAN_POINT('',(-37.20724413202,10.903089105688,5.));
#890 = CARTESIAN_POINT('',(-37.37303025094,10.656292705028,5.));
#891 = CARTESIAN_POINT('',(-37.53100063437,10.3945102515,5.));
#892 = CARTESIAN_POINT('',(-37.67759143051,10.117991207295,5.));
#893 = CARTESIAN_POINT('',(-37.81148351775,9.828680405216,5.));
#894 = CARTESIAN_POINT('',(-37.93099011466,9.528365361876,5.));
#895 = CARTESIAN_POINT('',(-38.03482994106,9.219148095168,5.));
#896 = CARTESIAN_POINT('',(-38.09286570208,9.008715558089,5.));
#897 = CARTESIAN_POINT('',(-38.11903560824,8.902542711497,5.));
#898 = ORIENTED_EDGE('',*,*,#899,.F.);
#899 = EDGE_CURVE('',#900,#836,#902,.T.);
#900 = VERTEX_POINT('',#901);
#901 = CARTESIAN_POINT('',(-38.11903560824,8.902542711497,0.));
#902 = LINE('',#903,#904);
#903 = CARTESIAN_POINT('',(-38.11903560824,8.902542711497,0.));
#904 = VECTOR('',#905,1.);
#905 = DIRECTION('',(0.,0.,1.));
#906 = ORIENTED_EDGE('',*,*,#907,.F.);
#907 = EDGE_CURVE('',#699,#900,#908,.T.);
#908 = B_SPLINE_CURVE_WITH_KNOTS('',3,(#909,#910,#911,#912,#913,#914,
    #915,#916,#917,#918,#919,#920,#921,#922,#923,#924,#925,#926,#927,
    #928,#929,#930,#931,#932,#933,#934,#935,#936,#937,#938,#939,#940,
    #941,#942,#943,#944,#945,#946,#947,#948,#949,#950,#951,#952,#953,
    #954,#955,#956,#957,#958,#959,#960,#961,#962,#963,#964,#965,#966,
    #967),.UNSPECIFIED.,.F.,.F.,(4,1,1,1,1,1,1,1,1,1,1,1,1,1,1,1,1,1,1,1
    ,1,1,1,1,1,1,1,1,1,1,1,1,1,1,1,1,1,1,1,1,1,1,1,1,1,1,1,1,1,1,1,1,1,1
    ,1,1,4),(0.,0.328013505293,0.654532141274,0.978073973054,
    1.297183287801,1.61044462083,1.916497973535,2.214055789897,
    2.501922432478,2.779017159017,3.044401987384,3.269623492035,
    3.510023310168,3.737105776354,3.950973242823,4.152195746167,
    4.341963344013,4.522306308509,4.696421126138,4.869164710127,
    5.047820617967,5.243309477393,5.472118985513,5.759336347265,
    6.143042595942,6.678887194379,7.495697516282,8.524531677202,
    9.766857061766,11.00918244633,12.03801660725,12.854826929153,
    13.39067152759,13.774377776267,14.061595138019,14.290404646139,
    14.485893505565,14.664549413405,14.837292997394,15.011407815023,
    15.191750779519,15.381518377365,15.582740880709,15.796608347178,
    16.023690813363,16.264090631496,16.489312136147,16.754696964515,
    17.031791691054,17.319658333634,17.617216149997,17.923269502701,
    18.236530835731,18.555640150478,18.879181982258,19.205700618239,
    19.533714123532),.UNSPECIFIED.);
#909 = CARTESIAN_POINT('',(-29.84459983196,24.668162886558,0.));
#910 = CARTESIAN_POINT('',(-29.91711217059,24.586312424805,0.));
#911 = CARTESIAN_POINT('',(-30.05732668357,24.419010623959,0.));
#912 = CARTESIAN_POINT('',(-30.25281976045,24.157896693897,0.));
#913 = CARTESIAN_POINT('',(-30.43208671109,23.888946303738,0.));
#914 = CARTESIAN_POINT('',(-30.59412545881,23.614408008661,0.));
#915 = CARTESIAN_POINT('',(-30.73842310732,23.336685427733,0.));
#916 = CARTESIAN_POINT('',(-30.86412843709,23.057968967723,0.));
#917 = CARTESIAN_POINT('',(-30.97306064334,22.781333331826,0.));
#918 = CARTESIAN_POINT('',(-31.05896649675,22.5065742623,0.));
#919 = CARTESIAN_POINT('',(-31.14558528748,22.244718802202,0.));
#920 = CARTESIAN_POINT('',(-31.15234541578,21.976362598667,0.));
#921 = CARTESIAN_POINT('',(-31.34555229313,21.794527345628,0.));
#922 = CARTESIAN_POINT('',(-31.33050791946,21.549337745025,0.));
#923 = CARTESIAN_POINT('',(-31.35564060646,21.326616738899,0.));
#924 = CARTESIAN_POINT('',(-31.35668261901,21.111529270626,0.));
#925 = CARTESIAN_POINT('',(-31.35153015634,20.910166819489,0.));
#926 = CARTESIAN_POINT('',(-31.33765540092,20.72010193946,0.));
#927 = CARTESIAN_POINT('',(-31.31727851324,20.539814319362,0.));
#928 = CARTESIAN_POINT('',(-31.29101052959,20.366013347444,0.));
#929 = CARTESIAN_POINT('',(-31.25918934595,20.193731714681,0.));
#930 = CARTESIAN_POINT('',(-31.22127836007,20.015403982135,0.));
#931 = CARTESIAN_POINT('',(-31.17584485758,19.819619863485,0.));
#932 = CARTESIAN_POINT('',(-31.12036512596,19.589011327884,0.));
#933 = CARTESIAN_POINT('',(-31.05335052165,19.296763432618,0.));
#934 = CARTESIAN_POINT('',(-30.97123208903,18.902399212506,0.));
#935 = CARTESIAN_POINT('',(-30.91667281543,18.326483601355,0.));
#936 = CARTESIAN_POINT('',(-30.7514528462,17.541175032262,0.));
#937 = CARTESIAN_POINT('',(-30.9494753901,16.511832675505,0.));
#938 = CARTESIAN_POINT('',(-31.34535453602,15.401630176573,0.));
#939 = CARTESIAN_POINT('',(-32.03414829375,14.445161125264,0.));
#940 = CARTESIAN_POINT('',(-32.76879081959,13.697458661357,0.));
#941 = CARTESIAN_POINT('',(-33.50894274168,13.387325916952,0.));
#942 = CARTESIAN_POINT('',(-34.01390519771,13.105069963069,0.));
#943 = CARTESIAN_POINT('',(-34.38510917478,12.948627697391,0.));
#944 = CARTESIAN_POINT('',(-34.66369311165,12.837763908913,0.));
#945 = CARTESIAN_POINT('',(-34.88499629548,12.752422253554,0.));
#946 = CARTESIAN_POINT('',(-35.07193263741,12.678595237293,0.));
#947 = CARTESIAN_POINT('',(-35.24022937873,12.608493668788,0.));
#948 = CARTESIAN_POINT('',(-35.40009087551,12.536814867435,0.));
#949 = CARTESIAN_POINT('',(-35.55804818675,12.459702789075,0.));
#950 = CARTESIAN_POINT('',(-35.71799738085,12.374057597623,0.));
#951 = CARTESIAN_POINT('',(-35.88229947002,12.277507139542,0.));
#952 = CARTESIAN_POINT('',(-36.0509444509,12.167360623387,0.));
#953 = CARTESIAN_POINT('',(-36.22736603645,12.044319455678,0.));
#954 = CARTESIAN_POINT('',(-36.39638483761,11.897115707835,0.));
#955 = CARTESIAN_POINT('',(-36.60671810131,11.770213416268,0.));
#956 = CARTESIAN_POINT('',(-36.64661156497,11.507913076469,0.));
#957 = CARTESIAN_POINT('',(-36.86362420021,11.349905901145,0.));
#958 = CARTESIAN_POINT('',(-37.02992193765,11.129869178274,0.));
#959 = CARTESIAN_POINT('',(-37.20724413202,10.903089105688,0.));
#960 = CARTESIAN_POINT('',(-37.37303025094,10.656292705028,0.));
#961 = CARTESIAN_POINT('',(-37.53100063437,10.3945102515,0.));
#962 = CARTESIAN_POINT('',(-37.67759143051,10.117991207295,0.));
#963 = CARTESIAN_POINT('',(-37.81148351775,9.828680405216,0.));
#964 = CARTESIAN_POINT('',(-37.93099011466,9.528365361876,0.));
#965 = CARTESIAN_POINT('',(-38.03482994106,9.219148095168,0.));
#966 = CARTESIAN_POINT('',(-38.09286570208,9.008715558089,0.));
#967 = CARTESIAN_POINT('',(-38.11903560824,8.902542711497,0.));
#968 = SURFACE_OF_LINEAR_EXTRUSION('',#969,#1029);
#969 = B_SPLINE_CURVE_WITH_KNOTS('',3,(#970,#971,#972,#973,#974,#975,
    #976,#977,#978,#979,#980,#981,#982,#983,#984,#985,#986,#987,#988,
    #989,#990,#991,#992,#993,#994,#995,#996,#997,#998,#999,#1000,#1001,
    #1002,#1003,#1004,#1005,#1006,#1007,#1008,#1009,#1010,#1011,#1012,
    #1013,#1014,#1015,#1016,#1017,#1018,#1019,#1020,#1021,#1022,#1023,
    #1024,#1025,#1026,#1027,#1028),.UNSPECIFIED.,.F.,.F.,(4,1,1,1,1,1,1,
    1,1,1,1,1,1,1,1,1,1,1,1,1,1,1,1,1,1,1,1,1,1,1,1,1,1,1,1,1,1,1,1,1,1,
    1,1,1,1,1,1,1,1,1,1,1,1,1,1,1,4),(0.,0.328013505293,0.654532141274,
    0.978073973054,1.297183287801,1.61044462083,1.916497973535,
    2.214055789897,2.501922432478,2.779017159017,3.044401987384,
    3.269623492035,3.510023310168,3.737105776354,3.950973242823,
    4.152195746167,4.341963344013,4.522306308509,4.696421126138,
    4.869164710127,5.047820617967,5.243309477393,5.472118985513,
    5.759336347265,6.143042595942,6.678887194379,7.495697516282,
    8.524531677202,9.766857061766,11.00918244633,12.03801660725,
    12.854826929153,13.39067152759,13.774377776267,14.061595138019,
    14.290404646139,14.485893505565,14.664549413405,14.837292997394,
    15.011407815023,15.191750779519,15.381518377365,15.582740880709,
    15.796608347178,16.023690813363,16.264090631496,16.489312136147,
    16.754696964515,17.031791691054,17.319658333634,17.617216149997,
    17.923269502701,18.236530835731,18.555640150478,18.879181982258,
    19.205700618239,19.533714123532),.UNSPECIFIED.);
#970 = CARTESIAN_POINT('',(-29.84459983196,24.668162886558,0.));
#971 = CARTESIAN_POINT('',(-29.91711217059,24.586312424805,0.));
#972 = CARTESIAN_POINT('',(-30.05732668357,24.419010623959,0.));
#973 = CARTESIAN_POINT('',(-30.25281976045,24.157896693897,0.));
#974 = CARTESIAN_POINT('',(-30.43208671109,23.888946303738,0.));
#975 = CARTESIAN_POINT('',(-30.59412545881,23.614408008661,0.));
#976 = CARTESIAN_POINT('',(-30.73842310732,23.336685427733,0.));
#977 = CARTESIAN_POINT('',(-30.86412843709,23.057968967723,0.));
#978 = CARTESIAN_POINT('',(-30.97306064334,22.781333331826,0.));
#979 = CARTESIAN_POINT('',(-31.05896649675,22.5065742623,0.));
#980 = CARTESIAN_POINT('',(-31.14558528748,22.244718802202,0.));
#981 = CARTESIAN_POINT('',(-31.15234541578,21.976362598667,0.));
#982 = CARTESIAN_POINT('',(-31.34555229313,21.794527345628,0.));
#983 = CARTESIAN_POINT('',(-31.33050791946,21.549337745025,0.));
#984 = CARTESIAN_POINT('',(-31.35564060646,21.326616738899,0.));
#985 = CARTESIAN_POINT('',(-31.35668261901,21.111529270626,0.));
#986 = CARTESIAN_POINT('',(-31.35153015634,20.910166819489,0.));
#987 = CARTESIAN_POINT('',(-31.33765540092,20.72010193946,0.));
#988 = CARTESIAN_POINT('',(-31.31727851324,20.539814319362,0.));
#989 = CARTESIAN_POINT('',(-31.29101052959,20.366013347444,0.));
#990 = CARTESIAN_POINT('',(-31.25918934595,20.193731714681,0.));
#991 = CARTESIAN_POINT('',(-31.22127836007,20.015403982135,0.));
#992 = CARTESIAN_POINT('',(-31.17584485758,19.819619863485,0.));
#993 = CARTESIAN_POINT('',(-31.12036512596,19.589011327884,0.));
#994 = CARTESIAN_POINT('',(-31.05335052165,19.296763432618,0.));
#995 = CARTESIAN_POINT('',(-30.97123208903,18.902399212506,0.));
#996 = CARTESIAN_POINT('',(-30.91667281543,18.326483601355,0.));
#997 = CARTESIAN_POINT('',(-30.7514528462,17.541175032262,0.));
#998 = CARTESIAN_POINT('',(-30.9494753901,16.511832675505,0.));
#999 = CARTESIAN_POINT('',(-31.34535453602,15.401630176573,0.));
#1000 = CARTESIAN_POINT('',(-32.03414829375,14.445161125264,0.));
#1001 = CARTESIAN_POINT('',(-32.76879081959,13.697458661357,0.));
#1002 = CARTESIAN_POINT('',(-33.50894274168,13.387325916952,0.));
#1003 = CARTESIAN_POINT('',(-34.01390519771,13.105069963069,0.));
#1004 = CARTESIAN_POINT('',(-34.38510917478,12.948627697391,0.));
#1005 = CARTESIAN_POINT('',(-34.66369311165,12.837763908913,0.));
#1006 = CARTESIAN_POINT('',(-34.88499629548,12.752422253554,0.));
#1007 = CARTESIAN_POINT('',(-35.07193263741,12.678595237293,0.));
#1008 = CARTESIAN_POINT('',(-35.24022937873,12.608493668788,0.));
#1009 = CARTESIAN_POINT('',(-35.40009087551,12.536814867435,0.));
#1010 = CARTESIAN_POINT('',(-35.55804818675,12.459702789075,0.));
#1011 = CARTESIAN_POINT('',(-35.71799738085,12.374057597623,0.));
#1012 = CARTESIAN_POINT('',(-35.88229947002,12.277507139542,0.));
#1013 = CARTESIAN_POINT('',(-36.0509444509,12.167360623387,0.));
#1014 = CARTESIAN_POINT('',(-36.22736603645,12.044319455678,0.));
#1015 = CARTESIAN_POINT('',(-36.39638483761,11.897115707835,0.));
#1016 = CARTESIAN_POINT('',(-36.60671810131,11.770213416268,0.));
#1017 = CARTESIAN_POINT('',(-36.64661156497,11.507913076469,0.));
#1018 = CARTESIAN_POINT('',(-36.86362420021,11.349905901145,0.));
#1019 = CARTESIAN_POINT('',(-37.02992193765,11.129869178274,0.));
#1020 = CARTESIAN_POINT('',(-37.20724413202,10.903089105688,0.));
#1021 = CARTESIAN_POINT('',(-37.37303025094,10.656292705028,0.));
#1022 = CARTESIAN_POINT('',(-37.53100063437,10.3945102515,0.));
#1023 = CARTESIAN_POINT('',(-37.67759143051,10.117991207295,0.));
#1024 = CARTESIAN_POINT('',(-37.81148351775,9.828680405216,0.));
#1025 = CARTESIAN_POINT('',(-37.93099011466,9.528365361876,0.));
#1026 = CARTESIAN_POINT('',(-38.03482994106,9.219148095168,0.));
#1027 = CARTESIAN_POINT('',(-38.09286570208,9.008715558089,0.));
#1028 = CARTESIAN_POINT('',(-38.11903560824,8.902542711497,0.));
#1029 = VECTOR('',#1030,1.);
#1030 = DIRECTION('',(-0.,-0.,-1.));
#1031 = ADVANCED_FACE('',(#1032),#1169,.F.);
#1032 = FACE_BOUND('',#1033,.F.);
#1033 = EDGE_LOOP('',(#1034,#1035,#1099,#1107));
#1034 = ORIENTED_EDGE('',*,*,#899,.T.);
#1035 = ORIENTED_EDGE('',*,*,#1036,.T.);
#1036 = EDGE_CURVE('',#836,#1037,#1039,.T.);
#1037 = VERTEX_POINT('',#1038);
#1038 = CARTESIAN_POINT('',(-38.11903560824,-8.902542711497,5.));
#1039 = B_SPLINE_CURVE_WITH_KNOTS('',3,(#1040,#1041,#1042,#1043,#1044,
    #1045,#1046,#1047,#1048,#1049,#1050,#1051,#1052,#1053,#1054,#1055,
    #1056,#1057,#1058,#1059,#1060,#1061,#1062,#1063,#1064,#1065,#1066,
    #1067,#1068,#1069,#1070,#1071,#1072,#1073,#1074,#1075,#1076,#1077,
    #1078,#1079,#1080,#1081,#1082,#1083,#1084,#1085,#1086,#1087,#1088,
    #1089,#1090,#1091,#1092,#1093,#1094,#1095,#1096,#1097,#1098),
  .UNSPECIFIED.,.F.,.F.,(4,1,1,1,1,1,1,1,1,1,1,1,1,1,1,1,1,1,1,1,1,1,1,1
    ,1,1,1,1,1,1,1,1,1,1,1,1,1,1,1,1,1,1,1,1,1,1,1,1,1,1,1,1,1,1,1,1,4),
  (0.,0.328013505293,0.654532141274,0.978073973054,1.297183287801,
    1.61044462083,1.916497973535,2.214055789897,2.501922432478,
    2.779017159017,3.044401987384,3.269623492035,3.510023310168,
    3.737105776354,3.950973242823,4.152195746167,4.341963344013,
    4.522306308509,4.696421126138,4.869164710127,5.047820617967,
    5.243309477393,5.472118985513,5.759336347265,6.143042595942,
    6.678887194379,7.495697516282,8.524531677202,9.766857061766,
    11.00918244633,12.03801660725,12.854826929153,13.39067152759,
    13.774377776267,14.061595138019,14.290404646139,14.485893505565,
    14.664549413405,14.837292997394,15.011407815023,15.191750779519,
    15.381518377365,15.582740880709,15.796608347178,16.023690813363,
    16.264090631496,16.489312136147,16.754696964515,17.031791691054,
    17.319658333634,17.617216149997,17.923269502701,18.236530835731,
    18.555640150478,18.879181982258,19.205700618239,19.533714123532),
  .UNSPECIFIED.);
#1040 = CARTESIAN_POINT('',(-38.11903560824,8.902542711497,5.));
#1041 = CARTESIAN_POINT('',(-38.1452042892,8.796369562918,5.));
#1042 = CARTESIAN_POINT('',(-38.19160905103,8.583070242013,5.));
#1043 = CARTESIAN_POINT('',(-38.24336388007,8.261015176462,5.));
#1044 = CARTESIAN_POINT('',(-38.27710940329,7.939561926946,5.));
#1045 = CARTESIAN_POINT('',(-38.2930032815,7.621167178466,5.));
#1046 = CARTESIAN_POINT('',(-38.29170838511,7.30819758479,5.));
#1047 = CARTESIAN_POINT('',(-38.27348892942,7.002988236229,5.));
#1048 = CARTESIAN_POINT('',(-38.24138461761,6.707416225089,5.));
#1049 = CARTESIAN_POINT('',(-38.18976356682,6.42420671068,5.));
#1050 = CARTESIAN_POINT('',(-38.14477039697,6.152091456501,5.));
#1051 = CARTESIAN_POINT('',(-38.02604484717,5.911332250789,5.));
#1052 = CARTESIAN_POINT('',(-38.11261798533,5.660537417409,5.));
#1053 = CARTESIAN_POINT('',(-37.98535156507,5.450424277179,5.));
#1054 = CARTESIAN_POINT('',(-37.90410184176,5.241534878242,5.));
#1055 = CARTESIAN_POINT('',(-37.80506836753,5.050600136038,5.));
#1056 = CARTESIAN_POINT('',(-37.70692829139,4.874697009136,5.));
#1057 = CARTESIAN_POINT('',(-37.60631525165,4.7128508362,5.));
#1058 = CARTESIAN_POINT('',(-37.50448857898,4.562683688513,5.));
#1059 = CARTESIAN_POINT('',(-37.4004600956,4.420997911349,5.));
#1060 = CARTESIAN_POINT('',(-37.29222056994,4.283238142909,5.));
#1061 = CARTESIAN_POINT('',(-37.17577902953,4.142954891199,5.));
#1062 = CARTESIAN_POINT('',(-37.04456424433,3.990710665003,5.));
#1063 = CARTESIAN_POINT('',(-36.8882702515,3.812299664453,5.));
#1064 = CARTESIAN_POINT('',(-36.69311739739,3.584670244095,5.));
#1065 = CARTESIAN_POINT('',(-36.4371349451,3.273640407585,5.));
#1066 = CARTESIAN_POINT('',(-36.12118377789,2.789047418114,5.));
#1067 = CARTESIAN_POINT('',(-35.60993767132,2.1704727618,5.));
#1068 = CARTESIAN_POINT('',(-35.30691868088,1.16700970481,5.));
#1069 = CARTESIAN_POINT('',(-35.14151542915,1.432187701766E-14,5.));
#1070 = CARTESIAN_POINT('',(-35.30691868088,-1.16700970481,5.));
#1071 = CARTESIAN_POINT('',(-35.60993767132,-2.1704727618,5.));
#1072 = CARTESIAN_POINT('',(-36.12118377789,-2.789047418114,5.));
#1073 = CARTESIAN_POINT('',(-36.4371349451,-3.273640407585,5.));
#1074 = CARTESIAN_POINT('',(-36.69311739739,-3.584670244095,5.));
#1075 = CARTESIAN_POINT('',(-36.8882702515,-3.812299664453,5.));
#1076 = CARTESIAN_POINT('',(-37.04456424433,-3.990710665003,5.));
#1077 = CARTESIAN_POINT('',(-37.17577902953,-4.142954891199,5.));
#1078 = CARTESIAN_POINT('',(-37.29222056994,-4.283238142909,5.));
#1079 = CARTESIAN_POINT('',(-37.4004600956,-4.420997911349,5.));
#1080 = CARTESIAN_POINT('',(-37.50448857898,-4.562683688513,5.));
#1081 = CARTESIAN_POINT('',(-37.60631525165,-4.7128508362,5.));
#1082 = CARTESIAN_POINT('',(-37.70692829139,-4.874697009136,5.));
#1083 = CARTESIAN_POINT('',(-37.80506836753,-5.050600136038,5.));
#1084 = CARTESIAN_POINT('',(-37.90410184176,-5.241534878242,5.));
#1085 = CARTESIAN_POINT('',(-37.98535156507,-5.450424277179,5.));
#1086 = CARTESIAN_POINT('',(-38.11261798533,-5.660537417409,5.));
#1087 = CARTESIAN_POINT('',(-38.02604484717,-5.911332250789,5.));
#1088 = CARTESIAN_POINT('',(-38.14477039697,-6.152091456501,5.));
#1089 = CARTESIAN_POINT('',(-38.18976356682,-6.42420671068,5.));
#1090 = CARTESIAN_POINT('',(-38.24138461761,-6.707416225089,5.));
#1091 = CARTESIAN_POINT('',(-38.27348892942,-7.002988236229,5.));
#1092 = CARTESIAN_POINT('',(-38.29170838511,-7.30819758479,5.));
#1093 = CARTESIAN_POINT('',(-38.2930032815,-7.621167178466,5.));
#1094 = CARTESIAN_POINT('',(-38.27710940329,-7.939561926946,5.));
#1095 = CARTESIAN_POINT('',(-38.24336388007,-8.261015176462,5.));
#1096 = CARTESIAN_POINT('',(-38.19160905103,-8.583070242013,5.));
#1097 = CARTESIAN_POINT('',(-38.1452042892,-8.796369562918,5.));
#1098 = CARTESIAN_POINT('',(-38.11903560824,-8.902542711497,5.));
#1099 = ORIENTED_EDGE('',*,*,#1100,.F.);
#1100 = EDGE_CURVE('',#1101,#1037,#1103,.T.);
#1101 = VERTEX_POINT('',#1102);
#1102 = CARTESIAN_POINT('',(-38.11903560824,-8.902542711497,0.));
#1103 = LINE('',#1104,#1105);
#1104 = CARTESIAN_POINT('',(-38.11903560824,-8.902542711497,0.));
#1105 = VECTOR('',#1106,1.);
#1106 = DIRECTION('',(0.,0.,1.));
#1107 = ORIENTED_EDGE('',*,*,#1108,.F.);
#1108 = EDGE_CURVE('',#900,#1101,#1109,.T.);
#1109 = B_SPLINE_CURVE_WITH_KNOTS('',3,(#1110,#1111,#1112,#1113,#1114,
    #1115,#1116,#1117,#1118,#1119,#1120,#1121,#1122,#1123,#1124,#1125,
    #1126,#1127,#1128,#1129,#1130,#1131,#1132,#1133,#1134,#1135,#1136,
    #1137,#1138,#1139,#1140,#1141,#1142,#1143,#1144,#1145,#1146,#1147,
    #1148,#1149,#1150,#1151,#1152,#1153,#1154,#1155,#1156,#1157,#1158,
    #1159,#1160,#1161,#1162,#1163,#1164,#1165,#1166,#1167,#1168),
  .UNSPECIFIED.,.F.,.F.,(4,1,1,1,1,1,1,1,1,1,1,1,1,1,1,1,1,1,1,1,1,1,1,1
    ,1,1,1,1,1,1,1,1,1,1,1,1,1,1,1,1,1,1,1,1,1,1,1,1,1,1,1,1,1,1,1,1,4),
  (0.,0.328013505293,0.654532141274,0.978073973054,1.297183287801,
    1.61044462083,1.916497973535,2.214055789897,2.501922432478,
    2.779017159017,3.044401987384,3.269623492035,3.510023310168,
    3.737105776354,3.950973242823,4.152195746167,4.341963344013,
    4.522306308509,4.696421126138,4.869164710127,5.047820617967,
    5.243309477393,5.472118985513,5.759336347265,6.143042595942,
    6.678887194379,7.495697516282,8.524531677202,9.766857061766,
    11.00918244633,12.03801660725,12.854826929153,13.39067152759,
    13.774377776267,14.061595138019,14.290404646139,14.485893505565,
    14.664549413405,14.837292997394,15.011407815023,15.191750779519,
    15.381518377365,15.582740880709,15.796608347178,16.023690813363,
    16.264090631496,16.489312136147,16.754696964515,17.031791691054,
    17.319658333634,17.617216149997,17.923269502701,18.236530835731,
    18.555640150478,18.879181982258,19.205700618239,19.533714123532),
  .UNSPECIFIED.);
#1110 = CARTESIAN_POINT('',(-38.11903560824,8.902542711497,0.));
#1111 = CARTESIAN_POINT('',(-38.1452042892,8.796369562918,0.));
#1112 = CARTESIAN_POINT('',(-38.19160905103,8.583070242013,0.));
#1113 = CARTESIAN_POINT('',(-38.24336388007,8.261015176462,0.));
#1114 = CARTESIAN_POINT('',(-38.27710940329,7.939561926946,0.));
#1115 = CARTESIAN_POINT('',(-38.2930032815,7.621167178466,0.));
#1116 = CARTESIAN_POINT('',(-38.29170838511,7.30819758479,0.));
#1117 = CARTESIAN_POINT('',(-38.27348892942,7.002988236229,0.));
#1118 = CARTESIAN_POINT('',(-38.24138461761,6.707416225089,0.));
#1119 = CARTESIAN_POINT('',(-38.18976356682,6.42420671068,0.));
#1120 = CARTESIAN_POINT('',(-38.14477039697,6.152091456501,0.));
#1121 = CARTESIAN_POINT('',(-38.02604484717,5.911332250789,0.));
#1122 = CARTESIAN_POINT('',(-38.11261798533,5.660537417409,0.));
#1123 = CARTESIAN_POINT('',(-37.98535156507,5.450424277179,0.));
#1124 = CARTESIAN_POINT('',(-37.90410184176,5.241534878242,0.));
#1125 = CARTESIAN_POINT('',(-37.80506836753,5.050600136038,0.));
#1126 = CARTESIAN_POINT('',(-37.70692829139,4.874697009136,0.));
#1127 = CARTESIAN_POINT('',(-37.60631525165,4.7128508362,0.));
#1128 = CARTESIAN_POINT('',(-37.50448857898,4.562683688513,0.));
#1129 = CARTESIAN_POINT('',(-37.4004600956,4.420997911349,0.));
#1130 = CARTESIAN_POINT('',(-37.29222056994,4.283238142909,0.));
#1131 = CARTESIAN_POINT('',(-37.17577902953,4.142954891199,0.));
#1132 = CARTESIAN_POINT('',(-37.04456424433,3.990710665003,0.));
#1133 = CARTESIAN_POINT('',(-36.8882702515,3.812299664453,0.));
#1134 = CARTESIAN_POINT('',(-36.69311739739,3.584670244095,0.));
#1135 = CARTESIAN_POINT('',(-36.4371349451,3.273640407585,0.));
#1136 = CARTESIAN_POINT('',(-36.12118377789,2.789047418114,0.));
#1137 = CARTESIAN_POINT('',(-35.60993767132,2.1704727618,0.));
#1138 = CARTESIAN_POINT('',(-35.30691868088,1.16700970481,0.));
#1139 = CARTESIAN_POINT('',(-35.14151542915,1.432187701766E-14,0.));
#1140 = CARTESIAN_POINT('',(-35.30691868088,-1.16700970481,0.));
#1141 = CARTESIAN_POINT('',(-35.60993767132,-2.1704727618,0.));
#1142 = CARTESIAN_POINT('',(-36.12118377789,-2.789047418114,0.));
#1143 = CARTESIAN_POINT('',(-36.4371349451,-3.273640407585,0.));
#1144 = CARTESIAN_POINT('',(-36.69311739739,-3.584670244095,0.));
#1145 = CARTESIAN_POINT('',(-36.8882702515,-3.812299664453,0.));
#1146 = CARTESIAN_POINT('',(-37.04456424433,-3.990710665003,0.));
#1147 = CARTESIAN_POINT('',(-37.17577902953,-4.142954891199,0.));
#1148 = CARTESIAN_POINT('',(-37.29222056994,-4.283238142909,0.));
#1149 = CARTESIAN_POINT('',(-37.4004600956,-4.420997911349,0.));
#1150 = CARTESIAN_POINT('',(-37.50448857898,-4.562683688513,0.));
#1151 = CARTESIAN_POINT('',(-37.60631525165,-4.7128508362,0.));
#1152 = CARTESIAN_POINT('',(-37.70692829139,-4.874697009136,0.));
#1153 = CARTESIAN_POINT('',(-37.80506836753,-5.050600136038,0.));
#1154 = CARTESIAN_POINT('',(-37.90410184176,-5.241534878242,0.));
#1155 = CARTESIAN_POINT('',(-37.98535156507,-5.450424277179,0.));
#1156 = CARTESIAN_POINT('',(-38.11261798533,-5.660537417409,0.));
#1157 = CARTESIAN_POINT('',(-38.02604484717,-5.911332250789,0.));
#1158 = CARTESIAN_POINT('',(-38.14477039697,-6.152091456501,0.));
#1159 = CARTESIAN_POINT('',(-38.18976356682,-6.42420671068,0.));
#1160 = CARTESIAN_POINT('',(-38.24138461761,-6.707416225089,0.));
#1161 = CARTESIAN_POINT('',(-38.27348892942,-7.002988236229,0.));
#1162 = CARTESIAN_POINT('',(-38.29170838511,-7.30819758479,0.));
#1163 = CARTESIAN_POINT('',(-38.2930032815,-7.621167178466,0.));
#1164 = CARTESIAN_POINT('',(-38.27710940329,-7.939561926946,0.));
#1165 = CARTESIAN_POINT('',(-38.24336388007,-8.261015176462,0.));
#1166 = CARTESIAN_POINT('',(-38.19160905103,-8.583070242013,0.));
#1167 = CARTESIAN_POINT('',(-38.1452042892,-8.796369562918,0.));
#1168 = CARTESIAN_POINT('',(-38.11903560824,-8.902542711497,0.));
#1169 = SURFACE_OF_LINEAR_EXTRUSION('',#1170,#1230);
#1170 = B_SPLINE_CURVE_WITH_KNOTS('',3,(#1171,#1172,#1173,#1174,#1175,
    #1176,#1177,#1178,#1179,#1180,#1181,#1182,#1183,#1184,#1185,#1186,
    #1187,#1188,#1189,#1190,#1191,#1192,#1193,#1194,#1195,#1196,#1197,
    #1198,#1199,#1200,#1201,#1202,#1203,#1204,#1205,#1206,#1207,#1208,
    #1209,#1210,#1211,#1212,#1213,#1214,#1215,#1216,#1217,#1218,#1219,
    #1220,#1221,#1222,#1223,#1224,#1225,#1226,#1227,#1228,#1229),
  .UNSPECIFIED.,.F.,.F.,(4,1,1,1,1,1,1,1,1,1,1,1,1,1,1,1,1,1,1,1,1,1,1,1
    ,1,1,1,1,1,1,1,1,1,1,1,1,1,1,1,1,1,1,1,1,1,1,1,1,1,1,1,1,1,1,1,1,4),
  (0.,0.328013505293,0.654532141274,0.978073973054,1.297183287801,
    1.61044462083,1.916497973535,2.214055789897,2.501922432478,
    2.779017159017,3.044401987384,3.269623492035,3.510023310168,
    3.737105776354,3.950973242823,4.152195746167,4.341963344013,
    4.522306308509,4.696421126138,4.869164710127,5.047820617967,
    5.243309477393,5.472118985513,5.759336347265,6.143042595942,
    6.678887194379,7.495697516282,8.524531677202,9.766857061766,
    11.00918244633,12.03801660725,12.854826929153,13.39067152759,
    13.774377776267,14.061595138019,14.290404646139,14.485893505565,
    14.664549413405,14.837292997394,15.011407815023,15.191750779519,
    15.381518377365,15.582740880709,15.796608347178,16.023690813363,
    16.264090631496,16.489312136147,16.754696964515,17.031791691054,
    17.319658333634,17.617216149997,17.923269502701,18.236530835731,
    18.555640150478,18.879181982258,19.205700618239,19.533714123532),
  .UNSPECIFIED.);
#1171 = CARTESIAN_POINT('',(-38.11903560824,8.902542711497,0.));
#1172 = CARTESIAN_POINT('',(-38.1452042892,8.796369562918,0.));
#1173 = CARTESIAN_POINT('',(-38.19160905103,8.583070242013,0.));
#1174 = CARTESIAN_POINT('',(-38.24336388007,8.261015176462,0.));
#1175 = CARTESIAN_POINT('',(-38.27710940329,7.939561926946,0.));
#1176 = CARTESIAN_POINT('',(-38.2930032815,7.621167178466,0.));
#1177 = CARTESIAN_POINT('',(-38.29170838511,7.30819758479,0.));
#1178 = CARTESIAN_POINT('',(-38.27348892942,7.002988236229,0.));
#1179 = CARTESIAN_POINT('',(-38.24138461761,6.707416225089,0.));
#1180 = CARTESIAN_POINT('',(-38.18976356682,6.42420671068,0.));
#1181 = CARTESIAN_POINT('',(-38.14477039697,6.152091456501,0.));
#1182 = CARTESIAN_POINT('',(-38.02604484717,5.911332250789,0.));
#1183 = CARTESIAN_POINT('',(-38.11261798533,5.660537417409,0.));
#1184 = CARTESIAN_POINT('',(-37.98535156507,5.450424277179,0.));
#1185 = CARTESIAN_POINT('',(-37.90410184176,5.241534878242,0.));
#1186 = CARTESIAN_POINT('',(-37.80506836753,5.050600136038,0.));
#1187 = CARTESIAN_POINT('',(-37.70692829139,4.874697009136,0.));
#1188 = CARTESIAN_POINT('',(-37.60631525165,4.7128508362,0.));
#1189 = CARTESIAN_POINT('',(-37.50448857898,4.562683688513,0.));
#1190 = CARTESIAN_POINT('',(-37.4004600956,4.420997911349,0.));
#1191 = CARTESIAN_POINT('',(-37.29222056994,4.283238142909,0.));
#1192 = CARTESIAN_POINT('',(-37.17577902953,4.142954891199,0.));
#1193 = CARTESIAN_POINT('',(-37.04456424433,3.990710665003,0.));
#1194 = CARTESIAN_POINT('',(-36.8882702515,3.812299664453,0.));
#1195 = CARTESIAN_POINT('',(-36.69311739739,3.584670244095,0.));
#1196 = CARTESIAN_POINT('',(-36.4371349451,3.273640407585,0.));
#1197 = CARTESIAN_POINT('',(-36.12118377789,2.789047418114,0.));
#1198 = CARTESIAN_POINT('',(-35.60993767132,2.1704727618,0.));
#1199 = CARTESIAN_POINT('',(-35.30691868088,1.16700970481,0.));
#1200 = CARTESIAN_POINT('',(-35.14151542915,1.432187701766E-14,0.));
#1201 = CARTESIAN_POINT('',(-35.30691868088,-1.16700970481,0.));
#1202 = CARTESIAN_POINT('',(-35.60993767132,-2.1704727618,0.));
#1203 = CARTESIAN_POINT('',(-36.12118377789,-2.789047418114,0.));
#1204 = CARTESIAN_POINT('',(-36.4371349451,-3.273640407585,0.));
#1205 = CARTESIAN_POINT('',(-36.69311739739,-3.584670244095,0.));
#1206 = CARTESIAN_POINT('',(-36.8882702515,-3.812299664453,0.));
#1207 = CARTESIAN_POINT('',(-37.04456424433,-3.990710665003,0.));
#1208 = CARTESIAN_POINT('',(-37.17577902953,-4.142954891199,0.));
#1209 = CARTESIAN_POINT('',(-37.29222056994,-4.283238142909,0.));
#1210 = CARTESIAN_POINT('',(-37.4004600956,-4.420997911349,0.));
#1211 = CARTESIAN_POINT('',(-37.50448857898,-4.562683688513,0.));
#1212 = CARTESIAN_POINT('',(-37.60631525165,-4.7128508362,0.));
#1213 = CARTESIAN_POINT('',(-37.70692829139,-4.874697009136,0.));
#1214 = CARTESIAN_POINT('',(-37.80506836753,-5.050600136038,0.));
#1215 = CARTESIAN_POINT('',(-37.90410184176,-5.241534878242,0.));
#1216 = CARTESIAN_POINT('',(-37.98535156507,-5.450424277179,0.));
#1217 = CARTESIAN_POINT('',(-38.11261798533,-5.660537417409,0.));
#1218 = CARTESIAN_POINT('',(-38.02604484717,-5.911332250789,0.));
#1219 = CARTESIAN_POINT('',(-38.14477039697,-6.152091456501,0.));
#1220 = CARTESIAN_POINT('',(-38.18976356682,-6.42420671068,0.));
#1221 = CARTESIAN_POINT('',(-38.24138461761,-6.707416225089,0.));
#1222 = CARTESIAN_POINT('',(-38.27348892942,-7.002988236229,0.));
#1223 = CARTESIAN_POINT('',(-38.29170838511,-7.30819758479,0.));
#1224 = CARTESIAN_POINT('',(-38.2930032815,-7.621167178466,0.));
#1225 = CARTESIAN_POINT('',(-38.27710940329,-7.939561926946,0.));
#1226 = CARTESIAN_POINT('',(-38.24336388007,-8.261015176462,0.));
#1227 = CARTESIAN_POINT('',(-38.19160905103,-8.583070242013,0.));
#1228 = CARTESIAN_POINT('',(-38.1452042892,-8.796369562918,0.));
#1229 = CARTESIAN_POINT('',(-38.11903560824,-8.902542711497,0.));
#1230 = VECTOR('',#1231,1.);
#1231 = DIRECTION('',(-0.,-0.,-1.));
#1232 = ADVANCED_FACE('',(#1233),#1370,.F.);
#1233 = FACE_BOUND('',#1234,.F.);
#1234 = EDGE_LOOP('',(#1235,#1236,#1300,#1308));
#1235 = ORIENTED_EDGE('',*,*,#1100,.T.);
#1236 = ORIENTED_EDGE('',*,*,#1237,.T.);
#1237 = EDGE_CURVE('',#1037,#1238,#1240,.T.);
#1238 = VERTEX_POINT('',#1239);
#1239 = CARTESIAN_POINT('',(-29.84459983196,-24.66816288655,5.));
#1240 = B_SPLINE_CURVE_WITH_KNOTS('',3,(#1241,#1242,#1243,#1244,#1245,
    #1246,#1247,#1248,#1249,#1250,#1251,#1252,#1253,#1254,#1255,#1256,
    #1257,#1258,#1259,#1260,#1261,#1262,#1263,#1264,#1265,#1266,#1267,
    #1268,#1269,#1270,#1271,#1272,#1273,#1274,#1275,#1276,#1277,#1278,
    #1279,#1280,#1281,#1282,#1283,#1284,#1285,#1286,#1287,#1288,#1289,
    #1290,#1291,#1292,#1293,#1294,#1295,#1296,#1297,#1298,#1299),
  .UNSPECIFIED.,.F.,.F.,(4,1,1,1,1,1,1,1,1,1,1,1,1,1,1,1,1,1,1,1,1,1,1,1
    ,1,1,1,1,1,1,1,1,1,1,1,1,1,1,1,1,1,1,1,1,1,1,1,1,1,1,1,1,1,1,1,1,4),
  (0.,0.328013505293,0.654532141274,0.978073973054,1.297183287801,
    1.61044462083,1.916497973535,2.214055789897,2.501922432478,
    2.779017159017,3.044401987384,3.269623492035,3.510023310168,
    3.737105776354,3.950973242823,4.152195746167,4.341963344013,
    4.522306308509,4.696421126138,4.869164710127,5.047820617967,
    5.243309477393,5.472118985513,5.759336347265,6.143042595942,
    6.678887194379,7.495697516282,8.524531677202,9.766857061766,
    11.00918244633,12.03801660725,12.854826929153,13.39067152759,
    13.774377776267,14.061595138019,14.290404646139,14.485893505565,
    14.664549413405,14.837292997394,15.011407815023,15.191750779519,
    15.381518377365,15.582740880709,15.796608347178,16.023690813363,
    16.264090631496,16.489312136147,16.754696964515,17.031791691054,
    17.319658333634,17.617216149997,17.923269502701,18.236530835731,
    18.555640150478,18.879181982258,19.205700618239,19.533714123532),
  .UNSPECIFIED.);
#1241 = CARTESIAN_POINT('',(-38.11903560824,-8.902542711497,5.));
#1242 = CARTESIAN_POINT('',(-38.09286570208,-9.008715558089,5.));
#1243 = CARTESIAN_POINT('',(-38.03482994106,-9.219148095168,5.));
#1244 = CARTESIAN_POINT('',(-37.93099011466,-9.528365361876,5.));
#1245 = CARTESIAN_POINT('',(-37.81148351775,-9.828680405216,5.));
#1246 = CARTESIAN_POINT('',(-37.67759143051,-10.11799120729,5.));
#1247 = CARTESIAN_POINT('',(-37.53100063437,-10.3945102515,5.));
#1248 = CARTESIAN_POINT('',(-37.37303025094,-10.65629270502,5.));
#1249 = CARTESIAN_POINT('',(-37.20724413202,-10.90308910568,5.));
#1250 = CARTESIAN_POINT('',(-37.02992193765,-11.12986917827,5.));
#1251 = CARTESIAN_POINT('',(-36.86362420021,-11.34990590114,5.));
#1252 = CARTESIAN_POINT('',(-36.64661156497,-11.50791307646,5.));
#1253 = CARTESIAN_POINT('',(-36.60671810131,-11.77021341626,5.));
#1254 = CARTESIAN_POINT('',(-36.39638483761,-11.89711570783,5.));
#1255 = CARTESIAN_POINT('',(-36.22736603645,-12.04431945567,5.));
#1256 = CARTESIAN_POINT('',(-36.0509444509,-12.16736062338,5.));
#1257 = CARTESIAN_POINT('',(-35.88229947002,-12.27750713954,5.));
#1258 = CARTESIAN_POINT('',(-35.71799738085,-12.37405759762,5.));
#1259 = CARTESIAN_POINT('',(-35.55804818675,-12.45970278907,5.));
#1260 = CARTESIAN_POINT('',(-35.40009087551,-12.53681486743,5.));
#1261 = CARTESIAN_POINT('',(-35.24022937873,-12.60849366878,5.));
#1262 = CARTESIAN_POINT('',(-35.07193263741,-12.67859523729,5.));
#1263 = CARTESIAN_POINT('',(-34.88499629548,-12.75242225355,5.));
#1264 = CARTESIAN_POINT('',(-34.66369311165,-12.83776390891,5.));
#1265 = CARTESIAN_POINT('',(-34.38510917478,-12.94862769739,5.));
#1266 = CARTESIAN_POINT('',(-34.01390519771,-13.10506996306,5.));
#1267 = CARTESIAN_POINT('',(-33.50894274168,-13.38732591695,5.));
#1268 = CARTESIAN_POINT('',(-32.76879081959,-13.69745866135,5.));
#1269 = CARTESIAN_POINT('',(-32.03414829375,-14.44516112526,5.));
#1270 = CARTESIAN_POINT('',(-31.34535453602,-15.40163017657,5.));
#1271 = CARTESIAN_POINT('',(-30.9494753901,-16.5118326755,5.));
#1272 = CARTESIAN_POINT('',(-30.7514528462,-17.54117503226,5.));
#1273 = CARTESIAN_POINT('',(-30.91667281543,-18.32648360135,5.));
#1274 = CARTESIAN_POINT('',(-30.97123208903,-18.9023992125,5.));
#1275 = CARTESIAN_POINT('',(-31.05335052165,-19.29676343261,5.));
#1276 = CARTESIAN_POINT('',(-31.12036512596,-19.58901132788,5.));
#1277 = CARTESIAN_POINT('',(-31.17584485758,-19.81961986348,5.));
#1278 = CARTESIAN_POINT('',(-31.22127836007,-20.01540398213,5.));
#1279 = CARTESIAN_POINT('',(-31.25918934595,-20.19373171468,5.));
#1280 = CARTESIAN_POINT('',(-31.29101052959,-20.36601334744,5.));
#1281 = CARTESIAN_POINT('',(-31.31727851324,-20.53981431936,5.));
#1282 = CARTESIAN_POINT('',(-31.33765540092,-20.72010193946,5.));
#1283 = CARTESIAN_POINT('',(-31.35153015634,-20.91016681948,5.));
#1284 = CARTESIAN_POINT('',(-31.35668261901,-21.11152927062,5.));
#1285 = CARTESIAN_POINT('',(-31.35564060646,-21.32661673889,5.));
#1286 = CARTESIAN_POINT('',(-31.33050791946,-21.54933774502,5.));
#1287 = CARTESIAN_POINT('',(-31.34555229313,-21.79452734562,5.));
#1288 = CARTESIAN_POINT('',(-31.15234541578,-21.97636259866,5.));
#1289 = CARTESIAN_POINT('',(-31.14558528748,-22.2447188022,5.));
#1290 = CARTESIAN_POINT('',(-31.05896649675,-22.5065742623,5.));
#1291 = CARTESIAN_POINT('',(-30.97306064334,-22.78133333182,5.));
#1292 = CARTESIAN_POINT('',(-30.86412843709,-23.05796896772,5.));
#1293 = CARTESIAN_POINT('',(-30.73842310732,-23.33668542773,5.));
#1294 = CARTESIAN_POINT('',(-30.59412545881,-23.61440800866,5.));
#1295 = CARTESIAN_POINT('',(-30.43208671109,-23.88894630373,5.));
#1296 = CARTESIAN_POINT('',(-30.25281976045,-24.15789669389,5.));
#1297 = CARTESIAN_POINT('',(-30.05732668357,-24.41901062395,5.));
#1298 = CARTESIAN_POINT('',(-29.91711217059,-24.5863124248,5.));
#1299 = CARTESIAN_POINT('',(-29.84459983196,-24.66816288655,5.));
#1300 = ORIENTED_EDGE('',*,*,#1301,.F.);
#1301 = EDGE_CURVE('',#1302,#1238,#1304,.T.);
#1302 = VERTEX_POINT('',#1303);
#1303 = CARTESIAN_POINT('',(-29.84459983196,-24.66816288655,0.));
#1304 = LINE('',#1305,#1306);
#1305 = CARTESIAN_POINT('',(-29.84459983196,-24.66816288655,0.));
#1306 = VECTOR('',#1307,1.);
#1307 = DIRECTION('',(0.,0.,1.));
#1308 = ORIENTED_EDGE('',*,*,#1309,.F.);
#1309 = EDGE_CURVE('',#1101,#1302,#1310,.T.);
#1310 = B_SPLINE_CURVE_WITH_KNOTS('',3,(#1311,#1312,#1313,#1314,#1315,
    #1316,#1317,#1318,#1319,#1320,#1321,#1322,#1323,#1324,#1325,#1326,
    #1327,#1328,#1329,#1330,#1331,#1332,#1333,#1334,#1335,#1336,#1337,
    #1338,#1339,#1340,#1341,#1342,#1343,#1344,#1345,#1346,#1347,#1348,
    #1349,#1350,#1351,#1352,#1353,#1354,#1355,#1356,#1357,#1358,#1359,
    #1360,#1361,#1362,#1363,#1364,#1365,#1366,#1367,#1368,#1369),
  .UNSPECIFIED.,.F.,.F.,(4,1,1,1,1,1,1,1,1,1,1,1,1,1,1,1,1,1,1,1,1,1,1,1
    ,1,1,1,1,1,1,1,1,1,1,1,1,1,1,1,1,1,1,1,1,1,1,1,1,1,1,1,1,1,1,1,1,4),
  (0.,0.328013505293,0.654532141274,0.978073973054,1.297183287801,
    1.61044462083,1.916497973535,2.214055789897,2.501922432478,
    2.779017159017,3.044401987384,3.269623492035,3.510023310168,
    3.737105776354,3.950973242823,4.152195746167,4.341963344013,
    4.522306308509,4.696421126138,4.869164710127,5.047820617967,
    5.243309477393,5.472118985513,5.759336347265,6.143042595942,
    6.678887194379,7.495697516282,8.524531677202,9.766857061766,
    11.00918244633,12.03801660725,12.854826929153,13.39067152759,
    13.774377776267,14.061595138019,14.290404646139,14.485893505565,
    14.664549413405,14.837292997394,15.011407815023,15.191750779519,
    15.381518377365,15.582740880709,15.796608347178,16.023690813363,
    16.264090631496,16.489312136147,16.754696964515,17.031791691054,
    17.319658333634,17.617216149997,17.923269502701,18.236530835731,
    18.555640150478,18.879181982258,19.205700618239,19.533714123532),
  .UNSPECIFIED.);
#1311 = CARTESIAN_POINT('',(-38.11903560824,-8.902542711497,0.));
#1312 = CARTESIAN_POINT('',(-38.09286570208,-9.008715558089,0.));
#1313 = CARTESIAN_POINT('',(-38.03482994106,-9.219148095168,0.));
#1314 = CARTESIAN_POINT('',(-37.93099011466,-9.528365361876,0.));
#1315 = CARTESIAN_POINT('',(-37.81148351775,-9.828680405216,0.));
#1316 = CARTESIAN_POINT('',(-37.67759143051,-10.11799120729,0.));
#1317 = CARTESIAN_POINT('',(-37.53100063437,-10.3945102515,0.));
#1318 = CARTESIAN_POINT('',(-37.37303025094,-10.65629270502,0.));
#1319 = CARTESIAN_POINT('',(-37.20724413202,-10.90308910568,0.));
#1320 = CARTESIAN_POINT('',(-37.02992193765,-11.12986917827,0.));
#1321 = CARTESIAN_POINT('',(-36.86362420021,-11.34990590114,0.));
#1322 = CARTESIAN_POINT('',(-36.64661156497,-11.50791307646,0.));
#1323 = CARTESIAN_POINT('',(-36.60671810131,-11.77021341626,0.));
#1324 = CARTESIAN_POINT('',(-36.39638483761,-11.89711570783,0.));
#1325 = CARTESIAN_POINT('',(-36.22736603645,-12.04431945567,0.));
#1326 = CARTESIAN_POINT('',(-36.0509444509,-12.16736062338,0.));
#1327 = CARTESIAN_POINT('',(-35.88229947002,-12.27750713954,0.));
#1328 = CARTESIAN_POINT('',(-35.71799738085,-12.37405759762,0.));
#1329 = CARTESIAN_POINT('',(-35.55804818675,-12.45970278907,0.));
#1330 = CARTESIAN_POINT('',(-35.40009087551,-12.53681486743,0.));
#1331 = CARTESIAN_POINT('',(-35.24022937873,-12.60849366878,0.));
#1332 = CARTESIAN_POINT('',(-35.07193263741,-12.67859523729,0.));
#1333 = CARTESIAN_POINT('',(-34.88499629548,-12.75242225355,0.));
#1334 = CARTESIAN_POINT('',(-34.66369311165,-12.83776390891,0.));
#1335 = CARTESIAN_POINT('',(-34.38510917478,-12.94862769739,0.));
#1336 = CARTESIAN_POINT('',(-34.01390519771,-13.10506996306,0.));
#1337 = CARTESIAN_POINT('',(-33.50894274168,-13.38732591695,0.));
#1338 = CARTESIAN_POINT('',(-32.76879081959,-13.69745866135,0.));
#1339 = CARTESIAN_POINT('',(-32.03414829375,-14.44516112526,0.));
#1340 = CARTESIAN_POINT('',(-31.34535453602,-15.40163017657,0.));
#1341 = CARTESIAN_POINT('',(-30.9494753901,-16.5118326755,0.));
#1342 = CARTESIAN_POINT('',(-30.7514528462,-17.54117503226,0.));
#1343 = CARTESIAN_POINT('',(-30.91667281543,-18.32648360135,0.));
#1344 = CARTESIAN_POINT('',(-30.97123208903,-18.9023992125,0.));
#1345 = CARTESIAN_POINT('',(-31.05335052165,-19.29676343261,0.));
#1346 = CARTESIAN_POINT('',(-31.12036512596,-19.58901132788,0.));
#1347 = CARTESIAN_POINT('',(-31.17584485758,-19.81961986348,0.));
#1348 = CARTESIAN_POINT('',(-31.22127836007,-20.01540398213,0.));
#1349 = CARTESIAN_POINT('',(-31.25918934595,-20.19373171468,0.));
#1350 = CARTESIAN_POINT('',(-31.29101052959,-20.36601334744,0.));
#1351 = CARTESIAN_POINT('',(-31.31727851324,-20.53981431936,0.));
#1352 = CARTESIAN_POINT('',(-31.33765540092,-20.72010193946,0.));
#1353 = CARTESIAN_POINT('',(-31.35153015634,-20.91016681948,0.));
#1354 = CARTESIAN_POINT('',(-31.35668261901,-21.11152927062,0.));
#1355 = CARTESIAN_POINT('',(-31.35564060646,-21.32661673889,0.));
#1356 = CARTESIAN_POINT('',(-31.33050791946,-21.54933774502,0.));
#1357 = CARTESIAN_POINT('',(-31.34555229313,-21.79452734562,0.));
#1358 = CARTESIAN_POINT('',(-31.15234541578,-21.97636259866,0.));
#1359 = CARTESIAN_POINT('',(-31.14558528748,-22.2447188022,0.));
#1360 = CARTESIAN_POINT('',(-31.05896649675,-22.5065742623,0.));
#1361 = CARTESIAN_POINT('',(-30.97306064334,-22.78133333182,0.));
#1362 = CARTESIAN_POINT('',(-30.86412843709,-23.05796896772,0.));
#1363 = CARTESIAN_POINT('',(-30.73842310732,-23.33668542773,0.));
#1364 = CARTESIAN_POINT('',(-30.59412545881,-23.61440800866,0.));
#1365 = CARTESIAN_POINT('',(-30.43208671109,-23.88894630373,0.));
#1366 = CARTESIAN_POINT('',(-30.25281976045,-24.15789669389,0.));
#1367 = CARTESIAN_POINT('',(-30.05732668357,-24.41901062395,0.));
#1368 = CARTESIAN_POINT('',(-29.91711217059,-24.5863124248,0.));
#1369 = CARTESIAN_POINT('',(-29.84459983196,-24.66816288655,0.));
#1370 = SURFACE_OF_LINEAR_EXTRUSION('',#1371,#1431);
#1371 = B_SPLINE_CURVE_WITH_KNOTS('',3,(#1372,#1373,#1374,#1375,#1376,
    #1377,#1378,#1379,#1380,#1381,#1382,#1383,#1384,#1385,#1386,#1387,
    #1388,#1389,#1390,#1391,#1392,#1393,#1394,#1395,#1396,#1397,#1398,
    #1399,#1400,#1401,#1402,#1403,#1404,#1405,#1406,#1407,#1408,#1409,
    #1410,#1411,#1412,#1413,#1414,#1415,#1416,#1417,#1418,#1419,#1420,
    #1421,#1422,#1423,#1424,#1425,#1426,#1427,#1428,#1429,#1430),
  .UNSPECIFIED.,.F.,.F.,(4,1,1,1,1,1,1,1,1,1,1,1,1,1,1,1,1,1,1,1,1,1,1,1
    ,1,1,1,1,1,1,1,1,1,1,1,1,1,1,1,1,1,1,1,1,1,1,1,1,1,1,1,1,1,1,1,1,4),
  (0.,0.328013505293,0.654532141274,0.978073973054,1.297183287801,
    1.61044462083,1.916497973535,2.214055789897,2.501922432478,
    2.779017159017,3.044401987384,3.269623492035,3.510023310168,
    3.737105776354,3.950973242823,4.152195746167,4.341963344013,
    4.522306308509,4.696421126138,4.869164710127,5.047820617967,
    5.243309477393,5.472118985513,5.759336347265,6.143042595942,
    6.678887194379,7.495697516282,8.524531677202,9.766857061766,
    11.00918244633,12.03801660725,12.854826929153,13.39067152759,
    13.774377776267,14.061595138019,14.290404646139,14.485893505565,
    14.664549413405,14.837292997394,15.011407815023,15.191750779519,
    15.381518377365,15.582740880709,15.796608347178,16.023690813363,
    16.264090631496,16.489312136147,16.754696964515,17.031791691054,
    17.319658333634,17.617216149997,17.923269502701,18.236530835731,
    18.555640150478,18.879181982258,19.205700618239,19.533714123532),
  .UNSPECIFIED.);
#1372 = CARTESIAN_POINT('',(-38.11903560824,-8.902542711497,0.));
#1373 = CARTESIAN_POINT('',(-38.09286570208,-9.008715558089,0.));
#1374 = CARTESIAN_POINT('',(-38.03482994106,-9.219148095168,0.));
#1375 = CARTESIAN_POINT('',(-37.93099011466,-9.528365361876,0.));
#1376 = CARTESIAN_POINT('',(-37.81148351775,-9.828680405216,0.));
#1377 = CARTESIAN_POINT('',(-37.67759143051,-10.11799120729,0.));
#1378 = CARTESIAN_POINT('',(-37.53100063437,-10.3945102515,0.));
#1379 = CARTESIAN_POINT('',(-37.37303025094,-10.65629270502,0.));
#1380 = CARTESIAN_POINT('',(-37.20724413202,-10.90308910568,0.));
#1381 = CARTESIAN_POINT('',(-37.02992193765,-11.12986917827,0.));
#1382 = CARTESIAN_POINT('',(-36.86362420021,-11.34990590114,0.));
#1383 = CARTESIAN_POINT('',(-36.64661156497,-11.50791307646,0.));
#1384 = CARTESIAN_POINT('',(-36.60671810131,-11.77021341626,0.));
#1385 = CARTESIAN_POINT('',(-36.39638483761,-11.89711570783,0.));
#1386 = CARTESIAN_POINT('',(-36.22736603645,-12.04431945567,0.));
#1387 = CARTESIAN_POINT('',(-36.0509444509,-12.16736062338,0.));
#1388 = CARTESIAN_POINT('',(-35.88229947002,-12.27750713954,0.));
#1389 = CARTESIAN_POINT('',(-35.71799738085,-12.37405759762,0.));
#1390 = CARTESIAN_POINT('',(-35.55804818675,-12.45970278907,0.));
#1391 = CARTESIAN_POINT('',(-35.40009087551,-12.53681486743,0.));
#1392 = CARTESIAN_POINT('',(-35.24022937873,-12.60849366878,0.));
#1393 = CARTESIAN_POINT('',(-35.07193263741,-12.67859523729,0.));
#1394 = CARTESIAN_POINT('',(-34.88499629548,-12.75242225355,0.));
#1395 = CARTESIAN_POINT('',(-34.66369311165,-12.83776390891,0.));
#1396 = CARTESIAN_POINT('',(-34.38510917478,-12.94862769739,0.));
#1397 = CARTESIAN_POINT('',(-34.01390519771,-13.10506996306,0.));
#1398 = CARTESIAN_POINT('',(-33.50894274168,-13.38732591695,0.));
#1399 = CARTESIAN_POINT('',(-32.76879081959,-13.69745866135,0.));
#1400 = CARTESIAN_POINT('',(-32.03414829375,-14.44516112526,0.));
#1401 = CARTESIAN_POINT('',(-31.34535453602,-15.40163017657,0.));
#1402 = CARTESIAN_POINT('',(-30.9494753901,-16.5118326755,0.));
#1403 = CARTESIAN_POINT('',(-30.7514528462,-17.54117503226,0.));
#1404 = CARTESIAN_POINT('',(-30.91667281543,-18.32648360135,0.));
#1405 = CARTESIAN_POINT('',(-30.97123208903,-18.9023992125,0.));
#1406 = CARTESIAN_POINT('',(-31.05335052165,-19.29676343261,0.));
#1407 = CARTESIAN_POINT('',(-31.12036512596,-19.58901132788,0.));
#1408 = CARTESIAN_POINT('',(-31.17584485758,-19.81961986348,0.));
#1409 = CARTESIAN_POINT('',(-31.22127836007,-20.01540398213,0.));
#1410 = CARTESIAN_POINT('',(-31.25918934595,-20.19373171468,0.));
#1411 = CARTESIAN_POINT('',(-31.29101052959,-20.36601334744,0.));
#1412 = CARTESIAN_POINT('',(-31.31727851324,-20.53981431936,0.));
#1413 = CARTESIAN_POINT('',(-31.33765540092,-20.72010193946,0.));
#1414 = CARTESIAN_POINT('',(-31.35153015634,-20.91016681948,0.));
#1415 = CARTESIAN_POINT('',(-31.35668261901,-21.11152927062,0.));
#1416 = CARTESIAN_POINT('',(-31.35564060646,-21.32661673889,0.));
#1417 = CARTESIAN_POINT('',(-31.33050791946,-21.54933774502,0.));
#1418 = CARTESIAN_POINT('',(-31.34555229313,-21.79452734562,0.));
#1419 = CARTESIAN_POINT('',(-31.15234541578,-21.97636259866,0.));
#1420 = CARTESIAN_POINT('',(-31.14558528748,-22.2447188022,0.));
#1421 = CARTESIAN_POINT('',(-31.05896649675,-22.5065742623,0.));
#1422 = CARTESIAN_POINT('',(-30.97306064334,-22.78133333182,0.));
#1423 = CARTESIAN_POINT('',(-30.86412843709,-23.05796896772,0.));
#1424 = CARTESIAN_POINT('',(-30.73842310732,-23.33668542773,0.));
#1425 = CARTESIAN_POINT('',(-30.59412545881,-23.61440800866,0.));
#1426 = CARTESIAN_POINT('',(-30.43208671109,-23.88894630373,0.));
#1427 = CARTESIAN_POINT('',(-30.25281976045,-24.15789669389,0.));
#1428 = CARTESIAN_POINT('',(-30.05732668357,-24.41901062395,0.));
#1429 = CARTESIAN_POINT('',(-29.91711217059,-24.5863124248,0.));
#1430 = CARTESIAN_POINT('',(-29.84459983196,-24.66816288655,0.));
#1431 = VECTOR('',#1432,1.);
#1432 = DIRECTION('',(-0.,-0.,-1.));
#1433 = ADVANCED_FACE('',(#1434),#1571,.F.);
#1434 = FACE_BOUND('',#1435,.F.);
#1435 = EDGE_LOOP('',(#1436,#1437,#1501,#1509));
#1436 = ORIENTED_EDGE('',*,*,#1301,.T.);
#1437 = ORIENTED_EDGE('',*,*,#1438,.T.);
#1438 = EDGE_CURVE('',#1238,#1439,#1441,.T.);
#1439 = VERTEX_POINT('',#1440);
#1440 = CARTESIAN_POINT('',(-15.19130179798,-34.78260422789,5.));
#1441 = B_SPLINE_CURVE_WITH_KNOTS('',3,(#1442,#1443,#1444,#1445,#1446,
    #1447,#1448,#1449,#1450,#1451,#1452,#1453,#1454,#1455,#1456,#1457,
    #1458,#1459,#1460,#1461,#1462,#1463,#1464,#1465,#1466,#1467,#1468,
    #1469,#1470,#1471,#1472,#1473,#1474,#1475,#1476,#1477,#1478,#1479,
    #1480,#1481,#1482,#1483,#1484,#1485,#1486,#1487,#1488,#1489,#1490,
    #1491,#1492,#1493,#1494,#1495,#1496,#1497,#1498,#1499,#1500),
  .UNSPECIFIED.,.F.,.F.,(4,1,1,1,1,1,1,1,1,1,1,1,1,1,1,1,1,1,1,1,1,1,1,1
    ,1,1,1,1,1,1,1,1,1,1,1,1,1,1,1,1,1,1,1,1,1,1,1,1,1,1,1,1,1,1,1,1,4),
  (0.,0.328013505293,0.654532141274,0.978073973054,1.297183287801,
    1.61044462083,1.916497973535,2.214055789897,2.501922432478,
    2.779017159017,3.044401987384,3.269623492035,3.510023310168,
    3.737105776354,3.950973242823,4.152195746167,4.341963344013,
    4.522306308509,4.696421126138,4.869164710127,5.047820617967,
    5.243309477393,5.472118985513,5.759336347265,6.143042595942,
    6.678887194379,7.495697516282,8.524531677202,9.766857061766,
    11.00918244633,12.03801660725,12.854826929153,13.39067152759,
    13.774377776267,14.061595138019,14.290404646139,14.485893505565,
    14.664549413405,14.837292997394,15.011407815023,15.191750779519,
    15.381518377365,15.582740880709,15.796608347178,16.023690813363,
    16.264090631496,16.489312136147,16.754696964515,17.031791691054,
    17.319658333634,17.617216149997,17.923269502701,18.236530835731,
    18.555640150478,18.879181982258,19.205700618239,19.533714123532),
  .UNSPECIFIED.);
#1442 = CARTESIAN_POINT('',(-29.84459983196,-24.66816288655,5.));
#1443 = CARTESIAN_POINT('',(-29.77208654881,-24.75001251152,5.));
#1444 = CARTESIAN_POINT('',(-29.62290555837,-24.90937070652,5.));
#1445 = CARTESIAN_POINT('',(-29.38725952935,-25.13491222505,5.));
#1446 = CARTESIAN_POINT('',(-29.14187833346,-25.34529050498,5.));
#1447 = CARTESIAN_POINT('',(-28.88887334437,-25.53923974247,5.));
#1448 = CARTESIAN_POINT('',(-28.63056883327,-25.71596105659,5.));
#1449 = CARTESIAN_POINT('',(-28.3690366332,-25.87434540981,5.));
#1450 = CARTESIAN_POINT('',(-28.10754830907,-26.01582811882,5.));
#1451 = CARTESIAN_POINT('',(-27.8451473489,-26.13422616795,5.));
#1452 = CARTESIAN_POINT('',(-27.59564185141,-26.25177659803,5.));
#1453 = CARTESIAN_POINT('',(-27.33005711016,-26.29083420329,5.));
#1454 = CARTESIAN_POINT('',(-27.17283615645,-26.50455020272,5.));
#1455 = CARTESIAN_POINT('',(-26.92762086523,-26.51916985997,5.));
#1456 = CARTESIAN_POINT('',(-26.70955315666,-26.57096535208,5.));
#1457 = CARTESIAN_POINT('',(-26.49615951893,-26.59792569658,5.));
#1458 = CARTESIAN_POINT('',(-26.29564416603,-26.61708236255,5.));
#1459 = CARTESIAN_POINT('',(-26.10529265602,-26.62621855939,5.));
#1460 = CARTESIAN_POINT('',(-25.92386337326,-26.62772151338,5.));
#1461 = CARTESIAN_POINT('',(-25.74816335056,-26.62259444508,5.));
#1462 = CARTESIAN_POINT('',(-25.57330222504,-26.61177152978,5.));
#1463 = CARTESIAN_POINT('',(-25.39170503806,-26.59563199055,5.));
#1464 = CARTESIAN_POINT('',(-25.1918720025,-26.57412891717,5.));
#1465 = CARTESIAN_POINT('',(-24.9562575201,-26.54685048257,5.));
#1466 = CARTESIAN_POINT('',(-24.6580627231,-26.51555108128,5.));
#1467 = CARTESIAN_POINT('',(-24.25667557891,-26.48156673839,5.));
#1468 = CARTESIAN_POINT('',(-23.67838264727,-26.49682421921,5.));
#1469 = CARTESIAN_POINT('',(-22.87888479523,-26.42746737746,5.));
#1470 = CARTESIAN_POINT('',(-21.88091648325,-26.7481196246,5.));
#1471 = CARTESIAN_POINT('',(-20.82652656854,-27.27493248945,5.));
#1472 = CARTESIAN_POINT('',(-19.96005616645,-28.07399376939,5.));
#1473 = CARTESIAN_POINT('',(-19.30635666658,-28.8934054969,5.));
#1474 = CARTESIAN_POINT('',(-19.08770059463,-29.66554324959,5.));
#1475 = CARTESIAN_POINT('',(-18.86836910255,-30.20084615644,5.));
#1476 = CARTESIAN_POINT('',(-18.75781117222,-30.58820066993,5.));
#1477 = CARTESIAN_POINT('',(-18.68133528851,-30.87811656927,5.));
#1478 = CARTESIAN_POINT('',(-18.62329102101,-31.10809300355,5.));
#1479 = CARTESIAN_POINT('',(-18.5725349729,-31.30256523253,5.));
#1480 = CARTESIAN_POINT('',(-18.52323045425,-31.47808471146,5.));
#1481 = CARTESIAN_POINT('',(-18.47134344618,-31.6454205627,5.));
#1482 = CARTESIAN_POINT('',(-18.41383325161,-31.81152102124,5.));
#1483 = CARTESIAN_POINT('',(-18.3480922549,-31.98062739268,5.));
#1484 = CARTESIAN_POINT('',(-18.27205018675,-32.15536940632,5.));
#1485 = CARTESIAN_POINT('',(-18.18303466885,-32.33606147082,5.));
#1486 = CARTESIAN_POINT('',(-18.08215588204,-32.52602771826,5.));
#1487 = CARTESIAN_POINT('',(-17.95639838045,-32.71155763315,5.));
#1488 = CARTESIAN_POINT('',(-17.85577422282,-32.93565371149,5.));
#1489 = CARTESIAN_POINT('',(-17.60019497349,-33.00687311907,5.));
#1490 = CARTESIAN_POINT('',(-17.469497831,-33.24134914824,5.));
#1491 = CARTESIAN_POINT('',(-17.27111040079,-33.43295688405,5.));
#1492 = CARTESIAN_POINT('',(-17.06735763891,-33.63632151707,5.));
#1493 = CARTESIAN_POINT('',(-16.84234397028,-33.83064688736,5.));
#1494 = CARTESIAN_POINT('',(-16.60151143118,-34.01901987673,5.));
#1495 = CARTESIAN_POINT('',(-16.34467809006,-34.19787254853,5.));
#1496 = CARTESIAN_POINT('',(-16.07361559718,-34.36566097535,5.));
#1497 = CARTESIAN_POINT('',(-15.78989511709,-34.52049521297,5.));
#1498 = CARTESIAN_POINT('',(-15.49544890035,-34.66084995293,5.));
#1499 = CARTESIAN_POINT('',(-15.29354609137,-34.74382740735,5.));
#1500 = CARTESIAN_POINT('',(-15.19130179798,-34.78260422789,5.));
#1501 = ORIENTED_EDGE('',*,*,#1502,.F.);
#1502 = EDGE_CURVE('',#1503,#1439,#1505,.T.);
#1503 = VERTEX_POINT('',#1504);
#1504 = CARTESIAN_POINT('',(-15.19130179798,-34.78260422789,0.));
#1505 = LINE('',#1506,#1507);
#1506 = CARTESIAN_POINT('',(-15.19130179798,-34.78260422789,0.));
#1507 = VECTOR('',#1508,1.);
#1508 = DIRECTION('',(0.,0.,1.));
#1509 = ORIENTED_EDGE('',*,*,#1510,.F.);
#1510 = EDGE_CURVE('',#1302,#1503,#1511,.T.);
#1511 = B_SPLINE_CURVE_WITH_KNOTS('',3,(#1512,#1513,#1514,#1515,#1516,
    #1517,#1518,#1519,#1520,#1521,#1522,#1523,#1524,#1525,#1526,#1527,
    #1528,#1529,#1530,#1531,#1532,#1533,#1534,#1535,#1536,#1537,#1538,
    #1539,#1540,#1541,#1542,#1543,#1544,#1545,#1546,#1547,#1548,#1549,
    #1550,#1551,#1552,#1553,#1554,#1555,#1556,#1557,#1558,#1559,#1560,
    #1561,#1562,#1563,#1564,#1565,#1566,#1567,#1568,#1569,#1570),
  .UNSPECIFIED.,.F.,.F.,(4,1,1,1,1,1,1,1,1,1,1,1,1,1,1,1,1,1,1,1,1,1,1,1
    ,1,1,1,1,1,1,1,1,1,1,1,1,1,1,1,1,1,1,1,1,1,1,1,1,1,1,1,1,1,1,1,1,4),
  (0.,0.328013505293,0.654532141274,0.978073973054,1.297183287801,
    1.61044462083,1.916497973535,2.214055789897,2.501922432478,
    2.779017159017,3.044401987384,3.269623492035,3.510023310168,
    3.737105776354,3.950973242823,4.152195746167,4.341963344013,
    4.522306308509,4.696421126138,4.869164710127,5.047820617967,
    5.243309477393,5.472118985513,5.759336347265,6.143042595942,
    6.678887194379,7.495697516282,8.524531677202,9.766857061766,
    11.00918244633,12.03801660725,12.854826929153,13.39067152759,
    13.774377776267,14.061595138019,14.290404646139,14.485893505565,
    14.664549413405,14.837292997394,15.011407815023,15.191750779519,
    15.381518377365,15.582740880709,15.796608347178,16.023690813363,
    16.264090631496,16.489312136147,16.754696964515,17.031791691054,
    17.319658333634,17.617216149997,17.923269502701,18.236530835731,
    18.555640150478,18.879181982258,19.205700618239,19.533714123532),
  .UNSPECIFIED.);
#1512 = CARTESIAN_POINT('',(-29.84459983196,-24.66816288655,0.));
#1513 = CARTESIAN_POINT('',(-29.77208654881,-24.75001251152,0.));
#1514 = CARTESIAN_POINT('',(-29.62290555837,-24.90937070652,0.));
#1515 = CARTESIAN_POINT('',(-29.38725952935,-25.13491222505,0.));
#1516 = CARTESIAN_POINT('',(-29.14187833346,-25.34529050498,0.));
#1517 = CARTESIAN_POINT('',(-28.88887334437,-25.53923974247,0.));
#1518 = CARTESIAN_POINT('',(-28.63056883327,-25.71596105659,0.));
#1519 = CARTESIAN_POINT('',(-28.3690366332,-25.87434540981,0.));
#1520 = CARTESIAN_POINT('',(-28.10754830907,-26.01582811882,0.));
#1521 = CARTESIAN_POINT('',(-27.8451473489,-26.13422616795,0.));
#1522 = CARTESIAN_POINT('',(-27.59564185141,-26.25177659803,0.));
#1523 = CARTESIAN_POINT('',(-27.33005711016,-26.29083420329,0.));
#1524 = CARTESIAN_POINT('',(-27.17283615645,-26.50455020272,0.));
#1525 = CARTESIAN_POINT('',(-26.92762086523,-26.51916985997,0.));
#1526 = CARTESIAN_POINT('',(-26.70955315666,-26.57096535208,0.));
#1527 = CARTESIAN_POINT('',(-26.49615951893,-26.59792569658,0.));
#1528 = CARTESIAN_POINT('',(-26.29564416603,-26.61708236255,0.));
#1529 = CARTESIAN_POINT('',(-26.10529265602,-26.62621855939,0.));
#1530 = CARTESIAN_POINT('',(-25.92386337326,-26.62772151338,0.));
#1531 = CARTESIAN_POINT('',(-25.74816335056,-26.62259444508,0.));
#1532 = CARTESIAN_POINT('',(-25.57330222504,-26.61177152978,0.));
#1533 = CARTESIAN_POINT('',(-25.39170503806,-26.59563199055,0.));
#1534 = CARTESIAN_POINT('',(-25.1918720025,-26.57412891717,0.));
#1535 = CARTESIAN_POINT('',(-24.9562575201,-26.54685048257,0.));
#1536 = CARTESIAN_POINT('',(-24.6580627231,-26.51555108128,0.));
#1537 = CARTESIAN_POINT('',(-24.25667557891,-26.48156673839,0.));
#1538 = CARTESIAN_POINT('',(-23.67838264727,-26.49682421921,0.));
#1539 = CARTESIAN_POINT('',(-22.87888479523,-26.42746737746,0.));
#1540 = CARTESIAN_POINT('',(-21.88091648325,-26.7481196246,0.));
#1541 = CARTESIAN_POINT('',(-20.82652656854,-27.27493248945,0.));
#1542 = CARTESIAN_POINT('',(-19.96005616645,-28.07399376939,0.));
#1543 = CARTESIAN_POINT('',(-19.30635666658,-28.8934054969,0.));
#1544 = CARTESIAN_POINT('',(-19.08770059463,-29.66554324959,0.));
#1545 = CARTESIAN_POINT('',(-18.86836910255,-30.20084615644,0.));
#1546 = CARTESIAN_POINT('',(-18.75781117222,-30.58820066993,0.));
#1547 = CARTESIAN_POINT('',(-18.68133528851,-30.87811656927,0.));
#1548 = CARTESIAN_POINT('',(-18.62329102101,-31.10809300355,0.));
#1549 = CARTESIAN_POINT('',(-18.5725349729,-31.30256523253,0.));
#1550 = CARTESIAN_POINT('',(-18.52323045425,-31.47808471146,0.));
#1551 = CARTESIAN_POINT('',(-18.47134344618,-31.6454205627,0.));
#1552 = CARTESIAN_POINT('',(-18.41383325161,-31.81152102124,0.));
#1553 = CARTESIAN_POINT('',(-18.3480922549,-31.98062739268,0.));
#1554 = CARTESIAN_POINT('',(-18.27205018675,-32.15536940632,0.));
#1555 = CARTESIAN_POINT('',(-18.18303466885,-32.33606147082,0.));
#1556 = CARTESIAN_POINT('',(-18.08215588204,-32.52602771826,0.));
#1557 = CARTESIAN_POINT('',(-17.95639838045,-32.71155763315,0.));
#1558 = CARTESIAN_POINT('',(-17.85577422282,-32.93565371149,0.));
#1559 = CARTESIAN_POINT('',(-17.60019497349,-33.00687311907,0.));
#1560 = CARTESIAN_POINT('',(-17.469497831,-33.24134914824,0.));
#1561 = CARTESIAN_POINT('',(-17.27111040079,-33.43295688405,0.));
#1562 = CARTESIAN_POINT('',(-17.06735763891,-33.63632151707,0.));
#1563 = CARTESIAN_POINT('',(-16.84234397028,-33.83064688736,0.));
#1564 = CARTESIAN_POINT('',(-16.60151143118,-34.01901987673,0.));
#1565 = CARTESIAN_POINT('',(-16.34467809006,-34.19787254853,0.));
#1566 = CARTESIAN_POINT('',(-16.07361559718,-34.36566097535,0.));
#1567 = CARTESIAN_POINT('',(-15.78989511709,-34.52049521297,0.));
#1568 = CARTESIAN_POINT('',(-15.49544890035,-34.66084995293,0.));
#1569 = CARTESIAN_POINT('',(-15.29354609137,-34.74382740735,0.));
#1570 = CARTESIAN_POINT('',(-15.19130179798,-34.78260422789,0.));
#1571 = SURFACE_OF_LINEAR_EXTRUSION('',#1572,#1632);
#1572 = B_SPLINE_CURVE_WITH_KNOTS('',3,(#1573,#1574,#1575,#1576,#1577,
    #1578,#1579,#1580,#1581,#1582,#1583,#1584,#1585,#1586,#1587,#1588,
    #1589,#1590,#1591,#1592,#1593,#1594,#1595,#1596,#1597,#1598,#1599,
    #1600,#1601,#1602,#1603,#1604,#1605,#1606,#1607,#1608,#1609,#1610,
    #1611,#1612,#1613,#1614,#1615,#1616,#1617,#1618,#1619,#1620,#1621,
    #1622,#1623,#1624,#1625,#1626,#1627,#1628,#1629,#1630,#1631),
  .UNSPECIFIED.,.F.,.F.,(4,1,1,1,1,1,1,1,1,1,1,1,1,1,1,1,1,1,1,1,1,1,1,1
    ,1,1,1,1,1,1,1,1,1,1,1,1,1,1,1,1,1,1,1,1,1,1,1,1,1,1,1,1,1,1,1,1,4),
  (0.,0.328013505293,0.654532141274,0.978073973054,1.297183287801,
    1.61044462083,1.916497973535,2.214055789897,2.501922432478,
    2.779017159017,3.044401987384,3.269623492035,3.510023310168,
    3.737105776354,3.950973242823,4.152195746167,4.341963344013,
    4.522306308509,4.696421126138,4.869164710127,5.047820617967,
    5.243309477393,5.472118985513,5.759336347265,6.143042595942,
    6.678887194379,7.495697516282,8.524531677202,9.766857061766,
    11.00918244633,12.03801660725,12.854826929153,13.39067152759,
    13.774377776267,14.061595138019,14.290404646139,14.485893505565,
    14.664549413405,14.837292997394,15.011407815023,15.191750779519,
    15.381518377365,15.582740880709,15.796608347178,16.023690813363,
    16.264090631496,16.489312136147,16.754696964515,17.031791691054,
    17.319658333634,17.617216149997,17.923269502701,18.236530835731,
    18.555640150478,18.879181982258,19.205700618239,19.533714123532),
  .UNSPECIFIED.);
#1573 = CARTESIAN_POINT('',(-29.84459983196,-24.66816288655,0.));
#1574 = CARTESIAN_POINT('',(-29.77208654881,-24.75001251152,0.));
#1575 = CARTESIAN_POINT('',(-29.62290555837,-24.90937070652,0.));
#1576 = CARTESIAN_POINT('',(-29.38725952935,-25.13491222505,0.));
#1577 = CARTESIAN_POINT('',(-29.14187833346,-25.34529050498,0.));
#1578 = CARTESIAN_POINT('',(-28.88887334437,-25.53923974247,0.));
#1579 = CARTESIAN_POINT('',(-28.63056883327,-25.71596105659,0.));
#1580 = CARTESIAN_POINT('',(-28.3690366332,-25.87434540981,0.));
#1581 = CARTESIAN_POINT('',(-28.10754830907,-26.01582811882,0.));
#1582 = CARTESIAN_POINT('',(-27.8451473489,-26.13422616795,0.));
#1583 = CARTESIAN_POINT('',(-27.59564185141,-26.25177659803,0.));
#1584 = CARTESIAN_POINT('',(-27.33005711016,-26.29083420329,0.));
#1585 = CARTESIAN_POINT('',(-27.17283615645,-26.50455020272,0.));
#1586 = CARTESIAN_POINT('',(-26.92762086523,-26.51916985997,0.));
#1587 = CARTESIAN_POINT('',(-26.70955315666,-26.57096535208,0.));
#1588 = CARTESIAN_POINT('',(-26.49615951893,-26.59792569658,0.));
#1589 = CARTESIAN_POINT('',(-26.29564416603,-26.61708236255,0.));
#1590 = CARTESIAN_POINT('',(-26.10529265602,-26.62621855939,0.));
#1591 = CARTESIAN_POINT('',(-25.92386337326,-26.62772151338,0.));
#1592 = CARTESIAN_POINT('',(-25.74816335056,-26.62259444508,0.));
#1593 = CARTESIAN_POINT('',(-25.57330222504,-26.61177152978,0.));
#1594 = CARTESIAN_POINT('',(-25.39170503806,-26.59563199055,0.));
#1595 = CARTESIAN_POINT('',(-25.1918720025,-26.57412891717,0.));
#1596 = CARTESIAN_POINT('',(-24.9562575201,-26.54685048257,0.));
#1597 = CARTESIAN_POINT('',(-24.6580627231,-26.51555108128,0.));
#1598 = CARTESIAN_POINT('',(-24.25667557891,-26.48156673839,0.));
#1599 = CARTESIAN_POINT('',(-23.67838264727,-26.49682421921,0.));
#1600 = CARTESIAN_POINT('',(-22.87888479523,-26.42746737746,0.));
#1601 = CARTESIAN_POINT('',(-21.88091648325,-26.7481196246,0.));
#1602 = CARTESIAN_POINT('',(-20.82652656854,-27.27493248945,0.));
#1603 = CARTESIAN_POINT('',(-19.96005616645,-28.07399376939,0.));
#1604 = CARTESIAN_POINT('',(-19.30635666658,-28.8934054969,0.));
#1605 = CARTESIAN_POINT('',(-19.08770059463,-29.66554324959,0.));
#1606 = CARTESIAN_POINT('',(-18.86836910255,-30.20084615644,0.));
#1607 = CARTESIAN_POINT('',(-18.75781117222,-30.58820066993,0.));
#1608 = CARTESIAN_POINT('',(-18.68133528851,-30.87811656927,0.));
#1609 = CARTESIAN_POINT('',(-18.62329102101,-31.10809300355,0.));
#1610 = CARTESIAN_POINT('',(-18.5725349729,-31.30256523253,0.));
#1611 = CARTESIAN_POINT('',(-18.52323045425,-31.47808471146,0.));
#1612 = CARTESIAN_POINT('',(-18.47134344618,-31.6454205627,0.));
#1613 = CARTESIAN_POINT('',(-18.41383325161,-31.81152102124,0.));
#1614 = CARTESIAN_POINT('',(-18.3480922549,-31.98062739268,0.));
#1615 = CARTESIAN_POINT('',(-18.27205018675,-32.15536940632,0.));
#1616 = CARTESIAN_POINT('',(-18.18303466885,-32.33606147082,0.));
#1617 = CARTESIAN_POINT('',(-18.08215588204,-32.52602771826,0.));
#1618 = CARTESIAN_POINT('',(-17.95639838045,-32.71155763315,0.));
#1619 = CARTESIAN_POINT('',(-17.85577422282,-32.93565371149,0.));
#1620 = CARTESIAN_POINT('',(-17.60019497349,-33.00687311907,0.));
#1621 = CARTESIAN_POINT('',(-17.469497831,-33.24134914824,0.));
#1622 = CARTESIAN_POINT('',(-17.27111040079,-33.43295688405,0.));
#1623 = CARTESIAN_POINT('',(-17.06735763891,-33.63632151707,0.));
#1624 = CARTESIAN_POINT('',(-16.84234397028,-33.83064688736,0.));
#1625 = CARTESIAN_POINT('',(-16.60151143118,-34.01901987673,0.));
#1626 = CARTESIAN_POINT('',(-16.34467809006,-34.19787254853,0.));
#1627 = CARTESIAN_POINT('',(-16.07361559718,-34.36566097535,0.));
#1628 = CARTESIAN_POINT('',(-15.78989511709,-34.52049521297,0.));
#1629 = CARTESIAN_POINT('',(-15.49544890035,-34.66084995293,0.));
#1630 = CARTESIAN_POINT('',(-15.29354609137,-34.74382740735,0.));
#1631 = CARTESIAN_POINT('',(-15.19130179798,-34.78260422789,0.));
#1632 = VECTOR('',#1633,1.);
#1633 = DIRECTION('',(-0.,-0.,-1.));
#1634 = ADVANCED_FACE('',(#1635),#1772,.F.);
#1635 = FACE_BOUND('',#1636,.F.);
#1636 = EDGE_LOOP('',(#1637,#1638,#1702,#1710));
#1637 = ORIENTED_EDGE('',*,*,#1502,.T.);
#1638 = ORIENTED_EDGE('',*,*,#1639,.T.);
#1639 = EDGE_CURVE('',#1439,#1640,#1642,.T.);
#1640 = VERTEX_POINT('',#1641);
#1641 = CARTESIAN_POINT('',(2.483964505498,-36.92877011644,5.));
#1642 = B_SPLINE_CURVE_WITH_KNOTS('',3,(#1643,#1644,#1645,#1646,#1647,
    #1648,#1649,#1650,#1651,#1652,#1653,#1654,#1655,#1656,#1657,#1658,
    #1659,#1660,#1661,#1662,#1663,#1664,#1665,#1666,#1667,#1668,#1669,
    #1670,#1671,#1672,#1673,#1674,#1675,#1676,#1677,#1678,#1679,#1680,
    #1681,#1682,#1683,#1684,#1685,#1686,#1687,#1688,#1689,#1690,#1691,
    #1692,#1693,#1694,#1695,#1696,#1697,#1698,#1699,#1700,#1701),
  .UNSPECIFIED.,.F.,.F.,(4,1,1,1,1,1,1,1,1,1,1,1,1,1,1,1,1,1,1,1,1,1,1,1
    ,1,1,1,1,1,1,1,1,1,1,1,1,1,1,1,1,1,1,1,1,1,1,1,1,1,1,1,1,1,1,1,1,4),
  (0.,0.328013505293,0.654532141274,0.978073973054,1.297183287801,
    1.61044462083,1.916497973535,2.214055789897,2.501922432478,
    2.779017159017,3.044401987384,3.269623492035,3.510023310168,
    3.737105776354,3.950973242823,4.152195746167,4.341963344013,
    4.522306308509,4.696421126138,4.869164710127,5.047820617967,
    5.243309477393,5.472118985513,5.759336347265,6.143042595942,
    6.678887194379,7.495697516282,8.524531677202,9.766857061766,
    11.00918244633,12.03801660725,12.854826929153,13.39067152759,
    13.774377776267,14.061595138019,14.290404646139,14.485893505565,
    14.664549413405,14.837292997394,15.011407815023,15.191750779519,
    15.381518377365,15.582740880709,15.796608347178,16.023690813363,
    16.264090631496,16.489312136147,16.754696964515,17.031791691054,
    17.319658333634,17.617216149997,17.923269502701,18.236530835731,
    18.555640150478,18.879181982258,19.205700618239,19.533714123532),
  .UNSPECIFIED.);
#1643 = CARTESIAN_POINT('',(-15.19130179798,-34.78260422789,5.));
#1644 = CARTESIAN_POINT('',(-15.08905705712,-34.82137986856,5.));
#1645 = CARTESIAN_POINT('',(-14.88290640436,-34.89315667947,5.));
#1646 = CARTESIAN_POINT('',(-14.56943783812,-34.983353606,5.));
#1647 = CARTESIAN_POINT('',(-14.25439591806,-35.05559999391,5.));
#1648 = CARTESIAN_POINT('',(-13.94023842109,-35.10975623386,5.));
#1649 = CARTESIAN_POINT('',(-13.62939464561,-35.14619509455,5.));
#1650 = CARTESIAN_POINT('',(-13.32421450413,-35.16489740087,5.));
#1651 = CARTESIAN_POINT('',(-13.02692779857,-35.16865443464,5.));
#1652 = CARTESIAN_POINT('',(-12.7395609703,-35.15154689411,5.));
#1653 = CARTESIAN_POINT('',(-12.46400641537,-35.13968164451,5.));
#1654 = CARTESIAN_POINT('',(-12.2106918317,-35.05084205304,5.));
#1655 = CARTESIAN_POINT('',(-11.9721608137,-35.16701395219,5.));
#1656 = CARTESIAN_POINT('',(-11.74823936302,-35.06600178783,5.));
#1657 = CARTESIAN_POINT('',(-11.53107943108,-35.01052330117,5.));
#1658 = CARTESIAN_POINT('',(-11.3295996519,-34.93522653244,5.));
#1659 = CARTESIAN_POINT('',(-11.14314957786,-34.85900478691,5.));
#1660 = CARTESIAN_POINT('',(-10.97035588395,-34.77863372992,5.));
#1661 = CARTESIAN_POINT('',(-10.80900977476,-34.6956501378,5.));
#1662 = CARTESIAN_POINT('',(-10.6558177984,-34.60945847241,5.));
#1663 = CARTESIAN_POINT('',(-10.50601562068,-34.51861323992,5.));
#1664 = CARTESIAN_POINT('',(-10.35271971509,-34.41992996689,5.));
#1665 = CARTESIAN_POINT('',(-10.18576932611,-34.30802289883,5.));
#1666 = CARTESIAN_POINT('',(-9.98981998359,-34.1743735349,5.));
#1667 = CARTESIAN_POINT('',(-9.740327160818,-34.00808125948,5.));
#1668 = CARTESIAN_POINT('',(-9.400709807003,-33.79145571143,5.));
#1669 = CARTESIAN_POINT('',(-8.881566341212,-33.53621941419,5.));
#1670 = CARTESIAN_POINT('',(-8.205877882117,-33.10326180291,5.));
#1671 = CARTESIAN_POINT('',(-7.173206297452,-32.92340626773,5.));
#1672 = CARTESIAN_POINT('',(-5.99476824846,-32.89987646757,5.));
#1673 = CARTESIAN_POINT('',(-4.856204517204,-33.20474121902,5.));
#1674 = CARTESIAN_POINT('',(-3.896582738862,-33.62650496549,5.));
#1675 = CARTESIAN_POINT('',(-3.344142096728,-34.2085844479,5.));
#1676 = CARTESIAN_POINT('',(-2.901166040571,-34.58064320559,5.));
#1677 = CARTESIAN_POINT('',(-2.623259236762,-34.87224976155,5.));
#1678 = CARTESIAN_POINT('',(-2.420812568344,-35.09341742628,5.));
#1679 = CARTESIAN_POINT('',(-2.2625415439,-35.27007692967,5.));
#1680 = CARTESIAN_POINT('',(-2.127223544134,-35.41868602496,5.));
#1681 = CARTESIAN_POINT('',(-2.001998591999,-35.5511878529,5.));
#1682 = CARTESIAN_POINT('',(-1.87829008047,-35.67524329571,5.));
#1683 = CARTESIAN_POINT('',(-1.750176600185,-35.79559162754,5.));
#1684 = CARTESIAN_POINT('',(-1.613378189163,-35.91477651858,5.));
#1685 = CARTESIAN_POINT('',(-1.46483961885,-36.03416437638,5.));
#1686 = CARTESIAN_POINT('',(-1.302048502772,-36.15279167983,5.));
#1687 = CARTESIAN_POINT('',(-1.124443056031,-36.2741177285,5.));
#1688 = CARTESIAN_POINT('',(-0.926870267919,-36.37995388453,5.));
#1689 = CARTESIAN_POINT('',(-0.733629360855,-36.5316187297,5.));
#1690 = CARTESIAN_POINT('',(-0.474227865507,-36.47590678383,5.));
#1691 = CARTESIAN_POINT('',(-0.24953484911,-36.6227870061,5.));
#1692 = CARTESIAN_POINT('',(1.517305116215E-02,-36.70025199447,5.));
#1693 = CARTESIAN_POINT('',(0.290095419251,-36.78563380437,5.));
#1694 = CARTESIAN_POINT('',(0.579642630478,-36.85313130859,5.));
#1695 = CARTESIAN_POINT('',(0.880430546548,-36.9080068456,5.));
#1696 = CARTESIAN_POINT('',(1.190962156999,-36.94701661658,5.));
#1697 = CARTESIAN_POINT('',(1.508951244598,-36.96961686863,5.));
#1698 = CARTESIAN_POINT('',(1.832128311342,-36.97486429582,5.));
#1699 = CARTESIAN_POINT('',(2.158073588144,-36.96230626621,5.));
#1700 = CARTESIAN_POINT('',(2.375411192784,-36.94195023938,5.));
#1701 = CARTESIAN_POINT('',(2.483964505498,-36.92877011644,5.));
#1702 = ORIENTED_EDGE('',*,*,#1703,.F.);
#1703 = EDGE_CURVE('',#1704,#1640,#1706,.T.);
#1704 = VERTEX_POINT('',#1705);
#1705 = CARTESIAN_POINT('',(2.483964505498,-36.92877011644,0.));
#1706 = LINE('',#1707,#1708);
#1707 = CARTESIAN_POINT('',(2.483964505498,-36.92877011644,0.));
#1708 = VECTOR('',#1709,1.);
#1709 = DIRECTION('',(0.,0.,1.));
#1710 = ORIENTED_EDGE('',*,*,#1711,.F.);
#1711 = EDGE_CURVE('',#1503,#1704,#1712,.T.);
#1712 = B_SPLINE_CURVE_WITH_KNOTS('',3,(#1713,#1714,#1715,#1716,#1717,
    #1718,#1719,#1720,#1721,#1722,#1723,#1724,#1725,#1726,#1727,#1728,
    #1729,#1730,#1731,#1732,#1733,#1734,#1735,#1736,#1737,#1738,#1739,
    #1740,#1741,#1742,#1743,#1744,#1745,#1746,#1747,#1748,#1749,#1750,
    #1751,#1752,#1753,#1754,#1755,#1756,#1757,#1758,#1759,#1760,#1761,
    #1762,#1763,#1764,#1765,#1766,#1767,#1768,#1769,#1770,#1771),
  .UNSPECIFIED.,.F.,.F.,(4,1,1,1,1,1,1,1,1,1,1,1,1,1,1,1,1,1,1,1,1,1,1,1
    ,1,1,1,1,1,1,1,1,1,1,1,1,1,1,1,1,1,1,1,1,1,1,1,1,1,1,1,1,1,1,1,1,4),
  (0.,0.328013505293,0.654532141274,0.978073973054,1.297183287801,
    1.61044462083,1.916497973535,2.214055789897,2.501922432478,
    2.779017159017,3.044401987384,3.269623492035,3.510023310168,
    3.737105776354,3.950973242823,4.152195746167,4.341963344013,
    4.522306308509,4.696421126138,4.869164710127,5.047820617967,
    5.243309477393,5.472118985513,5.759336347265,6.143042595942,
    6.678887194379,7.495697516282,8.524531677202,9.766857061766,
    11.00918244633,12.03801660725,12.854826929153,13.39067152759,
    13.774377776267,14.061595138019,14.290404646139,14.485893505565,
    14.664549413405,14.837292997394,15.011407815023,15.191750779519,
    15.381518377365,15.582740880709,15.796608347178,16.023690813363,
    16.264090631496,16.489312136147,16.754696964515,17.031791691054,
    17.319658333634,17.617216149997,17.923269502701,18.236530835731,
    18.555640150478,18.879181982258,19.205700618239,19.533714123532),
  .UNSPECIFIED.);
#1713 = CARTESIAN_POINT('',(-15.19130179798,-34.78260422789,0.));
#1714 = CARTESIAN_POINT('',(-15.08905705712,-34.82137986856,0.));
#1715 = CARTESIAN_POINT('',(-14.88290640436,-34.89315667947,0.));
#1716 = CARTESIAN_POINT('',(-14.56943783812,-34.983353606,0.));
#1717 = CARTESIAN_POINT('',(-14.25439591806,-35.05559999391,0.));
#1718 = CARTESIAN_POINT('',(-13.94023842109,-35.10975623386,0.));
#1719 = CARTESIAN_POINT('',(-13.62939464561,-35.14619509455,0.));
#1720 = CARTESIAN_POINT('',(-13.32421450413,-35.16489740087,0.));
#1721 = CARTESIAN_POINT('',(-13.02692779857,-35.16865443464,0.));
#1722 = CARTESIAN_POINT('',(-12.7395609703,-35.15154689411,0.));
#1723 = CARTESIAN_POINT('',(-12.46400641537,-35.13968164451,0.));
#1724 = CARTESIAN_POINT('',(-12.2106918317,-35.05084205304,0.));
#1725 = CARTESIAN_POINT('',(-11.9721608137,-35.16701395219,0.));
#1726 = CARTESIAN_POINT('',(-11.74823936302,-35.06600178783,0.));
#1727 = CARTESIAN_POINT('',(-11.53107943108,-35.01052330117,0.));
#1728 = CARTESIAN_POINT('',(-11.3295996519,-34.93522653244,0.));
#1729 = CARTESIAN_POINT('',(-11.14314957786,-34.85900478691,0.));
#1730 = CARTESIAN_POINT('',(-10.97035588395,-34.77863372992,0.));
#1731 = CARTESIAN_POINT('',(-10.80900977476,-34.6956501378,0.));
#1732 = CARTESIAN_POINT('',(-10.6558177984,-34.60945847241,0.));
#1733 = CARTESIAN_POINT('',(-10.50601562068,-34.51861323992,0.));
#1734 = CARTESIAN_POINT('',(-10.35271971509,-34.41992996689,0.));
#1735 = CARTESIAN_POINT('',(-10.18576932611,-34.30802289883,0.));
#1736 = CARTESIAN_POINT('',(-9.98981998359,-34.1743735349,0.));
#1737 = CARTESIAN_POINT('',(-9.740327160818,-34.00808125948,0.));
#1738 = CARTESIAN_POINT('',(-9.400709807003,-33.79145571143,0.));
#1739 = CARTESIAN_POINT('',(-8.881566341212,-33.53621941419,0.));
#1740 = CARTESIAN_POINT('',(-8.205877882117,-33.10326180291,0.));
#1741 = CARTESIAN_POINT('',(-7.173206297452,-32.92340626773,0.));
#1742 = CARTESIAN_POINT('',(-5.99476824846,-32.89987646757,0.));
#1743 = CARTESIAN_POINT('',(-4.856204517204,-33.20474121902,0.));
#1744 = CARTESIAN_POINT('',(-3.896582738862,-33.62650496549,0.));
#1745 = CARTESIAN_POINT('',(-3.344142096728,-34.2085844479,0.));
#1746 = CARTESIAN_POINT('',(-2.901166040571,-34.58064320559,0.));
#1747 = CARTESIAN_POINT('',(-2.623259236762,-34.87224976155,0.));
#1748 = CARTESIAN_POINT('',(-2.420812568344,-35.09341742628,0.));
#1749 = CARTESIAN_POINT('',(-2.2625415439,-35.27007692967,0.));
#1750 = CARTESIAN_POINT('',(-2.127223544134,-35.41868602496,0.));
#1751 = CARTESIAN_POINT('',(-2.001998591999,-35.5511878529,0.));
#1752 = CARTESIAN_POINT('',(-1.87829008047,-35.67524329571,0.));
#1753 = CARTESIAN_POINT('',(-1.750176600185,-35.79559162754,0.));
#1754 = CARTESIAN_POINT('',(-1.613378189163,-35.91477651858,0.));
#1755 = CARTESIAN_POINT('',(-1.46483961885,-36.03416437638,0.));
#1756 = CARTESIAN_POINT('',(-1.302048502772,-36.15279167983,0.));
#1757 = CARTESIAN_POINT('',(-1.124443056031,-36.2741177285,0.));
#1758 = CARTESIAN_POINT('',(-0.926870267919,-36.37995388453,0.));
#1759 = CARTESIAN_POINT('',(-0.733629360855,-36.5316187297,0.));
#1760 = CARTESIAN_POINT('',(-0.474227865507,-36.47590678383,0.));
#1761 = CARTESIAN_POINT('',(-0.24953484911,-36.6227870061,0.));
#1762 = CARTESIAN_POINT('',(1.517305116215E-02,-36.70025199447,0.));
#1763 = CARTESIAN_POINT('',(0.290095419251,-36.78563380437,0.));
#1764 = CARTESIAN_POINT('',(0.579642630478,-36.85313130859,0.));
#1765 = CARTESIAN_POINT('',(0.880430546548,-36.9080068456,0.));
#1766 = CARTESIAN_POINT('',(1.190962156999,-36.94701661658,0.));
#1767 = CARTESIAN_POINT('',(1.508951244598,-36.96961686863,0.));
#1768 = CARTESIAN_POINT('',(1.832128311342,-36.97486429582,0.));
#1769 = CARTESIAN_POINT('',(2.158073588144,-36.96230626621,0.));
#1770 = CARTESIAN_POINT('',(2.375411192784,-36.94195023938,0.));
#1771 = CARTESIAN_POINT('',(2.483964505498,-36.92877011644,0.));
#1772 = SURFACE_OF_LINEAR_EXTRUSION('',#1773,#1833);
#1773 = B_SPLINE_CURVE_WITH_KNOTS('',3,(#1774,#1775,#1776,#1777,#1778,
    #1779,#1780,#1781,#1782,#1783,#1784,#1785,#1786,#1787,#1788,#1789,
    #1790,#1791,#1792,#1793,#1794,#1795,#1796,#1797,#1798,#1799,#1800,
    #1801,#1802,#1803,#1804,#1805,#1806,#1807,#1808,#1809,#1810,#1811,
    #1812,#1813,#1814,#1815,#1816,#1817,#1818,#1819,#1820,#1821,#1822,
    #1823,#1824,#1825,#1826,#1827,#1828,#1829,#1830,#1831,#1832),
  .UNSPECIFIED.,.F.,.F.,(4,1,1,1,1,1,1,1,1,1,1,1,1,1,1,1,1,1,1,1,1,1,1,1
    ,1,1,1,1,1,1,1,1,1,1,1,1,1,1,1,1,1,1,1,1,1,1,1,1,1,1,1,1,1,1,1,1,4),
  (0.,0.328013505293,0.654532141274,0.978073973054,1.297183287801,
    1.61044462083,1.916497973535,2.214055789897,2.501922432478,
    2.779017159017,3.044401987384,3.269623492035,3.510023310168,
    3.737105776354,3.950973242823,4.152195746167,4.341963344013,
    4.522306308509,4.696421126138,4.869164710127,5.047820617967,
    5.243309477393,5.472118985513,5.759336347265,6.143042595942,
    6.678887194379,7.495697516282,8.524531677202,9.766857061766,
    11.00918244633,12.03801660725,12.854826929153,13.39067152759,
    13.774377776267,14.061595138019,14.290404646139,14.485893505565,
    14.664549413405,14.837292997394,15.011407815023,15.191750779519,
    15.381518377365,15.582740880709,15.796608347178,16.023690813363,
    16.264090631496,16.489312136147,16.754696964515,17.031791691054,
    17.319658333634,17.617216149997,17.923269502701,18.236530835731,
    18.555640150478,18.879181982258,19.205700618239,19.533714123532),
  .UNSPECIFIED.);
#1774 = CARTESIAN_POINT('',(-15.19130179798,-34.78260422789,0.));
#1775 = CARTESIAN_POINT('',(-15.08905705712,-34.82137986856,0.));
#1776 = CARTESIAN_POINT('',(-14.88290640436,-34.89315667947,0.));
#1777 = CARTESIAN_POINT('',(-14.56943783812,-34.983353606,0.));
#1778 = CARTESIAN_POINT('',(-14.25439591806,-35.05559999391,0.));
#1779 = CARTESIAN_POINT('',(-13.94023842109,-35.10975623386,0.));
#1780 = CARTESIAN_POINT('',(-13.62939464561,-35.14619509455,0.));
#1781 = CARTESIAN_POINT('',(-13.32421450413,-35.16489740087,0.));
#1782 = CARTESIAN_POINT('',(-13.02692779857,-35.16865443464,0.));
#1783 = CARTESIAN_POINT('',(-12.7395609703,-35.15154689411,0.));
#1784 = CARTESIAN_POINT('',(-12.46400641537,-35.13968164451,0.));
#1785 = CARTESIAN_POINT('',(-12.2106918317,-35.05084205304,0.));
#1786 = CARTESIAN_POINT('',(-11.9721608137,-35.16701395219,0.));
#1787 = CARTESIAN_POINT('',(-11.74823936302,-35.06600178783,0.));
#1788 = CARTESIAN_POINT('',(-11.53107943108,-35.01052330117,0.));
#1789 = CARTESIAN_POINT('',(-11.3295996519,-34.93522653244,0.));
#1790 = CARTESIAN_POINT('',(-11.14314957786,-34.85900478691,0.));
#1791 = CARTESIAN_POINT('',(-10.97035588395,-34.77863372992,0.));
#1792 = CARTESIAN_POINT('',(-10.80900977476,-34.6956501378,0.));
#1793 = CARTESIAN_POINT('',(-10.6558177984,-34.60945847241,0.));
#1794 = CARTESIAN_POINT('',(-10.50601562068,-34.51861323992,0.));
#1795 = CARTESIAN_POINT('',(-10.35271971509,-34.41992996689,0.));
#1796 = CARTESIAN_POINT('',(-10.18576932611,-34.30802289883,0.));
#1797 = CARTESIAN_POINT('',(-9.98981998359,-34.1743735349,0.));
#1798 = CARTESIAN_POINT('',(-9.740327160818,-34.00808125948,0.));
#1799 = CARTESIAN_POINT('',(-9.400709807003,-33.79145571143,0.));
#1800 = CARTESIAN_POINT('',(-8.881566341212,-33.53621941419,0.));
#1801 = CARTESIAN_POINT('',(-8.205877882117,-33.10326180291,0.));
#1802 = CARTESIAN_POINT('',(-7.173206297452,-32.92340626773,0.));
#1803 = CARTESIAN_POINT('',(-5.99476824846,-32.89987646757,0.));
#1804 = CARTESIAN_POINT('',(-4.856204517204,-33.20474121902,0.));
#1805 = CARTESIAN_POINT('',(-3.896582738862,-33.62650496549,0.));
#1806 = CARTESIAN_POINT('',(-3.344142096728,-34.2085844479,0.));
#1807 = CARTESIAN_POINT('',(-2.901166040571,-34.58064320559,0.));
#1808 = CARTESIAN_POINT('',(-2.623259236762,-34.87224976155,0.));
#1809 = CARTESIAN_POINT('',(-2.420812568344,-35.09341742628,0.));
#1810 = CARTESIAN_POINT('',(-2.2625415439,-35.27007692967,0.));
#1811 = CARTESIAN_POINT('',(-2.127223544134,-35.41868602496,0.));
#1812 = CARTESIAN_POINT('',(-2.001998591999,-35.5511878529,0.));
#1813 = CARTESIAN_POINT('',(-1.87829008047,-35.67524329571,0.));
#1814 = CARTESIAN_POINT('',(-1.750176600185,-35.79559162754,0.));
#1815 = CARTESIAN_POINT('',(-1.613378189163,-35.91477651858,0.));
#1816 = CARTESIAN_POINT('',(-1.46483961885,-36.03416437638,0.));
#1817 = CARTESIAN_POINT('',(-1.302048502772,-36.15279167983,0.));
#1818 = CARTESIAN_POINT('',(-1.124443056031,-36.2741177285,0.));
#1819 = CARTESIAN_POINT('',(-0.926870267919,-36.37995388453,0.));
#1820 = CARTESIAN_POINT('',(-0.733629360855,-36.5316187297,0.));
#1821 = CARTESIAN_POINT('',(-0.474227865507,-36.47590678383,0.));
#1822 = CARTESIAN_POINT('',(-0.24953484911,-36.6227870061,0.));
#1823 = CARTESIAN_POINT('',(1.517305116215E-02,-36.70025199447,0.));
#1824 = CARTESIAN_POINT('',(0.290095419251,-36.78563380437,0.));
#1825 = CARTESIAN_POINT('',(0.579642630478,-36.85313130859,0.));
#1826 = CARTESIAN_POINT('',(0.880430546548,-36.9080068456,0.));
#1827 = CARTESIAN_POINT('',(1.190962156999,-36.94701661658,0.));
#1828 = CARTESIAN_POINT('',(1.508951244598,-36.96961686863,0.));
#1829 = CARTESIAN_POINT('',(1.832128311342,-36.97486429582,0.));
#1830 = CARTESIAN_POINT('',(2.158073588144,-36.96230626621,0.));
#1831 = CARTESIAN_POINT('',(2.375411192784,-36.94195023938,0.));
#1832 = CARTESIAN_POINT('',(2.483964505498,-36.92877011644,0.));
#1833 = VECTOR('',#1834,1.);
#1834 = DIRECTION('',(-0.,-0.,-1.));
#1835 = ADVANCED_FACE('',(#1836),#1973,.F.);
#1836 = FACE_BOUND('',#1837,.F.);
#1837 = EDGE_LOOP('',(#1838,#1839,#1903,#1911));
#1838 = ORIENTED_EDGE('',*,*,#1703,.T.);
#1839 = ORIENTED_EDGE('',*,*,#1840,.T.);
#1840 = EDGE_CURVE('',#1640,#1841,#1843,.T.);
#1841 = VERTEX_POINT('',#1842);
#1842 = CARTESIAN_POINT('',(19.132008578399,-30.61499981124,5.));
#1843 = B_SPLINE_CURVE_WITH_KNOTS('',3,(#1844,#1845,#1846,#1847,#1848,
    #1849,#1850,#1851,#1852,#1853,#1854,#1855,#1856,#1857,#1858,#1859,
    #1860,#1861,#1862,#1863,#1864,#1865,#1866,#1867,#1868,#1869,#1870,
    #1871,#1872,#1873,#1874,#1875,#1876,#1877,#1878,#1879,#1880,#1881,
    #1882,#1883,#1884,#1885,#1886,#1887,#1888,#1889,#1890,#1891,#1892,
    #1893,#1894,#1895,#1896,#1897,#1898,#1899,#1900,#1901,#1902),
  .UNSPECIFIED.,.F.,.F.,(4,1,1,1,1,1,1,1,1,1,1,1,1,1,1,1,1,1,1,1,1,1,1,1
    ,1,1,1,1,1,1,1,1,1,1,1,1,1,1,1,1,1,1,1,1,1,1,1,1,1,1,1,1,1,1,1,1,4),
  (0.,0.328013505293,0.654532141274,0.978073973054,1.297183287801,
    1.61044462083,1.916497973535,2.214055789897,2.501922432478,
    2.779017159017,3.044401987384,3.269623492035,3.510023310168,
    3.737105776354,3.950973242823,4.152195746167,4.341963344013,
    4.522306308509,4.696421126138,4.869164710127,5.047820617967,
    5.243309477393,5.472118985513,5.759336347265,6.143042595942,
    6.678887194379,7.495697516282,8.524531677202,9.766857061766,
    11.00918244633,12.03801660725,12.854826929153,13.39067152759,
    13.774377776267,14.061595138019,14.290404646139,14.485893505565,
    14.664549413405,14.837292997394,15.011407815023,15.191750779519,
    15.381518377365,15.582740880709,15.796608347178,16.023690813363,
    16.264090631496,16.489312136147,16.754696964515,17.031791691054,
    17.319658333634,17.617216149997,17.923269502701,18.236530835731,
    18.555640150478,18.879181982258,19.205700618239,19.533714123532),
  .UNSPECIFIED.);
#1844 = CARTESIAN_POINT('',(2.483964505498,-36.92877011644,5.));
#1845 = CARTESIAN_POINT('',(2.592517666109,-36.91558874082,5.));
#1846 = CARTESIAN_POINT('',(2.808411351036,-36.88334096528,5.));
#1847 = CARTESIAN_POINT('',(3.127890583674,-36.81753027093,5.));
#1848 = CARTESIAN_POINT('',(3.440420920683,-36.73509399002,5.));
#1849 = CARTESIAN_POINT('',(3.743761228987,-36.63705069049,5.));
#1850 = CARTESIAN_POINT('',(4.03593370595,-36.52485939392,5.));
#1851 = CARTESIAN_POINT('',(4.314848696247,-36.39959518034,5.));
#1852 = CARTESIAN_POINT('',(4.579828981685,-36.26476584772,5.));
#1853 = CARTESIAN_POINT('',(4.826329400855,-36.1160718489,5.));
#1854 = CARTESIAN_POINT('',(5.064806785481,-35.9775091053,5.));
#1855 = CARTESIAN_POINT('',(5.247819893223,-35.78112439687,5.));
#1856 = CARTESIAN_POINT('',(5.513016393893,-35.77313861367,5.));
#1857 = CARTESIAN_POINT('',(5.664346298229,-35.57963529722,5.));
#1858 = CARTESIAN_POINT('',(5.830849730205,-35.42959228451,5.));
#1859 = CARTESIAN_POINT('',(5.974259061516,-35.26928798484,5.));
#1860 = CARTESIAN_POINT('',(6.103930391693,-35.11514931114,5.));
#1861 = CARTESIAN_POINT('',(6.219581316615,-34.96368304089,5.));
#1862 = CARTESIAN_POINT('',(6.323881803059,-34.81522344356,5.));
#1863 = CARTESIAN_POINT('',(6.419471297467,-34.66771265289,5.));
#1864 = CARTESIAN_POINT('',(6.509896653777,-34.51765665117,5.));
#1865 = CARTESIAN_POINT('',(6.599773033416,-34.35903679294,5.));
#1866 = CARTESIAN_POINT('',(6.695594453682,-34.18236229086,5.));
#1867 = CARTESIAN_POINT('',(6.806989023396,-33.97295945623,5.));
#1868 = CARTESIAN_POINT('',(6.950624072957,-33.70976986294,5.));
#1869 = CARTESIAN_POINT('',(7.150669393473,-33.36012941217,5.));
#1870 = CARTESIAN_POINT('',(7.491733881763,-32.89287089664,5.));
#1871 = CARTESIAN_POINT('',(7.888820864856,-32.19549788685,5.));
#1872 = CARTESIAN_POINT('',(8.719623107201,-31.55633730498,5.));
#1873 = CARTESIAN_POINT('',(9.752143335173,-30.98785523346,5.));
#1874 = CARTESIAN_POINT('',(10.901969165939,-30.72868261587,5.));
#1875 = CARTESIAN_POINT('',(11.947675438035,-30.6561773898,5.));
#1876 = CARTESIAN_POINT('',(12.707343156876,-30.91485120733,5.));
#1877 = CARTESIAN_POINT('',(13.27248330108,-31.03843163827,5.));
#1878 = CARTESIAN_POINT('',(13.654073878756,-31.16748668896,5.));
#1879 = CARTESIAN_POINT('',(13.936113239891,-31.26923927246,5.));
#1880 = CARTESIAN_POINT('',(14.158353036953,-31.3521112817,5.));
#1881 = CARTESIAN_POINT('',(14.347233265384,-31.4208126905,5.));
#1882 = CARTESIAN_POINT('',(14.519691123596,-31.47994229549,5.));
#1883 = CARTESIAN_POINT('',(14.686881009446,-31.53229772296,5.));
#1884 = CARTESIAN_POINT('',(14.85624852105,-31.57932357561,5.));
#1885 = CARTESIAN_POINT('',(15.032765479016,-31.62128316405,5.));
#1886 = CARTESIAN_POINT('',(15.219772155118,-31.65796654656,5.));
#1887 = CARTESIAN_POINT('',(15.419045386526,-31.68735300337,5.));
#1888 = CARTESIAN_POINT('',(15.632690225722,-31.71224451765,5.));
#1889 = CARTESIAN_POINT('',(15.856816755607,-31.71414112694,5.));
#1890 = CARTESIAN_POINT('',(16.098405249104,-31.75863015067,5.));
#1891 = CARTESIAN_POINT('',(16.302203234018,-31.58874978675,5.));
#1892 = CARTESIAN_POINT('',(16.56941766211,-31.61438571329,5.));
#1893 = CARTESIAN_POINT('',(16.839804642563,-31.55996165894,5.));
#1894 = CARTESIAN_POINT('',(17.122915215505,-31.50780070203,5.));
#1895 = CARTESIAN_POINT('',(17.410664192665,-31.43300747541,5.));
#1896 = CARTESIAN_POINT('',(17.702500599017,-31.34181423584,5.));
#1897 = CARTESIAN_POINT('',(17.995591429161,-31.23204443759,5.));
#1898 = CARTESIAN_POINT('',(18.287659643685,-31.10427906948,5.));
#1899 = CARTESIAN_POINT('',(18.576257325799,-30.95873756392,5.));
#1900 = CARTESIAN_POINT('',(18.859031527821,-30.79614365798,5.));
#1901 = CARTESIAN_POINT('',(19.042014502093,-30.67711747034,5.));
#1902 = CARTESIAN_POINT('',(19.132008578399,-30.61499981124,5.));
#1903 = ORIENTED_EDGE('',*,*,#1904,.F.);
#1904 = EDGE_CURVE('',#1905,#1841,#1907,.T.);
#1905 = VERTEX_POINT('',#1906);
#1906 = CARTESIAN_POINT('',(19.132008578399,-30.61499981124,0.));
#1907 = LINE('',#1908,#1909);
#1908 = CARTESIAN_POINT('',(19.132008578399,-30.61499981124,0.));
#1909 = VECTOR('',#1910,1.);
#1910 = DIRECTION('',(0.,0.,1.));
#1911 = ORIENTED_EDGE('',*,*,#1912,.F.);
#1912 = EDGE_CURVE('',#1704,#1905,#1913,.T.);
#1913 = B_SPLINE_CURVE_WITH_KNOTS('',3,(#1914,#1915,#1916,#1917,#1918,
    #1919,#1920,#1921,#1922,#1923,#1924,#1925,#1926,#1927,#1928,#1929,
    #1930,#1931,#1932,#1933,#1934,#1935,#1936,#1937,#1938,#1939,#1940,
    #1941,#1942,#1943,#1944,#1945,#1946,#1947,#1948,#1949,#1950,#1951,
    #1952,#1953,#1954,#1955,#1956,#1957,#1958,#1959,#1960,#1961,#1962,
    #1963,#1964,#1965,#1966,#1967,#1968,#1969,#1970,#1971,#1972),
  .UNSPECIFIED.,.F.,.F.,(4,1,1,1,1,1,1,1,1,1,1,1,1,1,1,1,1,1,1,1,1,1,1,1
    ,1,1,1,1,1,1,1,1,1,1,1,1,1,1,1,1,1,1,1,1,1,1,1,1,1,1,1,1,1,1,1,1,4),
  (0.,0.328013505293,0.654532141274,0.978073973054,1.297183287801,
    1.61044462083,1.916497973535,2.214055789897,2.501922432478,
    2.779017159017,3.044401987384,3.269623492035,3.510023310168,
    3.737105776354,3.950973242823,4.152195746167,4.341963344013,
    4.522306308509,4.696421126138,4.869164710127,5.047820617967,
    5.243309477393,5.472118985513,5.759336347265,6.143042595942,
    6.678887194379,7.495697516282,8.524531677202,9.766857061766,
    11.00918244633,12.03801660725,12.854826929153,13.39067152759,
    13.774377776267,14.061595138019,14.290404646139,14.485893505565,
    14.664549413405,14.837292997394,15.011407815023,15.191750779519,
    15.381518377365,15.582740880709,15.796608347178,16.023690813363,
    16.264090631496,16.489312136147,16.754696964515,17.031791691054,
    17.319658333634,17.617216149997,17.923269502701,18.236530835731,
    18.555640150478,18.879181982258,19.205700618239,19.533714123532),
  .UNSPECIFIED.);
#1914 = CARTESIAN_POINT('',(2.483964505498,-36.92877011644,0.));
#1915 = CARTESIAN_POINT('',(2.592517666109,-36.91558874082,0.));
#1916 = CARTESIAN_POINT('',(2.808411351036,-36.88334096528,0.));
#1917 = CARTESIAN_POINT('',(3.127890583674,-36.81753027093,0.));
#1918 = CARTESIAN_POINT('',(3.440420920683,-36.73509399002,0.));
#1919 = CARTESIAN_POINT('',(3.743761228987,-36.63705069049,0.));
#1920 = CARTESIAN_POINT('',(4.03593370595,-36.52485939392,0.));
#1921 = CARTESIAN_POINT('',(4.314848696247,-36.39959518034,0.));
#1922 = CARTESIAN_POINT('',(4.579828981685,-36.26476584772,0.));
#1923 = CARTESIAN_POINT('',(4.826329400855,-36.1160718489,0.));
#1924 = CARTESIAN_POINT('',(5.064806785481,-35.9775091053,0.));
#1925 = CARTESIAN_POINT('',(5.247819893223,-35.78112439687,0.));
#1926 = CARTESIAN_POINT('',(5.513016393893,-35.77313861367,0.));
#1927 = CARTESIAN_POINT('',(5.664346298229,-35.57963529722,0.));
#1928 = CARTESIAN_POINT('',(5.830849730205,-35.42959228451,0.));
#1929 = CARTESIAN_POINT('',(5.974259061516,-35.26928798484,0.));
#1930 = CARTESIAN_POINT('',(6.103930391693,-35.11514931114,0.));
#1931 = CARTESIAN_POINT('',(6.219581316615,-34.96368304089,0.));
#1932 = CARTESIAN_POINT('',(6.323881803059,-34.81522344356,0.));
#1933 = CARTESIAN_POINT('',(6.419471297467,-34.66771265289,0.));
#1934 = CARTESIAN_POINT('',(6.509896653777,-34.51765665117,0.));
#1935 = CARTESIAN_POINT('',(6.599773033416,-34.35903679294,0.));
#1936 = CARTESIAN_POINT('',(6.695594453682,-34.18236229086,0.));
#1937 = CARTESIAN_POINT('',(6.806989023396,-33.97295945623,0.));
#1938 = CARTESIAN_POINT('',(6.950624072957,-33.70976986294,0.));
#1939 = CARTESIAN_POINT('',(7.150669393473,-33.36012941217,0.));
#1940 = CARTESIAN_POINT('',(7.491733881763,-32.89287089664,0.));
#1941 = CARTESIAN_POINT('',(7.888820864856,-32.19549788685,0.));
#1942 = CARTESIAN_POINT('',(8.719623107201,-31.55633730498,0.));
#1943 = CARTESIAN_POINT('',(9.752143335173,-30.98785523346,0.));
#1944 = CARTESIAN_POINT('',(10.901969165939,-30.72868261587,0.));
#1945 = CARTESIAN_POINT('',(11.947675438035,-30.6561773898,0.));
#1946 = CARTESIAN_POINT('',(12.707343156876,-30.91485120733,0.));
#1947 = CARTESIAN_POINT('',(13.27248330108,-31.03843163827,0.));
#1948 = CARTESIAN_POINT('',(13.654073878756,-31.16748668896,0.));
#1949 = CARTESIAN_POINT('',(13.936113239891,-31.26923927246,0.));
#1950 = CARTESIAN_POINT('',(14.158353036953,-31.3521112817,0.));
#1951 = CARTESIAN_POINT('',(14.347233265384,-31.4208126905,0.));
#1952 = CARTESIAN_POINT('',(14.519691123596,-31.47994229549,0.));
#1953 = CARTESIAN_POINT('',(14.686881009446,-31.53229772296,0.));
#1954 = CARTESIAN_POINT('',(14.85624852105,-31.57932357561,0.));
#1955 = CARTESIAN_POINT('',(15.032765479016,-31.62128316405,0.));
#1956 = CARTESIAN_POINT('',(15.219772155118,-31.65796654656,0.));
#1957 = CARTESIAN_POINT('',(15.419045386526,-31.68735300337,0.));
#1958 = CARTESIAN_POINT('',(15.632690225722,-31.71224451765,0.));
#1959 = CARTESIAN_POINT('',(15.856816755607,-31.71414112694,0.));
#1960 = CARTESIAN_POINT('',(16.098405249104,-31.75863015067,0.));
#1961 = CARTESIAN_POINT('',(16.302203234018,-31.58874978675,0.));
#1962 = CARTESIAN_POINT('',(16.56941766211,-31.61438571329,0.));
#1963 = CARTESIAN_POINT('',(16.839804642563,-31.55996165894,0.));
#1964 = CARTESIAN_POINT('',(17.122915215505,-31.50780070203,0.));
#1965 = CARTESIAN_POINT('',(17.410664192665,-31.43300747541,0.));
#1966 = CARTESIAN_POINT('',(17.702500599017,-31.34181423584,0.));
#1967 = CARTESIAN_POINT('',(17.995591429161,-31.23204443759,0.));
#1968 = CARTESIAN_POINT('',(18.287659643685,-31.10427906948,0.));
#1969 = CARTESIAN_POINT('',(18.576257325799,-30.95873756392,0.));
#1970 = CARTESIAN_POINT('',(18.859031527821,-30.79614365798,0.));
#1971 = CARTESIAN_POINT('',(19.042014502093,-30.67711747034,0.));
#1972 = CARTESIAN_POINT('',(19.132008578399,-30.61499981124,0.));
#1973 = SURFACE_OF_LINEAR_EXTRUSION('',#1974,#2034);
#1974 = B_SPLINE_CURVE_WITH_KNOTS('',3,(#1975,#1976,#1977,#1978,#1979,
    #1980,#1981,#1982,#1983,#1984,#1985,#1986,#1987,#1988,#1989,#1990,
    #1991,#1992,#1993,#1994,#1995,#1996,#1997,#1998,#1999,#2000,#2001,
    #2002,#2003,#2004,#2005,#2006,#2007,#2008,#2009,#2010,#2011,#2012,
    #2013,#2014,#2015,#2016,#2017,#2018,#2019,#2020,#2021,#2022,#2023,
    #2024,#2025,#2026,#2027,#2028,#2029,#2030,#2031,#2032,#2033),
  .UNSPECIFIED.,.F.,.F.,(4,1,1,1,1,1,1,1,1,1,1,1,1,1,1,1,1,1,1,1,1,1,1,1
    ,1,1,1,1,1,1,1,1,1,1,1,1,1,1,1,1,1,1,1,1,1,1,1,1,1,1,1,1,1,1,1,1,4),
  (0.,0.328013505293,0.654532141274,0.978073973054,1.297183287801,
    1.61044462083,1.916497973535,2.214055789897,2.501922432478,
    2.779017159017,3.044401987384,3.269623492035,3.510023310168,
    3.737105776354,3.950973242823,4.152195746167,4.341963344013,
    4.522306308509,4.696421126138,4.869164710127,5.047820617967,
    5.243309477393,5.472118985513,5.759336347265,6.143042595942,
    6.678887194379,7.495697516282,8.524531677202,9.766857061766,
    11.00918244633,12.03801660725,12.854826929153,13.39067152759,
    13.774377776267,14.061595138019,14.290404646139,14.485893505565,
    14.664549413405,14.837292997394,15.011407815023,15.191750779519,
    15.381518377365,15.582740880709,15.796608347178,16.023690813363,
    16.264090631496,16.489312136147,16.754696964515,17.031791691054,
    17.319658333634,17.617216149997,17.923269502701,18.236530835731,
    18.555640150478,18.879181982258,19.205700618239,19.533714123532),
  .UNSPECIFIED.);
#1975 = CARTESIAN_POINT('',(2.483964505498,-36.92877011644,0.));
#1976 = CARTESIAN_POINT('',(2.592517666109,-36.91558874082,0.));
#1977 = CARTESIAN_POINT('',(2.808411351036,-36.88334096528,0.));
#1978 = CARTESIAN_POINT('',(3.127890583674,-36.81753027093,0.));
#1979 = CARTESIAN_POINT('',(3.440420920683,-36.73509399002,0.));
#1980 = CARTESIAN_POINT('',(3.743761228987,-36.63705069049,0.));
#1981 = CARTESIAN_POINT('',(4.03593370595,-36.52485939392,0.));
#1982 = CARTESIAN_POINT('',(4.314848696247,-36.39959518034,0.));
#1983 = CARTESIAN_POINT('',(4.579828981685,-36.26476584772,0.));
#1984 = CARTESIAN_POINT('',(4.826329400855,-36.1160718489,0.));
#1985 = CARTESIAN_POINT('',(5.064806785481,-35.9775091053,0.));
#1986 = CARTESIAN_POINT('',(5.247819893223,-35.78112439687,0.));
#1987 = CARTESIAN_POINT('',(5.513016393893,-35.77313861367,0.));
#1988 = CARTESIAN_POINT('',(5.664346298229,-35.57963529722,0.));
#1989 = CARTESIAN_POINT('',(5.830849730205,-35.42959228451,0.));
#1990 = CARTESIAN_POINT('',(5.974259061516,-35.26928798484,0.));
#1991 = CARTESIAN_POINT('',(6.103930391693,-35.11514931114,0.));
#1992 = CARTESIAN_POINT('',(6.219581316615,-34.96368304089,0.));
#1993 = CARTESIAN_POINT('',(6.323881803059,-34.81522344356,0.));
#1994 = CARTESIAN_POINT('',(6.419471297467,-34.66771265289,0.));
#1995 = CARTESIAN_POINT('',(6.509896653777,-34.51765665117,0.));
#1996 = CARTESIAN_POINT('',(6.599773033416,-34.35903679294,0.));
#1997 = CARTESIAN_POINT('',(6.695594453682,-34.18236229086,0.));
#1998 = CARTESIAN_POINT('',(6.806989023396,-33.97295945623,0.));
#1999 = CARTESIAN_POINT('',(6.950624072957,-33.70976986294,0.));
#2000 = CARTESIAN_POINT('',(7.150669393473,-33.36012941217,0.));
#2001 = CARTESIAN_POINT('',(7.491733881763,-32.89287089664,0.));
#2002 = CARTESIAN_POINT('',(7.888820864856,-32.19549788685,0.));
#2003 = CARTESIAN_POINT('',(8.719623107201,-31.55633730498,0.));
#2004 = CARTESIAN_POINT('',(9.752143335173,-30.98785523346,0.));
#2005 = CARTESIAN_POINT('',(10.901969165939,-30.72868261587,0.));
#2006 = CARTESIAN_POINT('',(11.947675438035,-30.6561773898,0.));
#2007 = CARTESIAN_POINT('',(12.707343156876,-30.91485120733,0.));
#2008 = CARTESIAN_POINT('',(13.27248330108,-31.03843163827,0.));
#2009 = CARTESIAN_POINT('',(13.654073878756,-31.16748668896,0.));
#2010 = CARTESIAN_POINT('',(13.936113239891,-31.26923927246,0.));
#2011 = CARTESIAN_POINT('',(14.158353036953,-31.3521112817,0.));
#2012 = CARTESIAN_POINT('',(14.347233265384,-31.4208126905,0.));
#2013 = CARTESIAN_POINT('',(14.519691123596,-31.47994229549,0.));
#2014 = CARTESIAN_POINT('',(14.686881009446,-31.53229772296,0.));
#2015 = CARTESIAN_POINT('',(14.85624852105,-31.57932357561,0.));
#2016 = CARTESIAN_POINT('',(15.032765479016,-31.62128316405,0.));
#2017 = CARTESIAN_POINT('',(15.219772155118,-31.65796654656,0.));
#2018 = CARTESIAN_POINT('',(15.419045386526,-31.68735300337,0.));
#2019 = CARTESIAN_POINT('',(15.632690225722,-31.71224451765,0.));
#2020 = CARTESIAN_POINT('',(15.856816755607,-31.71414112694,0.));
#2021 = CARTESIAN_POINT('',(16.098405249104,-31.75863015067,0.));
#2022 = CARTESIAN_POINT('',(16.302203234018,-31.58874978675,0.));
#2023 = CARTESIAN_POINT('',(16.56941766211,-31.61438571329,0.));
#2024 = CARTESIAN_POINT('',(16.839804642563,-31.55996165894,0.));
#2025 = CARTESIAN_POINT('',(17.122915215505,-31.50780070203,0.));
#2026 = CARTESIAN_POINT('',(17.410664192665,-31.43300747541,0.));
#2027 = CARTESIAN_POINT('',(17.702500599017,-31.34181423584,0.));
#2028 = CARTESIAN_POINT('',(17.995591429161,-31.23204443759,0.));
#2029 = CARTESIAN_POINT('',(18.287659643685,-31.10427906948,0.));
#2030 = CARTESIAN_POINT('',(18.576257325799,-30.95873756392,0.));
#2031 = CARTESIAN_POINT('',(18.859031527821,-30.79614365798,0.));
#2032 = CARTESIAN_POINT('',(19.042014502093,-30.67711747034,0.));
#2033 = CARTESIAN_POINT('',(19.132008578399,-30.61499981124,0.));
#2034 = VECTOR('',#2035,1.);
#2035 = DIRECTION('',(-0.,-0.,-1.));
#2036 = ADVANCED_FACE('',(#2037),#2174,.F.);
#2037 = FACE_BOUND('',#2038,.F.);
#2038 = EDGE_LOOP('',(#2039,#2040,#2104,#2112));
#2039 = ORIENTED_EDGE('',*,*,#1904,.T.);
#2040 = ORIENTED_EDGE('',*,*,#2041,.T.);
#2041 = EDGE_CURVE('',#1841,#2042,#2044,.T.);
#2042 = VERTEX_POINT('',#2043);
#2043 = CARTESIAN_POINT('',(30.938964154299,-17.28770200002,5.));
#2044 = B_SPLINE_CURVE_WITH_KNOTS('',3,(#2045,#2046,#2047,#2048,#2049,
    #2050,#2051,#2052,#2053,#2054,#2055,#2056,#2057,#2058,#2059,#2060,
    #2061,#2062,#2063,#2064,#2065,#2066,#2067,#2068,#2069,#2070,#2071,
    #2072,#2073,#2074,#2075,#2076,#2077,#2078,#2079,#2080,#2081,#2082,
    #2083,#2084,#2085,#2086,#2087,#2088,#2089,#2090,#2091,#2092,#2093,
    #2094,#2095,#2096,#2097,#2098,#2099,#2100,#2101,#2102,#2103),
  .UNSPECIFIED.,.F.,.F.,(4,1,1,1,1,1,1,1,1,1,1,1,1,1,1,1,1,1,1,1,1,1,1,1
    ,1,1,1,1,1,1,1,1,1,1,1,1,1,1,1,1,1,1,1,1,1,1,1,1,1,1,1,1,1,1,1,1,4),
  (0.,0.328013505293,0.654532141274,0.978073973054,1.297183287801,
    1.61044462083,1.916497973535,2.214055789897,2.501922432478,
    2.779017159017,3.044401987384,3.269623492035,3.510023310168,
    3.737105776354,3.950973242823,4.152195746167,4.341963344013,
    4.522306308509,4.696421126138,4.869164710127,5.047820617967,
    5.243309477393,5.472118985513,5.759336347265,6.143042595942,
    6.678887194379,7.495697516282,8.524531677202,9.766857061766,
    11.00918244633,12.03801660725,12.854826929153,13.39067152759,
    13.774377776267,14.061595138019,14.290404646139,14.485893505565,
    14.664549413405,14.837292997394,15.011407815023,15.191750779519,
    15.381518377365,15.582740880709,15.796608347178,16.023690813363,
    16.264090631496,16.489312136147,16.754696964515,17.031791691054,
    17.319658333634,17.617216149997,17.923269502701,18.236530835731,
    18.555640150478,18.879181982258,19.205700618239,19.533714123532),
  .UNSPECIFIED.);
#2045 = CARTESIAN_POINT('',(19.132008578399,-30.61499981124,5.));
#2046 = CARTESIAN_POINT('',(19.222001937876,-30.55288111364,5.));
#2047 = CARTESIAN_POINT('',(19.398180013552,-30.42399632838,5.));
#2048 = CARTESIAN_POINT('',(19.650481070532,-30.21725445013,5.));
#2049 = CARTESIAN_POINT('',(19.888902890679,-29.99902065889,5.));
#2050 = CARTESIAN_POINT('',(20.111934401337,-29.77123835826,5.));
#2051 = CARTESIAN_POINT('',(20.318502386372,-29.5361185784,5.));
#2052 = CARTESIAN_POINT('',(20.5072561625,-29.29558436667,5.));
#2053 = CARTESIAN_POINT('',(20.679226237781,-29.05305644289,5.));
#2054 = CARTESIAN_POINT('',(20.828389972463,-28.80683998895,5.));
#2055 = CARTESIAN_POINT('',(20.975157891933,-28.57332280606,5.));
#2056 = CARTESIAN_POINT('',(21.045943426314,-28.31438235068,5.));
#2057 = CARTESIAN_POINT('',(21.277052087313,-28.18406833182,5.));
#2058 = CARTESIAN_POINT('',(21.321122587948,-27.94240314112,5.));
#2059 = CARTESIAN_POINT('',(21.398825590271,-27.73216864833,5.));
#2060 = CARTESIAN_POINT('',(21.451311124183,-27.52358060091,5.));
#2061 = CARTESIAN_POINT('',(21.494497571466,-27.32683631161,5.));
#2062 = CARTESIAN_POINT('',(21.526511494242,-27.13897392526,5.));
#2063 = CARTESIAN_POINT('',(21.549872373452,-26.95904862733,5.));
#2064 = CARTESIAN_POINT('',(21.565960984713,-26.78401165583,5.));
#2065 = CARTESIAN_POINT('',(21.576294160226,-26.6091209065,5.));
#2066 = CARTESIAN_POINT('',(21.582161418472,-26.426902361,5.));
#2067 = CARTESIAN_POINT('',(21.584902337411,-26.22593442419,5.));
#2068 = CARTESIAN_POINT('',(21.586222980845,-25.98874978469,5.));
#2069 = CARTESIAN_POINT('',(21.591095198331,-25.68895643757,5.));
#2070 = CARTESIAN_POINT('',(21.605740513426,-25.28639949771,5.));
#2071 = CARTESIAN_POINT('',(21.690592260219,-24.71416205874,5.));
#2072 = CARTESIAN_POINT('',(21.7181099249,-23.91213340273,5.));
#2073 = CARTESIAN_POINT('',(22.156716043456,-22.96009176074,5.));
#2074 = CARTESIAN_POINT('',(22.806780509398,-21.9768898095,5.));
#2075 = CARTESIAN_POINT('',(23.70445719875,-21.2130531462,5.));
#2076 = CARTESIAN_POINT('',(24.596689259789,-20.66288902109,5.));
#2077 = CARTESIAN_POINT('',(25.389553335937,-20.5388981195,5.));
#2078 = CARTESIAN_POINT('',(25.947390771831,-20.38568943626,5.));
#2079 = CARTESIAN_POINT('',(26.345247320693,-20.32262802486,5.));
#2080 = CARTESIAN_POINT('',(26.64226755585,-20.2816552365,5.));
#2081 = CARTESIAN_POINT('',(26.877563666304,-20.25175477299,5.));
#2082 = CARTESIAN_POINT('',(27.076735939319,-20.2248098305,5.));
#2083 = CARTESIAN_POINT('',(27.256918686635,-20.19702133262,5.));
#2084 = CARTESIAN_POINT('',(27.429288758815,-20.16568274725,5.));
#2085 = CARTESIAN_POINT('',(27.601110245929,-20.12861306462,5.));
#2086 = CARTESIAN_POINT('',(27.776907843029,-20.08373491441,5.));
#2087 = CARTESIAN_POINT('',(27.9595416491,-20.02931010078,5.));
#2088 = CARTESIAN_POINT('',(28.149645900024,-19.96272362783,5.));
#2089 = CARTESIAN_POINT('',(28.350386673714,-19.88547826178,5.));
#2090 = CARTESIAN_POINT('',(28.549722258394,-19.78300083399,5.));
#2091 = CARTESIAN_POINT('',(28.78431332592,-19.71012213711,5.));
#2092 = CARTESIAN_POINT('',(28.885820138089,-19.46499089923,5.));
#2093 = CARTESIAN_POINT('',(29.134340372684,-19.36350964821,5.));
#2094 = CARTESIAN_POINT('',(29.348464034611,-19.18966444612,5.));
#2095 = CARTESIAN_POINT('',(29.574905591998,-19.01191016902,5.));
#2096 = CARTESIAN_POINT('',(29.794936512174,-18.81196043841,5.));
#2097 = CARTESIAN_POINT('',(30.010965205123,-18.59558969446,5.));
#2098 = CARTESIAN_POINT('',(30.219471677901,-18.36218726488,5.));
#2099 = CARTESIAN_POINT('',(30.418709711207,-18.11332578271,5.));
#2100 = CARTESIAN_POINT('',(30.606613757698,-17.85033714936,5.));
#2101 = CARTESIAN_POINT('',(30.781436723055,-17.57495567147,5.));
#2102 = CARTESIAN_POINT('',(30.888145872737,-17.38452678818,5.));
#2103 = CARTESIAN_POINT('',(30.938964154299,-17.28770200002,5.));
#2104 = ORIENTED_EDGE('',*,*,#2105,.F.);
#2105 = EDGE_CURVE('',#2106,#2042,#2108,.T.);
#2106 = VERTEX_POINT('',#2107);
#2107 = CARTESIAN_POINT('',(30.938964154299,-17.28770200002,0.));
#2108 = LINE('',#2109,#2110);
#2109 = CARTESIAN_POINT('',(30.938964154299,-17.28770200002,0.));
#2110 = VECTOR('',#2111,1.);
#2111 = DIRECTION('',(0.,0.,1.));
#2112 = ORIENTED_EDGE('',*,*,#2113,.F.);
#2113 = EDGE_CURVE('',#1905,#2106,#2114,.T.);
#2114 = B_SPLINE_CURVE_WITH_KNOTS('',3,(#2115,#2116,#2117,#2118,#2119,
    #2120,#2121,#2122,#2123,#2124,#2125,#2126,#2127,#2128,#2129,#2130,
    #2131,#2132,#2133,#2134,#2135,#2136,#2137,#2138,#2139,#2140,#2141,
    #2142,#2143,#2144,#2145,#2146,#2147,#2148,#2149,#2150,#2151,#2152,
    #2153,#2154,#2155,#2156,#2157,#2158,#2159,#2160,#2161,#2162,#2163,
    #2164,#2165,#2166,#2167,#2168,#2169,#2170,#2171,#2172,#2173),
  .UNSPECIFIED.,.F.,.F.,(4,1,1,1,1,1,1,1,1,1,1,1,1,1,1,1,1,1,1,1,1,1,1,1
    ,1,1,1,1,1,1,1,1,1,1,1,1,1,1,1,1,1,1,1,1,1,1,1,1,1,1,1,1,1,1,1,1,4),
  (0.,0.328013505293,0.654532141274,0.978073973054,1.297183287801,
    1.61044462083,1.916497973535,2.214055789897,2.501922432478,
    2.779017159017,3.044401987384,3.269623492035,3.510023310168,
    3.737105776354,3.950973242823,4.152195746167,4.341963344013,
    4.522306308509,4.696421126138,4.869164710127,5.047820617967,
    5.243309477393,5.472118985513,5.759336347265,6.143042595942,
    6.678887194379,7.495697516282,8.524531677202,9.766857061766,
    11.00918244633,12.03801660725,12.854826929153,13.39067152759,
    13.774377776267,14.061595138019,14.290404646139,14.485893505565,
    14.664549413405,14.837292997394,15.011407815023,15.191750779519,
    15.381518377365,15.582740880709,15.796608347178,16.023690813363,
    16.264090631496,16.489312136147,16.754696964515,17.031791691054,
    17.319658333634,17.617216149997,17.923269502701,18.236530835731,
    18.555640150478,18.879181982258,19.205700618239,19.533714123532),
  .UNSPECIFIED.);
#2115 = CARTESIAN_POINT('',(19.132008578399,-30.61499981124,0.));
#2116 = CARTESIAN_POINT('',(19.222001937876,-30.55288111364,0.));
#2117 = CARTESIAN_POINT('',(19.398180013552,-30.42399632838,0.));
#2118 = CARTESIAN_POINT('',(19.650481070532,-30.21725445013,0.));
#2119 = CARTESIAN_POINT('',(19.888902890679,-29.99902065889,0.));
#2120 = CARTESIAN_POINT('',(20.111934401337,-29.77123835826,0.));
#2121 = CARTESIAN_POINT('',(20.318502386372,-29.5361185784,0.));
#2122 = CARTESIAN_POINT('',(20.5072561625,-29.29558436667,0.));
#2123 = CARTESIAN_POINT('',(20.679226237781,-29.05305644289,0.));
#2124 = CARTESIAN_POINT('',(20.828389972463,-28.80683998895,0.));
#2125 = CARTESIAN_POINT('',(20.975157891933,-28.57332280606,0.));
#2126 = CARTESIAN_POINT('',(21.045943426314,-28.31438235068,0.));
#2127 = CARTESIAN_POINT('',(21.277052087313,-28.18406833182,0.));
#2128 = CARTESIAN_POINT('',(21.321122587948,-27.94240314112,0.));
#2129 = CARTESIAN_POINT('',(21.398825590271,-27.73216864833,0.));
#2130 = CARTESIAN_POINT('',(21.451311124183,-27.52358060091,0.));
#2131 = CARTESIAN_POINT('',(21.494497571466,-27.32683631161,0.));
#2132 = CARTESIAN_POINT('',(21.526511494242,-27.13897392526,0.));
#2133 = CARTESIAN_POINT('',(21.549872373452,-26.95904862733,0.));
#2134 = CARTESIAN_POINT('',(21.565960984713,-26.78401165583,0.));
#2135 = CARTESIAN_POINT('',(21.576294160226,-26.6091209065,0.));
#2136 = CARTESIAN_POINT('',(21.582161418472,-26.426902361,0.));
#2137 = CARTESIAN_POINT('',(21.584902337411,-26.22593442419,0.));
#2138 = CARTESIAN_POINT('',(21.586222980845,-25.98874978469,0.));
#2139 = CARTESIAN_POINT('',(21.591095198331,-25.68895643757,0.));
#2140 = CARTESIAN_POINT('',(21.605740513426,-25.28639949771,0.));
#2141 = CARTESIAN_POINT('',(21.690592260219,-24.71416205874,0.));
#2142 = CARTESIAN_POINT('',(21.7181099249,-23.91213340273,0.));
#2143 = CARTESIAN_POINT('',(22.156716043456,-22.96009176074,0.));
#2144 = CARTESIAN_POINT('',(22.806780509398,-21.9768898095,0.));
#2145 = CARTESIAN_POINT('',(23.70445719875,-21.2130531462,0.));
#2146 = CARTESIAN_POINT('',(24.596689259789,-20.66288902109,0.));
#2147 = CARTESIAN_POINT('',(25.389553335937,-20.5388981195,0.));
#2148 = CARTESIAN_POINT('',(25.947390771831,-20.38568943626,0.));
#2149 = CARTESIAN_POINT('',(26.345247320693,-20.32262802486,0.));
#2150 = CARTESIAN_POINT('',(26.64226755585,-20.2816552365,0.));
#2151 = CARTESIAN_POINT('',(26.877563666304,-20.25175477299,0.));
#2152 = CARTESIAN_POINT('',(27.076735939319,-20.2248098305,0.));
#2153 = CARTESIAN_POINT('',(27.256918686635,-20.19702133262,0.));
#2154 = CARTESIAN_POINT('',(27.429288758815,-20.16568274725,0.));
#2155 = CARTESIAN_POINT('',(27.601110245929,-20.12861306462,0.));
#2156 = CARTESIAN_POINT('',(27.776907843029,-20.08373491441,0.));
#2157 = CARTESIAN_POINT('',(27.9595416491,-20.02931010078,0.));
#2158 = CARTESIAN_POINT('',(28.149645900024,-19.96272362783,0.));
#2159 = CARTESIAN_POINT('',(28.350386673714,-19.88547826178,0.));
#2160 = CARTESIAN_POINT('',(28.549722258394,-19.78300083399,0.));
#2161 = CARTESIAN_POINT('',(28.78431332592,-19.71012213711,0.));
#2162 = CARTESIAN_POINT('',(28.885820138089,-19.46499089923,0.));
#2163 = CARTESIAN_POINT('',(29.134340372684,-19.36350964821,0.));
#2164 = CARTESIAN_POINT('',(29.348464034611,-19.18966444612,0.));
#2165 = CARTESIAN_POINT('',(29.574905591998,-19.01191016902,0.));
#2166 = CARTESIAN_POINT('',(29.794936512174,-18.81196043841,0.));
#2167 = CARTESIAN_POINT('',(30.010965205123,-18.59558969446,0.));
#2168 = CARTESIAN_POINT('',(30.219471677901,-18.36218726488,0.));
#2169 = CARTESIAN_POINT('',(30.418709711207,-18.11332578271,0.));
#2170 = CARTESIAN_POINT('',(30.606613757698,-17.85033714936,0.));
#2171 = CARTESIAN_POINT('',(30.781436723055,-17.57495567147,0.));
#2172 = CARTESIAN_POINT('',(30.888145872737,-17.38452678818,0.));
#2173 = CARTESIAN_POINT('',(30.938964154299,-17.28770200002,0.));
#2174 = SURFACE_OF_LINEAR_EXTRUSION('',#2175,#2235);
#2175 = B_SPLINE_CURVE_WITH_KNOTS('',3,(#2176,#2177,#2178,#2179,#2180,
    #2181,#2182,#2183,#2184,#2185,#2186,#2187,#2188,#2189,#2190,#2191,
    #2192,#2193,#2194,#2195,#2196,#2197,#2198,#2199,#2200,#2201,#2202,
    #2203,#2204,#2205,#2206,#2207,#2208,#2209,#2210,#2211,#2212,#2213,
    #2214,#2215,#2216,#2217,#2218,#2219,#2220,#2221,#2222,#2223,#2224,
    #2225,#2226,#2227,#2228,#2229,#2230,#2231,#2232,#2233,#2234),
  .UNSPECIFIED.,.F.,.F.,(4,1,1,1,1,1,1,1,1,1,1,1,1,1,1,1,1,1,1,1,1,1,1,1
    ,1,1,1,1,1,1,1,1,1,1,1,1,1,1,1,1,1,1,1,1,1,1,1,1,1,1,1,1,1,1,1,1,4),
  (0.,0.328013505293,0.654532141274,0.978073973054,1.297183287801,
    1.61044462083,1.916497973535,2.214055789897,2.501922432478,
    2.779017159017,3.044401987384,3.269623492035,3.510023310168,
    3.737105776354,3.950973242823,4.152195746167,4.341963344013,
    4.522306308509,4.696421126138,4.869164710127,5.047820617967,
    5.243309477393,5.472118985513,5.759336347265,6.143042595942,
    6.678887194379,7.495697516282,8.524531677202,9.766857061766,
    11.00918244633,12.03801660725,12.854826929153,13.39067152759,
    13.774377776267,14.061595138019,14.290404646139,14.485893505565,
    14.664549413405,14.837292997394,15.011407815023,15.191750779519,
    15.381518377365,15.582740880709,15.796608347178,16.023690813363,
    16.264090631496,16.489312136147,16.754696964515,17.031791691054,
    17.319658333634,17.617216149997,17.923269502701,18.236530835731,
    18.555640150478,18.879181982258,19.205700618239,19.533714123532),
  .UNSPECIFIED.);
#2176 = CARTESIAN_POINT('',(19.132008578399,-30.61499981124,0.));
#2177 = CARTESIAN_POINT('',(19.222001937876,-30.55288111364,0.));
#2178 = CARTESIAN_POINT('',(19.398180013552,-30.42399632838,0.));
#2179 = CARTESIAN_POINT('',(19.650481070532,-30.21725445013,0.));
#2180 = CARTESIAN_POINT('',(19.888902890679,-29.99902065889,0.));
#2181 = CARTESIAN_POINT('',(20.111934401337,-29.77123835826,0.));
#2182 = CARTESIAN_POINT('',(20.318502386372,-29.5361185784,0.));
#2183 = CARTESIAN_POINT('',(20.5072561625,-29.29558436667,0.));
#2184 = CARTESIAN_POINT('',(20.679226237781,-29.05305644289,0.));
#2185 = CARTESIAN_POINT('',(20.828389972463,-28.80683998895,0.));
#2186 = CARTESIAN_POINT('',(20.975157891933,-28.57332280606,0.));
#2187 = CARTESIAN_POINT('',(21.045943426314,-28.31438235068,0.));
#2188 = CARTESIAN_POINT('',(21.277052087313,-28.18406833182,0.));
#2189 = CARTESIAN_POINT('',(21.321122587948,-27.94240314112,0.));
#2190 = CARTESIAN_POINT('',(21.398825590271,-27.73216864833,0.));
#2191 = CARTESIAN_POINT('',(21.451311124183,-27.52358060091,0.));
#2192 = CARTESIAN_POINT('',(21.494497571466,-27.32683631161,0.));
#2193 = CARTESIAN_POINT('',(21.526511494242,-27.13897392526,0.));
#2194 = CARTESIAN_POINT('',(21.549872373452,-26.95904862733,0.));
#2195 = CARTESIAN_POINT('',(21.565960984713,-26.78401165583,0.));
#2196 = CARTESIAN_POINT('',(21.576294160226,-26.6091209065,0.));
#2197 = CARTESIAN_POINT('',(21.582161418472,-26.426902361,0.));
#2198 = CARTESIAN_POINT('',(21.584902337411,-26.22593442419,0.));
#2199 = CARTESIAN_POINT('',(21.586222980845,-25.98874978469,0.));
#2200 = CARTESIAN_POINT('',(21.591095198331,-25.68895643757,0.));
#2201 = CARTESIAN_POINT('',(21.605740513426,-25.28639949771,0.));
#2202 = CARTESIAN_POINT('',(21.690592260219,-24.71416205874,0.));
#2203 = CARTESIAN_POINT('',(21.7181099249,-23.91213340273,0.));
#2204 = CARTESIAN_POINT('',(22.156716043456,-22.96009176074,0.));
#2205 = CARTESIAN_POINT('',(22.806780509398,-21.9768898095,0.));
#2206 = CARTESIAN_POINT('',(23.70445719875,-21.2130531462,0.));
#2207 = CARTESIAN_POINT('',(24.596689259789,-20.66288902109,0.));
#2208 = CARTESIAN_POINT('',(25.389553335937,-20.5388981195,0.));
#2209 = CARTESIAN_POINT('',(25.947390771831,-20.38568943626,0.));
#2210 = CARTESIAN_POINT('',(26.345247320693,-20.32262802486,0.));
#2211 = CARTESIAN_POINT('',(26.64226755585,-20.2816552365,0.));
#2212 = CARTESIAN_POINT('',(26.877563666304,-20.25175477299,0.));
#2213 = CARTESIAN_POINT('',(27.076735939319,-20.2248098305,0.));
#2214 = CARTESIAN_POINT('',(27.256918686635,-20.19702133262,0.));
#2215 = CARTESIAN_POINT('',(27.429288758815,-20.16568274725,0.));
#2216 = CARTESIAN_POINT('',(27.601110245929,-20.12861306462,0.));
#2217 = CARTESIAN_POINT('',(27.776907843029,-20.08373491441,0.));
#2218 = CARTESIAN_POINT('',(27.9595416491,-20.02931010078,0.));
#2219 = CARTESIAN_POINT('',(28.149645900024,-19.96272362783,0.));
#2220 = CARTESIAN_POINT('',(28.350386673714,-19.88547826178,0.));
#2221 = CARTESIAN_POINT('',(28.549722258394,-19.78300083399,0.));
#2222 = CARTESIAN_POINT('',(28.78431332592,-19.71012213711,0.));
#2223 = CARTESIAN_POINT('',(28.885820138089,-19.46499089923,0.));
#2224 = CARTESIAN_POINT('',(29.134340372684,-19.36350964821,0.));
#2225 = CARTESIAN_POINT('',(29.348464034611,-19.18966444612,0.));
#2226 = CARTESIAN_POINT('',(29.574905591998,-19.01191016902,0.));
#2227 = CARTESIAN_POINT('',(29.794936512174,-18.81196043841,0.));
#2228 = CARTESIAN_POINT('',(30.010965205123,-18.59558969446,0.));
#2229 = CARTESIAN_POINT('',(30.219471677901,-18.36218726488,0.));
#2230 = CARTESIAN_POINT('',(30.418709711207,-18.11332578271,0.));
#2231 = CARTESIAN_POINT('',(30.606613757698,-17.85033714936,0.));
#2232 = CARTESIAN_POINT('',(30.781436723055,-17.57495567147,0.));
#2233 = CARTESIAN_POINT('',(30.888145872737,-17.38452678818,0.));
#2234 = CARTESIAN_POINT('',(30.938964154299,-17.28770200002,0.));
#2235 = VECTOR('',#2236,1.);
#2236 = DIRECTION('',(-0.,-0.,-1.));
#2237 = ADVANCED_FACE('',(#2238),#2375,.F.);
#2238 = FACE_BOUND('',#2239,.F.);
#2239 = EDGE_LOOP('',(#2240,#2241,#2305,#2313));
#2240 = ORIENTED_EDGE('',*,*,#2105,.T.);
#2241 = ORIENTED_EDGE('',*,*,#2242,.T.);
#2242 = EDGE_CURVE('',#2042,#2243,#2245,.T.);
#2243 = VERTEX_POINT('',#2244);
#2244 = CARTESIAN_POINT('',(35.2,-1.665334536938E-14,5.));
#2245 = B_SPLINE_CURVE_WITH_KNOTS('',3,(#2246,#2247,#2248,#2249,#2250,
    #2251,#2252,#2253,#2254,#2255,#2256,#2257,#2258,#2259,#2260,#2261,
    #2262,#2263,#2264,#2265,#2266,#2267,#2268,#2269,#2270,#2271,#2272,
    #2273,#2274,#2275,#2276,#2277,#2278,#2279,#2280,#2281,#2282,#2283,
    #2284,#2285,#2286,#2287,#2288,#2289,#2290,#2291,#2292,#2293,#2294,
    #2295,#2296,#2297,#2298,#2299,#2300,#2301,#2302,#2303,#2304),
  .UNSPECIFIED.,.F.,.F.,(4,1,1,1,1,1,1,1,1,1,1,1,1,1,1,1,1,1,1,1,1,1,1,1
    ,1,1,1,1,1,1,1,1,1,1,1,1,1,1,1,1,1,1,1,1,1,1,1,1,1,1,1,1,1,1,1,1,4),
  (0.,0.328013505293,0.654532141274,0.978073973054,1.297183287801,
    1.61044462083,1.916497973535,2.214055789897,2.501922432478,
    2.779017159017,3.044401987384,3.269623492035,3.510023310168,
    3.737105776354,3.950973242823,4.152195746167,4.341963344013,
    4.522306308509,4.696421126138,4.869164710127,5.047820617967,
    5.243309477393,5.472118985513,5.759336347265,6.143042595942,
    6.678887194379,7.495697516282,8.524531677202,9.766857061766,
    11.00918244633,12.03801660725,12.854826929153,13.39067152759,
    13.774377776267,14.061595138019,14.290404646139,14.485893505565,
    14.664549413405,14.837292997394,15.011407815023,15.191750779519,
    15.381518377365,15.582740880709,15.796608347178,16.023690813363,
    16.264090631496,16.489312136147,16.754696964515,17.031791691054,
    17.319658333634,17.617216149997,17.923269502701,18.236530835731,
    18.555640150478,18.879181982258,19.205700618239,19.533714123532),
  .UNSPECIFIED.);
#2246 = CARTESIAN_POINT('',(30.938964154299,-17.28770200002,5.));
#2247 = CARTESIAN_POINT('',(30.989781318523,-17.19087662545,5.));
#2248 = CARTESIAN_POINT('',(31.085883510988,-16.99488078155,5.));
#2249 = CARTESIAN_POINT('',(31.213207260712,-16.69456979219,5.));
#2250 = CARTESIAN_POINT('',(31.322900998297,-16.39053322219,5.));
#2251 = CARTESIAN_POINT('',(31.414529880037,-16.08519410047,5.));
#2252 = CARTESIAN_POINT('',(31.488171137188,-15.78100894539,5.));
#2253 = CARTESIAN_POINT('',(31.543522483765,-15.48030822466,5.));
#2254 = CARTESIAN_POINT('',(31.583086077105,-15.18564193428,5.));
#2255 = CARTESIAN_POINT('',(31.600741513302,-14.89830824759,5.));
#2256 = CARTESIAN_POINT('',(31.622177206011,-14.62333259781,5.));
#2257 = CARTESIAN_POINT('',(31.564519054162,-14.36115653324,5.));
#2258 = CARTESIAN_POINT('',(31.708595666418,-14.13836764998,5.));
#2259 = CARTESIAN_POINT('',(31.635310742763,-13.90390316784,5.));
#2260 = CARTESIAN_POINT('',(31.606412494023,-13.68163938369,5.));
#2261 = CARTESIAN_POINT('',(31.555950427235,-13.47255259641,5.));
#2262 = CARTESIAN_POINT('',(31.502758497005,-13.27827443717,5.));
#2263 = CARTESIAN_POINT('',(31.443801413737,-13.09705294344,5.));
#2264 = CARTESIAN_POINT('',(31.380870989814,-12.92688066233,5.));
#2265 = CARTESIAN_POINT('',(31.313773010979,-12.76441637074,5.));
#2266 = CARTESIAN_POINT('',(31.241646799713,-12.60475623682,5.));
#2267 = CARTESIAN_POINT('',(31.162160818409,-12.44068307685,5.));
#2268 = CARTESIAN_POINT('',(31.071193324525,-12.2614610377,5.));
#2269 = CARTESIAN_POINT('',(30.962137498184,-12.05083073585,5.));
#2270 = CARTESIAN_POINT('',(30.827130717285,-11.78311267783,5.));
#2271 = CARTESIAN_POINT('',(30.653020961765,-11.41986019248,5.));
#2272 = CARTESIAN_POINT('',(30.462221454445,-10.87373653111,5.));
#2273 = CARTESIAN_POINT('',(30.11386583536,-10.15078732849,5.));
#2274 = CARTESIAN_POINT('',(30.059796454143,-9.10396589323,5.));
#2275 = CARTESIAN_POINT('',(30.178483223033,-7.931283780424,5.));
#2276 = CARTESIAN_POINT('',(30.618363859617,-6.837768845745,5.));
#2277 = CARTESIAN_POINT('',(31.152722096977,-5.935981792459,5.));
#2278 = CARTESIAN_POINT('',(31.797146925636,-5.457730993054,5.));
#2279 = CARTESIAN_POINT('',(32.219887819324,-5.062831458607,5.));
#2280 = CARTESIAN_POINT('',(32.542866198719,-4.822100194489,5.));
#2281 = CARTESIAN_POINT('',(32.786823551507,-4.647788406306,5.));
#2282 = CARTESIAN_POINT('',(32.981272472074,-4.511965305902,5.));
#2283 = CARTESIAN_POINT('',(33.14510882221,-4.39554677371,5.));
#2284 = CARTESIAN_POINT('',(33.291738762658,-4.287206182935,5.));
#2285 = CARTESIAN_POINT('',(33.429801114916,-4.179352876983,5.));
#2286 = CARTESIAN_POINT('',(33.564714345515,-4.066679876605,5.));
#2287 = CARTESIAN_POINT('',(33.699519470844,-3.945245031125,5.));
#2288 = CARTESIAN_POINT('',(33.835941202889,-3.812180090271,5.));
#2289 = CARTESIAN_POINT('',(33.973325880448,-3.664874846062,5.));
#2290 = CARTESIAN_POINT('',(34.115175296568,-3.503188582129,5.));
#2291 = CARTESIAN_POINT('',(34.244054555848,-3.319813460989,5.));
#2292 = CARTESIAN_POINT('',(34.417906210961,-3.146262674655,5.));
#2293 = CARTESIAN_POINT('',(34.393867863006,-2.882037175264,5.));
#2294 = CARTESIAN_POINT('',(34.566760913351,-2.676686878326,5.));
#2295 = CARTESIAN_POINT('',(34.675568106276,-2.423246369216,5.));
#2296 = CARTESIAN_POINT('',(34.793465616226,-2.160620134645,5.));
#2297 = CARTESIAN_POINT('',(34.895372047267,-1.881319973675,5.));
#2298 = CARTESIAN_POINT('',(34.986103456686,-1.589339655228,5.));
#2299 = CARTESIAN_POINT('',(35.062259251959,-1.285774278137,5.));
#2300 = CARTESIAN_POINT('',(35.123024071696,-0.972827848366,5.));
#2301 = CARTESIAN_POINT('',(35.167187930001,-0.652639613759,5.));
#2302 = CARTESIAN_POINT('',(35.194009824176,-0.327557141807,5.));
#2303 = CARTESIAN_POINT('',(35.19999936906,-0.109350525109,5.));
#2304 = CARTESIAN_POINT('',(35.2,-1.665334536938E-14,5.));
#2305 = ORIENTED_EDGE('',*,*,#2306,.F.);
#2306 = EDGE_CURVE('',#2307,#2243,#2309,.T.);
#2307 = VERTEX_POINT('',#2308);
#2308 = CARTESIAN_POINT('',(35.2,-1.665334536938E-14,0.));
#2309 = LINE('',#2310,#2311);
#2310 = CARTESIAN_POINT('',(35.2,-1.665334536938E-14,0.));
#2311 = VECTOR('',#2312,1.);
#2312 = DIRECTION('',(0.,0.,1.));
#2313 = ORIENTED_EDGE('',*,*,#2314,.F.);
#2314 = EDGE_CURVE('',#2106,#2307,#2315,.T.);
#2315 = B_SPLINE_CURVE_WITH_KNOTS('',3,(#2316,#2317,#2318,#2319,#2320,
    #2321,#2322,#2323,#2324,#2325,#2326,#2327,#2328,#2329,#2330,#2331,
    #2332,#2333,#2334,#2335,#2336,#2337,#2338,#2339,#2340,#2341,#2342,
    #2343,#2344,#2345,#2346,#2347,#2348,#2349,#2350,#2351,#2352,#2353,
    #2354,#2355,#2356,#2357,#2358,#2359,#2360,#2361,#2362,#2363,#2364,
    #2365,#2366,#2367,#2368,#2369,#2370,#2371,#2372,#2373,#2374),
  .UNSPECIFIED.,.F.,.F.,(4,1,1,1,1,1,1,1,1,1,1,1,1,1,1,1,1,1,1,1,1,1,1,1
    ,1,1,1,1,1,1,1,1,1,1,1,1,1,1,1,1,1,1,1,1,1,1,1,1,1,1,1,1,1,1,1,1,4),
  (0.,0.328013505293,0.654532141274,0.978073973054,1.297183287801,
    1.61044462083,1.916497973535,2.214055789897,2.501922432478,
    2.779017159017,3.044401987384,3.269623492035,3.510023310168,
    3.737105776354,3.950973242823,4.152195746167,4.341963344013,
    4.522306308509,4.696421126138,4.869164710127,5.047820617967,
    5.243309477393,5.472118985513,5.759336347265,6.143042595942,
    6.678887194379,7.495697516282,8.524531677202,9.766857061766,
    11.00918244633,12.03801660725,12.854826929153,13.39067152759,
    13.774377776267,14.061595138019,14.290404646139,14.485893505565,
    14.664549413405,14.837292997394,15.011407815023,15.191750779519,
    15.381518377365,15.582740880709,15.796608347178,16.023690813363,
    16.264090631496,16.489312136147,16.754696964515,17.031791691054,
    17.319658333634,17.617216149997,17.923269502701,18.236530835731,
    18.555640150478,18.879181982258,19.205700618239,19.533714123532),
  .UNSPECIFIED.);
#2316 = CARTESIAN_POINT('',(30.938964154299,-17.28770200002,0.));
#2317 = CARTESIAN_POINT('',(30.989781318523,-17.19087662545,0.));
#2318 = CARTESIAN_POINT('',(31.085883510988,-16.99488078155,0.));
#2319 = CARTESIAN_POINT('',(31.213207260712,-16.69456979219,0.));
#2320 = CARTESIAN_POINT('',(31.322900998297,-16.39053322219,0.));
#2321 = CARTESIAN_POINT('',(31.414529880037,-16.08519410047,0.));
#2322 = CARTESIAN_POINT('',(31.488171137188,-15.78100894539,0.));
#2323 = CARTESIAN_POINT('',(31.543522483765,-15.48030822466,0.));
#2324 = CARTESIAN_POINT('',(31.583086077105,-15.18564193428,0.));
#2325 = CARTESIAN_POINT('',(31.600741513302,-14.89830824759,0.));
#2326 = CARTESIAN_POINT('',(31.622177206011,-14.62333259781,0.));
#2327 = CARTESIAN_POINT('',(31.564519054162,-14.36115653324,0.));
#2328 = CARTESIAN_POINT('',(31.708595666418,-14.13836764998,0.));
#2329 = CARTESIAN_POINT('',(31.635310742763,-13.90390316784,0.));
#2330 = CARTESIAN_POINT('',(31.606412494023,-13.68163938369,0.));
#2331 = CARTESIAN_POINT('',(31.555950427235,-13.47255259641,0.));
#2332 = CARTESIAN_POINT('',(31.502758497005,-13.27827443717,0.));
#2333 = CARTESIAN_POINT('',(31.443801413737,-13.09705294344,0.));
#2334 = CARTESIAN_POINT('',(31.380870989814,-12.92688066233,0.));
#2335 = CARTESIAN_POINT('',(31.313773010979,-12.76441637074,0.));
#2336 = CARTESIAN_POINT('',(31.241646799713,-12.60475623682,0.));
#2337 = CARTESIAN_POINT('',(31.162160818409,-12.44068307685,0.));
#2338 = CARTESIAN_POINT('',(31.071193324525,-12.2614610377,0.));
#2339 = CARTESIAN_POINT('',(30.962137498184,-12.05083073585,0.));
#2340 = CARTESIAN_POINT('',(30.827130717285,-11.78311267783,0.));
#2341 = CARTESIAN_POINT('',(30.653020961765,-11.41986019248,0.));
#2342 = CARTESIAN_POINT('',(30.462221454445,-10.87373653111,0.));
#2343 = CARTESIAN_POINT('',(30.11386583536,-10.15078732849,0.));
#2344 = CARTESIAN_POINT('',(30.059796454143,-9.10396589323,0.));
#2345 = CARTESIAN_POINT('',(30.178483223033,-7.931283780424,0.));
#2346 = CARTESIAN_POINT('',(30.618363859617,-6.837768845745,0.));
#2347 = CARTESIAN_POINT('',(31.152722096977,-5.935981792459,0.));
#2348 = CARTESIAN_POINT('',(31.797146925636,-5.457730993054,0.));
#2349 = CARTESIAN_POINT('',(32.219887819324,-5.062831458607,0.));
#2350 = CARTESIAN_POINT('',(32.542866198719,-4.822100194489,0.));
#2351 = CARTESIAN_POINT('',(32.786823551507,-4.647788406306,0.));
#2352 = CARTESIAN_POINT('',(32.981272472074,-4.511965305902,0.));
#2353 = CARTESIAN_POINT('',(33.14510882221,-4.39554677371,0.));
#2354 = CARTESIAN_POINT('',(33.291738762658,-4.287206182935,0.));
#2355 = CARTESIAN_POINT('',(33.429801114916,-4.179352876983,0.));
#2356 = CARTESIAN_POINT('',(33.564714345515,-4.066679876605,0.));
#2357 = CARTESIAN_POINT('',(33.699519470844,-3.945245031125,0.));
#2358 = CARTESIAN_POINT('',(33.835941202889,-3.812180090271,0.));
#2359 = CARTESIAN_POINT('',(33.973325880448,-3.664874846062,0.));
#2360 = CARTESIAN_POINT('',(34.115175296568,-3.503188582129,0.));
#2361 = CARTESIAN_POINT('',(34.244054555848,-3.319813460989,0.));
#2362 = CARTESIAN_POINT('',(34.417906210961,-3.146262674655,0.));
#2363 = CARTESIAN_POINT('',(34.393867863006,-2.882037175264,0.));
#2364 = CARTESIAN_POINT('',(34.566760913351,-2.676686878326,0.));
#2365 = CARTESIAN_POINT('',(34.675568106276,-2.423246369216,0.));
#2366 = CARTESIAN_POINT('',(34.793465616226,-2.160620134645,0.));
#2367 = CARTESIAN_POINT('',(34.895372047267,-1.881319973675,0.));
#2368 = CARTESIAN_POINT('',(34.986103456686,-1.589339655228,0.));
#2369 = CARTESIAN_POINT('',(35.062259251959,-1.285774278137,0.));
#2370 = CARTESIAN_POINT('',(35.123024071696,-0.972827848366,0.));
#2371 = CARTESIAN_POINT('',(35.167187930001,-0.652639613759,0.));
#2372 = CARTESIAN_POINT('',(35.194009824176,-0.327557141807,0.));
#2373 = CARTESIAN_POINT('',(35.19999936906,-0.109350525109,0.));
#2374 = CARTESIAN_POINT('',(35.2,-1.665334536938E-14,0.));
#2375 = SURFACE_OF_LINEAR_EXTRUSION('',#2376,#2436);
#2376 = B_SPLINE_CURVE_WITH_KNOTS('',3,(#2377,#2378,#2379,#2380,#2381,
    #2382,#2383,#2384,#2385,#2386,#2387,#2388,#2389,#2390,#2391,#2392,
    #2393,#2394,#2395,#2396,#2397,#2398,#2399,#2400,#2401,#2402,#2403,
    #2404,#2405,#2406,#2407,#2408,#2409,#2410,#2411,#2412,#2413,#2414,
    #2415,#2416,#2417,#2418,#2419,#2420,#2421,#2422,#2423,#2424,#2425,
    #2426,#2427,#2428,#2429,#2430,#2431,#2432,#2433,#2434,#2435),
  .UNSPECIFIED.,.F.,.F.,(4,1,1,1,1,1,1,1,1,1,1,1,1,1,1,1,1,1,1,1,1,1,1,1
    ,1,1,1,1,1,1,1,1,1,1,1,1,1,1,1,1,1,1,1,1,1,1,1,1,1,1,1,1,1,1,1,1,4),
  (0.,0.328013505293,0.654532141274,0.978073973054,1.297183287801,
    1.61044462083,1.916497973535,2.214055789897,2.501922432478,
    2.779017159017,3.044401987384,3.269623492035,3.510023310168,
    3.737105776354,3.950973242823,4.152195746167,4.341963344013,
    4.522306308509,4.696421126138,4.869164710127,5.047820617967,
    5.243309477393,5.472118985513,5.759336347265,6.143042595942,
    6.678887194379,7.495697516282,8.524531677202,9.766857061766,
    11.00918244633,12.03801660725,12.854826929153,13.39067152759,
    13.774377776267,14.061595138019,14.290404646139,14.485893505565,
    14.664549413405,14.837292997394,15.011407815023,15.191750779519,
    15.381518377365,15.582740880709,15.796608347178,16.023690813363,
    16.264090631496,16.489312136147,16.754696964515,17.031791691054,
    17.319658333634,17.617216149997,17.923269502701,18.236530835731,
    18.555640150478,18.879181982258,19.205700618239,19.533714123532),
  .UNSPECIFIED.);
#2377 = CARTESIAN_POINT('',(30.938964154299,-17.28770200002,0.));
#2378 = CARTESIAN_POINT('',(30.989781318523,-17.19087662545,0.));
#2379 = CARTESIAN_POINT('',(31.085883510988,-16.99488078155,0.));
#2380 = CARTESIAN_POINT('',(31.213207260712,-16.69456979219,0.));
#2381 = CARTESIAN_POINT('',(31.322900998297,-16.39053322219,0.));
#2382 = CARTESIAN_POINT('',(31.414529880037,-16.08519410047,0.));
#2383 = CARTESIAN_POINT('',(31.488171137188,-15.78100894539,0.));
#2384 = CARTESIAN_POINT('',(31.543522483765,-15.48030822466,0.));
#2385 = CARTESIAN_POINT('',(31.583086077105,-15.18564193428,0.));
#2386 = CARTESIAN_POINT('',(31.600741513302,-14.89830824759,0.));
#2387 = CARTESIAN_POINT('',(31.622177206011,-14.62333259781,0.));
#2388 = CARTESIAN_POINT('',(31.564519054162,-14.36115653324,0.));
#2389 = CARTESIAN_POINT('',(31.708595666418,-14.13836764998,0.));
#2390 = CARTESIAN_POINT('',(31.635310742763,-13.90390316784,0.));
#2391 = CARTESIAN_POINT('',(31.606412494023,-13.68163938369,0.));
#2392 = CARTESIAN_POINT('',(31.555950427235,-13.47255259641,0.));
#2393 = CARTESIAN_POINT('',(31.502758497005,-13.27827443717,0.));
#2394 = CARTESIAN_POINT('',(31.443801413737,-13.09705294344,0.));
#2395 = CARTESIAN_POINT('',(31.380870989814,-12.92688066233,0.));
#2396 = CARTESIAN_POINT('',(31.313773010979,-12.76441637074,0.));
#2397 = CARTESIAN_POINT('',(31.241646799713,-12.60475623682,0.));
#2398 = CARTESIAN_POINT('',(31.162160818409,-12.44068307685,0.));
#2399 = CARTESIAN_POINT('',(31.071193324525,-12.2614610377,0.));
#2400 = CARTESIAN_POINT('',(30.962137498184,-12.05083073585,0.));
#2401 = CARTESIAN_POINT('',(30.827130717285,-11.78311267783,0.));
#2402 = CARTESIAN_POINT('',(30.653020961765,-11.41986019248,0.));
#2403 = CARTESIAN_POINT('',(30.462221454445,-10.87373653111,0.));
#2404 = CARTESIAN_POINT('',(30.11386583536,-10.15078732849,0.));
#2405 = CARTESIAN_POINT('',(30.059796454143,-9.10396589323,0.));
#2406 = CARTESIAN_POINT('',(30.178483223033,-7.931283780424,0.));
#2407 = CARTESIAN_POINT('',(30.618363859617,-6.837768845745,0.));
#2408 = CARTESIAN_POINT('',(31.152722096977,-5.935981792459,0.));
#2409 = CARTESIAN_POINT('',(31.797146925636,-5.457730993054,0.));
#2410 = CARTESIAN_POINT('',(32.219887819324,-5.062831458607,0.));
#2411 = CARTESIAN_POINT('',(32.542866198719,-4.822100194489,0.));
#2412 = CARTESIAN_POINT('',(32.786823551507,-4.647788406306,0.));
#2413 = CARTESIAN_POINT('',(32.981272472074,-4.511965305902,0.));
#2414 = CARTESIAN_POINT('',(33.14510882221,-4.39554677371,0.));
#2415 = CARTESIAN_POINT('',(33.291738762658,-4.287206182935,0.));
#2416 = CARTESIAN_POINT('',(33.429801114916,-4.179352876983,0.));
#2417 = CARTESIAN_POINT('',(33.564714345515,-4.066679876605,0.));
#2418 = CARTESIAN_POINT('',(33.699519470844,-3.945245031125,0.));
#2419 = CARTESIAN_POINT('',(33.835941202889,-3.812180090271,0.));
#2420 = CARTESIAN_POINT('',(33.973325880448,-3.664874846062,0.));
#2421 = CARTESIAN_POINT('',(34.115175296568,-3.503188582129,0.));
#2422 = CARTESIAN_POINT('',(34.244054555848,-3.319813460989,0.));
#2423 = CARTESIAN_POINT('',(34.417906210961,-3.146262674655,0.));
#2424 = CARTESIAN_POINT('',(34.393867863006,-2.882037175264,0.));
#2425 = CARTESIAN_POINT('',(34.566760913351,-2.676686878326,0.));
#2426 = CARTESIAN_POINT('',(34.675568106276,-2.423246369216,0.));
#2427 = CARTESIAN_POINT('',(34.793465616226,-2.160620134645,0.));
#2428 = CARTESIAN_POINT('',(34.895372047267,-1.881319973675,0.));
#2429 = CARTESIAN_POINT('',(34.986103456686,-1.589339655228,0.));
#2430 = CARTESIAN_POINT('',(35.062259251959,-1.285774278137,0.));
#2431 = CARTESIAN_POINT('',(35.123024071696,-0.972827848366,0.));
#2432 = CARTESIAN_POINT('',(35.167187930001,-0.652639613759,0.));
#2433 = CARTESIAN_POINT('',(35.194009824176,-0.327557141807,0.));
#2434 = CARTESIAN_POINT('',(35.19999936906,-0.109350525109,0.));
#2435 = CARTESIAN_POINT('',(35.2,-1.665334536938E-14,0.));
#2436 = VECTOR('',#2437,1.);
#2437 = DIRECTION('',(-0.,-0.,-1.));
#2438 = ADVANCED_FACE('',(#2439),#2567,.F.);
#2439 = FACE_BOUND('',#2440,.F.);
#2440 = EDGE_LOOP('',(#2441,#2442,#2504,#2505));
#2441 = ORIENTED_EDGE('',*,*,#2306,.T.);
#2442 = ORIENTED_EDGE('',*,*,#2443,.T.);
#2443 = EDGE_CURVE('',#2243,#24,#2444,.T.);
#2444 = B_SPLINE_CURVE_WITH_KNOTS('',3,(#2445,#2446,#2447,#2448,#2449,
    #2450,#2451,#2452,#2453,#2454,#2455,#2456,#2457,#2458,#2459,#2460,
    #2461,#2462,#2463,#2464,#2465,#2466,#2467,#2468,#2469,#2470,#2471,
    #2472,#2473,#2474,#2475,#2476,#2477,#2478,#2479,#2480,#2481,#2482,
    #2483,#2484,#2485,#2486,#2487,#2488,#2489,#2490,#2491,#2492,#2493,
    #2494,#2495,#2496,#2497,#2498,#2499,#2500,#2501,#2502,#2503),
  .UNSPECIFIED.,.F.,.F.,(4,1,1,1,1,1,1,1,1,1,1,1,1,1,1,1,1,1,1,1,1,1,1,1
    ,1,1,1,1,1,1,1,1,1,1,1,1,1,1,1,1,1,1,1,1,1,1,1,1,1,1,1,1,1,1,1,1,4),
  (0.,0.328013505293,0.654532141274,0.978073973054,1.297183287801,
    1.61044462083,1.916497973535,2.214055789897,2.501922432478,
    2.779017159017,3.044401987384,3.269623492035,3.510023310168,
    3.737105776354,3.950973242823,4.152195746167,4.341963344013,
    4.522306308509,4.696421126138,4.869164710127,5.047820617967,
    5.243309477393,5.472118985513,5.759336347265,6.143042595942,
    6.678887194379,7.495697516282,8.524531677202,9.766857061766,
    11.00918244633,12.03801660725,12.854826929153,13.39067152759,
    13.774377776267,14.061595138019,14.290404646139,14.485893505565,
    14.664549413405,14.837292997394,15.011407815023,15.191750779519,
    15.381518377365,15.582740880709,15.796608347178,16.023690813363,
    16.264090631496,16.489312136147,16.754696964515,17.031791691054,
    17.319658333634,17.617216149997,17.923269502701,18.236530835731,
    18.555640150478,18.879181982258,19.205700618239,19.533714123532),
  .UNSPECIFIED.);
#2445 = CARTESIAN_POINT('',(35.2,-1.665334536938E-14,5.));
#2446 = CARTESIAN_POINT('',(35.19999936906,0.109350525109,5.));
#2447 = CARTESIAN_POINT('',(35.194009824176,0.327557141807,5.));
#2448 = CARTESIAN_POINT('',(35.167187930001,0.652639613759,5.));
#2449 = CARTESIAN_POINT('',(35.123024071696,0.972827848366,5.));
#2450 = CARTESIAN_POINT('',(35.062259251959,1.285774278137,5.));
#2451 = CARTESIAN_POINT('',(34.986103456686,1.589339655228,5.));
#2452 = CARTESIAN_POINT('',(34.895372047267,1.881319973675,5.));
#2453 = CARTESIAN_POINT('',(34.793465616226,2.160620134645,5.));
#2454 = CARTESIAN_POINT('',(34.675568106276,2.423246369216,5.));
#2455 = CARTESIAN_POINT('',(34.566760913351,2.676686878326,5.));
#2456 = CARTESIAN_POINT('',(34.393867863006,2.882037175264,5.));
#2457 = CARTESIAN_POINT('',(34.417906210961,3.146262674655,5.));
#2458 = CARTESIAN_POINT('',(34.244054555848,3.319813460989,5.));
#2459 = CARTESIAN_POINT('',(34.115175296568,3.503188582129,5.));
#2460 = CARTESIAN_POINT('',(33.973325880448,3.664874846062,5.));
#2461 = CARTESIAN_POINT('',(33.835941202889,3.812180090271,5.));
#2462 = CARTESIAN_POINT('',(33.699519470844,3.945245031125,5.));
#2463 = CARTESIAN_POINT('',(33.564714345515,4.066679876605,5.));
#2464 = CARTESIAN_POINT('',(33.429801114916,4.179352876983,5.));
#2465 = CARTESIAN_POINT('',(33.291738762658,4.287206182935,5.));
#2466 = CARTESIAN_POINT('',(33.14510882221,4.39554677371,5.));
#2467 = CARTESIAN_POINT('',(32.981272472074,4.511965305902,5.));
#2468 = CARTESIAN_POINT('',(32.786823551507,4.647788406306,5.));
#2469 = CARTESIAN_POINT('',(32.542866198719,4.822100194489,5.));
#2470 = CARTESIAN_POINT('',(32.219887819324,5.062831458607,5.));
#2471 = CARTESIAN_POINT('',(31.797146925636,5.457730993054,5.));
#2472 = CARTESIAN_POINT('',(31.152722096977,5.935981792459,5.));
#2473 = CARTESIAN_POINT('',(30.618363859617,6.837768845745,5.));
#2474 = CARTESIAN_POINT('',(30.178483223034,7.931283780424,5.));
#2475 = CARTESIAN_POINT('',(30.059796454143,9.10396589323,5.));
#2476 = CARTESIAN_POINT('',(30.11386583536,10.150787328492,5.));
#2477 = CARTESIAN_POINT('',(30.462221454445,10.873736531117,5.));
#2478 = CARTESIAN_POINT('',(30.653020961765,11.419860192488,5.));
#2479 = CARTESIAN_POINT('',(30.827130717285,11.783112677838,5.));
#2480 = CARTESIAN_POINT('',(30.962137498184,12.050830735858,5.));
#2481 = CARTESIAN_POINT('',(31.071193324525,12.261461037701,5.));
#2482 = CARTESIAN_POINT('',(31.162160818409,12.440683076859,5.));
#2483 = CARTESIAN_POINT('',(31.241646799713,12.604756236825,5.));
#2484 = CARTESIAN_POINT('',(31.313773010979,12.764416370748,5.));
#2485 = CARTESIAN_POINT('',(31.380870989814,12.926880662335,5.));
#2486 = CARTESIAN_POINT('',(31.443801413737,13.097052943441,5.));
#2487 = CARTESIAN_POINT('',(31.502758497005,13.278274437175,5.));
#2488 = CARTESIAN_POINT('',(31.555950427235,13.472552596416,5.));
#2489 = CARTESIAN_POINT('',(31.606412494023,13.681639383693,5.));
#2490 = CARTESIAN_POINT('',(31.635310742763,13.903903167843,5.));
#2491 = CARTESIAN_POINT('',(31.708595666418,14.138367649989,5.));
#2492 = CARTESIAN_POINT('',(31.564519054162,14.361156533244,5.));
#2493 = CARTESIAN_POINT('',(31.622177206011,14.623332597818,5.));
#2494 = CARTESIAN_POINT('',(31.600741513302,14.898308247591,5.));
#2495 = CARTESIAN_POINT('',(31.583086077105,15.185641934287,5.));
#2496 = CARTESIAN_POINT('',(31.543522483765,15.480308224669,5.));
#2497 = CARTESIAN_POINT('',(31.488171137188,15.781008945398,5.));
#2498 = CARTESIAN_POINT('',(31.414529880037,16.085194100473,5.));
#2499 = CARTESIAN_POINT('',(31.322900998297,16.390533222197,5.));
#2500 = CARTESIAN_POINT('',(31.213207260712,16.694569792195,5.));
#2501 = CARTESIAN_POINT('',(31.085883510988,16.994880781559,5.));
#2502 = CARTESIAN_POINT('',(30.989781318523,17.19087662545,5.));
#2503 = CARTESIAN_POINT('',(30.938964154299,17.287702000028,5.));
#2504 = ORIENTED_EDGE('',*,*,#21,.F.);
#2505 = ORIENTED_EDGE('',*,*,#2506,.F.);
#2506 = EDGE_CURVE('',#2307,#22,#2507,.T.);
#2507 = B_SPLINE_CURVE_WITH_KNOTS('',3,(#2508,#2509,#2510,#2511,#2512,
    #2513,#2514,#2515,#2516,#2517,#2518,#2519,#2520,#2521,#2522,#2523,
    #2524,#2525,#2526,#2527,#2528,#2529,#2530,#2531,#2532,#2533,#2534,
    #2535,#2536,#2537,#2538,#2539,#2540,#2541,#2542,#2543,#2544,#2545,
    #2546,#2547,#2548,#2549,#2550,#2551,#2552,#2553,#2554,#2555,#2556,
    #2557,#2558,#2559,#2560,#2561,#2562,#2563,#2564,#2565,#2566),
  .UNSPECIFIED.,.F.,.F.,(4,1,1,1,1,1,1,1,1,1,1,1,1,1,1,1,1,1,1,1,1,1,1,1
    ,1,1,1,1,1,1,1,1,1,1,1,1,1,1,1,1,1,1,1,1,1,1,1,1,1,1,1,1,1,1,1,1,4),
  (0.,0.328013505293,0.654532141274,0.978073973054,1.297183287801,
    1.61044462083,1.916497973535,2.214055789897,2.501922432478,
    2.779017159017,3.044401987384,3.269623492035,3.510023310168,
    3.737105776354,3.950973242823,4.152195746167,4.341963344013,
    4.522306308509,4.696421126138,4.869164710127,5.047820617967,
    5.243309477393,5.472118985513,5.759336347265,6.143042595942,
    6.678887194379,7.495697516282,8.524531677202,9.766857061766,
    11.00918244633,12.03801660725,12.854826929153,13.39067152759,
    13.774377776267,14.061595138019,14.290404646139,14.485893505565,
    14.664549413405,14.837292997394,15.011407815023,15.191750779519,
    15.381518377365,15.582740880709,15.796608347178,16.023690813363,
    16.264090631496,16.489312136147,16.754696964515,17.031791691054,
    17.319658333634,17.617216149997,17.923269502701,18.236530835731,
    18.555640150478,18.879181982258,19.205700618239,19.533714123532),
  .UNSPECIFIED.);
#2508 = CARTESIAN_POINT('',(35.2,-1.665334536938E-14,0.));
#2509 = CARTESIAN_POINT('',(35.19999936906,0.109350525109,0.));
#2510 = CARTESIAN_POINT('',(35.194009824176,0.327557141807,0.));
#2511 = CARTESIAN_POINT('',(35.167187930001,0.652639613759,0.));
#2512 = CARTESIAN_POINT('',(35.123024071696,0.972827848366,0.));
#2513 = CARTESIAN_POINT('',(35.062259251959,1.285774278137,0.));
#2514 = CARTESIAN_POINT('',(34.986103456686,1.589339655228,0.));
#2515 = CARTESIAN_POINT('',(34.895372047267,1.881319973675,0.));
#2516 = CARTESIAN_POINT('',(34.793465616226,2.160620134645,0.));
#2517 = CARTESIAN_POINT('',(34.675568106276,2.423246369216,0.));
#2518 = CARTESIAN_POINT('',(34.566760913351,2.676686878326,0.));
#2519 = CARTESIAN_POINT('',(34.393867863006,2.882037175264,0.));
#2520 = CARTESIAN_POINT('',(34.417906210961,3.146262674655,0.));
#2521 = CARTESIAN_POINT('',(34.244054555848,3.319813460989,0.));
#2522 = CARTESIAN_POINT('',(34.115175296568,3.503188582129,0.));
#2523 = CARTESIAN_POINT('',(33.973325880448,3.664874846062,0.));
#2524 = CARTESIAN_POINT('',(33.835941202889,3.812180090271,0.));
#2525 = CARTESIAN_POINT('',(33.699519470844,3.945245031125,0.));
#2526 = CARTESIAN_POINT('',(33.564714345515,4.066679876605,0.));
#2527 = CARTESIAN_POINT('',(33.429801114916,4.179352876983,0.));
#2528 = CARTESIAN_POINT('',(33.291738762658,4.287206182935,0.));
#2529 = CARTESIAN_POINT('',(33.14510882221,4.39554677371,0.));
#2530 = CARTESIAN_POINT('',(32.981272472074,4.511965305902,0.));
#2531 = CARTESIAN_POINT('',(32.786823551507,4.647788406306,0.));
#2532 = CARTESIAN_POINT('',(32.542866198719,4.822100194489,0.));
#2533 = CARTESIAN_POINT('',(32.219887819324,5.062831458607,0.));
#2534 = CARTESIAN_POINT('',(31.797146925636,5.457730993054,0.));
#2535 = CARTESIAN_POINT('',(31.152722096977,5.935981792459,0.));
#2536 = CARTESIAN_POINT('',(30.618363859617,6.837768845745,0.));
#2537 = CARTESIAN_POINT('',(30.178483223034,7.931283780424,0.));
#2538 = CARTESIAN_POINT('',(30.059796454143,9.10396589323,0.));
#2539 = CARTESIAN_POINT('',(30.11386583536,10.150787328492,0.));
#2540 = CARTESIAN_POINT('',(30.462221454445,10.873736531117,0.));
#2541 = CARTESIAN_POINT('',(30.653020961765,11.419860192488,0.));
#2542 = CARTESIAN_POINT('',(30.827130717285,11.783112677838,0.));
#2543 = CARTESIAN_POINT('',(30.962137498184,12.050830735858,0.));
#2544 = CARTESIAN_POINT('',(31.071193324525,12.261461037701,0.));
#2545 = CARTESIAN_POINT('',(31.162160818409,12.440683076859,0.));
#2546 = CARTESIAN_POINT('',(31.241646799713,12.604756236825,0.));
#2547 = CARTESIAN_POINT('',(31.313773010979,12.764416370748,0.));
#2548 = CARTESIAN_POINT('',(31.380870989814,12.926880662335,0.));
#2549 = CARTESIAN_POINT('',(31.443801413737,13.097052943441,0.));
#2550 = CARTESIAN_POINT('',(31.502758497005,13.278274437175,0.));
#2551 = CARTESIAN_POINT('',(31.555950427235,13.472552596416,0.));
#2552 = CARTESIAN_POINT('',(31.606412494023,13.681639383693,0.));
#2553 = CARTESIAN_POINT('',(31.635310742763,13.903903167843,0.));
#2554 = CARTESIAN_POINT('',(31.708595666418,14.138367649989,0.));
#2555 = CARTESIAN_POINT('',(31.564519054162,14.361156533244,0.));
#2556 = CARTESIAN_POINT('',(31.622177206011,14.623332597818,0.));
#2557 = CARTESIAN_POINT('',(31.600741513302,14.898308247591,0.));
#2558 = CARTESIAN_POINT('',(31.583086077105,15.185641934287,0.));
#2559 = CARTESIAN_POINT('',(31.543522483765,15.480308224669,0.));
#2560 = CARTESIAN_POINT('',(31.488171137188,15.781008945398,0.));
#2561 = CARTESIAN_POINT('',(31.414529880037,16.085194100473,0.));
#2562 = CARTESIAN_POINT('',(31.322900998297,16.390533222197,0.));
#2563 = CARTESIAN_POINT('',(31.213207260712,16.694569792195,0.));
#2564 = CARTESIAN_POINT('',(31.085883510988,16.994880781559,0.));
#2565 = CARTESIAN_POINT('',(30.989781318523,17.19087662545,0.));
#2566 = CARTESIAN_POINT('',(30.938964154299,17.287702000028,0.));
#2567 = SURFACE_OF_LINEAR_EXTRUSION('',#2568,#2628);
#2568 = B_SPLINE_CURVE_WITH_KNOTS('',3,(#2569,#2570,#2571,#2572,#2573,
    #2574,#2575,#2576,#2577,#2578,#2579,#2580,#2581,#2582,#2583,#2584,
    #2585,#2586,#2587,#2588,#2589,#2590,#2591,#2592,#2593,#2594,#2595,
    #2596,#2597,#2598,#2599,#2600,#2601,#2602,#2603,#2604,#2605,#2606,
    #2607,#2608,#2609,#2610,#2611,#2612,#2613,#2614,#2615,#2616,#2617,
    #2618,#2619,#2620,#2621,#2622,#2623,#2624,#2625,#2626,#2627),
  .UNSPECIFIED.,.F.,.F.,(4,1,1,1,1,1,1,1,1,1,1,1,1,1,1,1,1,1,1,1,1,1,1,1
    ,1,1,1,1,1,1,1,1,1,1,1,1,1,1,1,1,1,1,1,1,1,1,1,1,1,1,1,1,1,1,1,1,4),
  (0.,0.328013505293,0.654532141274,0.978073973054,1.297183287801,
    1.61044462083,1.916497973535,2.214055789897,2.501922432478,
    2.779017159017,3.044401987384,3.269623492035,3.510023310168,
    3.737105776354,3.950973242823,4.152195746167,4.341963344013,
    4.522306308509,4.696421126138,4.869164710127,5.047820617967,
    5.243309477393,5.472118985513,5.759336347265,6.143042595942,
    6.678887194379,7.495697516282,8.524531677202,9.766857061766,
    11.00918244633,12.03801660725,12.854826929153,13.39067152759,
    13.774377776267,14.061595138019,14.290404646139,14.485893505565,
    14.664549413405,14.837292997394,15.011407815023,15.191750779519,
    15.381518377365,15.582740880709,15.796608347178,16.023690813363,
    16.264090631496,16.489312136147,16.754696964515,17.031791691054,
    17.319658333634,17.617216149997,17.923269502701,18.236530835731,
    18.555640150478,18.879181982258,19.205700618239,19.533714123532),
  .UNSPECIFIED.);
#2569 = CARTESIAN_POINT('',(35.2,-1.665334536938E-14,0.));
#2570 = CARTESIAN_POINT('',(35.19999936906,0.109350525109,0.));
#2571 = CARTESIAN_POINT('',(35.194009824176,0.327557141807,0.));
#2572 = CARTESIAN_POINT('',(35.167187930001,0.652639613759,0.));
#2573 = CARTESIAN_POINT('',(35.123024071696,0.972827848366,0.));
#2574 = CARTESIAN_POINT('',(35.062259251959,1.285774278137,0.));
#2575 = CARTESIAN_POINT('',(34.986103456686,1.589339655228,0.));
#2576 = CARTESIAN_POINT('',(34.895372047267,1.881319973675,0.));
#2577 = CARTESIAN_POINT('',(34.793465616226,2.160620134645,0.));
#2578 = CARTESIAN_POINT('',(34.675568106276,2.423246369216,0.));
#2579 = CARTESIAN_POINT('',(34.566760913351,2.676686878326,0.));
#2580 = CARTESIAN_POINT('',(34.393867863006,2.882037175264,0.));
#2581 = CARTESIAN_POINT('',(34.417906210961,3.146262674655,0.));
#2582 = CARTESIAN_POINT('',(34.244054555848,3.319813460989,0.));
#2583 = CARTESIAN_POINT('',(34.115175296568,3.503188582129,0.));
#2584 = CARTESIAN_POINT('',(33.973325880448,3.664874846062,0.));
#2585 = CARTESIAN_POINT('',(33.835941202889,3.812180090271,0.));
#2586 = CARTESIAN_POINT('',(33.699519470844,3.945245031125,0.));
#2587 = CARTESIAN_POINT('',(33.564714345515,4.066679876605,0.));
#2588 = CARTESIAN_POINT('',(33.429801114916,4.179352876983,0.));
#2589 = CARTESIAN_POINT('',(33.291738762658,4.287206182935,0.));
#2590 = CARTESIAN_POINT('',(33.14510882221,4.39554677371,0.));
#2591 = CARTESIAN_POINT('',(32.981272472074,4.511965305902,0.));
#2592 = CARTESIAN_POINT('',(32.786823551507,4.647788406306,0.));
#2593 = CARTESIAN_POINT('',(32.542866198719,4.822100194489,0.));
#2594 = CARTESIAN_POINT('',(32.219887819324,5.062831458607,0.));
#2595 = CARTESIAN_POINT('',(31.797146925636,5.457730993054,0.));
#2596 = CARTESIAN_POINT('',(31.152722096977,5.935981792459,0.));
#2597 = CARTESIAN_POINT('',(30.618363859617,6.837768845745,0.));
#2598 = CARTESIAN_POINT('',(30.178483223034,7.931283780424,0.));
#2599 = CARTESIAN_POINT('',(30.059796454143,9.10396589323,0.));
#2600 = CARTESIAN_POINT('',(30.11386583536,10.150787328492,0.));
#2601 = CARTESIAN_POINT('',(30.462221454445,10.873736531117,0.));
#2602 = CARTESIAN_POINT('',(30.653020961765,11.419860192488,0.));
#2603 = CARTESIAN_POINT('',(30.827130717285,11.783112677838,0.));
#2604 = CARTESIAN_POINT('',(30.962137498184,12.050830735858,0.));
#2605 = CARTESIAN_POINT('',(31.071193324525,12.261461037701,0.));
#2606 = CARTESIAN_POINT('',(31.162160818409,12.440683076859,0.));
#2607 = CARTESIAN_POINT('',(31.241646799713,12.604756236825,0.));
#2608 = CARTESIAN_POINT('',(31.313773010979,12.764416370748,0.));
#2609 = CARTESIAN_POINT('',(31.380870989814,12.926880662335,0.));
#2610 = CARTESIAN_POINT('',(31.443801413737,13.097052943441,0.));
#2611 = CARTESIAN_POINT('',(31.502758497005,13.278274437175,0.));
#2612 = CARTESIAN_POINT('',(31.555950427235,13.472552596416,0.));
#2613 = CARTESIAN_POINT('',(31.606412494023,13.681639383693,0.));
#2614 = CARTESIAN_POINT('',(31.635310742763,13.903903167843,0.));
#2615 = CARTESIAN_POINT('',(31.708595666418,14.138367649989,0.));
#2616 = CARTESIAN_POINT('',(31.564519054162,14.361156533244,0.));
#2617 = CARTESIAN_POINT('',(31.622177206011,14.623332597818,0.));
#2618 = CARTESIAN_POINT('',(31.600741513302,14.898308247591,0.));
#2619 = CARTESIAN_POINT('',(31.583086077105,15.185641934287,0.));
#2620 = CARTESIAN_POINT('',(31.543522483765,15.480308224669,0.));
#2621 = CARTESIAN_POINT('',(31.488171137188,15.781008945398,0.));
#2622 = CARTESIAN_POINT('',(31.414529880037,16.085194100473,0.));
#2623 = CARTESIAN_POINT('',(31.322900998297,16.390533222197,0.));
#2624 = CARTESIAN_POINT('',(31.213207260712,16.694569792195,0.));
#2625 = CARTESIAN_POINT('',(31.085883510988,16.994880781559,0.));
#2626 = CARTESIAN_POINT('',(30.989781318523,17.19087662545,0.));
#2627 = CARTESIAN_POINT('',(30.938964154299,17.287702000028,0.));
#2628 = VECTOR('',#2629,1.);
#2629 = DIRECTION('',(-0.,-0.,-1.));
#2630 = ADVANCED_FACE('',(#2631),#2658,.F.);
#2631 = FACE_BOUND('',#2632,.T.);
#2632 = EDGE_LOOP('',(#2633,#2643,#2650,#2651));
#2633 = ORIENTED_EDGE('',*,*,#2634,.T.);
#2634 = EDGE_CURVE('',#2635,#2637,#2639,.T.);
#2635 = VERTEX_POINT('',#2636);
#2636 = CARTESIAN_POINT('',(-7.5,21.650635094611,0.));
#2637 = VERTEX_POINT('',#2638);
#2638 = CARTESIAN_POINT('',(-7.5,21.650635094611,5.));
#2639 = LINE('',#2640,#2641);
#2640 = CARTESIAN_POINT('',(-7.5,21.650635094611,0.));
#2641 = VECTOR('',#2642,1.);
#2642 = DIRECTION('',(0.,0.,1.));
#2643 = ORIENTED_EDGE('',*,*,#2644,.T.);
#2644 = EDGE_CURVE('',#2637,#2637,#2645,.T.);
#2645 = CIRCLE('',#2646,7.);
#2646 = AXIS2_PLACEMENT_3D('',#2647,#2648,#2649);
#2647 = CARTESIAN_POINT('',(-14.5,21.650635094611,5.));
#2648 = DIRECTION('',(0.,0.,1.));
#2649 = DIRECTION('',(1.,0.,0.));
#2650 = ORIENTED_EDGE('',*,*,#2634,.F.);
#2651 = ORIENTED_EDGE('',*,*,#2652,.F.);
#2652 = EDGE_CURVE('',#2635,#2635,#2653,.T.);
#2653 = CIRCLE('',#2654,7.);
#2654 = AXIS2_PLACEMENT_3D('',#2655,#2656,#2657);
#2655 = CARTESIAN_POINT('',(-14.5,21.650635094611,0.));
#2656 = DIRECTION('',(0.,0.,1.));
#2657 = DIRECTION('',(1.,0.,0.));
#2658 = CYLINDRICAL_SURFACE('',#2659,7.);
#2659 = AXIS2_PLACEMENT_3D('',#2660,#2661,#2662);
#2660 = CARTESIAN_POINT('',(-14.5,21.650635094611,0.));
#2661 = DIRECTION('',(-0.,-0.,-1.));
#2662 = DIRECTION('',(1.,0.,0.));
#2663 = ADVANCED_FACE('',(#2664),#2691,.F.);
#2664 = FACE_BOUND('',#2665,.T.);
#2665 = EDGE_LOOP('',(#2666,#2676,#2683,#2684));
#2666 = ORIENTED_EDGE('',*,*,#2667,.T.);
#2667 = EDGE_CURVE('',#2668,#2670,#2672,.T.);
#2668 = VERTEX_POINT('',#2669);
#2669 = CARTESIAN_POINT('',(17.5,21.650635094611,0.));
#2670 = VERTEX_POINT('',#2671);
#2671 = CARTESIAN_POINT('',(17.5,21.650635094611,5.));
#2672 = LINE('',#2673,#2674);
#2673 = CARTESIAN_POINT('',(17.5,21.650635094611,0.));
#2674 = VECTOR('',#2675,1.);
#2675 = DIRECTION('',(0.,0.,1.));
#2676 = ORIENTED_EDGE('',*,*,#2677,.T.);
#2677 = EDGE_CURVE('',#2670,#2670,#2678,.T.);
#2678 = CIRCLE('',#2679,7.);
#2679 = AXIS2_PLACEMENT_3D('',#2680,#2681,#2682);
#2680 = CARTESIAN_POINT('',(10.5,21.650635094611,5.));
#2681 = DIRECTION('',(0.,0.,1.));
#2682 = DIRECTION('',(1.,0.,0.));
#2683 = ORIENTED_EDGE('',*,*,#2667,.F.);
#2684 = ORIENTED_EDGE('',*,*,#2685,.F.);
#2685 = EDGE_CURVE('',#2668,#2668,#2686,.T.);
#2686 = CIRCLE('',#2687,7.);
#2687 = AXIS2_PLACEMENT_3D('',#2688,#2689,#2690);
#2688 = CARTESIAN_POINT('',(10.5,21.650635094611,0.));
#2689 = DIRECTION('',(0.,0.,1.));
#2690 = DIRECTION('',(1.,0.,0.));
#2691 = CYLINDRICAL_SURFACE('',#2692,7.);
#2692 = AXIS2_PLACEMENT_3D('',#2693,#2694,#2695);
#2693 = CARTESIAN_POINT('',(10.5,21.650635094611,0.));
#2694 = DIRECTION('',(-0.,-0.,-1.));
#2695 = DIRECTION('',(1.,0.,0.));
#2696 = ADVANCED_FACE('',(#2697),#2724,.F.);
#2697 = FACE_BOUND('',#2698,.T.);
#2698 = EDGE_LOOP('',(#2699,#2709,#2716,#2717));
#2699 = ORIENTED_EDGE('',*,*,#2700,.T.);
#2700 = EDGE_CURVE('',#2701,#2703,#2705,.T.);
#2701 = VERTEX_POINT('',#2702);
#2702 = CARTESIAN_POINT('',(30.,0.,0.));
#2703 = VERTEX_POINT('',#2704);
#2704 = CARTESIAN_POINT('',(30.,0.,5.));
#2705 = LINE('',#2706,#2707);
#2706 = CARTESIAN_POINT('',(30.,0.,0.));
#2707 = VECTOR('',#2708,1.);
#2708 = DIRECTION('',(0.,0.,1.));
#2709 = ORIENTED_EDGE('',*,*,#2710,.T.);
#2710 = EDGE_CURVE('',#2703,#2703,#2711,.T.);
#2711 = CIRCLE('',#2712,7.);
#2712 = AXIS2_PLACEMENT_3D('',#2713,#2714,#2715);
#2713 = CARTESIAN_POINT('',(23.,0.,5.));
#2714 = DIRECTION('',(0.,0.,1.));
#2715 = DIRECTION('',(1.,0.,0.));
#2716 = ORIENTED_EDGE('',*,*,#2700,.F.);
#2717 = ORIENTED_EDGE('',*,*,#2718,.F.);
#2718 = EDGE_CURVE('',#2701,#2701,#2719,.T.);
#2719 = CIRCLE('',#2720,7.);
#2720 = AXIS2_PLACEMENT_3D('',#2721,#2722,#2723);
#2721 = CARTESIAN_POINT('',(23.,0.,0.));
#2722 = DIRECTION('',(0.,0.,1.));
#2723 = DIRECTION('',(1.,0.,0.));
#2724 = CYLINDRICAL_SURFACE('',#2725,7.);
#2725 = AXIS2_PLACEMENT_3D('',#2726,#2727,#2728);
#2726 = CARTESIAN_POINT('',(23.,0.,0.));
#2727 = DIRECTION('',(-0.,-0.,-1.));
#2728 = DIRECTION('',(1.,0.,0.));
#2729 = ADVANCED_FACE('',(#2730),#2757,.F.);
#2730 = FACE_BOUND('',#2731,.T.);
#2731 = EDGE_LOOP('',(#2732,#2742,#2749,#2750));
#2732 = ORIENTED_EDGE('',*,*,#2733,.T.);
#2733 = EDGE_CURVE('',#2734,#2736,#2738,.T.);
#2734 = VERTEX_POINT('',#2735);
#2735 = CARTESIAN_POINT('',(-7.5,-21.65063509461,0.));
#2736 = VERTEX_POINT('',#2737);
#2737 = CARTESIAN_POINT('',(-7.5,-21.65063509461,5.));
#2738 = LINE('',#2739,#2740);
#2739 = CARTESIAN_POINT('',(-7.5,-21.65063509461,0.));
#2740 = VECTOR('',#2741,1.);
#2741 = DIRECTION('',(0.,0.,1.));
#2742 = ORIENTED_EDGE('',*,*,#2743,.T.);
#2743 = EDGE_CURVE('',#2736,#2736,#2744,.T.);
#2744 = CIRCLE('',#2745,7.);
#2745 = AXIS2_PLACEMENT_3D('',#2746,#2747,#2748);
#2746 = CARTESIAN_POINT('',(-14.5,-21.65063509461,5.));
#2747 = DIRECTION('',(0.,0.,1.));
#2748 = DIRECTION('',(1.,0.,0.));
#2749 = ORIENTED_EDGE('',*,*,#2733,.F.);
#2750 = ORIENTED_EDGE('',*,*,#2751,.F.);
#2751 = EDGE_CURVE('',#2734,#2734,#2752,.T.);
#2752 = CIRCLE('',#2753,7.);
#2753 = AXIS2_PLACEMENT_3D('',#2754,#2755,#2756);
#2754 = CARTESIAN_POINT('',(-14.5,-21.65063509461,0.));
#2755 = DIRECTION('',(0.,0.,1.));
#2756 = DIRECTION('',(1.,0.,0.));
#2757 = CYLINDRICAL_SURFACE('',#2758,7.);
#2758 = AXIS2_PLACEMENT_3D('',#2759,#2760,#2761);
#2759 = CARTESIAN_POINT('',(-14.5,-21.65063509461,0.));
#2760 = DIRECTION('',(-0.,-0.,-1.));
#2761 = DIRECTION('',(1.,0.,0.));
#2762 = ADVANCED_FACE('',(#2763),#2790,.F.);
#2763 = FACE_BOUND('',#2764,.T.);
#2764 = EDGE_LOOP('',(#2765,#2775,#2782,#2783));
#2765 = ORIENTED_EDGE('',*,*,#2766,.T.);
#2766 = EDGE_CURVE('',#2767,#2769,#2771,.T.);
#2767 = VERTEX_POINT('',#2768);
#2768 = CARTESIAN_POINT('',(-20.,0.,0.));
#2769 = VERTEX_POINT('',#2770);
#2770 = CARTESIAN_POINT('',(-20.,0.,5.));
#2771 = LINE('',#2772,#2773);
#2772 = CARTESIAN_POINT('',(-20.,0.,0.));
#2773 = VECTOR('',#2774,1.);
#2774 = DIRECTION('',(0.,0.,1.));
#2775 = ORIENTED_EDGE('',*,*,#2776,.T.);
#2776 = EDGE_CURVE('',#2769,#2769,#2777,.T.);
#2777 = CIRCLE('',#2778,7.);
#2778 = AXIS2_PLACEMENT_3D('',#2779,#2780,#2781);
#2779 = CARTESIAN_POINT('',(-27.,0.,5.));
#2780 = DIRECTION('',(0.,0.,1.));
#2781 = DIRECTION('',(1.,0.,0.));
#2782 = ORIENTED_EDGE('',*,*,#2766,.F.);
#2783 = ORIENTED_EDGE('',*,*,#2784,.F.);
#2784 = EDGE_CURVE('',#2767,#2767,#2785,.T.);
#2785 = CIRCLE('',#2786,7.);
#2786 = AXIS2_PLACEMENT_3D('',#2787,#2788,#2789);
#2787 = CARTESIAN_POINT('',(-27.,0.,0.));
#2788 = DIRECTION('',(0.,0.,1.));
#2789 = DIRECTION('',(1.,0.,0.));
#2790 = CYLINDRICAL_SURFACE('',#2791,7.);
#2791 = AXIS2_PLACEMENT_3D('',#2792,#2793,#2794);
#2792 = CARTESIAN_POINT('',(-27.,0.,0.));
#2793 = DIRECTION('',(-0.,-0.,-1.));
#2794 = DIRECTION('',(1.,0.,0.));
#2795 = ADVANCED_FACE('',(#2796),#2823,.F.);
#2796 = FACE_BOUND('',#2797,.T.);
#2797 = EDGE_LOOP('',(#2798,#2808,#2815,#2816));
#2798 = ORIENTED_EDGE('',*,*,#2799,.T.);
#2799 = EDGE_CURVE('',#2800,#2802,#2804,.T.);
#2800 = VERTEX_POINT('',#2801);
#2801 = CARTESIAN_POINT('',(17.5,-21.65063509461,0.));
#2802 = VERTEX_POINT('',#2803);
#2803 = CARTESIAN_POINT('',(17.5,-21.65063509461,5.));
#2804 = LINE('',#2805,#2806);
#2805 = CARTESIAN_POINT('',(17.5,-21.65063509461,0.));
#2806 = VECTOR('',#2807,1.);
#2807 = DIRECTION('',(0.,0.,1.));
#2808 = ORIENTED_EDGE('',*,*,#2809,.T.);
#2809 = EDGE_CURVE('',#2802,#2802,#2810,.T.);
#2810 = CIRCLE('',#2811,7.);
#2811 = AXIS2_PLACEMENT_3D('',#2812,#2813,#2814);
#2812 = CARTESIAN_POINT('',(10.5,-21.65063509461,5.));
#2813 = DIRECTION('',(0.,0.,1.));
#2814 = DIRECTION('',(1.,0.,0.));
#2815 = ORIENTED_EDGE('',*,*,#2799,.F.);
#2816 = ORIENTED_EDGE('',*,*,#2817,.F.);
#2817 = EDGE_CURVE('',#2800,#2800,#2818,.T.);
#2818 = CIRCLE('',#2819,7.);
#2819 = AXIS2_PLACEMENT_3D('',#2820,#2821,#2822);
#2820 = CARTESIAN_POINT('',(10.5,-21.65063509461,0.));
#2821 = DIRECTION('',(0.,0.,1.));
#2822 = DIRECTION('',(1.,0.,0.));
#2823 = CYLINDRICAL_SURFACE('',#2824,7.);
#2824 = AXIS2_PLACEMENT_3D('',#2825,#2826,#2827);
#2825 = CARTESIAN_POINT('',(10.5,-21.65063509461,0.));
#2826 = DIRECTION('',(-0.,-0.,-1.));
#2827 = DIRECTION('',(1.,0.,0.));
#2828 = ADVANCED_FACE('',(#2829),#2856,.F.);
#2829 = FACE_BOUND('',#2830,.T.);
#2830 = EDGE_LOOP('',(#2831,#2841,#2848,#2849));
#2831 = ORIENTED_EDGE('',*,*,#2832,.T.);
#2832 = EDGE_CURVE('',#2833,#2835,#2837,.T.);
#2833 = VERTEX_POINT('',#2834);
#2834 = CARTESIAN_POINT('',(4.8,0.,0.));
#2835 = VERTEX_POINT('',#2836);
#2836 = CARTESIAN_POINT('',(4.8,0.,5.));
#2837 = LINE('',#2838,#2839);
#2838 = CARTESIAN_POINT('',(4.8,0.,0.));
#2839 = VECTOR('',#2840,1.);
#2840 = DIRECTION('',(0.,0.,1.));
#2841 = ORIENTED_EDGE('',*,*,#2842,.T.);
#2842 = EDGE_CURVE('',#2835,#2835,#2843,.T.);
#2843 = CIRCLE('',#2844,6.8);
#2844 = AXIS2_PLACEMENT_3D('',#2845,#2846,#2847);
#2845 = CARTESIAN_POINT('',(-2.,0.,5.));
#2846 = DIRECTION('',(0.,0.,1.));
#2847 = DIRECTION('',(1.,0.,0.));
#2848 = ORIENTED_EDGE('',*,*,#2832,.F.);
#2849 = ORIENTED_EDGE('',*,*,#2850,.F.);
#2850 = EDGE_CURVE('',#2833,#2833,#2851,.T.);
#2851 = CIRCLE('',#2852,6.8);
#2852 = AXIS2_PLACEMENT_3D('',#2853,#2854,#2855);
#2853 = CARTESIAN_POINT('',(-2.,0.,0.));
#2854 = DIRECTION('',(0.,0.,1.));
#2855 = DIRECTION('',(1.,0.,0.));
#2856 = CYLINDRICAL_SURFACE('',#2857,6.8);
#2857 = AXIS2_PLACEMENT_3D('',#2858,#2859,#2860);
#2858 = CARTESIAN_POINT('',(-2.,0.,0.));
#2859 = DIRECTION('',(-0.,-0.,-1.));
#2860 = DIRECTION('',(1.,0.,0.));
#2861 = ADVANCED_FACE('',(#2862,#2877,#2880,#2883,#2886,#2889,#2892,
    #2895),#2898,.F.);
#2862 = FACE_BOUND('',#2863,.F.);
#2863 = EDGE_LOOP('',(#2864,#2865,#2866,#2867,#2868,#2869,#2870,#2871,
    #2872,#2873,#2874,#2875,#2876));
#2864 = ORIENTED_EDGE('',*,*,#103,.T.);
#2865 = ORIENTED_EDGE('',*,*,#304,.T.);
#2866 = ORIENTED_EDGE('',*,*,#505,.T.);
#2867 = ORIENTED_EDGE('',*,*,#706,.T.);
#2868 = ORIENTED_EDGE('',*,*,#907,.T.);
#2869 = ORIENTED_EDGE('',*,*,#1108,.T.);
#2870 = ORIENTED_EDGE('',*,*,#1309,.T.);
#2871 = ORIENTED_EDGE('',*,*,#1510,.T.);
#2872 = ORIENTED_EDGE('',*,*,#1711,.T.);
#2873 = ORIENTED_EDGE('',*,*,#1912,.T.);
#2874 = ORIENTED_EDGE('',*,*,#2113,.T.);
#2875 = ORIENTED_EDGE('',*,*,#2314,.T.);
#2876 = ORIENTED_EDGE('',*,*,#2506,.T.);
#2877 = FACE_BOUND('',#2878,.T.);
#2878 = EDGE_LOOP('',(#2879));
#2879 = ORIENTED_EDGE('',*,*,#2652,.T.);
#2880 = FACE_BOUND('',#2881,.T.);
#2881 = EDGE_LOOP('',(#2882));
#2882 = ORIENTED_EDGE('',*,*,#2685,.T.);
#2883 = FACE_BOUND('',#2884,.T.);
#2884 = EDGE_LOOP('',(#2885));
#2885 = ORIENTED_EDGE('',*,*,#2718,.T.);
#2886 = FACE_BOUND('',#2887,.T.);
#2887 = EDGE_LOOP('',(#2888));
#2888 = ORIENTED_EDGE('',*,*,#2751,.T.);
#2889 = FACE_BOUND('',#2890,.T.);
#2890 = EDGE_LOOP('',(#2891));
#2891 = ORIENTED_EDGE('',*,*,#2784,.T.);
#2892 = FACE_BOUND('',#2893,.T.);
#2893 = EDGE_LOOP('',(#2894));
#2894 = ORIENTED_EDGE('',*,*,#2817,.T.);
#2895 = FACE_BOUND('',#2896,.T.);
#2896 = EDGE_LOOP('',(#2897));
#2897 = ORIENTED_EDGE('',*,*,#2850,.T.);
#2898 = PLANE('',#2899);
#2899 = AXIS2_PLACEMENT_3D('',#2900,#2901,#2902);
#2900 = CARTESIAN_POINT('',(-2.,-1.862546378831E-15,0.));
#2901 = DIRECTION('',(0.,0.,1.));
#2902 = DIRECTION('',(1.,0.,0.));
#2903 = ADVANCED_FACE('',(#2904,#2919,#2922,#2925,#2928,#2931,#2934,
    #2937),#2940,.T.);
#2904 = FACE_BOUND('',#2905,.T.);
#2905 = EDGE_LOOP('',(#2906,#2907,#2908,#2909,#2910,#2911,#2912,#2913,
    #2914,#2915,#2916,#2917,#2918));
#2906 = ORIENTED_EDGE('',*,*,#31,.T.);
#2907 = ORIENTED_EDGE('',*,*,#232,.T.);
#2908 = ORIENTED_EDGE('',*,*,#433,.T.);
#2909 = ORIENTED_EDGE('',*,*,#634,.T.);
#2910 = ORIENTED_EDGE('',*,*,#835,.T.);
#2911 = ORIENTED_EDGE('',*,*,#1036,.T.);
#2912 = ORIENTED_EDGE('',*,*,#1237,.T.);
#2913 = ORIENTED_EDGE('',*,*,#1438,.T.);
#2914 = ORIENTED_EDGE('',*,*,#1639,.T.);
#2915 = ORIENTED_EDGE('',*,*,#1840,.T.);
#2916 = ORIENTED_EDGE('',*,*,#2041,.T.);
#2917 = ORIENTED_EDGE('',*,*,#2242,.T.);
#2918 = ORIENTED_EDGE('',*,*,#2443,.T.);
#2919 = FACE_BOUND('',#2920,.F.);
#2920 = EDGE_LOOP('',(#2921));
#2921 = ORIENTED_EDGE('',*,*,#2644,.T.);
#2922 = FACE_BOUND('',#2923,.F.);
#2923 = EDGE_LOOP('',(#2924));
#2924 = ORIENTED_EDGE('',*,*,#2677,.T.);
#2925 = FACE_BOUND('',#2926,.F.);
#2926 = EDGE_LOOP('',(#2927));
#2927 = ORIENTED_EDGE('',*,*,#2710,.T.);
#2928 = FACE_BOUND('',#2929,.F.);
#2929 = EDGE_LOOP('',(#2930));
#2930 = ORIENTED_EDGE('',*,*,#2743,.T.);
#2931 = FACE_BOUND('',#2932,.F.);
#2932 = EDGE_LOOP('',(#2933));
#2933 = ORIENTED_EDGE('',*,*,#2776,.T.);
#2934 = FACE_BOUND('',#2935,.F.);
#2935 = EDGE_LOOP('',(#2936));
#2936 = ORIENTED_EDGE('',*,*,#2809,.T.);
#2937 = FACE_BOUND('',#2938,.F.);
#2938 = EDGE_LOOP('',(#2939));
#2939 = ORIENTED_EDGE('',*,*,#2842,.T.);
#2940 = PLANE('',#2941);
#2941 = AXIS2_PLACEMENT_3D('',#2942,#2943,#2944);
#2942 = CARTESIAN_POINT('',(-2.,-1.862546378831E-15,5.));
#2943 = DIRECTION('',(0.,0.,1.));
#2944 = DIRECTION('',(1.,0.,0.));
#2945 = ( GEOMETRIC_REPRESENTATION_CONTEXT(3) 
GLOBAL_UNCERTAINTY_ASSIGNED_CONTEXT((#2949)) 
GLOBAL_UNIT_ASSIGNED_CONTEXT((#2946,#2947,#2948)) REPRESENTATION_CONTEXT
('Context #1','3D Context with UNIT and UNCERTAINTY') );
#2946 = ( LENGTH_UNIT() NAMED_UNIT(*) SI_UNIT(.MILLI.,.METRE.) );
#2947 = ( NAMED_UNIT(*) PLANE_ANGLE_UNIT() SI_UNIT($,.RADIAN.) );
#2948 = ( NAMED_UNIT(*) SI_UNIT($,.STERADIAN.) SOLID_ANGLE_UNIT() );
#2949 = UNCERTAINTY_MEASURE_WITH_UNIT(LENGTH_MEASURE(1.E-07),#2946,
  'distance_accuracy_value','confusion accuracy');
#2950 = PRODUCT_RELATED_PRODUCT_CATEGORY('part',$,(#7));
ENDSEC;
END-ISO-10303-21;
