ISO-10303-21;
HEADER;
FILE_DESCRIPTION(('FreeCAD Model'),'2;1');
FILE_NAME('Open CASCADE Shape Model','2026-05-26T02:31:19',('Author'),(
    ''),'Open CASCADE STEP processor 7.8','FreeCAD','Unknown');
FILE_SCHEMA(('AUTOMOTIVE_DESIGN { 1 0 10303 214 1 1 1 1 }'));
ENDSEC;
DATA;
#1 = APPLICATION_PROTOCOL_DEFINITION('international standard',
  'automotive_design',2000,#2);
#2 = APPLICATION_CONTEXT(
  'core data for automotive mechanical design processes');
#3 = SHAPE_DEFINITION_REPRESENTATION(#4,#10);
#4 = PRODUCT_DEFINITION_SHAPE('','',#5);
#5 = PRODUCT_DEFINITION('design','',#6,#9);
#6 = PRODUCT_DEFINITION_FORMATION('','',#7);
#7 = PRODUCT('CycloidalReducer','CycloidalReducer','',(#8));
#8 = PRODUCT_CONTEXT('',#2,'mechanical');
#9 = PRODUCT_DEFINITION_CONTEXT('part definition',#2,'design');
#10 = SHAPE_REPRESENTATION('',(#11,#15,#19,#23,#27,#31,#35,#39),#43);
#11 = AXIS2_PLACEMENT_3D('',#12,#13,#14);
#12 = CARTESIAN_POINT('',(0.,0.,0.));
#13 = DIRECTION('',(0.,0.,1.));
#14 = DIRECTION('',(1.,0.,-0.));
#15 = AXIS2_PLACEMENT_3D('',#16,#17,#18);
#16 = CARTESIAN_POINT('',(0.,0.,0.));
#17 = DIRECTION('',(0.,0.,1.));
#18 = DIRECTION('',(1.,0.,0.));
#19 = AXIS2_PLACEMENT_3D('',#20,#21,#22);
#20 = CARTESIAN_POINT('',(0.,0.,5.));
#21 = DIRECTION('',(0.,0.,1.));
#22 = DIRECTION('',(1.,0.,0.));
#23 = AXIS2_PLACEMENT_3D('',#24,#25,#26);
#24 = CARTESIAN_POINT('',(0.,0.,5.));
#25 = DIRECTION('',(0.,0.,1.));
#26 = DIRECTION('',(-1.,1.224646799147E-16,0.));
#27 = AXIS2_PLACEMENT_3D('',#28,#29,#30);
#28 = CARTESIAN_POINT('',(0.,0.,10.));
#29 = DIRECTION('',(0.,0.,1.));
#30 = DIRECTION('',(-0.999818745524,1.903880510335E-02,0.));
#31 = AXIS2_PLACEMENT_3D('',#32,#33,#34);
#32 = CARTESIAN_POINT('',(0.,0.,15.));
#33 = DIRECTION('',(0.,0.,1.));
#34 = DIRECTION('',(1.,0.,0.));
#35 = AXIS2_PLACEMENT_3D('',#36,#37,#38);
#36 = CARTESIAN_POINT('',(0.,0.,15.));
#37 = DIRECTION('',(0.,0.,1.));
#38 = DIRECTION('',(-1.,1.224646799147E-16,0.));
#39 = AXIS2_PLACEMENT_3D('',#40,#41,#42);
#40 = CARTESIAN_POINT('',(0.,0.,20.));
#41 = DIRECTION('',(0.,0.,1.));
#42 = DIRECTION('',(1.,0.,0.));
#43 = ( GEOMETRIC_REPRESENTATION_CONTEXT(3) 
GLOBAL_UNCERTAINTY_ASSIGNED_CONTEXT((#47)) GLOBAL_UNIT_ASSIGNED_CONTEXT(
(#44,#45,#46)) REPRESENTATION_CONTEXT('Context #1',
  '3D Context with UNIT and UNCERTAINTY') );
#44 = ( LENGTH_UNIT() NAMED_UNIT(*) SI_UNIT(.MILLI.,.METRE.) );
#45 = ( NAMED_UNIT(*) PLANE_ANGLE_UNIT() SI_UNIT($,.RADIAN.) );
#46 = ( NAMED_UNIT(*) SI_UNIT($,.STERADIAN.) SOLID_ANGLE_UNIT() );
#47 = UNCERTAINTY_MEASURE_WITH_UNIT(LENGTH_MEASURE(1.E-06),#44,
  'distance_accuracy_value','confusion accuracy');
#48 = PRODUCT_RELATED_PRODUCT_CATEGORY('part',$,(#7));
#49 = SHAPE_DEFINITION_REPRESENTATION(#50,#56);
#50 = PRODUCT_DEFINITION_SHAPE('','',#51);
#51 = PRODUCT_DEFINITION('design','',#52,#55);
#52 = PRODUCT_DEFINITION_FORMATION('','',#53);
#53 = PRODUCT('pinDisk','pinDisk','',(#54));
#54 = PRODUCT_CONTEXT('',#2,'mechanical');
#55 = PRODUCT_DEFINITION_CONTEXT('part definition',#2,'design');
#56 = ADVANCED_BREP_SHAPE_REPRESENTATION('',(#11,#57),#1813);
#57 = MANIFOLD_SOLID_BREP('',#58);
#58 = CLOSED_SHELL('',(#59,#219,#243,#268,#293,#318,#343,#368,#393,#418,
    #443,#468,#493,#518,#543,#568,#588,#608,#628,#648,#668,#688,#708,
    #728,#748,#768,#788,#808,#828,#853,#878,#903,#928,#953,#978,#1003,
    #1028,#1053,#1078,#1103,#1128,#1153,#1162,#1171,#1180,#1189,#1198,
    #1207,#1216,#1225,#1234,#1243,#1252,#1261,#1405,#1430,#1439,#1464,
    #1473,#1498,#1507,#1532,#1541,#1566,#1575,#1600,#1609,#1634,#1643,
    #1668,#1677,#1702,#1711,#1736,#1745,#1770,#1779,#1804));
#59 = ADVANCED_FACE('',(#60,#71,#82,#93,#104,#115,#126,#137,#148,#159,
    #170,#181,#192,#203),#214,.T.);
#60 = FACE_BOUND('',#61,.T.);
#61 = EDGE_LOOP('',(#62));
#62 = ORIENTED_EDGE('',*,*,#63,.T.);
#63 = EDGE_CURVE('',#64,#64,#66,.T.);
#64 = VERTEX_POINT('',#65);
#65 = CARTESIAN_POINT('',(47.5,0.,10.));
#66 = CIRCLE('',#67,47.5);
#67 = AXIS2_PLACEMENT_3D('',#68,#69,#70);
#68 = CARTESIAN_POINT('',(0.,0.,10.));
#69 = DIRECTION('',(0.,0.,1.));
#70 = DIRECTION('',(1.,0.,0.));
#71 = FACE_BOUND('',#72,.T.);
#72 = EDGE_LOOP('',(#73));
#73 = ORIENTED_EDGE('',*,*,#74,.T.);
#74 = EDGE_CURVE('',#75,#75,#77,.T.);
#75 = VERTEX_POINT('',#76);
#76 = CARTESIAN_POINT('',(-17.95,-31.09031199586,10.));
#77 = CIRCLE('',#78,4.7);
#78 = AXIS2_PLACEMENT_3D('',#79,#80,#81);
#79 = CARTESIAN_POINT('',(-20.3,-35.16063139364,10.));
#80 = DIRECTION('',(0.,0.,-1.));
#81 = DIRECTION('',(0.5,0.866025403784,0.));
#82 = FACE_BOUND('',#83,.T.);
#83 = EDGE_LOOP('',(#84));
#84 = ORIENTED_EDGE('',*,*,#85,.T.);
#85 = EDGE_CURVE('',#86,#86,#88,.T.);
#86 = VERTEX_POINT('',#87);
#87 = CARTESIAN_POINT('',(-31.09031199586,-17.95,10.));
#88 = CIRCLE('',#89,4.7);
#89 = AXIS2_PLACEMENT_3D('',#90,#91,#92);
#90 = CARTESIAN_POINT('',(-35.16063139364,-20.3,10.));
#91 = DIRECTION('',(0.,0.,-1.));
#92 = DIRECTION('',(0.866025403784,0.5,0.));
#93 = FACE_BOUND('',#94,.T.);
#94 = EDGE_LOOP('',(#95));
#95 = ORIENTED_EDGE('',*,*,#96,.T.);
#96 = EDGE_CURVE('',#97,#97,#99,.T.);
#97 = VERTEX_POINT('',#98);
#98 = CARTESIAN_POINT('',(-3.985700658404E-15,-35.9,10.));
#99 = CIRCLE('',#100,4.7);
#100 = AXIS2_PLACEMENT_3D('',#101,#102,#103);
#101 = CARTESIAN_POINT('',(-4.507505479978E-15,-40.6,10.));
#102 = DIRECTION('',(0.,0.,-1.));
#103 = DIRECTION('',(1.110223024625E-16,1.,0.));
#104 = FACE_BOUND('',#105,.T.);
#105 = EDGE_LOOP('',(#106));
#106 = ORIENTED_EDGE('',*,*,#107,.T.);
#107 = EDGE_CURVE('',#108,#108,#110,.T.);
#108 = VERTEX_POINT('',#109);
#109 = CARTESIAN_POINT('',(17.95,-31.09031199586,10.));
#110 = CIRCLE('',#111,4.7);
#111 = AXIS2_PLACEMENT_3D('',#112,#113,#114);
#112 = CARTESIAN_POINT('',(20.3,-35.16063139364,10.));
#113 = DIRECTION('',(0.,0.,-1.));
#114 = DIRECTION('',(-0.5,0.866025403784,0.));
#115 = FACE_BOUND('',#116,.T.);
#116 = EDGE_LOOP('',(#117));
#117 = ORIENTED_EDGE('',*,*,#118,.T.);
#118 = EDGE_CURVE('',#119,#119,#121,.T.);
#119 = VERTEX_POINT('',#120);
#120 = CARTESIAN_POINT('',(31.090311995861,-17.95,10.));
#121 = CIRCLE('',#122,4.7);
#122 = AXIS2_PLACEMENT_3D('',#123,#124,#125);
#123 = CARTESIAN_POINT('',(35.160631393648,-20.3,10.));
#124 = DIRECTION('',(0.,0.,-1.));
#125 = DIRECTION('',(-0.866025403784,0.5,0.));
#126 = FACE_BOUND('',#127,.T.);
#127 = EDGE_LOOP('',(#128));
#128 = ORIENTED_EDGE('',*,*,#129,.T.);
#129 = EDGE_CURVE('',#130,#130,#132,.T.);
#130 = VERTEX_POINT('',#131);
#131 = CARTESIAN_POINT('',(35.9,-4.396482008939E-15,10.));
#132 = CIRCLE('',#133,4.7);
#133 = AXIS2_PLACEMENT_3D('',#134,#135,#136);
#134 = CARTESIAN_POINT('',(40.6,-4.972066004538E-15,10.));
#135 = DIRECTION('',(0.,0.,-1.));
#136 = DIRECTION('',(-1.,1.224646799147E-16,0.));
#137 = FACE_BOUND('',#138,.T.);
#138 = EDGE_LOOP('',(#139));
#139 = ORIENTED_EDGE('',*,*,#140,.T.);
#140 = EDGE_CURVE('',#141,#141,#143,.T.);
#141 = VERTEX_POINT('',#142);
#142 = CARTESIAN_POINT('',(-35.9,0.,10.));
#143 = CIRCLE('',#144,4.7);
#144 = AXIS2_PLACEMENT_3D('',#145,#146,#147);
#145 = CARTESIAN_POINT('',(-40.6,0.,10.));
#146 = DIRECTION('',(0.,0.,-1.));
#147 = DIRECTION('',(1.,0.,0.));
#148 = FACE_BOUND('',#149,.T.);
#149 = EDGE_LOOP('',(#150));
#150 = ORIENTED_EDGE('',*,*,#151,.T.);
#151 = EDGE_CURVE('',#152,#152,#154,.T.);
#152 = VERTEX_POINT('',#153);
#153 = CARTESIAN_POINT('',(-31.09031199586,17.95,10.));
#154 = CIRCLE('',#155,4.7);
#155 = AXIS2_PLACEMENT_3D('',#156,#157,#158);
#156 = CARTESIAN_POINT('',(-35.16063139364,20.3,10.));
#157 = DIRECTION('',(0.,-0.,-1.));
#158 = DIRECTION('',(0.866025403784,-0.5,0.));
#159 = FACE_BOUND('',#160,.T.);
#160 = EDGE_LOOP('',(#161));
#161 = ORIENTED_EDGE('',*,*,#162,.T.);
#162 = EDGE_CURVE('',#163,#163,#165,.T.);
#163 = VERTEX_POINT('',#164);
#164 = CARTESIAN_POINT('',(-17.95,31.090311995861,10.));
#165 = CIRCLE('',#166,4.7);
#166 = AXIS2_PLACEMENT_3D('',#167,#168,#169);
#167 = CARTESIAN_POINT('',(-20.3,35.160631393648,10.));
#168 = DIRECTION('',(0.,-0.,-1.));
#169 = DIRECTION('',(0.5,-0.866025403784,0.));
#170 = FACE_BOUND('',#171,.T.);
#171 = EDGE_LOOP('',(#172));
#172 = ORIENTED_EDGE('',*,*,#173,.F.);
#173 = EDGE_CURVE('',#174,#174,#176,.T.);
#174 = VERTEX_POINT('',#175);
#175 = CARTESIAN_POINT('',(34.208915126443,0.,10.));
#176 = CIRCLE('',#177,34.208915126443);
#177 = AXIS2_PLACEMENT_3D('',#178,#179,#180);
#178 = CARTESIAN_POINT('',(0.,0.,10.));
#179 = DIRECTION('',(0.,0.,1.));
#180 = DIRECTION('',(1.,0.,0.));
#181 = FACE_BOUND('',#182,.T.);
#182 = EDGE_LOOP('',(#183));
#183 = ORIENTED_EDGE('',*,*,#184,.T.);
#184 = EDGE_CURVE('',#185,#185,#187,.T.);
#185 = VERTEX_POINT('',#186);
#186 = CARTESIAN_POINT('',(31.090311995861,17.95,10.));
#187 = CIRCLE('',#188,4.7);
#188 = AXIS2_PLACEMENT_3D('',#189,#190,#191);
#189 = CARTESIAN_POINT('',(35.160631393648,20.3,10.));
#190 = DIRECTION('',(0.,0.,-1.));
#191 = DIRECTION('',(-0.866025403784,-0.5,-0.));
#192 = FACE_BOUND('',#193,.T.);
#193 = EDGE_LOOP('',(#194));
#194 = ORIENTED_EDGE('',*,*,#195,.T.);
#195 = EDGE_CURVE('',#196,#196,#198,.T.);
#196 = VERTEX_POINT('',#197);
#197 = CARTESIAN_POINT('',(7.971401316809E-15,35.9,10.));
#198 = CIRCLE('',#199,4.7);
#199 = AXIS2_PLACEMENT_3D('',#200,#201,#202);
#200 = CARTESIAN_POINT('',(9.015010959956E-15,40.6,10.));
#201 = DIRECTION('',(0.,0.,-1.));
#202 = DIRECTION('',(-2.22044604925E-16,-1.,-0.));
#203 = FACE_BOUND('',#204,.T.);
#204 = EDGE_LOOP('',(#205));
#205 = ORIENTED_EDGE('',*,*,#206,.T.);
#206 = EDGE_CURVE('',#207,#207,#209,.T.);
#207 = VERTEX_POINT('',#208);
#208 = CARTESIAN_POINT('',(17.95,31.090311995861,10.));
#209 = CIRCLE('',#210,4.7);
#210 = AXIS2_PLACEMENT_3D('',#211,#212,#213);
#211 = CARTESIAN_POINT('',(20.3,35.160631393648,10.));
#212 = DIRECTION('',(0.,0.,-1.));
#213 = DIRECTION('',(-0.5,-0.866025403784,-0.));
#214 = PLANE('',#215);
#215 = AXIS2_PLACEMENT_3D('',#216,#217,#218);
#216 = CARTESIAN_POINT('',(-2.405905655199E-15,2.00257539828E-15,10.));
#217 = DIRECTION('',(0.,0.,1.));
#218 = DIRECTION('',(1.,0.,0.));
#219 = ADVANCED_FACE('',(#220),#238,.T.);
#220 = FACE_BOUND('',#221,.F.);
#221 = EDGE_LOOP('',(#222,#231,#236,#237));
#222 = ORIENTED_EDGE('',*,*,#223,.F.);
#223 = EDGE_CURVE('',#224,#224,#226,.T.);
#224 = VERTEX_POINT('',#225);
#225 = CARTESIAN_POINT('',(47.5,0.,0.));
#226 = CIRCLE('',#227,47.5);
#227 = AXIS2_PLACEMENT_3D('',#228,#229,#230);
#228 = CARTESIAN_POINT('',(0.,0.,0.));
#229 = DIRECTION('',(0.,0.,1.));
#230 = DIRECTION('',(1.,0.,0.));
#231 = ORIENTED_EDGE('',*,*,#232,.F.);
#232 = EDGE_CURVE('',#64,#224,#233,.T.);
#233 = B_SPLINE_CURVE_WITH_KNOTS('',1,(#234,#235),.UNSPECIFIED.,.F.,.F.,
  (2,2),(-10.,0.),.PIECEWISE_BEZIER_KNOTS.);
#234 = CARTESIAN_POINT('',(47.5,-1.16341445919E-14,10.));
#235 = CARTESIAN_POINT('',(47.5,-1.16341445919E-14,0.));
#236 = ORIENTED_EDGE('',*,*,#63,.T.);
#237 = ORIENTED_EDGE('',*,*,#232,.T.);
#238 = CYLINDRICAL_SURFACE('',#239,47.5);
#239 = AXIS2_PLACEMENT_3D('',#240,#241,#242);
#240 = CARTESIAN_POINT('',(0.,0.,0.));
#241 = DIRECTION('',(-0.,-0.,-1.));
#242 = DIRECTION('',(1.,0.,0.));
#243 = ADVANCED_FACE('',(#244),#263,.T.);
#244 = FACE_BOUND('',#245,.F.);
#245 = EDGE_LOOP('',(#246,#247,#255,#262));
#246 = ORIENTED_EDGE('',*,*,#74,.T.);
#247 = ORIENTED_EDGE('',*,*,#248,.T.);
#248 = EDGE_CURVE('',#75,#249,#251,.T.);
#249 = VERTEX_POINT('',#250);
#250 = CARTESIAN_POINT('',(-17.95,-31.09031199586,25.));
#251 = LINE('',#252,#253);
#252 = CARTESIAN_POINT('',(-17.95,-31.09031199586,0.));
#253 = VECTOR('',#254,1.);
#254 = DIRECTION('',(0.,0.,1.));
#255 = ORIENTED_EDGE('',*,*,#256,.T.);
#256 = EDGE_CURVE('',#249,#249,#257,.T.);
#257 = CIRCLE('',#258,4.7);
#258 = AXIS2_PLACEMENT_3D('',#259,#260,#261);
#259 = CARTESIAN_POINT('',(-20.3,-35.16063139364,25.));
#260 = DIRECTION('',(0.,-0.,1.));
#261 = DIRECTION('',(0.5,0.866025403784,0.));
#262 = ORIENTED_EDGE('',*,*,#248,.F.);
#263 = CYLINDRICAL_SURFACE('',#264,4.7);
#264 = AXIS2_PLACEMENT_3D('',#265,#266,#267);
#265 = CARTESIAN_POINT('',(-20.3,-35.16063139364,0.));
#266 = DIRECTION('',(0.,-0.,-1.));
#267 = DIRECTION('',(0.5,0.866025403784,0.));
#268 = ADVANCED_FACE('',(#269),#288,.T.);
#269 = FACE_BOUND('',#270,.F.);
#270 = EDGE_LOOP('',(#271,#272,#280,#287));
#271 = ORIENTED_EDGE('',*,*,#85,.T.);
#272 = ORIENTED_EDGE('',*,*,#273,.T.);
#273 = EDGE_CURVE('',#86,#274,#276,.T.);
#274 = VERTEX_POINT('',#275);
#275 = CARTESIAN_POINT('',(-31.09031199586,-17.95,25.));
#276 = LINE('',#277,#278);
#277 = CARTESIAN_POINT('',(-31.09031199586,-17.95,0.));
#278 = VECTOR('',#279,1.);
#279 = DIRECTION('',(0.,0.,1.));
#280 = ORIENTED_EDGE('',*,*,#281,.T.);
#281 = EDGE_CURVE('',#274,#274,#282,.T.);
#282 = CIRCLE('',#283,4.7);
#283 = AXIS2_PLACEMENT_3D('',#284,#285,#286);
#284 = CARTESIAN_POINT('',(-35.16063139364,-20.3,25.));
#285 = DIRECTION('',(0.,-0.,1.));
#286 = DIRECTION('',(0.866025403784,0.5,0.));
#287 = ORIENTED_EDGE('',*,*,#273,.F.);
#288 = CYLINDRICAL_SURFACE('',#289,4.7);
#289 = AXIS2_PLACEMENT_3D('',#290,#291,#292);
#290 = CARTESIAN_POINT('',(-35.16063139364,-20.3,0.));
#291 = DIRECTION('',(0.,0.,-1.));
#292 = DIRECTION('',(0.866025403784,0.5,0.));
#293 = ADVANCED_FACE('',(#294),#313,.T.);
#294 = FACE_BOUND('',#295,.F.);
#295 = EDGE_LOOP('',(#296,#297,#305,#312));
#296 = ORIENTED_EDGE('',*,*,#96,.T.);
#297 = ORIENTED_EDGE('',*,*,#298,.T.);
#298 = EDGE_CURVE('',#97,#299,#301,.T.);
#299 = VERTEX_POINT('',#300);
#300 = CARTESIAN_POINT('',(-3.985700658404E-15,-35.9,25.));
#301 = LINE('',#302,#303);
#302 = CARTESIAN_POINT('',(-3.985700658404E-15,-35.9,0.));
#303 = VECTOR('',#304,1.);
#304 = DIRECTION('',(0.,0.,1.));
#305 = ORIENTED_EDGE('',*,*,#306,.T.);
#306 = EDGE_CURVE('',#299,#299,#307,.T.);
#307 = CIRCLE('',#308,4.7);
#308 = AXIS2_PLACEMENT_3D('',#309,#310,#311);
#309 = CARTESIAN_POINT('',(-4.507505479978E-15,-40.6,25.));
#310 = DIRECTION('',(0.,-0.,1.));
#311 = DIRECTION('',(1.110223024625E-16,1.,0.));
#312 = ORIENTED_EDGE('',*,*,#298,.F.);
#313 = CYLINDRICAL_SURFACE('',#314,4.7);
#314 = AXIS2_PLACEMENT_3D('',#315,#316,#317);
#315 = CARTESIAN_POINT('',(-4.507505479978E-15,-40.6,0.));
#316 = DIRECTION('',(0.,-0.,-1.));
#317 = DIRECTION('',(1.110223024625E-16,1.,0.));
#318 = ADVANCED_FACE('',(#319),#338,.T.);
#319 = FACE_BOUND('',#320,.F.);
#320 = EDGE_LOOP('',(#321,#322,#330,#337));
#321 = ORIENTED_EDGE('',*,*,#107,.T.);
#322 = ORIENTED_EDGE('',*,*,#323,.T.);
#323 = EDGE_CURVE('',#108,#324,#326,.T.);
#324 = VERTEX_POINT('',#325);
#325 = CARTESIAN_POINT('',(17.95,-31.09031199586,25.));
#326 = LINE('',#327,#328);
#327 = CARTESIAN_POINT('',(17.95,-31.09031199586,0.));
#328 = VECTOR('',#329,1.);
#329 = DIRECTION('',(0.,0.,1.));
#330 = ORIENTED_EDGE('',*,*,#331,.T.);
#331 = EDGE_CURVE('',#324,#324,#332,.T.);
#332 = CIRCLE('',#333,4.7);
#333 = AXIS2_PLACEMENT_3D('',#334,#335,#336);
#334 = CARTESIAN_POINT('',(20.3,-35.16063139364,25.));
#335 = DIRECTION('',(0.,0.,1.));
#336 = DIRECTION('',(-0.5,0.866025403784,0.));
#337 = ORIENTED_EDGE('',*,*,#323,.F.);
#338 = CYLINDRICAL_SURFACE('',#339,4.7);
#339 = AXIS2_PLACEMENT_3D('',#340,#341,#342);
#340 = CARTESIAN_POINT('',(20.3,-35.16063139364,0.));
#341 = DIRECTION('',(-0.,0.,-1.));
#342 = DIRECTION('',(-0.5,0.866025403784,0.));
#343 = ADVANCED_FACE('',(#344),#363,.T.);
#344 = FACE_BOUND('',#345,.F.);
#345 = EDGE_LOOP('',(#346,#347,#355,#362));
#346 = ORIENTED_EDGE('',*,*,#118,.T.);
#347 = ORIENTED_EDGE('',*,*,#348,.T.);
#348 = EDGE_CURVE('',#119,#349,#351,.T.);
#349 = VERTEX_POINT('',#350);
#350 = CARTESIAN_POINT('',(31.090311995861,-17.95,25.));
#351 = LINE('',#352,#353);
#352 = CARTESIAN_POINT('',(31.090311995861,-17.95,0.));
#353 = VECTOR('',#354,1.);
#354 = DIRECTION('',(0.,0.,1.));
#355 = ORIENTED_EDGE('',*,*,#356,.T.);
#356 = EDGE_CURVE('',#349,#349,#357,.T.);
#357 = CIRCLE('',#358,4.7);
#358 = AXIS2_PLACEMENT_3D('',#359,#360,#361);
#359 = CARTESIAN_POINT('',(35.160631393648,-20.3,25.));
#360 = DIRECTION('',(0.,0.,1.));
#361 = DIRECTION('',(-0.866025403784,0.5,0.));
#362 = ORIENTED_EDGE('',*,*,#348,.F.);
#363 = CYLINDRICAL_SURFACE('',#364,4.7);
#364 = AXIS2_PLACEMENT_3D('',#365,#366,#367);
#365 = CARTESIAN_POINT('',(35.160631393648,-20.3,0.));
#366 = DIRECTION('',(0.,0.,-1.));
#367 = DIRECTION('',(-0.866025403784,0.5,0.));
#368 = ADVANCED_FACE('',(#369),#388,.T.);
#369 = FACE_BOUND('',#370,.F.);
#370 = EDGE_LOOP('',(#371,#372,#380,#387));
#371 = ORIENTED_EDGE('',*,*,#129,.T.);
#372 = ORIENTED_EDGE('',*,*,#373,.T.);
#373 = EDGE_CURVE('',#130,#374,#376,.T.);
#374 = VERTEX_POINT('',#375);
#375 = CARTESIAN_POINT('',(35.9,-4.396482008939E-15,25.));
#376 = LINE('',#377,#378);
#377 = CARTESIAN_POINT('',(35.9,-4.396482008939E-15,0.));
#378 = VECTOR('',#379,1.);
#379 = DIRECTION('',(0.,0.,1.));
#380 = ORIENTED_EDGE('',*,*,#381,.T.);
#381 = EDGE_CURVE('',#374,#374,#382,.T.);
#382 = CIRCLE('',#383,4.7);
#383 = AXIS2_PLACEMENT_3D('',#384,#385,#386);
#384 = CARTESIAN_POINT('',(40.6,-4.972066004538E-15,25.));
#385 = DIRECTION('',(0.,0.,1.));
#386 = DIRECTION('',(-1.,1.224646799147E-16,0.));
#387 = ORIENTED_EDGE('',*,*,#373,.F.);
#388 = CYLINDRICAL_SURFACE('',#389,4.7);
#389 = AXIS2_PLACEMENT_3D('',#390,#391,#392);
#390 = CARTESIAN_POINT('',(40.6,-4.972066004538E-15,0.));
#391 = DIRECTION('',(0.,0.,-1.));
#392 = DIRECTION('',(-1.,1.224646799147E-16,0.));
#393 = ADVANCED_FACE('',(#394),#413,.T.);
#394 = FACE_BOUND('',#395,.F.);
#395 = EDGE_LOOP('',(#396,#397,#405,#412));
#396 = ORIENTED_EDGE('',*,*,#140,.T.);
#397 = ORIENTED_EDGE('',*,*,#398,.T.);
#398 = EDGE_CURVE('',#141,#399,#401,.T.);
#399 = VERTEX_POINT('',#400);
#400 = CARTESIAN_POINT('',(-35.9,0.,25.));
#401 = LINE('',#402,#403);
#402 = CARTESIAN_POINT('',(-35.9,0.,0.));
#403 = VECTOR('',#404,1.);
#404 = DIRECTION('',(0.,0.,1.));
#405 = ORIENTED_EDGE('',*,*,#406,.T.);
#406 = EDGE_CURVE('',#399,#399,#407,.T.);
#407 = CIRCLE('',#408,4.7);
#408 = AXIS2_PLACEMENT_3D('',#409,#410,#411);
#409 = CARTESIAN_POINT('',(-40.6,0.,25.));
#410 = DIRECTION('',(0.,0.,1.));
#411 = DIRECTION('',(1.,0.,0.));
#412 = ORIENTED_EDGE('',*,*,#398,.F.);
#413 = CYLINDRICAL_SURFACE('',#414,4.7);
#414 = AXIS2_PLACEMENT_3D('',#415,#416,#417);
#415 = CARTESIAN_POINT('',(-40.6,0.,0.));
#416 = DIRECTION('',(-0.,-0.,-1.));
#417 = DIRECTION('',(1.,0.,0.));
#418 = ADVANCED_FACE('',(#419),#438,.T.);
#419 = FACE_BOUND('',#420,.F.);
#420 = EDGE_LOOP('',(#421,#422,#430,#437));
#421 = ORIENTED_EDGE('',*,*,#151,.T.);
#422 = ORIENTED_EDGE('',*,*,#423,.T.);
#423 = EDGE_CURVE('',#152,#424,#426,.T.);
#424 = VERTEX_POINT('',#425);
#425 = CARTESIAN_POINT('',(-31.09031199586,17.95,25.));
#426 = LINE('',#427,#428);
#427 = CARTESIAN_POINT('',(-31.09031199586,17.95,0.));
#428 = VECTOR('',#429,1.);
#429 = DIRECTION('',(0.,0.,1.));
#430 = ORIENTED_EDGE('',*,*,#431,.T.);
#431 = EDGE_CURVE('',#424,#424,#432,.T.);
#432 = CIRCLE('',#433,4.7);
#433 = AXIS2_PLACEMENT_3D('',#434,#435,#436);
#434 = CARTESIAN_POINT('',(-35.16063139364,20.3,25.));
#435 = DIRECTION('',(-0.,0.,1.));
#436 = DIRECTION('',(0.866025403784,-0.5,0.));
#437 = ORIENTED_EDGE('',*,*,#423,.F.);
#438 = CYLINDRICAL_SURFACE('',#439,4.7);
#439 = AXIS2_PLACEMENT_3D('',#440,#441,#442);
#440 = CARTESIAN_POINT('',(-35.16063139364,20.3,0.));
#441 = DIRECTION('',(0.,0.,-1.));
#442 = DIRECTION('',(0.866025403784,-0.5,0.));
#443 = ADVANCED_FACE('',(#444),#463,.T.);
#444 = FACE_BOUND('',#445,.F.);
#445 = EDGE_LOOP('',(#446,#447,#455,#462));
#446 = ORIENTED_EDGE('',*,*,#162,.T.);
#447 = ORIENTED_EDGE('',*,*,#448,.T.);
#448 = EDGE_CURVE('',#163,#449,#451,.T.);
#449 = VERTEX_POINT('',#450);
#450 = CARTESIAN_POINT('',(-17.95,31.090311995861,25.));
#451 = LINE('',#452,#453);
#452 = CARTESIAN_POINT('',(-17.95,31.090311995861,0.));
#453 = VECTOR('',#454,1.);
#454 = DIRECTION('',(0.,0.,1.));
#455 = ORIENTED_EDGE('',*,*,#456,.T.);
#456 = EDGE_CURVE('',#449,#449,#457,.T.);
#457 = CIRCLE('',#458,4.7);
#458 = AXIS2_PLACEMENT_3D('',#459,#460,#461);
#459 = CARTESIAN_POINT('',(-20.3,35.160631393648,25.));
#460 = DIRECTION('',(-0.,0.,1.));
#461 = DIRECTION('',(0.5,-0.866025403784,0.));
#462 = ORIENTED_EDGE('',*,*,#448,.F.);
#463 = CYLINDRICAL_SURFACE('',#464,4.7);
#464 = AXIS2_PLACEMENT_3D('',#465,#466,#467);
#465 = CARTESIAN_POINT('',(-20.3,35.160631393648,0.));
#466 = DIRECTION('',(0.,0.,-1.));
#467 = DIRECTION('',(0.5,-0.866025403784,0.));
#468 = ADVANCED_FACE('',(#469),#488,.F.);
#469 = FACE_BOUND('',#470,.T.);
#470 = EDGE_LOOP('',(#471,#480,#486,#487));
#471 = ORIENTED_EDGE('',*,*,#472,.T.);
#472 = EDGE_CURVE('',#473,#473,#475,.T.);
#473 = VERTEX_POINT('',#474);
#474 = CARTESIAN_POINT('',(34.208915126443,0.,5.));
#475 = CIRCLE('',#476,34.208915126443);
#476 = AXIS2_PLACEMENT_3D('',#477,#478,#479);
#477 = CARTESIAN_POINT('',(0.,0.,5.));
#478 = DIRECTION('',(0.,0.,-1.));
#479 = DIRECTION('',(1.,0.,0.));
#480 = ORIENTED_EDGE('',*,*,#481,.T.);
#481 = EDGE_CURVE('',#473,#174,#482,.T.);
#482 = LINE('',#483,#484);
#483 = CARTESIAN_POINT('',(34.208915126443,0.,0.));
#484 = VECTOR('',#485,1.);
#485 = DIRECTION('',(0.,0.,1.));
#486 = ORIENTED_EDGE('',*,*,#173,.T.);
#487 = ORIENTED_EDGE('',*,*,#481,.F.);
#488 = CYLINDRICAL_SURFACE('',#489,34.208915126443);
#489 = AXIS2_PLACEMENT_3D('',#490,#491,#492);
#490 = CARTESIAN_POINT('',(0.,0.,0.));
#491 = DIRECTION('',(-0.,-0.,-1.));
#492 = DIRECTION('',(1.,0.,0.));
#493 = ADVANCED_FACE('',(#494),#513,.T.);
#494 = FACE_BOUND('',#495,.F.);
#495 = EDGE_LOOP('',(#496,#497,#505,#512));
#496 = ORIENTED_EDGE('',*,*,#184,.T.);
#497 = ORIENTED_EDGE('',*,*,#498,.T.);
#498 = EDGE_CURVE('',#185,#499,#501,.T.);
#499 = VERTEX_POINT('',#500);
#500 = CARTESIAN_POINT('',(31.090311995861,17.95,25.));
#501 = LINE('',#502,#503);
#502 = CARTESIAN_POINT('',(31.090311995861,17.95,0.));
#503 = VECTOR('',#504,1.);
#504 = DIRECTION('',(0.,0.,1.));
#505 = ORIENTED_EDGE('',*,*,#506,.T.);
#506 = EDGE_CURVE('',#499,#499,#507,.T.);
#507 = CIRCLE('',#508,4.7);
#508 = AXIS2_PLACEMENT_3D('',#509,#510,#511);
#509 = CARTESIAN_POINT('',(35.160631393648,20.3,25.));
#510 = DIRECTION('',(0.,0.,1.));
#511 = DIRECTION('',(-0.866025403784,-0.5,0.));
#512 = ORIENTED_EDGE('',*,*,#498,.F.);
#513 = CYLINDRICAL_SURFACE('',#514,4.7);
#514 = AXIS2_PLACEMENT_3D('',#515,#516,#517);
#515 = CARTESIAN_POINT('',(35.160631393648,20.3,0.));
#516 = DIRECTION('',(0.,0.,-1.));
#517 = DIRECTION('',(-0.866025403784,-0.5,0.));
#518 = ADVANCED_FACE('',(#519),#538,.T.);
#519 = FACE_BOUND('',#520,.F.);
#520 = EDGE_LOOP('',(#521,#522,#530,#537));
#521 = ORIENTED_EDGE('',*,*,#195,.T.);
#522 = ORIENTED_EDGE('',*,*,#523,.T.);
#523 = EDGE_CURVE('',#196,#524,#526,.T.);
#524 = VERTEX_POINT('',#525);
#525 = CARTESIAN_POINT('',(7.971401316809E-15,35.9,25.));
#526 = LINE('',#527,#528);
#527 = CARTESIAN_POINT('',(7.971401316809E-15,35.9,0.));
#528 = VECTOR('',#529,1.);
#529 = DIRECTION('',(0.,0.,1.));
#530 = ORIENTED_EDGE('',*,*,#531,.T.);
#531 = EDGE_CURVE('',#524,#524,#532,.T.);
#532 = CIRCLE('',#533,4.7);
#533 = AXIS2_PLACEMENT_3D('',#534,#535,#536);
#534 = CARTESIAN_POINT('',(9.015010959956E-15,40.6,25.));
#535 = DIRECTION('',(0.,0.,1.));
#536 = DIRECTION('',(-2.22044604925E-16,-1.,0.));
#537 = ORIENTED_EDGE('',*,*,#523,.F.);
#538 = CYLINDRICAL_SURFACE('',#539,4.7);
#539 = AXIS2_PLACEMENT_3D('',#540,#541,#542);
#540 = CARTESIAN_POINT('',(9.015010959956E-15,40.6,0.));
#541 = DIRECTION('',(0.,0.,-1.));
#542 = DIRECTION('',(-2.22044604925E-16,-1.,0.));
#543 = ADVANCED_FACE('',(#544),#563,.T.);
#544 = FACE_BOUND('',#545,.F.);
#545 = EDGE_LOOP('',(#546,#547,#555,#562));
#546 = ORIENTED_EDGE('',*,*,#206,.T.);
#547 = ORIENTED_EDGE('',*,*,#548,.T.);
#548 = EDGE_CURVE('',#207,#549,#551,.T.);
#549 = VERTEX_POINT('',#550);
#550 = CARTESIAN_POINT('',(17.95,31.090311995861,25.));
#551 = LINE('',#552,#553);
#552 = CARTESIAN_POINT('',(17.95,31.090311995861,0.));
#553 = VECTOR('',#554,1.);
#554 = DIRECTION('',(0.,0.,1.));
#555 = ORIENTED_EDGE('',*,*,#556,.T.);
#556 = EDGE_CURVE('',#549,#549,#557,.T.);
#557 = CIRCLE('',#558,4.7);
#558 = AXIS2_PLACEMENT_3D('',#559,#560,#561);
#559 = CARTESIAN_POINT('',(20.3,35.160631393648,25.));
#560 = DIRECTION('',(0.,0.,1.));
#561 = DIRECTION('',(-0.5,-0.866025403784,0.));
#562 = ORIENTED_EDGE('',*,*,#548,.F.);
#563 = CYLINDRICAL_SURFACE('',#564,4.7);
#564 = AXIS2_PLACEMENT_3D('',#565,#566,#567);
#565 = CARTESIAN_POINT('',(20.3,35.160631393648,0.));
#566 = DIRECTION('',(0.,0.,-1.));
#567 = DIRECTION('',(-0.5,-0.866025403784,0.));
#568 = ADVANCED_FACE('',(#569,#572),#583,.T.);
#569 = FACE_BOUND('',#570,.T.);
#570 = EDGE_LOOP('',(#571));
#571 = ORIENTED_EDGE('',*,*,#256,.T.);
#572 = FACE_BOUND('',#573,.T.);
#573 = EDGE_LOOP('',(#574));
#574 = ORIENTED_EDGE('',*,*,#575,.T.);
#575 = EDGE_CURVE('',#576,#576,#578,.T.);
#576 = VERTEX_POINT('',#577);
#577 = CARTESIAN_POINT('',(-19.7125,-34.1430515442,25.));
#578 = CIRCLE('',#579,1.175);
#579 = AXIS2_PLACEMENT_3D('',#580,#581,#582);
#580 = CARTESIAN_POINT('',(-20.3,-35.16063139364,25.));
#581 = DIRECTION('',(0.,0.,-1.));
#582 = DIRECTION('',(0.5,0.866025403784,0.));
#583 = PLANE('',#584);
#584 = AXIS2_PLACEMENT_3D('',#585,#586,#587);
#585 = CARTESIAN_POINT('',(-20.3,-35.16063139364,25.));
#586 = DIRECTION('',(0.,0.,1.));
#587 = DIRECTION('',(0.5,0.866025403784,0.));
#588 = ADVANCED_FACE('',(#589,#592),#603,.T.);
#589 = FACE_BOUND('',#590,.T.);
#590 = EDGE_LOOP('',(#591));
#591 = ORIENTED_EDGE('',*,*,#281,.T.);
#592 = FACE_BOUND('',#593,.T.);
#593 = EDGE_LOOP('',(#594));
#594 = ORIENTED_EDGE('',*,*,#595,.T.);
#595 = EDGE_CURVE('',#596,#596,#598,.T.);
#596 = VERTEX_POINT('',#597);
#597 = CARTESIAN_POINT('',(-34.1430515442,-19.7125,25.));
#598 = CIRCLE('',#599,1.175);
#599 = AXIS2_PLACEMENT_3D('',#600,#601,#602);
#600 = CARTESIAN_POINT('',(-35.16063139364,-20.3,25.));
#601 = DIRECTION('',(0.,0.,-1.));
#602 = DIRECTION('',(0.866025403784,0.5,0.));
#603 = PLANE('',#604);
#604 = AXIS2_PLACEMENT_3D('',#605,#606,#607);
#605 = CARTESIAN_POINT('',(-35.16063139364,-20.3,25.));
#606 = DIRECTION('',(0.,0.,1.));
#607 = DIRECTION('',(0.866025403784,0.5,0.));
#608 = ADVANCED_FACE('',(#609,#612),#623,.T.);
#609 = FACE_BOUND('',#610,.T.);
#610 = EDGE_LOOP('',(#611));
#611 = ORIENTED_EDGE('',*,*,#306,.T.);
#612 = FACE_BOUND('',#613,.T.);
#613 = EDGE_LOOP('',(#614));
#614 = ORIENTED_EDGE('',*,*,#615,.T.);
#615 = EDGE_CURVE('',#616,#616,#618,.T.);
#616 = VERTEX_POINT('',#617);
#617 = CARTESIAN_POINT('',(-4.377054274585E-15,-39.425,25.));
#618 = CIRCLE('',#619,1.175);
#619 = AXIS2_PLACEMENT_3D('',#620,#621,#622);
#620 = CARTESIAN_POINT('',(-4.507505479978E-15,-40.6,25.));
#621 = DIRECTION('',(0.,0.,-1.));
#622 = DIRECTION('',(1.110223024625E-16,1.,0.));
#623 = PLANE('',#624);
#624 = AXIS2_PLACEMENT_3D('',#625,#626,#627);
#625 = CARTESIAN_POINT('',(-4.785961473735E-15,-40.6,25.));
#626 = DIRECTION('',(0.,0.,1.));
#627 = DIRECTION('',(1.110223024625E-16,1.,0.));
#628 = ADVANCED_FACE('',(#629,#632),#643,.T.);
#629 = FACE_BOUND('',#630,.T.);
#630 = EDGE_LOOP('',(#631));
#631 = ORIENTED_EDGE('',*,*,#331,.T.);
#632 = FACE_BOUND('',#633,.T.);
#633 = EDGE_LOOP('',(#634));
#634 = ORIENTED_EDGE('',*,*,#635,.T.);
#635 = EDGE_CURVE('',#636,#636,#638,.T.);
#636 = VERTEX_POINT('',#637);
#637 = CARTESIAN_POINT('',(19.7125,-34.1430515442,25.));
#638 = CIRCLE('',#639,1.175);
#639 = AXIS2_PLACEMENT_3D('',#640,#641,#642);
#640 = CARTESIAN_POINT('',(20.3,-35.16063139364,25.));
#641 = DIRECTION('',(0.,0.,-1.));
#642 = DIRECTION('',(-0.5,0.866025403784,0.));
#643 = PLANE('',#644);
#644 = AXIS2_PLACEMENT_3D('',#645,#646,#647);
#645 = CARTESIAN_POINT('',(20.3,-35.16063139364,25.));
#646 = DIRECTION('',(0.,0.,1.));
#647 = DIRECTION('',(-0.5,0.866025403784,0.));
#648 = ADVANCED_FACE('',(#649,#652),#663,.T.);
#649 = FACE_BOUND('',#650,.T.);
#650 = EDGE_LOOP('',(#651));
#651 = ORIENTED_EDGE('',*,*,#356,.T.);
#652 = FACE_BOUND('',#653,.T.);
#653 = EDGE_LOOP('',(#654));
#654 = ORIENTED_EDGE('',*,*,#655,.T.);
#655 = EDGE_CURVE('',#656,#656,#658,.T.);
#656 = VERTEX_POINT('',#657);
#657 = CARTESIAN_POINT('',(34.143051544201,-19.7125,25.));
#658 = CIRCLE('',#659,1.175);
#659 = AXIS2_PLACEMENT_3D('',#660,#661,#662);
#660 = CARTESIAN_POINT('',(35.160631393648,-20.3,25.));
#661 = DIRECTION('',(0.,0.,-1.));
#662 = DIRECTION('',(-0.866025403784,0.5,0.));
#663 = PLANE('',#664);
#664 = AXIS2_PLACEMENT_3D('',#665,#666,#667);
#665 = CARTESIAN_POINT('',(35.160631393648,-20.3,25.));
#666 = DIRECTION('',(0.,0.,1.));
#667 = DIRECTION('',(-0.866025403784,0.5,0.));
#668 = ADVANCED_FACE('',(#669,#672),#683,.T.);
#669 = FACE_BOUND('',#670,.T.);
#670 = EDGE_LOOP('',(#671));
#671 = ORIENTED_EDGE('',*,*,#381,.T.);
#672 = FACE_BOUND('',#673,.T.);
#673 = EDGE_LOOP('',(#674));
#674 = ORIENTED_EDGE('',*,*,#675,.T.);
#675 = EDGE_CURVE('',#676,#676,#678,.T.);
#676 = VERTEX_POINT('',#677);
#677 = CARTESIAN_POINT('',(39.425,-4.828170005638E-15,25.));
#678 = CIRCLE('',#679,1.175);
#679 = AXIS2_PLACEMENT_3D('',#680,#681,#682);
#680 = CARTESIAN_POINT('',(40.6,-4.972066004538E-15,25.));
#681 = DIRECTION('',(0.,0.,-1.));
#682 = DIRECTION('',(-1.,1.224646799147E-16,0.));
#683 = PLANE('',#684);
#684 = AXIS2_PLACEMENT_3D('',#685,#686,#687);
#685 = CARTESIAN_POINT('',(40.6,-5.250521998295E-15,25.));
#686 = DIRECTION('',(0.,0.,1.));
#687 = DIRECTION('',(-1.,1.224646799147E-16,0.));
#688 = ADVANCED_FACE('',(#689,#692),#703,.T.);
#689 = FACE_BOUND('',#690,.T.);
#690 = EDGE_LOOP('',(#691));
#691 = ORIENTED_EDGE('',*,*,#406,.T.);
#692 = FACE_BOUND('',#693,.T.);
#693 = EDGE_LOOP('',(#694));
#694 = ORIENTED_EDGE('',*,*,#695,.T.);
#695 = EDGE_CURVE('',#696,#696,#698,.T.);
#696 = VERTEX_POINT('',#697);
#697 = CARTESIAN_POINT('',(-39.425,0.,25.));
#698 = CIRCLE('',#699,1.175);
#699 = AXIS2_PLACEMENT_3D('',#700,#701,#702);
#700 = CARTESIAN_POINT('',(-40.6,0.,25.));
#701 = DIRECTION('',(0.,0.,-1.));
#702 = DIRECTION('',(1.,0.,0.));
#703 = PLANE('',#704);
#704 = AXIS2_PLACEMENT_3D('',#705,#706,#707);
#705 = CARTESIAN_POINT('',(-40.6,2.784559937569E-16,25.));
#706 = DIRECTION('',(0.,0.,1.));
#707 = DIRECTION('',(1.,0.,0.));
#708 = ADVANCED_FACE('',(#709,#712),#723,.T.);
#709 = FACE_BOUND('',#710,.T.);
#710 = EDGE_LOOP('',(#711));
#711 = ORIENTED_EDGE('',*,*,#431,.T.);
#712 = FACE_BOUND('',#713,.T.);
#713 = EDGE_LOOP('',(#714));
#714 = ORIENTED_EDGE('',*,*,#715,.T.);
#715 = EDGE_CURVE('',#716,#716,#718,.T.);
#716 = VERTEX_POINT('',#717);
#717 = CARTESIAN_POINT('',(-34.1430515442,19.7125,25.));
#718 = CIRCLE('',#719,1.175);
#719 = AXIS2_PLACEMENT_3D('',#720,#721,#722);
#720 = CARTESIAN_POINT('',(-35.16063139364,20.3,25.));
#721 = DIRECTION('',(0.,-0.,-1.));
#722 = DIRECTION('',(0.866025403784,-0.5,0.));
#723 = PLANE('',#724);
#724 = AXIS2_PLACEMENT_3D('',#725,#726,#727);
#725 = CARTESIAN_POINT('',(-35.16063139364,20.3,25.));
#726 = DIRECTION('',(0.,0.,1.));
#727 = DIRECTION('',(0.866025403784,-0.5,0.));
#728 = ADVANCED_FACE('',(#729,#732),#743,.T.);
#729 = FACE_BOUND('',#730,.T.);
#730 = EDGE_LOOP('',(#731));
#731 = ORIENTED_EDGE('',*,*,#456,.T.);
#732 = FACE_BOUND('',#733,.T.);
#733 = EDGE_LOOP('',(#734));
#734 = ORIENTED_EDGE('',*,*,#735,.T.);
#735 = EDGE_CURVE('',#736,#736,#738,.T.);
#736 = VERTEX_POINT('',#737);
#737 = CARTESIAN_POINT('',(-19.7125,34.143051544202,25.));
#738 = CIRCLE('',#739,1.175);
#739 = AXIS2_PLACEMENT_3D('',#740,#741,#742);
#740 = CARTESIAN_POINT('',(-20.3,35.160631393648,25.));
#741 = DIRECTION('',(0.,-0.,-1.));
#742 = DIRECTION('',(0.5,-0.866025403784,0.));
#743 = PLANE('',#744);
#744 = AXIS2_PLACEMENT_3D('',#745,#746,#747);
#745 = CARTESIAN_POINT('',(-20.3,35.160631393648,25.));
#746 = DIRECTION('',(0.,0.,1.));
#747 = DIRECTION('',(0.5,-0.866025403784,0.));
#748 = ADVANCED_FACE('',(#749,#752),#763,.T.);
#749 = FACE_BOUND('',#750,.T.);
#750 = EDGE_LOOP('',(#751));
#751 = ORIENTED_EDGE('',*,*,#472,.F.);
#752 = FACE_BOUND('',#753,.T.);
#753 = EDGE_LOOP('',(#754));
#754 = ORIENTED_EDGE('',*,*,#755,.F.);
#755 = EDGE_CURVE('',#756,#756,#758,.T.);
#756 = VERTEX_POINT('',#757);
#757 = CARTESIAN_POINT('',(6.8,0.,5.));
#758 = CIRCLE('',#759,6.8);
#759 = AXIS2_PLACEMENT_3D('',#760,#761,#762);
#760 = CARTESIAN_POINT('',(0.,0.,5.));
#761 = DIRECTION('',(0.,0.,1.));
#762 = DIRECTION('',(1.,0.,0.));
#763 = PLANE('',#764);
#764 = AXIS2_PLACEMENT_3D('',#765,#766,#767);
#765 = CARTESIAN_POINT('',(-2.505714423346E-15,2.477788577387E-15,5.));
#766 = DIRECTION('',(0.,0.,1.));
#767 = DIRECTION('',(1.,0.,0.));
#768 = ADVANCED_FACE('',(#769,#772),#783,.T.);
#769 = FACE_BOUND('',#770,.T.);
#770 = EDGE_LOOP('',(#771));
#771 = ORIENTED_EDGE('',*,*,#506,.T.);
#772 = FACE_BOUND('',#773,.T.);
#773 = EDGE_LOOP('',(#774));
#774 = ORIENTED_EDGE('',*,*,#775,.T.);
#775 = EDGE_CURVE('',#776,#776,#778,.T.);
#776 = VERTEX_POINT('',#777);
#777 = CARTESIAN_POINT('',(34.143051544202,19.7125,25.));
#778 = CIRCLE('',#779,1.175);
#779 = AXIS2_PLACEMENT_3D('',#780,#781,#782);
#780 = CARTESIAN_POINT('',(35.160631393648,20.3,25.));
#781 = DIRECTION('',(0.,0.,-1.));
#782 = DIRECTION('',(-0.866025403784,-0.5,-0.));
#783 = PLANE('',#784);
#784 = AXIS2_PLACEMENT_3D('',#785,#786,#787);
#785 = CARTESIAN_POINT('',(35.160631393648,20.3,25.));
#786 = DIRECTION('',(0.,0.,1.));
#787 = DIRECTION('',(-0.866025403784,-0.5,0.));
#788 = ADVANCED_FACE('',(#789,#792),#803,.T.);
#789 = FACE_BOUND('',#790,.T.);
#790 = EDGE_LOOP('',(#791));
#791 = ORIENTED_EDGE('',*,*,#531,.T.);
#792 = FACE_BOUND('',#793,.T.);
#793 = EDGE_LOOP('',(#794));
#794 = ORIENTED_EDGE('',*,*,#795,.T.);
#795 = EDGE_CURVE('',#796,#796,#798,.T.);
#796 = VERTEX_POINT('',#797);
#797 = CARTESIAN_POINT('',(8.754108549169E-15,39.425,25.));
#798 = CIRCLE('',#799,1.175);
#799 = AXIS2_PLACEMENT_3D('',#800,#801,#802);
#800 = CARTESIAN_POINT('',(9.015010959956E-15,40.6,25.));
#801 = DIRECTION('',(0.,0.,-1.));
#802 = DIRECTION('',(-2.22044604925E-16,-1.,-0.));
#803 = PLANE('',#804);
#804 = AXIS2_PLACEMENT_3D('',#805,#806,#807);
#805 = CARTESIAN_POINT('',(9.293466953713E-15,40.6,25.));
#806 = DIRECTION('',(0.,0.,1.));
#807 = DIRECTION('',(-2.22044604925E-16,-1.,0.));
#808 = ADVANCED_FACE('',(#809,#812),#823,.T.);
#809 = FACE_BOUND('',#810,.T.);
#810 = EDGE_LOOP('',(#811));
#811 = ORIENTED_EDGE('',*,*,#556,.T.);
#812 = FACE_BOUND('',#813,.T.);
#813 = EDGE_LOOP('',(#814));
#814 = ORIENTED_EDGE('',*,*,#815,.T.);
#815 = EDGE_CURVE('',#816,#816,#818,.T.);
#816 = VERTEX_POINT('',#817);
#817 = CARTESIAN_POINT('',(19.7125,34.143051544201,25.));
#818 = CIRCLE('',#819,1.175);
#819 = AXIS2_PLACEMENT_3D('',#820,#821,#822);
#820 = CARTESIAN_POINT('',(20.3,35.160631393648,25.));
#821 = DIRECTION('',(0.,0.,-1.));
#822 = DIRECTION('',(-0.5,-0.866025403784,-0.));
#823 = PLANE('',#824);
#824 = AXIS2_PLACEMENT_3D('',#825,#826,#827);
#825 = CARTESIAN_POINT('',(20.3,35.160631393648,25.));
#826 = DIRECTION('',(0.,0.,1.));
#827 = DIRECTION('',(-0.5,-0.866025403784,0.));
#828 = ADVANCED_FACE('',(#829),#848,.F.);
#829 = FACE_BOUND('',#830,.T.);
#830 = EDGE_LOOP('',(#831,#839,#840,#841));
#831 = ORIENTED_EDGE('',*,*,#832,.T.);
#832 = EDGE_CURVE('',#833,#756,#835,.T.);
#833 = VERTEX_POINT('',#834);
#834 = CARTESIAN_POINT('',(6.8,0.,0.));
#835 = LINE('',#836,#837);
#836 = CARTESIAN_POINT('',(6.8,0.,0.));
#837 = VECTOR('',#838,1.);
#838 = DIRECTION('',(0.,0.,1.));
#839 = ORIENTED_EDGE('',*,*,#755,.T.);
#840 = ORIENTED_EDGE('',*,*,#832,.F.);
#841 = ORIENTED_EDGE('',*,*,#842,.F.);
#842 = EDGE_CURVE('',#833,#833,#843,.T.);
#843 = CIRCLE('',#844,6.8);
#844 = AXIS2_PLACEMENT_3D('',#845,#846,#847);
#845 = CARTESIAN_POINT('',(0.,0.,0.));
#846 = DIRECTION('',(0.,0.,1.));
#847 = DIRECTION('',(1.,0.,0.));
#848 = CYLINDRICAL_SURFACE('',#849,6.8);
#849 = AXIS2_PLACEMENT_3D('',#850,#851,#852);
#850 = CARTESIAN_POINT('',(0.,0.,0.));
#851 = DIRECTION('',(-0.,-0.,-1.));
#852 = DIRECTION('',(1.,0.,0.));
#853 = ADVANCED_FACE('',(#854),#873,.T.);
#854 = FACE_BOUND('',#855,.F.);
#855 = EDGE_LOOP('',(#856,#857,#865,#872));
#856 = ORIENTED_EDGE('',*,*,#575,.T.);
#857 = ORIENTED_EDGE('',*,*,#858,.T.);
#858 = EDGE_CURVE('',#576,#859,#861,.T.);
#859 = VERTEX_POINT('',#860);
#860 = CARTESIAN_POINT('',(-19.7125,-34.1430515442,30.));
#861 = LINE('',#862,#863);
#862 = CARTESIAN_POINT('',(-19.7125,-34.1430515442,0.));
#863 = VECTOR('',#864,1.);
#864 = DIRECTION('',(0.,0.,1.));
#865 = ORIENTED_EDGE('',*,*,#866,.T.);
#866 = EDGE_CURVE('',#859,#859,#867,.T.);
#867 = CIRCLE('',#868,1.175);
#868 = AXIS2_PLACEMENT_3D('',#869,#870,#871);
#869 = CARTESIAN_POINT('',(-20.3,-35.16063139364,30.));
#870 = DIRECTION('',(0.,-0.,1.));
#871 = DIRECTION('',(0.5,0.866025403784,0.));
#872 = ORIENTED_EDGE('',*,*,#858,.F.);
#873 = CYLINDRICAL_SURFACE('',#874,1.175);
#874 = AXIS2_PLACEMENT_3D('',#875,#876,#877);
#875 = CARTESIAN_POINT('',(-20.3,-35.16063139364,0.));
#876 = DIRECTION('',(0.,-0.,-1.));
#877 = DIRECTION('',(0.5,0.866025403784,0.));
#878 = ADVANCED_FACE('',(#879),#898,.T.);
#879 = FACE_BOUND('',#880,.F.);
#880 = EDGE_LOOP('',(#881,#882,#890,#897));
#881 = ORIENTED_EDGE('',*,*,#595,.T.);
#882 = ORIENTED_EDGE('',*,*,#883,.T.);
#883 = EDGE_CURVE('',#596,#884,#886,.T.);
#884 = VERTEX_POINT('',#885);
#885 = CARTESIAN_POINT('',(-34.1430515442,-19.7125,30.));
#886 = LINE('',#887,#888);
#887 = CARTESIAN_POINT('',(-34.1430515442,-19.7125,0.));
#888 = VECTOR('',#889,1.);
#889 = DIRECTION('',(0.,0.,1.));
#890 = ORIENTED_EDGE('',*,*,#891,.T.);
#891 = EDGE_CURVE('',#884,#884,#892,.T.);
#892 = CIRCLE('',#893,1.175);
#893 = AXIS2_PLACEMENT_3D('',#894,#895,#896);
#894 = CARTESIAN_POINT('',(-35.16063139364,-20.3,30.));
#895 = DIRECTION('',(0.,-0.,1.));
#896 = DIRECTION('',(0.866025403784,0.5,0.));
#897 = ORIENTED_EDGE('',*,*,#883,.F.);
#898 = CYLINDRICAL_SURFACE('',#899,1.175);
#899 = AXIS2_PLACEMENT_3D('',#900,#901,#902);
#900 = CARTESIAN_POINT('',(-35.16063139364,-20.3,0.));
#901 = DIRECTION('',(0.,0.,-1.));
#902 = DIRECTION('',(0.866025403784,0.5,0.));
#903 = ADVANCED_FACE('',(#904),#923,.T.);
#904 = FACE_BOUND('',#905,.F.);
#905 = EDGE_LOOP('',(#906,#907,#915,#922));
#906 = ORIENTED_EDGE('',*,*,#615,.T.);
#907 = ORIENTED_EDGE('',*,*,#908,.T.);
#908 = EDGE_CURVE('',#616,#909,#911,.T.);
#909 = VERTEX_POINT('',#910);
#910 = CARTESIAN_POINT('',(-4.377054274585E-15,-39.425,30.));
#911 = LINE('',#912,#913);
#912 = CARTESIAN_POINT('',(-4.377054274585E-15,-39.425,0.));
#913 = VECTOR('',#914,1.);
#914 = DIRECTION('',(0.,0.,1.));
#915 = ORIENTED_EDGE('',*,*,#916,.T.);
#916 = EDGE_CURVE('',#909,#909,#917,.T.);
#917 = CIRCLE('',#918,1.175);
#918 = AXIS2_PLACEMENT_3D('',#919,#920,#921);
#919 = CARTESIAN_POINT('',(-4.507505479978E-15,-40.6,30.));
#920 = DIRECTION('',(0.,-0.,1.));
#921 = DIRECTION('',(1.110223024625E-16,1.,0.));
#922 = ORIENTED_EDGE('',*,*,#908,.F.);
#923 = CYLINDRICAL_SURFACE('',#924,1.175);
#924 = AXIS2_PLACEMENT_3D('',#925,#926,#927);
#925 = CARTESIAN_POINT('',(-4.507505479978E-15,-40.6,0.));
#926 = DIRECTION('',(0.,-0.,-1.));
#927 = DIRECTION('',(1.110223024625E-16,1.,0.));
#928 = ADVANCED_FACE('',(#929),#948,.T.);
#929 = FACE_BOUND('',#930,.F.);
#930 = EDGE_LOOP('',(#931,#932,#940,#947));
#931 = ORIENTED_EDGE('',*,*,#635,.T.);
#932 = ORIENTED_EDGE('',*,*,#933,.T.);
#933 = EDGE_CURVE('',#636,#934,#936,.T.);
#934 = VERTEX_POINT('',#935);
#935 = CARTESIAN_POINT('',(19.7125,-34.1430515442,30.));
#936 = LINE('',#937,#938);
#937 = CARTESIAN_POINT('',(19.7125,-34.1430515442,0.));
#938 = VECTOR('',#939,1.);
#939 = DIRECTION('',(0.,0.,1.));
#940 = ORIENTED_EDGE('',*,*,#941,.T.);
#941 = EDGE_CURVE('',#934,#934,#942,.T.);
#942 = CIRCLE('',#943,1.175);
#943 = AXIS2_PLACEMENT_3D('',#944,#945,#946);
#944 = CARTESIAN_POINT('',(20.3,-35.16063139364,30.));
#945 = DIRECTION('',(0.,0.,1.));
#946 = DIRECTION('',(-0.5,0.866025403784,0.));
#947 = ORIENTED_EDGE('',*,*,#933,.F.);
#948 = CYLINDRICAL_SURFACE('',#949,1.175);
#949 = AXIS2_PLACEMENT_3D('',#950,#951,#952);
#950 = CARTESIAN_POINT('',(20.3,-35.16063139364,0.));
#951 = DIRECTION('',(-0.,0.,-1.));
#952 = DIRECTION('',(-0.5,0.866025403784,0.));
#953 = ADVANCED_FACE('',(#954),#973,.T.);
#954 = FACE_BOUND('',#955,.F.);
#955 = EDGE_LOOP('',(#956,#957,#965,#972));
#956 = ORIENTED_EDGE('',*,*,#655,.T.);
#957 = ORIENTED_EDGE('',*,*,#958,.T.);
#958 = EDGE_CURVE('',#656,#959,#961,.T.);
#959 = VERTEX_POINT('',#960);
#960 = CARTESIAN_POINT('',(34.143051544201,-19.7125,30.));
#961 = LINE('',#962,#963);
#962 = CARTESIAN_POINT('',(34.143051544201,-19.7125,0.));
#963 = VECTOR('',#964,1.);
#964 = DIRECTION('',(0.,0.,1.));
#965 = ORIENTED_EDGE('',*,*,#966,.T.);
#966 = EDGE_CURVE('',#959,#959,#967,.T.);
#967 = CIRCLE('',#968,1.175);
#968 = AXIS2_PLACEMENT_3D('',#969,#970,#971);
#969 = CARTESIAN_POINT('',(35.160631393648,-20.3,30.));
#970 = DIRECTION('',(0.,0.,1.));
#971 = DIRECTION('',(-0.866025403784,0.5,0.));
#972 = ORIENTED_EDGE('',*,*,#958,.F.);
#973 = CYLINDRICAL_SURFACE('',#974,1.175);
#974 = AXIS2_PLACEMENT_3D('',#975,#976,#977);
#975 = CARTESIAN_POINT('',(35.160631393648,-20.3,0.));
#976 = DIRECTION('',(0.,0.,-1.));
#977 = DIRECTION('',(-0.866025403784,0.5,0.));
#978 = ADVANCED_FACE('',(#979),#998,.T.);
#979 = FACE_BOUND('',#980,.F.);
#980 = EDGE_LOOP('',(#981,#982,#990,#997));
#981 = ORIENTED_EDGE('',*,*,#675,.T.);
#982 = ORIENTED_EDGE('',*,*,#983,.T.);
#983 = EDGE_CURVE('',#676,#984,#986,.T.);
#984 = VERTEX_POINT('',#985);
#985 = CARTESIAN_POINT('',(39.425,-4.828170005638E-15,30.));
#986 = LINE('',#987,#988);
#987 = CARTESIAN_POINT('',(39.425,-4.828170005638E-15,0.));
#988 = VECTOR('',#989,1.);
#989 = DIRECTION('',(0.,0.,1.));
#990 = ORIENTED_EDGE('',*,*,#991,.T.);
#991 = EDGE_CURVE('',#984,#984,#992,.T.);
#992 = CIRCLE('',#993,1.175);
#993 = AXIS2_PLACEMENT_3D('',#994,#995,#996);
#994 = CARTESIAN_POINT('',(40.6,-4.972066004538E-15,30.));
#995 = DIRECTION('',(0.,0.,1.));
#996 = DIRECTION('',(-1.,1.224646799147E-16,0.));
#997 = ORIENTED_EDGE('',*,*,#983,.F.);
#998 = CYLINDRICAL_SURFACE('',#999,1.175);
#999 = AXIS2_PLACEMENT_3D('',#1000,#1001,#1002);
#1000 = CARTESIAN_POINT('',(40.6,-4.972066004538E-15,0.));
#1001 = DIRECTION('',(0.,0.,-1.));
#1002 = DIRECTION('',(-1.,1.224646799147E-16,0.));
#1003 = ADVANCED_FACE('',(#1004),#1023,.T.);
#1004 = FACE_BOUND('',#1005,.F.);
#1005 = EDGE_LOOP('',(#1006,#1007,#1015,#1022));
#1006 = ORIENTED_EDGE('',*,*,#695,.T.);
#1007 = ORIENTED_EDGE('',*,*,#1008,.T.);
#1008 = EDGE_CURVE('',#696,#1009,#1011,.T.);
#1009 = VERTEX_POINT('',#1010);
#1010 = CARTESIAN_POINT('',(-39.425,0.,30.));
#1011 = LINE('',#1012,#1013);
#1012 = CARTESIAN_POINT('',(-39.425,0.,0.));
#1013 = VECTOR('',#1014,1.);
#1014 = DIRECTION('',(0.,0.,1.));
#1015 = ORIENTED_EDGE('',*,*,#1016,.T.);
#1016 = EDGE_CURVE('',#1009,#1009,#1017,.T.);
#1017 = CIRCLE('',#1018,1.175);
#1018 = AXIS2_PLACEMENT_3D('',#1019,#1020,#1021);
#1019 = CARTESIAN_POINT('',(-40.6,0.,30.));
#1020 = DIRECTION('',(0.,0.,1.));
#1021 = DIRECTION('',(1.,0.,0.));
#1022 = ORIENTED_EDGE('',*,*,#1008,.F.);
#1023 = CYLINDRICAL_SURFACE('',#1024,1.175);
#1024 = AXIS2_PLACEMENT_3D('',#1025,#1026,#1027);
#1025 = CARTESIAN_POINT('',(-40.6,0.,0.));
#1026 = DIRECTION('',(-0.,-0.,-1.));
#1027 = DIRECTION('',(1.,0.,0.));
#1028 = ADVANCED_FACE('',(#1029),#1048,.T.);
#1029 = FACE_BOUND('',#1030,.F.);
#1030 = EDGE_LOOP('',(#1031,#1032,#1040,#1047));
#1031 = ORIENTED_EDGE('',*,*,#715,.T.);
#1032 = ORIENTED_EDGE('',*,*,#1033,.T.);
#1033 = EDGE_CURVE('',#716,#1034,#1036,.T.);
#1034 = VERTEX_POINT('',#1035);
#1035 = CARTESIAN_POINT('',(-34.1430515442,19.7125,30.));
#1036 = LINE('',#1037,#1038);
#1037 = CARTESIAN_POINT('',(-34.1430515442,19.7125,0.));
#1038 = VECTOR('',#1039,1.);
#1039 = DIRECTION('',(0.,0.,1.));
#1040 = ORIENTED_EDGE('',*,*,#1041,.T.);
#1041 = EDGE_CURVE('',#1034,#1034,#1042,.T.);
#1042 = CIRCLE('',#1043,1.175);
#1043 = AXIS2_PLACEMENT_3D('',#1044,#1045,#1046);
#1044 = CARTESIAN_POINT('',(-35.16063139364,20.3,30.));
#1045 = DIRECTION('',(-0.,0.,1.));
#1046 = DIRECTION('',(0.866025403784,-0.5,0.));
#1047 = ORIENTED_EDGE('',*,*,#1033,.F.);
#1048 = CYLINDRICAL_SURFACE('',#1049,1.175);
#1049 = AXIS2_PLACEMENT_3D('',#1050,#1051,#1052);
#1050 = CARTESIAN_POINT('',(-35.16063139364,20.3,0.));
#1051 = DIRECTION('',(0.,0.,-1.));
#1052 = DIRECTION('',(0.866025403784,-0.5,0.));
#1053 = ADVANCED_FACE('',(#1054),#1073,.T.);
#1054 = FACE_BOUND('',#1055,.F.);
#1055 = EDGE_LOOP('',(#1056,#1057,#1065,#1072));
#1056 = ORIENTED_EDGE('',*,*,#735,.T.);
#1057 = ORIENTED_EDGE('',*,*,#1058,.T.);
#1058 = EDGE_CURVE('',#736,#1059,#1061,.T.);
#1059 = VERTEX_POINT('',#1060);
#1060 = CARTESIAN_POINT('',(-19.7125,34.143051544202,30.));
#1061 = LINE('',#1062,#1063);
#1062 = CARTESIAN_POINT('',(-19.7125,34.143051544202,0.));
#1063 = VECTOR('',#1064,1.);
#1064 = DIRECTION('',(0.,0.,1.));
#1065 = ORIENTED_EDGE('',*,*,#1066,.T.);
#1066 = EDGE_CURVE('',#1059,#1059,#1067,.T.);
#1067 = CIRCLE('',#1068,1.175);
#1068 = AXIS2_PLACEMENT_3D('',#1069,#1070,#1071);
#1069 = CARTESIAN_POINT('',(-20.3,35.160631393648,30.));
#1070 = DIRECTION('',(-0.,0.,1.));
#1071 = DIRECTION('',(0.5,-0.866025403784,0.));
#1072 = ORIENTED_EDGE('',*,*,#1058,.F.);
#1073 = CYLINDRICAL_SURFACE('',#1074,1.175);
#1074 = AXIS2_PLACEMENT_3D('',#1075,#1076,#1077);
#1075 = CARTESIAN_POINT('',(-20.3,35.160631393648,0.));
#1076 = DIRECTION('',(0.,0.,-1.));
#1077 = DIRECTION('',(0.5,-0.866025403784,0.));
#1078 = ADVANCED_FACE('',(#1079),#1098,.T.);
#1079 = FACE_BOUND('',#1080,.F.);
#1080 = EDGE_LOOP('',(#1081,#1082,#1090,#1097));
#1081 = ORIENTED_EDGE('',*,*,#775,.T.);
#1082 = ORIENTED_EDGE('',*,*,#1083,.T.);
#1083 = EDGE_CURVE('',#776,#1084,#1086,.T.);
#1084 = VERTEX_POINT('',#1085);
#1085 = CARTESIAN_POINT('',(34.143051544202,19.7125,30.));
#1086 = LINE('',#1087,#1088);
#1087 = CARTESIAN_POINT('',(34.143051544202,19.7125,0.));
#1088 = VECTOR('',#1089,1.);
#1089 = DIRECTION('',(0.,0.,1.));
#1090 = ORIENTED_EDGE('',*,*,#1091,.T.);
#1091 = EDGE_CURVE('',#1084,#1084,#1092,.T.);
#1092 = CIRCLE('',#1093,1.175);
#1093 = AXIS2_PLACEMENT_3D('',#1094,#1095,#1096);
#1094 = CARTESIAN_POINT('',(35.160631393648,20.3,30.));
#1095 = DIRECTION('',(0.,0.,1.));
#1096 = DIRECTION('',(-0.866025403784,-0.5,0.));
#1097 = ORIENTED_EDGE('',*,*,#1083,.F.);
#1098 = CYLINDRICAL_SURFACE('',#1099,1.175);
#1099 = AXIS2_PLACEMENT_3D('',#1100,#1101,#1102);
#1100 = CARTESIAN_POINT('',(35.160631393648,20.3,0.));
#1101 = DIRECTION('',(0.,0.,-1.));
#1102 = DIRECTION('',(-0.866025403784,-0.5,0.));
#1103 = ADVANCED_FACE('',(#1104),#1123,.T.);
#1104 = FACE_BOUND('',#1105,.F.);
#1105 = EDGE_LOOP('',(#1106,#1107,#1115,#1122));
#1106 = ORIENTED_EDGE('',*,*,#795,.T.);
#1107 = ORIENTED_EDGE('',*,*,#1108,.T.);
#1108 = EDGE_CURVE('',#796,#1109,#1111,.T.);
#1109 = VERTEX_POINT('',#1110);
#1110 = CARTESIAN_POINT('',(8.754108549169E-15,39.425,30.));
#1111 = LINE('',#1112,#1113);
#1112 = CARTESIAN_POINT('',(8.754108549169E-15,39.425,0.));
#1113 = VECTOR('',#1114,1.);
#1114 = DIRECTION('',(0.,0.,1.));
#1115 = ORIENTED_EDGE('',*,*,#1116,.T.);
#1116 = EDGE_CURVE('',#1109,#1109,#1117,.T.);
#1117 = CIRCLE('',#1118,1.175);
#1118 = AXIS2_PLACEMENT_3D('',#1119,#1120,#1121);
#1119 = CARTESIAN_POINT('',(9.015010959956E-15,40.6,30.));
#1120 = DIRECTION('',(0.,0.,1.));
#1121 = DIRECTION('',(-2.22044604925E-16,-1.,0.));
#1122 = ORIENTED_EDGE('',*,*,#1108,.F.);
#1123 = CYLINDRICAL_SURFACE('',#1124,1.175);
#1124 = AXIS2_PLACEMENT_3D('',#1125,#1126,#1127);
#1125 = CARTESIAN_POINT('',(9.015010959956E-15,40.6,0.));
#1126 = DIRECTION('',(0.,0.,-1.));
#1127 = DIRECTION('',(-2.22044604925E-16,-1.,0.));
#1128 = ADVANCED_FACE('',(#1129),#1148,.T.);
#1129 = FACE_BOUND('',#1130,.F.);
#1130 = EDGE_LOOP('',(#1131,#1132,#1140,#1147));
#1131 = ORIENTED_EDGE('',*,*,#815,.T.);
#1132 = ORIENTED_EDGE('',*,*,#1133,.T.);
#1133 = EDGE_CURVE('',#816,#1134,#1136,.T.);
#1134 = VERTEX_POINT('',#1135);
#1135 = CARTESIAN_POINT('',(19.7125,34.143051544201,30.));
#1136 = LINE('',#1137,#1138);
#1137 = CARTESIAN_POINT('',(19.7125,34.143051544201,0.));
#1138 = VECTOR('',#1139,1.);
#1139 = DIRECTION('',(0.,0.,1.));
#1140 = ORIENTED_EDGE('',*,*,#1141,.T.);
#1141 = EDGE_CURVE('',#1134,#1134,#1142,.T.);
#1142 = CIRCLE('',#1143,1.175);
#1143 = AXIS2_PLACEMENT_3D('',#1144,#1145,#1146);
#1144 = CARTESIAN_POINT('',(20.3,35.160631393648,30.));
#1145 = DIRECTION('',(0.,0.,1.));
#1146 = DIRECTION('',(-0.5,-0.866025403784,0.));
#1147 = ORIENTED_EDGE('',*,*,#1133,.F.);
#1148 = CYLINDRICAL_SURFACE('',#1149,1.175);
#1149 = AXIS2_PLACEMENT_3D('',#1150,#1151,#1152);
#1150 = CARTESIAN_POINT('',(20.3,35.160631393648,0.));
#1151 = DIRECTION('',(0.,0.,-1.));
#1152 = DIRECTION('',(-0.5,-0.866025403784,0.));
#1153 = ADVANCED_FACE('',(#1154),#1157,.T.);
#1154 = FACE_BOUND('',#1155,.T.);
#1155 = EDGE_LOOP('',(#1156));
#1156 = ORIENTED_EDGE('',*,*,#866,.T.);
#1157 = PLANE('',#1158);
#1158 = AXIS2_PLACEMENT_3D('',#1159,#1160,#1161);
#1159 = CARTESIAN_POINT('',(-20.3,-35.16063139364,30.));
#1160 = DIRECTION('',(0.,0.,1.));
#1161 = DIRECTION('',(0.5,0.866025403784,0.));
#1162 = ADVANCED_FACE('',(#1163),#1166,.T.);
#1163 = FACE_BOUND('',#1164,.T.);
#1164 = EDGE_LOOP('',(#1165));
#1165 = ORIENTED_EDGE('',*,*,#891,.T.);
#1166 = PLANE('',#1167);
#1167 = AXIS2_PLACEMENT_3D('',#1168,#1169,#1170);
#1168 = CARTESIAN_POINT('',(-35.16063139364,-20.3,30.));
#1169 = DIRECTION('',(0.,0.,1.));
#1170 = DIRECTION('',(0.866025403784,0.5,0.));
#1171 = ADVANCED_FACE('',(#1172),#1175,.T.);
#1172 = FACE_BOUND('',#1173,.T.);
#1173 = EDGE_LOOP('',(#1174));
#1174 = ORIENTED_EDGE('',*,*,#916,.T.);
#1175 = PLANE('',#1176);
#1176 = AXIS2_PLACEMENT_3D('',#1177,#1178,#1179);
#1177 = CARTESIAN_POINT('',(-4.510776756383E-15,-40.6,30.));
#1178 = DIRECTION('',(0.,0.,1.));
#1179 = DIRECTION('',(1.110223024625E-16,1.,0.));
#1180 = ADVANCED_FACE('',(#1181),#1184,.T.);
#1181 = FACE_BOUND('',#1182,.T.);
#1182 = EDGE_LOOP('',(#1183));
#1183 = ORIENTED_EDGE('',*,*,#941,.T.);
#1184 = PLANE('',#1185);
#1185 = AXIS2_PLACEMENT_3D('',#1186,#1187,#1188);
#1186 = CARTESIAN_POINT('',(20.3,-35.16063139364,30.));
#1187 = DIRECTION('',(0.,0.,1.));
#1188 = DIRECTION('',(-0.5,0.866025403784,0.));
#1189 = ADVANCED_FACE('',(#1190),#1193,.T.);
#1190 = FACE_BOUND('',#1191,.T.);
#1191 = EDGE_LOOP('',(#1192));
#1192 = ORIENTED_EDGE('',*,*,#966,.T.);
#1193 = PLANE('',#1194);
#1194 = AXIS2_PLACEMENT_3D('',#1195,#1196,#1197);
#1195 = CARTESIAN_POINT('',(35.160631393648,-20.3,30.));
#1196 = DIRECTION('',(0.,0.,1.));
#1197 = DIRECTION('',(-0.866025403784,0.5,0.));
#1198 = ADVANCED_FACE('',(#1199),#1202,.T.);
#1199 = FACE_BOUND('',#1200,.T.);
#1200 = EDGE_LOOP('',(#1201));
#1201 = ORIENTED_EDGE('',*,*,#991,.T.);
#1202 = PLANE('',#1203);
#1203 = AXIS2_PLACEMENT_3D('',#1204,#1205,#1206);
#1204 = CARTESIAN_POINT('',(40.6,-4.975337280943E-15,30.));
#1205 = DIRECTION('',(0.,0.,1.));
#1206 = DIRECTION('',(-1.,1.224646799147E-16,0.));
#1207 = ADVANCED_FACE('',(#1208),#1211,.T.);
#1208 = FACE_BOUND('',#1209,.T.);
#1209 = EDGE_LOOP('',(#1210));
#1210 = ORIENTED_EDGE('',*,*,#1016,.T.);
#1211 = PLANE('',#1212);
#1212 = AXIS2_PLACEMENT_3D('',#1213,#1214,#1215);
#1213 = CARTESIAN_POINT('',(-40.6,3.271276404536E-18,30.));
#1214 = DIRECTION('',(0.,0.,1.));
#1215 = DIRECTION('',(1.,0.,0.));
#1216 = ADVANCED_FACE('',(#1217),#1220,.T.);
#1217 = FACE_BOUND('',#1218,.T.);
#1218 = EDGE_LOOP('',(#1219));
#1219 = ORIENTED_EDGE('',*,*,#1041,.T.);
#1220 = PLANE('',#1221);
#1221 = AXIS2_PLACEMENT_3D('',#1222,#1223,#1224);
#1222 = CARTESIAN_POINT('',(-35.16063139364,20.3,30.));
#1223 = DIRECTION('',(0.,0.,1.));
#1224 = DIRECTION('',(0.866025403784,-0.5,0.));
#1225 = ADVANCED_FACE('',(#1226),#1229,.T.);
#1226 = FACE_BOUND('',#1227,.T.);
#1227 = EDGE_LOOP('',(#1228));
#1228 = ORIENTED_EDGE('',*,*,#1066,.T.);
#1229 = PLANE('',#1230);
#1230 = AXIS2_PLACEMENT_3D('',#1231,#1232,#1233);
#1231 = CARTESIAN_POINT('',(-20.3,35.160631393648,30.));
#1232 = DIRECTION('',(0.,0.,1.));
#1233 = DIRECTION('',(0.5,-0.866025403784,0.));
#1234 = ADVANCED_FACE('',(#1235),#1238,.T.);
#1235 = FACE_BOUND('',#1236,.T.);
#1236 = EDGE_LOOP('',(#1237));
#1237 = ORIENTED_EDGE('',*,*,#1091,.T.);
#1238 = PLANE('',#1239);
#1239 = AXIS2_PLACEMENT_3D('',#1240,#1241,#1242);
#1240 = CARTESIAN_POINT('',(35.160631393648,20.3,30.));
#1241 = DIRECTION('',(0.,0.,1.));
#1242 = DIRECTION('',(-0.866025403784,-0.5,0.));
#1243 = ADVANCED_FACE('',(#1244),#1247,.T.);
#1244 = FACE_BOUND('',#1245,.T.);
#1245 = EDGE_LOOP('',(#1246));
#1246 = ORIENTED_EDGE('',*,*,#1116,.T.);
#1247 = PLANE('',#1248);
#1248 = AXIS2_PLACEMENT_3D('',#1249,#1250,#1251);
#1249 = CARTESIAN_POINT('',(9.018282236361E-15,40.6,30.));
#1250 = DIRECTION('',(0.,0.,1.));
#1251 = DIRECTION('',(-2.22044604925E-16,-1.,0.));
#1252 = ADVANCED_FACE('',(#1253),#1256,.T.);
#1253 = FACE_BOUND('',#1254,.T.);
#1254 = EDGE_LOOP('',(#1255));
#1255 = ORIENTED_EDGE('',*,*,#1141,.T.);
#1256 = PLANE('',#1257);
#1257 = AXIS2_PLACEMENT_3D('',#1258,#1259,#1260);
#1258 = CARTESIAN_POINT('',(20.3,35.160631393648,30.));
#1259 = DIRECTION('',(0.,0.,1.));
#1260 = DIRECTION('',(-0.5,-0.866025403784,0.));
#1261 = ADVANCED_FACE('',(#1262,#1265,#1268,#1279,#1290,#1301,#1312,
    #1323,#1334,#1345,#1356,#1367,#1378,#1389),#1400,.T.);
#1262 = FACE_BOUND('',#1263,.T.);
#1263 = EDGE_LOOP('',(#1264));
#1264 = ORIENTED_EDGE('',*,*,#223,.F.);
#1265 = FACE_BOUND('',#1266,.T.);
#1266 = EDGE_LOOP('',(#1267));
#1267 = ORIENTED_EDGE('',*,*,#842,.T.);
#1268 = FACE_BOUND('',#1269,.T.);
#1269 = EDGE_LOOP('',(#1270));
#1270 = ORIENTED_EDGE('',*,*,#1271,.T.);
#1271 = EDGE_CURVE('',#1272,#1272,#1274,.T.);
#1272 = VERTEX_POINT('',#1273);
#1273 = CARTESIAN_POINT('',(19.5625,-33.88324392306,0.));
#1274 = CIRCLE('',#1275,1.475);
#1275 = AXIS2_PLACEMENT_3D('',#1276,#1277,#1278);
#1276 = CARTESIAN_POINT('',(20.3,-35.16063139364,0.));
#1277 = DIRECTION('',(0.,0.,1.));
#1278 = DIRECTION('',(-0.5,0.866025403784,0.));
#1279 = FACE_BOUND('',#1280,.T.);
#1280 = EDGE_LOOP('',(#1281));
#1281 = ORIENTED_EDGE('',*,*,#1282,.T.);
#1282 = EDGE_CURVE('',#1283,#1283,#1285,.T.);
#1283 = VERTEX_POINT('',#1284);
#1284 = CARTESIAN_POINT('',(33.883243923066,-19.5625,0.));
#1285 = CIRCLE('',#1286,1.475);
#1286 = AXIS2_PLACEMENT_3D('',#1287,#1288,#1289);
#1287 = CARTESIAN_POINT('',(35.160631393648,-20.3,0.));
#1288 = DIRECTION('',(0.,0.,1.));
#1289 = DIRECTION('',(-0.866025403784,0.5,0.));
#1290 = FACE_BOUND('',#1291,.T.);
#1291 = EDGE_LOOP('',(#1292));
#1292 = ORIENTED_EDGE('',*,*,#1293,.T.);
#1293 = EDGE_CURVE('',#1294,#1294,#1296,.T.);
#1294 = VERTEX_POINT('',#1295);
#1295 = CARTESIAN_POINT('',(-19.5625,-33.88324392306,0.));
#1296 = CIRCLE('',#1297,1.475);
#1297 = AXIS2_PLACEMENT_3D('',#1298,#1299,#1300);
#1298 = CARTESIAN_POINT('',(-20.3,-35.16063139364,0.));
#1299 = DIRECTION('',(0.,-0.,1.));
#1300 = DIRECTION('',(0.5,0.866025403784,0.));
#1301 = FACE_BOUND('',#1302,.T.);
#1302 = EDGE_LOOP('',(#1303));
#1303 = ORIENTED_EDGE('',*,*,#1304,.T.);
#1304 = EDGE_CURVE('',#1305,#1305,#1307,.T.);
#1305 = VERTEX_POINT('',#1306);
#1306 = CARTESIAN_POINT('',(-33.88324392306,-19.5625,0.));
#1307 = CIRCLE('',#1308,1.475);
#1308 = AXIS2_PLACEMENT_3D('',#1309,#1310,#1311);
#1309 = CARTESIAN_POINT('',(-35.16063139364,-20.3,0.));
#1310 = DIRECTION('',(0.,-0.,1.));
#1311 = DIRECTION('',(0.866025403784,0.5,0.));
#1312 = FACE_BOUND('',#1313,.T.);
#1313 = EDGE_LOOP('',(#1314));
#1314 = ORIENTED_EDGE('',*,*,#1315,.T.);
#1315 = EDGE_CURVE('',#1316,#1316,#1318,.T.);
#1316 = VERTEX_POINT('',#1317);
#1317 = CARTESIAN_POINT('',(33.883243923066,19.5625,0.));
#1318 = CIRCLE('',#1319,1.475);
#1319 = AXIS2_PLACEMENT_3D('',#1320,#1321,#1322);
#1320 = CARTESIAN_POINT('',(35.160631393648,20.3,0.));
#1321 = DIRECTION('',(0.,0.,1.));
#1322 = DIRECTION('',(-0.866025403784,-0.5,0.));
#1323 = FACE_BOUND('',#1324,.T.);
#1324 = EDGE_LOOP('',(#1325));
#1325 = ORIENTED_EDGE('',*,*,#1326,.T.);
#1326 = EDGE_CURVE('',#1327,#1327,#1329,.T.);
#1327 = VERTEX_POINT('',#1328);
#1328 = CARTESIAN_POINT('',(19.5625,33.883243923066,0.));
#1329 = CIRCLE('',#1330,1.475);
#1330 = AXIS2_PLACEMENT_3D('',#1331,#1332,#1333);
#1331 = CARTESIAN_POINT('',(20.3,35.160631393648,0.));
#1332 = DIRECTION('',(0.,0.,1.));
#1333 = DIRECTION('',(-0.5,-0.866025403784,0.));
#1334 = FACE_BOUND('',#1335,.T.);
#1335 = EDGE_LOOP('',(#1336));
#1336 = ORIENTED_EDGE('',*,*,#1337,.T.);
#1337 = EDGE_CURVE('',#1338,#1338,#1340,.T.);
#1338 = VERTEX_POINT('',#1339);
#1339 = CARTESIAN_POINT('',(-33.88324392306,19.5625,0.));
#1340 = CIRCLE('',#1341,1.475);
#1341 = AXIS2_PLACEMENT_3D('',#1342,#1343,#1344);
#1342 = CARTESIAN_POINT('',(-35.16063139364,20.3,0.));
#1343 = DIRECTION('',(-0.,0.,1.));
#1344 = DIRECTION('',(0.866025403784,-0.5,0.));
#1345 = FACE_BOUND('',#1346,.T.);
#1346 = EDGE_LOOP('',(#1347));
#1347 = ORIENTED_EDGE('',*,*,#1348,.T.);
#1348 = EDGE_CURVE('',#1349,#1349,#1351,.T.);
#1349 = VERTEX_POINT('',#1350);
#1350 = CARTESIAN_POINT('',(-19.5625,33.883243923066,0.));
#1351 = CIRCLE('',#1352,1.475);
#1352 = AXIS2_PLACEMENT_3D('',#1353,#1354,#1355);
#1353 = CARTESIAN_POINT('',(-20.3,35.160631393648,0.));
#1354 = DIRECTION('',(-0.,0.,1.));
#1355 = DIRECTION('',(0.5,-0.866025403784,0.));
#1356 = FACE_BOUND('',#1357,.T.);
#1357 = EDGE_LOOP('',(#1358));
#1358 = ORIENTED_EDGE('',*,*,#1359,.T.);
#1359 = EDGE_CURVE('',#1360,#1360,#1362,.T.);
#1360 = VERTEX_POINT('',#1361);
#1361 = CARTESIAN_POINT('',(-39.125,0.,0.));
#1362 = CIRCLE('',#1363,1.475);
#1363 = AXIS2_PLACEMENT_3D('',#1364,#1365,#1366);
#1364 = CARTESIAN_POINT('',(-40.6,0.,0.));
#1365 = DIRECTION('',(0.,0.,1.));
#1366 = DIRECTION('',(1.,0.,0.));
#1367 = FACE_BOUND('',#1368,.T.);
#1368 = EDGE_LOOP('',(#1369));
#1369 = ORIENTED_EDGE('',*,*,#1370,.T.);
#1370 = EDGE_CURVE('',#1371,#1371,#1373,.T.);
#1371 = VERTEX_POINT('',#1372);
#1372 = CARTESIAN_POINT('',(39.125,-4.791430601664E-15,0.));
#1373 = CIRCLE('',#1374,1.475);
#1374 = AXIS2_PLACEMENT_3D('',#1375,#1376,#1377);
#1375 = CARTESIAN_POINT('',(40.6,-4.972066004538E-15,0.));
#1376 = DIRECTION('',(0.,0.,1.));
#1377 = DIRECTION('',(-1.,1.224646799147E-16,0.));
#1378 = FACE_BOUND('',#1379,.T.);
#1379 = EDGE_LOOP('',(#1380));
#1380 = ORIENTED_EDGE('',*,*,#1381,.T.);
#1381 = EDGE_CURVE('',#1382,#1382,#1384,.T.);
#1382 = VERTEX_POINT('',#1383);
#1383 = CARTESIAN_POINT('',(-4.343747583846E-15,-39.125,0.));
#1384 = CIRCLE('',#1385,1.475);
#1385 = AXIS2_PLACEMENT_3D('',#1386,#1387,#1388);
#1386 = CARTESIAN_POINT('',(-4.507505479978E-15,-40.6,0.));
#1387 = DIRECTION('',(0.,-0.,1.));
#1388 = DIRECTION('',(1.110223024625E-16,1.,0.));
#1389 = FACE_BOUND('',#1390,.T.);
#1390 = EDGE_LOOP('',(#1391));
#1391 = ORIENTED_EDGE('',*,*,#1392,.T.);
#1392 = EDGE_CURVE('',#1393,#1393,#1395,.T.);
#1393 = VERTEX_POINT('',#1394);
#1394 = CARTESIAN_POINT('',(8.687495167692E-15,39.125,0.));
#1395 = CIRCLE('',#1396,1.475);
#1396 = AXIS2_PLACEMENT_3D('',#1397,#1398,#1399);
#1397 = CARTESIAN_POINT('',(9.015010959956E-15,40.6,0.));
#1398 = DIRECTION('',(0.,0.,1.));
#1399 = DIRECTION('',(-2.22044604925E-16,-1.,0.));
#1400 = PLANE('',#1401);
#1401 = AXIS2_PLACEMENT_3D('',#1402,#1403,#1404);
#1402 = CARTESIAN_POINT('',(-2.864427225004E-15,2.832503573728E-15,0.));
#1403 = DIRECTION('',(-0.,-0.,-1.));
#1404 = DIRECTION('',(-1.,0.,0.));
#1405 = ADVANCED_FACE('',(#1406),#1425,.F.);
#1406 = FACE_BOUND('',#1407,.T.);
#1407 = EDGE_LOOP('',(#1408,#1416,#1423,#1424));
#1408 = ORIENTED_EDGE('',*,*,#1409,.T.);
#1409 = EDGE_CURVE('',#1272,#1410,#1412,.T.);
#1410 = VERTEX_POINT('',#1411);
#1411 = CARTESIAN_POINT('',(19.5625,-33.88324392306,15.));
#1412 = LINE('',#1413,#1414);
#1413 = CARTESIAN_POINT('',(19.5625,-33.88324392306,0.));
#1414 = VECTOR('',#1415,1.);
#1415 = DIRECTION('',(0.,0.,1.));
#1416 = ORIENTED_EDGE('',*,*,#1417,.T.);
#1417 = EDGE_CURVE('',#1410,#1410,#1418,.T.);
#1418 = CIRCLE('',#1419,1.475);
#1419 = AXIS2_PLACEMENT_3D('',#1420,#1421,#1422);
#1420 = CARTESIAN_POINT('',(20.3,-35.16063139364,15.));
#1421 = DIRECTION('',(0.,0.,1.));
#1422 = DIRECTION('',(-0.5,0.866025403784,0.));
#1423 = ORIENTED_EDGE('',*,*,#1409,.F.);
#1424 = ORIENTED_EDGE('',*,*,#1271,.F.);
#1425 = CYLINDRICAL_SURFACE('',#1426,1.475);
#1426 = AXIS2_PLACEMENT_3D('',#1427,#1428,#1429);
#1427 = CARTESIAN_POINT('',(20.3,-35.16063139364,0.));
#1428 = DIRECTION('',(-0.,0.,-1.));
#1429 = DIRECTION('',(-0.5,0.866025403784,0.));
#1430 = ADVANCED_FACE('',(#1431),#1434,.F.);
#1431 = FACE_BOUND('',#1432,.F.);
#1432 = EDGE_LOOP('',(#1433));
#1433 = ORIENTED_EDGE('',*,*,#1417,.T.);
#1434 = PLANE('',#1435);
#1435 = AXIS2_PLACEMENT_3D('',#1436,#1437,#1438);
#1436 = CARTESIAN_POINT('',(20.3,-35.16063139364,15.));
#1437 = DIRECTION('',(0.,0.,1.));
#1438 = DIRECTION('',(-0.5,0.866025403784,0.));
#1439 = ADVANCED_FACE('',(#1440),#1459,.F.);
#1440 = FACE_BOUND('',#1441,.T.);
#1441 = EDGE_LOOP('',(#1442,#1450,#1457,#1458));
#1442 = ORIENTED_EDGE('',*,*,#1443,.T.);
#1443 = EDGE_CURVE('',#1283,#1444,#1446,.T.);
#1444 = VERTEX_POINT('',#1445);
#1445 = CARTESIAN_POINT('',(33.883243923066,-19.5625,15.));
#1446 = LINE('',#1447,#1448);
#1447 = CARTESIAN_POINT('',(33.883243923066,-19.5625,0.));
#1448 = VECTOR('',#1449,1.);
#1449 = DIRECTION('',(0.,0.,1.));
#1450 = ORIENTED_EDGE('',*,*,#1451,.T.);
#1451 = EDGE_CURVE('',#1444,#1444,#1452,.T.);
#1452 = CIRCLE('',#1453,1.475);
#1453 = AXIS2_PLACEMENT_3D('',#1454,#1455,#1456);
#1454 = CARTESIAN_POINT('',(35.160631393648,-20.3,15.));
#1455 = DIRECTION('',(0.,0.,1.));
#1456 = DIRECTION('',(-0.866025403784,0.5,0.));
#1457 = ORIENTED_EDGE('',*,*,#1443,.F.);
#1458 = ORIENTED_EDGE('',*,*,#1282,.F.);
#1459 = CYLINDRICAL_SURFACE('',#1460,1.475);
#1460 = AXIS2_PLACEMENT_3D('',#1461,#1462,#1463);
#1461 = CARTESIAN_POINT('',(35.160631393648,-20.3,0.));
#1462 = DIRECTION('',(0.,0.,-1.));
#1463 = DIRECTION('',(-0.866025403784,0.5,0.));
#1464 = ADVANCED_FACE('',(#1465),#1468,.F.);
#1465 = FACE_BOUND('',#1466,.F.);
#1466 = EDGE_LOOP('',(#1467));
#1467 = ORIENTED_EDGE('',*,*,#1451,.T.);
#1468 = PLANE('',#1469);
#1469 = AXIS2_PLACEMENT_3D('',#1470,#1471,#1472);
#1470 = CARTESIAN_POINT('',(35.160631393648,-20.3,15.));
#1471 = DIRECTION('',(0.,0.,1.));
#1472 = DIRECTION('',(-0.866025403784,0.5,0.));
#1473 = ADVANCED_FACE('',(#1474),#1493,.F.);
#1474 = FACE_BOUND('',#1475,.T.);
#1475 = EDGE_LOOP('',(#1476,#1484,#1491,#1492));
#1476 = ORIENTED_EDGE('',*,*,#1477,.T.);
#1477 = EDGE_CURVE('',#1294,#1478,#1480,.T.);
#1478 = VERTEX_POINT('',#1479);
#1479 = CARTESIAN_POINT('',(-19.5625,-33.88324392306,15.));
#1480 = LINE('',#1481,#1482);
#1481 = CARTESIAN_POINT('',(-19.5625,-33.88324392306,0.));
#1482 = VECTOR('',#1483,1.);
#1483 = DIRECTION('',(0.,0.,1.));
#1484 = ORIENTED_EDGE('',*,*,#1485,.T.);
#1485 = EDGE_CURVE('',#1478,#1478,#1486,.T.);
#1486 = CIRCLE('',#1487,1.475);
#1487 = AXIS2_PLACEMENT_3D('',#1488,#1489,#1490);
#1488 = CARTESIAN_POINT('',(-20.3,-35.16063139364,15.));
#1489 = DIRECTION('',(0.,-0.,1.));
#1490 = DIRECTION('',(0.5,0.866025403784,0.));
#1491 = ORIENTED_EDGE('',*,*,#1477,.F.);
#1492 = ORIENTED_EDGE('',*,*,#1293,.F.);
#1493 = CYLINDRICAL_SURFACE('',#1494,1.475);
#1494 = AXIS2_PLACEMENT_3D('',#1495,#1496,#1497);
#1495 = CARTESIAN_POINT('',(-20.3,-35.16063139364,0.));
#1496 = DIRECTION('',(0.,-0.,-1.));
#1497 = DIRECTION('',(0.5,0.866025403784,0.));
#1498 = ADVANCED_FACE('',(#1499),#1502,.F.);
#1499 = FACE_BOUND('',#1500,.F.);
#1500 = EDGE_LOOP('',(#1501));
#1501 = ORIENTED_EDGE('',*,*,#1485,.T.);
#1502 = PLANE('',#1503);
#1503 = AXIS2_PLACEMENT_3D('',#1504,#1505,#1506);
#1504 = CARTESIAN_POINT('',(-20.3,-35.16063139364,15.));
#1505 = DIRECTION('',(0.,0.,1.));
#1506 = DIRECTION('',(0.5,0.866025403784,0.));
#1507 = ADVANCED_FACE('',(#1508),#1527,.F.);
#1508 = FACE_BOUND('',#1509,.T.);
#1509 = EDGE_LOOP('',(#1510,#1518,#1525,#1526));
#1510 = ORIENTED_EDGE('',*,*,#1511,.T.);
#1511 = EDGE_CURVE('',#1305,#1512,#1514,.T.);
#1512 = VERTEX_POINT('',#1513);
#1513 = CARTESIAN_POINT('',(-33.88324392306,-19.5625,15.));
#1514 = LINE('',#1515,#1516);
#1515 = CARTESIAN_POINT('',(-33.88324392306,-19.5625,0.));
#1516 = VECTOR('',#1517,1.);
#1517 = DIRECTION('',(0.,0.,1.));
#1518 = ORIENTED_EDGE('',*,*,#1519,.T.);
#1519 = EDGE_CURVE('',#1512,#1512,#1520,.T.);
#1520 = CIRCLE('',#1521,1.475);
#1521 = AXIS2_PLACEMENT_3D('',#1522,#1523,#1524);
#1522 = CARTESIAN_POINT('',(-35.16063139364,-20.3,15.));
#1523 = DIRECTION('',(0.,-0.,1.));
#1524 = DIRECTION('',(0.866025403784,0.5,0.));
#1525 = ORIENTED_EDGE('',*,*,#1511,.F.);
#1526 = ORIENTED_EDGE('',*,*,#1304,.F.);
#1527 = CYLINDRICAL_SURFACE('',#1528,1.475);
#1528 = AXIS2_PLACEMENT_3D('',#1529,#1530,#1531);
#1529 = CARTESIAN_POINT('',(-35.16063139364,-20.3,0.));
#1530 = DIRECTION('',(0.,0.,-1.));
#1531 = DIRECTION('',(0.866025403784,0.5,0.));
#1532 = ADVANCED_FACE('',(#1533),#1536,.F.);
#1533 = FACE_BOUND('',#1534,.F.);
#1534 = EDGE_LOOP('',(#1535));
#1535 = ORIENTED_EDGE('',*,*,#1519,.T.);
#1536 = PLANE('',#1537);
#1537 = AXIS2_PLACEMENT_3D('',#1538,#1539,#1540);
#1538 = CARTESIAN_POINT('',(-35.16063139364,-20.3,15.));
#1539 = DIRECTION('',(0.,0.,1.));
#1540 = DIRECTION('',(0.866025403784,0.5,0.));
#1541 = ADVANCED_FACE('',(#1542),#1561,.F.);
#1542 = FACE_BOUND('',#1543,.T.);
#1543 = EDGE_LOOP('',(#1544,#1552,#1559,#1560));
#1544 = ORIENTED_EDGE('',*,*,#1545,.T.);
#1545 = EDGE_CURVE('',#1316,#1546,#1548,.T.);
#1546 = VERTEX_POINT('',#1547);
#1547 = CARTESIAN_POINT('',(33.883243923066,19.5625,15.));
#1548 = LINE('',#1549,#1550);
#1549 = CARTESIAN_POINT('',(33.883243923066,19.5625,0.));
#1550 = VECTOR('',#1551,1.);
#1551 = DIRECTION('',(0.,0.,1.));
#1552 = ORIENTED_EDGE('',*,*,#1553,.T.);
#1553 = EDGE_CURVE('',#1546,#1546,#1554,.T.);
#1554 = CIRCLE('',#1555,1.475);
#1555 = AXIS2_PLACEMENT_3D('',#1556,#1557,#1558);
#1556 = CARTESIAN_POINT('',(35.160631393648,20.3,15.));
#1557 = DIRECTION('',(0.,0.,1.));
#1558 = DIRECTION('',(-0.866025403784,-0.5,0.));
#1559 = ORIENTED_EDGE('',*,*,#1545,.F.);
#1560 = ORIENTED_EDGE('',*,*,#1315,.F.);
#1561 = CYLINDRICAL_SURFACE('',#1562,1.475);
#1562 = AXIS2_PLACEMENT_3D('',#1563,#1564,#1565);
#1563 = CARTESIAN_POINT('',(35.160631393648,20.3,0.));
#1564 = DIRECTION('',(0.,0.,-1.));
#1565 = DIRECTION('',(-0.866025403784,-0.5,0.));
#1566 = ADVANCED_FACE('',(#1567),#1570,.F.);
#1567 = FACE_BOUND('',#1568,.F.);
#1568 = EDGE_LOOP('',(#1569));
#1569 = ORIENTED_EDGE('',*,*,#1553,.T.);
#1570 = PLANE('',#1571);
#1571 = AXIS2_PLACEMENT_3D('',#1572,#1573,#1574);
#1572 = CARTESIAN_POINT('',(35.160631393648,20.3,15.));
#1573 = DIRECTION('',(0.,0.,1.));
#1574 = DIRECTION('',(-0.866025403784,-0.5,0.));
#1575 = ADVANCED_FACE('',(#1576),#1595,.F.);
#1576 = FACE_BOUND('',#1577,.T.);
#1577 = EDGE_LOOP('',(#1578,#1586,#1593,#1594));
#1578 = ORIENTED_EDGE('',*,*,#1579,.T.);
#1579 = EDGE_CURVE('',#1327,#1580,#1582,.T.);
#1580 = VERTEX_POINT('',#1581);
#1581 = CARTESIAN_POINT('',(19.5625,33.883243923066,15.));
#1582 = LINE('',#1583,#1584);
#1583 = CARTESIAN_POINT('',(19.5625,33.883243923066,0.));
#1584 = VECTOR('',#1585,1.);
#1585 = DIRECTION('',(0.,0.,1.));
#1586 = ORIENTED_EDGE('',*,*,#1587,.T.);
#1587 = EDGE_CURVE('',#1580,#1580,#1588,.T.);
#1588 = CIRCLE('',#1589,1.475);
#1589 = AXIS2_PLACEMENT_3D('',#1590,#1591,#1592);
#1590 = CARTESIAN_POINT('',(20.3,35.160631393648,15.));
#1591 = DIRECTION('',(0.,0.,1.));
#1592 = DIRECTION('',(-0.5,-0.866025403784,0.));
#1593 = ORIENTED_EDGE('',*,*,#1579,.F.);
#1594 = ORIENTED_EDGE('',*,*,#1326,.F.);
#1595 = CYLINDRICAL_SURFACE('',#1596,1.475);
#1596 = AXIS2_PLACEMENT_3D('',#1597,#1598,#1599);
#1597 = CARTESIAN_POINT('',(20.3,35.160631393648,0.));
#1598 = DIRECTION('',(0.,0.,-1.));
#1599 = DIRECTION('',(-0.5,-0.866025403784,0.));
#1600 = ADVANCED_FACE('',(#1601),#1604,.F.);
#1601 = FACE_BOUND('',#1602,.F.);
#1602 = EDGE_LOOP('',(#1603));
#1603 = ORIENTED_EDGE('',*,*,#1587,.T.);
#1604 = PLANE('',#1605);
#1605 = AXIS2_PLACEMENT_3D('',#1606,#1607,#1608);
#1606 = CARTESIAN_POINT('',(20.3,35.160631393648,15.));
#1607 = DIRECTION('',(0.,0.,1.));
#1608 = DIRECTION('',(-0.5,-0.866025403784,0.));
#1609 = ADVANCED_FACE('',(#1610),#1629,.F.);
#1610 = FACE_BOUND('',#1611,.T.);
#1611 = EDGE_LOOP('',(#1612,#1620,#1627,#1628));
#1612 = ORIENTED_EDGE('',*,*,#1613,.T.);
#1613 = EDGE_CURVE('',#1338,#1614,#1616,.T.);
#1614 = VERTEX_POINT('',#1615);
#1615 = CARTESIAN_POINT('',(-33.88324392306,19.5625,15.));
#1616 = LINE('',#1617,#1618);
#1617 = CARTESIAN_POINT('',(-33.88324392306,19.5625,0.));
#1618 = VECTOR('',#1619,1.);
#1619 = DIRECTION('',(0.,0.,1.));
#1620 = ORIENTED_EDGE('',*,*,#1621,.T.);
#1621 = EDGE_CURVE('',#1614,#1614,#1622,.T.);
#1622 = CIRCLE('',#1623,1.475);
#1623 = AXIS2_PLACEMENT_3D('',#1624,#1625,#1626);
#1624 = CARTESIAN_POINT('',(-35.16063139364,20.3,15.));
#1625 = DIRECTION('',(-0.,0.,1.));
#1626 = DIRECTION('',(0.866025403784,-0.5,0.));
#1627 = ORIENTED_EDGE('',*,*,#1613,.F.);
#1628 = ORIENTED_EDGE('',*,*,#1337,.F.);
#1629 = CYLINDRICAL_SURFACE('',#1630,1.475);
#1630 = AXIS2_PLACEMENT_3D('',#1631,#1632,#1633);
#1631 = CARTESIAN_POINT('',(-35.16063139364,20.3,0.));
#1632 = DIRECTION('',(0.,0.,-1.));
#1633 = DIRECTION('',(0.866025403784,-0.5,0.));
#1634 = ADVANCED_FACE('',(#1635),#1638,.F.);
#1635 = FACE_BOUND('',#1636,.F.);
#1636 = EDGE_LOOP('',(#1637));
#1637 = ORIENTED_EDGE('',*,*,#1621,.T.);
#1638 = PLANE('',#1639);
#1639 = AXIS2_PLACEMENT_3D('',#1640,#1641,#1642);
#1640 = CARTESIAN_POINT('',(-35.16063139364,20.3,15.));
#1641 = DIRECTION('',(0.,0.,1.));
#1642 = DIRECTION('',(0.866025403784,-0.5,0.));
#1643 = ADVANCED_FACE('',(#1644),#1663,.F.);
#1644 = FACE_BOUND('',#1645,.T.);
#1645 = EDGE_LOOP('',(#1646,#1654,#1661,#1662));
#1646 = ORIENTED_EDGE('',*,*,#1647,.T.);
#1647 = EDGE_CURVE('',#1349,#1648,#1650,.T.);
#1648 = VERTEX_POINT('',#1649);
#1649 = CARTESIAN_POINT('',(-19.5625,33.883243923066,15.));
#1650 = LINE('',#1651,#1652);
#1651 = CARTESIAN_POINT('',(-19.5625,33.883243923066,0.));
#1652 = VECTOR('',#1653,1.);
#1653 = DIRECTION('',(0.,0.,1.));
#1654 = ORIENTED_EDGE('',*,*,#1655,.T.);
#1655 = EDGE_CURVE('',#1648,#1648,#1656,.T.);
#1656 = CIRCLE('',#1657,1.475);
#1657 = AXIS2_PLACEMENT_3D('',#1658,#1659,#1660);
#1658 = CARTESIAN_POINT('',(-20.3,35.160631393648,15.));
#1659 = DIRECTION('',(-0.,0.,1.));
#1660 = DIRECTION('',(0.5,-0.866025403784,0.));
#1661 = ORIENTED_EDGE('',*,*,#1647,.F.);
#1662 = ORIENTED_EDGE('',*,*,#1348,.F.);
#1663 = CYLINDRICAL_SURFACE('',#1664,1.475);
#1664 = AXIS2_PLACEMENT_3D('',#1665,#1666,#1667);
#1665 = CARTESIAN_POINT('',(-20.3,35.160631393648,0.));
#1666 = DIRECTION('',(0.,0.,-1.));
#1667 = DIRECTION('',(0.5,-0.866025403784,0.));
#1668 = ADVANCED_FACE('',(#1669),#1672,.F.);
#1669 = FACE_BOUND('',#1670,.F.);
#1670 = EDGE_LOOP('',(#1671));
#1671 = ORIENTED_EDGE('',*,*,#1655,.T.);
#1672 = PLANE('',#1673);
#1673 = AXIS2_PLACEMENT_3D('',#1674,#1675,#1676);
#1674 = CARTESIAN_POINT('',(-20.3,35.160631393648,15.));
#1675 = DIRECTION('',(0.,0.,1.));
#1676 = DIRECTION('',(0.5,-0.866025403784,0.));
#1677 = ADVANCED_FACE('',(#1678),#1697,.F.);
#1678 = FACE_BOUND('',#1679,.T.);
#1679 = EDGE_LOOP('',(#1680,#1688,#1695,#1696));
#1680 = ORIENTED_EDGE('',*,*,#1681,.T.);
#1681 = EDGE_CURVE('',#1360,#1682,#1684,.T.);
#1682 = VERTEX_POINT('',#1683);
#1683 = CARTESIAN_POINT('',(-39.125,0.,15.));
#1684 = LINE('',#1685,#1686);
#1685 = CARTESIAN_POINT('',(-39.125,0.,0.));
#1686 = VECTOR('',#1687,1.);
#1687 = DIRECTION('',(0.,0.,1.));
#1688 = ORIENTED_EDGE('',*,*,#1689,.T.);
#1689 = EDGE_CURVE('',#1682,#1682,#1690,.T.);
#1690 = CIRCLE('',#1691,1.475);
#1691 = AXIS2_PLACEMENT_3D('',#1692,#1693,#1694);
#1692 = CARTESIAN_POINT('',(-40.6,0.,15.));
#1693 = DIRECTION('',(0.,0.,1.));
#1694 = DIRECTION('',(1.,0.,0.));
#1695 = ORIENTED_EDGE('',*,*,#1681,.F.);
#1696 = ORIENTED_EDGE('',*,*,#1359,.F.);
#1697 = CYLINDRICAL_SURFACE('',#1698,1.475);
#1698 = AXIS2_PLACEMENT_3D('',#1699,#1700,#1701);
#1699 = CARTESIAN_POINT('',(-40.6,0.,0.));
#1700 = DIRECTION('',(-0.,-0.,-1.));
#1701 = DIRECTION('',(1.,0.,0.));
#1702 = ADVANCED_FACE('',(#1703),#1706,.F.);
#1703 = FACE_BOUND('',#1704,.F.);
#1704 = EDGE_LOOP('',(#1705));
#1705 = ORIENTED_EDGE('',*,*,#1689,.T.);
#1706 = PLANE('',#1707);
#1707 = AXIS2_PLACEMENT_3D('',#1708,#1709,#1710);
#1708 = CARTESIAN_POINT('',(-40.6,-3.40762890335E-16,15.));
#1709 = DIRECTION('',(0.,0.,1.));
#1710 = DIRECTION('',(1.,0.,0.));
#1711 = ADVANCED_FACE('',(#1712),#1731,.F.);
#1712 = FACE_BOUND('',#1713,.T.);
#1713 = EDGE_LOOP('',(#1714,#1722,#1729,#1730));
#1714 = ORIENTED_EDGE('',*,*,#1715,.T.);
#1715 = EDGE_CURVE('',#1371,#1716,#1718,.T.);
#1716 = VERTEX_POINT('',#1717);
#1717 = CARTESIAN_POINT('',(39.125,-4.791430601664E-15,15.));
#1718 = LINE('',#1719,#1720);
#1719 = CARTESIAN_POINT('',(39.125,-4.791430601664E-15,0.));
#1720 = VECTOR('',#1721,1.);
#1721 = DIRECTION('',(0.,0.,1.));
#1722 = ORIENTED_EDGE('',*,*,#1723,.T.);
#1723 = EDGE_CURVE('',#1716,#1716,#1724,.T.);
#1724 = CIRCLE('',#1725,1.475);
#1725 = AXIS2_PLACEMENT_3D('',#1726,#1727,#1728);
#1726 = CARTESIAN_POINT('',(40.6,-4.972066004538E-15,15.));
#1727 = DIRECTION('',(0.,0.,1.));
#1728 = DIRECTION('',(-1.,1.224646799147E-16,0.));
#1729 = ORIENTED_EDGE('',*,*,#1715,.F.);
#1730 = ORIENTED_EDGE('',*,*,#1370,.F.);
#1731 = CYLINDRICAL_SURFACE('',#1732,1.475);
#1732 = AXIS2_PLACEMENT_3D('',#1733,#1734,#1735);
#1733 = CARTESIAN_POINT('',(40.6,-4.972066004538E-15,0.));
#1734 = DIRECTION('',(0.,0.,-1.));
#1735 = DIRECTION('',(-1.,1.224646799147E-16,0.));
#1736 = ADVANCED_FACE('',(#1737),#1740,.F.);
#1737 = FACE_BOUND('',#1738,.F.);
#1738 = EDGE_LOOP('',(#1739));
#1739 = ORIENTED_EDGE('',*,*,#1723,.T.);
#1740 = PLANE('',#1741);
#1741 = AXIS2_PLACEMENT_3D('',#1742,#1743,#1744);
#1742 = CARTESIAN_POINT('',(40.6,-4.631303114203E-15,15.));
#1743 = DIRECTION('',(0.,0.,1.));
#1744 = DIRECTION('',(-1.,1.224646799147E-16,0.));
#1745 = ADVANCED_FACE('',(#1746),#1765,.F.);
#1746 = FACE_BOUND('',#1747,.T.);
#1747 = EDGE_LOOP('',(#1748,#1756,#1763,#1764));
#1748 = ORIENTED_EDGE('',*,*,#1749,.T.);
#1749 = EDGE_CURVE('',#1382,#1750,#1752,.T.);
#1750 = VERTEX_POINT('',#1751);
#1751 = CARTESIAN_POINT('',(-4.343747583846E-15,-39.125,15.));
#1752 = LINE('',#1753,#1754);
#1753 = CARTESIAN_POINT('',(-4.343747583846E-15,-39.125,0.));
#1754 = VECTOR('',#1755,1.);
#1755 = DIRECTION('',(0.,0.,1.));
#1756 = ORIENTED_EDGE('',*,*,#1757,.T.);
#1757 = EDGE_CURVE('',#1750,#1750,#1758,.T.);
#1758 = CIRCLE('',#1759,1.475);
#1759 = AXIS2_PLACEMENT_3D('',#1760,#1761,#1762);
#1760 = CARTESIAN_POINT('',(-4.507505479978E-15,-40.6,15.));
#1761 = DIRECTION('',(0.,-0.,1.));
#1762 = DIRECTION('',(1.110223024625E-16,1.,0.));
#1763 = ORIENTED_EDGE('',*,*,#1749,.F.);
#1764 = ORIENTED_EDGE('',*,*,#1381,.F.);
#1765 = CYLINDRICAL_SURFACE('',#1766,1.475);
#1766 = AXIS2_PLACEMENT_3D('',#1767,#1768,#1769);
#1767 = CARTESIAN_POINT('',(-4.507505479978E-15,-40.6,0.));
#1768 = DIRECTION('',(0.,-0.,-1.));
#1769 = DIRECTION('',(1.110223024625E-16,1.,0.));
#1770 = ADVANCED_FACE('',(#1771),#1774,.F.);
#1771 = FACE_BOUND('',#1772,.F.);
#1772 = EDGE_LOOP('',(#1773));
#1773 = ORIENTED_EDGE('',*,*,#1757,.T.);
#1774 = PLANE('',#1775);
#1775 = AXIS2_PLACEMENT_3D('',#1776,#1777,#1778);
#1776 = CARTESIAN_POINT('',(-4.166742589643E-15,-40.6,15.));
#1777 = DIRECTION('',(0.,0.,1.));
#1778 = DIRECTION('',(1.110223024625E-16,1.,0.));
#1779 = ADVANCED_FACE('',(#1780),#1799,.F.);
#1780 = FACE_BOUND('',#1781,.T.);
#1781 = EDGE_LOOP('',(#1782,#1790,#1797,#1798));
#1782 = ORIENTED_EDGE('',*,*,#1783,.T.);
#1783 = EDGE_CURVE('',#1393,#1784,#1786,.T.);
#1784 = VERTEX_POINT('',#1785);
#1785 = CARTESIAN_POINT('',(8.687495167692E-15,39.125,15.));
#1786 = LINE('',#1787,#1788);
#1787 = CARTESIAN_POINT('',(8.687495167692E-15,39.125,0.));
#1788 = VECTOR('',#1789,1.);
#1789 = DIRECTION('',(0.,0.,1.));
#1790 = ORIENTED_EDGE('',*,*,#1791,.T.);
#1791 = EDGE_CURVE('',#1784,#1784,#1792,.T.);
#1792 = CIRCLE('',#1793,1.475);
#1793 = AXIS2_PLACEMENT_3D('',#1794,#1795,#1796);
#1794 = CARTESIAN_POINT('',(9.015010959956E-15,40.6,15.));
#1795 = DIRECTION('',(0.,0.,1.));
#1796 = DIRECTION('',(-2.22044604925E-16,-1.,0.));
#1797 = ORIENTED_EDGE('',*,*,#1783,.F.);
#1798 = ORIENTED_EDGE('',*,*,#1392,.F.);
#1799 = CYLINDRICAL_SURFACE('',#1800,1.475);
#1800 = AXIS2_PLACEMENT_3D('',#1801,#1802,#1803);
#1801 = CARTESIAN_POINT('',(9.015010959956E-15,40.6,0.));
#1802 = DIRECTION('',(0.,0.,-1.));
#1803 = DIRECTION('',(-2.22044604925E-16,-1.,0.));
#1804 = ADVANCED_FACE('',(#1805),#1808,.F.);
#1805 = FACE_BOUND('',#1806,.F.);
#1806 = EDGE_LOOP('',(#1807));
#1807 = ORIENTED_EDGE('',*,*,#1791,.T.);
#1808 = PLANE('',#1809);
#1809 = AXIS2_PLACEMENT_3D('',#1810,#1811,#1812);
#1810 = CARTESIAN_POINT('',(8.674248069621E-15,40.6,15.));
#1811 = DIRECTION('',(0.,0.,1.));
#1812 = DIRECTION('',(-2.22044604925E-16,-1.,0.));
#1813 = ( GEOMETRIC_REPRESENTATION_CONTEXT(3) 
GLOBAL_UNCERTAINTY_ASSIGNED_CONTEXT((#1817)) 
GLOBAL_UNIT_ASSIGNED_CONTEXT((#1814,#1815,#1816)) REPRESENTATION_CONTEXT
('Context #1','3D Context with UNIT and UNCERTAINTY') );
#1814 = ( LENGTH_UNIT() NAMED_UNIT(*) SI_UNIT(.MILLI.,.METRE.) );
#1815 = ( NAMED_UNIT(*) PLANE_ANGLE_UNIT() SI_UNIT($,.RADIAN.) );
#1816 = ( NAMED_UNIT(*) SI_UNIT($,.STERADIAN.) SOLID_ANGLE_UNIT() );
#1817 = UNCERTAINTY_MEASURE_WITH_UNIT(LENGTH_MEASURE(2.E-07),#1814,
  'distance_accuracy_value','confusion accuracy');
#1818 = CONTEXT_DEPENDENT_SHAPE_REPRESENTATION(#1819,#1821);
#1819 = ( REPRESENTATION_RELATIONSHIP('','',#56,#10) 
REPRESENTATION_RELATIONSHIP_WITH_TRANSFORMATION(#1820) 
SHAPE_REPRESENTATION_RELATIONSHIP() );
#1820 = ITEM_DEFINED_TRANSFORMATION('','',#11,#15);
#1821 = PRODUCT_DEFINITION_SHAPE('Placement','Placement of an item',
  #1822);
#1822 = NEXT_ASSEMBLY_USAGE_OCCURRENCE('1','pinDisk','',#5,#51,$);
#1823 = PRODUCT_RELATED_PRODUCT_CATEGORY('part',$,(#53));
#1824 = SHAPE_DEFINITION_REPRESENTATION(#1825,#1831);
#1825 = PRODUCT_DEFINITION_SHAPE('','',#1826);
#1826 = PRODUCT_DEFINITION('design','',#1827,#1830);
#1827 = PRODUCT_DEFINITION_FORMATION('','',#1828);
#1828 = PRODUCT('driverDisk','driverDisk','',(#1829));
#1829 = PRODUCT_CONTEXT('',#2,'mechanical');
#1830 = PRODUCT_DEFINITION_CONTEXT('part definition',#2,'design');
#1831 = ADVANCED_BREP_SHAPE_REPRESENTATION('',(#11,#1832),#2194);
#1832 = MANIFOLD_SOLID_BREP('',#1833);
#1833 = CLOSED_SHELL('',(#1834,#1867,#1953,#1978,#2003,#2028,#2053,#2078
    ,#2103,#2128,#2137,#2146,#2155,#2164,#2173,#2182));
#1834 = ADVANCED_FACE('',(#1835),#1862,.T.);
#1835 = FACE_BOUND('',#1836,.F.);
#1836 = EDGE_LOOP('',(#1837,#1847,#1854,#1855));
#1837 = ORIENTED_EDGE('',*,*,#1838,.T.);
#1838 = EDGE_CURVE('',#1839,#1841,#1843,.T.);
#1839 = VERTEX_POINT('',#1840);
#1840 = CARTESIAN_POINT('',(33.908915126443,0.,0.));
#1841 = VERTEX_POINT('',#1842);
#1842 = CARTESIAN_POINT('',(33.908915126443,0.,5.));
#1843 = LINE('',#1844,#1845);
#1844 = CARTESIAN_POINT('',(33.908915126443,0.,0.));
#1845 = VECTOR('',#1846,1.);
#1846 = DIRECTION('',(0.,0.,1.));
#1847 = ORIENTED_EDGE('',*,*,#1848,.T.);
#1848 = EDGE_CURVE('',#1841,#1841,#1849,.T.);
#1849 = CIRCLE('',#1850,33.908915126443);
#1850 = AXIS2_PLACEMENT_3D('',#1851,#1852,#1853);
#1851 = CARTESIAN_POINT('',(0.,0.,5.));
#1852 = DIRECTION('',(0.,0.,1.));
#1853 = DIRECTION('',(1.,0.,0.));
#1854 = ORIENTED_EDGE('',*,*,#1838,.F.);
#1855 = ORIENTED_EDGE('',*,*,#1856,.F.);
#1856 = EDGE_CURVE('',#1839,#1839,#1857,.T.);
#1857 = CIRCLE('',#1858,33.908915126443);
#1858 = AXIS2_PLACEMENT_3D('',#1859,#1860,#1861);
#1859 = CARTESIAN_POINT('',(0.,0.,0.));
#1860 = DIRECTION('',(0.,0.,1.));
#1861 = DIRECTION('',(1.,0.,0.));
#1862 = CYLINDRICAL_SURFACE('',#1863,33.908915126443);
#1863 = AXIS2_PLACEMENT_3D('',#1864,#1865,#1866);
#1864 = CARTESIAN_POINT('',(0.,0.,0.));
#1865 = DIRECTION('',(-0.,-0.,-1.));
#1866 = DIRECTION('',(1.,0.,0.));
#1867 = ADVANCED_FACE('',(#1868,#1871,#1882,#1893,#1904,#1915,#1926,
    #1937),#1948,.T.);
#1868 = FACE_BOUND('',#1869,.T.);
#1869 = EDGE_LOOP('',(#1870));
#1870 = ORIENTED_EDGE('',*,*,#1848,.T.);
#1871 = FACE_BOUND('',#1872,.T.);
#1872 = EDGE_LOOP('',(#1873));
#1873 = ORIENTED_EDGE('',*,*,#1874,.T.);
#1874 = EDGE_CURVE('',#1875,#1875,#1877,.T.);
#1875 = VERTEX_POINT('',#1876);
#1876 = CARTESIAN_POINT('',(-10.,-17.32050807568,5.));
#1877 = CIRCLE('',#1878,5.);
#1878 = AXIS2_PLACEMENT_3D('',#1879,#1880,#1881);
#1879 = CARTESIAN_POINT('',(-12.5,-21.65063509461,5.));
#1880 = DIRECTION('',(0.,0.,-1.));
#1881 = DIRECTION('',(0.5,0.866025403784,0.));
#1882 = FACE_BOUND('',#1883,.T.);
#1883 = EDGE_LOOP('',(#1884));
#1884 = ORIENTED_EDGE('',*,*,#1885,.T.);
#1885 = EDGE_CURVE('',#1886,#1886,#1888,.T.);
#1886 = VERTEX_POINT('',#1887);
#1887 = CARTESIAN_POINT('',(-20.,0.,5.));
#1888 = CIRCLE('',#1889,5.);
#1889 = AXIS2_PLACEMENT_3D('',#1890,#1891,#1892);
#1890 = CARTESIAN_POINT('',(-25.,0.,5.));
#1891 = DIRECTION('',(0.,0.,-1.));
#1892 = DIRECTION('',(1.,0.,0.));
#1893 = FACE_BOUND('',#1894,.T.);
#1894 = EDGE_LOOP('',(#1895));
#1895 = ORIENTED_EDGE('',*,*,#1896,.T.);
#1896 = EDGE_CURVE('',#1897,#1897,#1899,.T.);
#1897 = VERTEX_POINT('',#1898);
#1898 = CARTESIAN_POINT('',(10.,-17.32050807568,5.));
#1899 = CIRCLE('',#1900,5.);
#1900 = AXIS2_PLACEMENT_3D('',#1901,#1902,#1903);
#1901 = CARTESIAN_POINT('',(12.5,-21.65063509461,5.));
#1902 = DIRECTION('',(0.,0.,-1.));
#1903 = DIRECTION('',(-0.5,0.866025403784,0.));
#1904 = FACE_BOUND('',#1905,.T.);
#1905 = EDGE_LOOP('',(#1906));
#1906 = ORIENTED_EDGE('',*,*,#1907,.F.);
#1907 = EDGE_CURVE('',#1908,#1908,#1910,.T.);
#1908 = VERTEX_POINT('',#1909);
#1909 = CARTESIAN_POINT('',(7.65,0.,5.));
#1910 = CIRCLE('',#1911,7.65);
#1911 = AXIS2_PLACEMENT_3D('',#1912,#1913,#1914);
#1912 = CARTESIAN_POINT('',(0.,0.,5.));
#1913 = DIRECTION('',(0.,0.,1.));
#1914 = DIRECTION('',(1.,0.,0.));
#1915 = FACE_BOUND('',#1916,.T.);
#1916 = EDGE_LOOP('',(#1917));
#1917 = ORIENTED_EDGE('',*,*,#1918,.T.);
#1918 = EDGE_CURVE('',#1919,#1919,#1921,.T.);
#1919 = VERTEX_POINT('',#1920);
#1920 = CARTESIAN_POINT('',(20.,-2.449293598295E-15,5.));
#1921 = CIRCLE('',#1922,5.);
#1922 = AXIS2_PLACEMENT_3D('',#1923,#1924,#1925);
#1923 = CARTESIAN_POINT('',(25.,-3.061616997868E-15,5.));
#1924 = DIRECTION('',(0.,0.,-1.));
#1925 = DIRECTION('',(-1.,1.224646799147E-16,0.));
#1926 = FACE_BOUND('',#1927,.T.);
#1927 = EDGE_LOOP('',(#1928));
#1928 = ORIENTED_EDGE('',*,*,#1929,.T.);
#1929 = EDGE_CURVE('',#1930,#1930,#1932,.T.);
#1930 = VERTEX_POINT('',#1931);
#1931 = CARTESIAN_POINT('',(-10.,17.320508075689,5.));
#1932 = CIRCLE('',#1933,5.);
#1933 = AXIS2_PLACEMENT_3D('',#1934,#1935,#1936);
#1934 = CARTESIAN_POINT('',(-12.5,21.650635094611,5.));
#1935 = DIRECTION('',(0.,-0.,-1.));
#1936 = DIRECTION('',(0.5,-0.866025403784,0.));
#1937 = FACE_BOUND('',#1938,.T.);
#1938 = EDGE_LOOP('',(#1939));
#1939 = ORIENTED_EDGE('',*,*,#1940,.T.);
#1940 = EDGE_CURVE('',#1941,#1941,#1943,.T.);
#1941 = VERTEX_POINT('',#1942);
#1942 = CARTESIAN_POINT('',(10.,17.320508075689,5.));
#1943 = CIRCLE('',#1944,5.);
#1944 = AXIS2_PLACEMENT_3D('',#1945,#1946,#1947);
#1945 = CARTESIAN_POINT('',(12.5,21.650635094611,5.));
#1946 = DIRECTION('',(0.,0.,-1.));
#1947 = DIRECTION('',(-0.5,-0.866025403784,-0.));
#1948 = PLANE('',#1949);
#1949 = AXIS2_PLACEMENT_3D('',#1950,#1951,#1952);
#1950 = CARTESIAN_POINT('',(-1.072041997069E-15,9.839120002488E-16,5.));
#1951 = DIRECTION('',(0.,0.,1.));
#1952 = DIRECTION('',(1.,0.,0.));
#1953 = ADVANCED_FACE('',(#1954),#1973,.F.);
#1954 = FACE_BOUND('',#1955,.T.);
#1955 = EDGE_LOOP('',(#1956,#1964,#1965,#1966));
#1956 = ORIENTED_EDGE('',*,*,#1957,.T.);
#1957 = EDGE_CURVE('',#1958,#1908,#1960,.T.);
#1958 = VERTEX_POINT('',#1959);
#1959 = CARTESIAN_POINT('',(7.65,0.,0.));
#1960 = LINE('',#1961,#1962);
#1961 = CARTESIAN_POINT('',(7.65,0.,0.));
#1962 = VECTOR('',#1963,1.);
#1963 = DIRECTION('',(0.,0.,1.));
#1964 = ORIENTED_EDGE('',*,*,#1907,.T.);
#1965 = ORIENTED_EDGE('',*,*,#1957,.F.);
#1966 = ORIENTED_EDGE('',*,*,#1967,.F.);
#1967 = EDGE_CURVE('',#1958,#1958,#1968,.T.);
#1968 = CIRCLE('',#1969,7.65);
#1969 = AXIS2_PLACEMENT_3D('',#1970,#1971,#1972);
#1970 = CARTESIAN_POINT('',(0.,0.,0.));
#1971 = DIRECTION('',(0.,0.,1.));
#1972 = DIRECTION('',(1.,0.,0.));
#1973 = CYLINDRICAL_SURFACE('',#1974,7.65);
#1974 = AXIS2_PLACEMENT_3D('',#1975,#1976,#1977);
#1975 = CARTESIAN_POINT('',(0.,0.,0.));
#1976 = DIRECTION('',(-0.,-0.,-1.));
#1977 = DIRECTION('',(1.,0.,0.));
#1978 = ADVANCED_FACE('',(#1979),#1998,.T.);
#1979 = FACE_BOUND('',#1980,.F.);
#1980 = EDGE_LOOP('',(#1981,#1982,#1990,#1997));
#1981 = ORIENTED_EDGE('',*,*,#1874,.T.);
#1982 = ORIENTED_EDGE('',*,*,#1983,.T.);
#1983 = EDGE_CURVE('',#1875,#1984,#1986,.T.);
#1984 = VERTEX_POINT('',#1985);
#1985 = CARTESIAN_POINT('',(-10.,-17.32050807568,20.));
#1986 = LINE('',#1987,#1988);
#1987 = CARTESIAN_POINT('',(-10.,-17.32050807568,0.));
#1988 = VECTOR('',#1989,1.);
#1989 = DIRECTION('',(0.,0.,1.));
#1990 = ORIENTED_EDGE('',*,*,#1991,.T.);
#1991 = EDGE_CURVE('',#1984,#1984,#1992,.T.);
#1992 = CIRCLE('',#1993,5.);
#1993 = AXIS2_PLACEMENT_3D('',#1994,#1995,#1996);
#1994 = CARTESIAN_POINT('',(-12.5,-21.65063509461,20.));
#1995 = DIRECTION('',(0.,-0.,1.));
#1996 = DIRECTION('',(0.5,0.866025403784,0.));
#1997 = ORIENTED_EDGE('',*,*,#1983,.F.);
#1998 = CYLINDRICAL_SURFACE('',#1999,5.);
#1999 = AXIS2_PLACEMENT_3D('',#2000,#2001,#2002);
#2000 = CARTESIAN_POINT('',(-12.5,-21.65063509461,0.));
#2001 = DIRECTION('',(0.,-0.,-1.));
#2002 = DIRECTION('',(0.5,0.866025403784,0.));
#2003 = ADVANCED_FACE('',(#2004),#2023,.T.);
#2004 = FACE_BOUND('',#2005,.F.);
#2005 = EDGE_LOOP('',(#2006,#2007,#2015,#2022));
#2006 = ORIENTED_EDGE('',*,*,#1885,.T.);
#2007 = ORIENTED_EDGE('',*,*,#2008,.T.);
#2008 = EDGE_CURVE('',#1886,#2009,#2011,.T.);
#2009 = VERTEX_POINT('',#2010);
#2010 = CARTESIAN_POINT('',(-20.,0.,20.));
#2011 = LINE('',#2012,#2013);
#2012 = CARTESIAN_POINT('',(-20.,0.,0.));
#2013 = VECTOR('',#2014,1.);
#2014 = DIRECTION('',(0.,0.,1.));
#2015 = ORIENTED_EDGE('',*,*,#2016,.T.);
#2016 = EDGE_CURVE('',#2009,#2009,#2017,.T.);
#2017 = CIRCLE('',#2018,5.);
#2018 = AXIS2_PLACEMENT_3D('',#2019,#2020,#2021);
#2019 = CARTESIAN_POINT('',(-25.,0.,20.));
#2020 = DIRECTION('',(0.,0.,1.));
#2021 = DIRECTION('',(1.,0.,0.));
#2022 = ORIENTED_EDGE('',*,*,#2008,.F.);
#2023 = CYLINDRICAL_SURFACE('',#2024,5.);
#2024 = AXIS2_PLACEMENT_3D('',#2025,#2026,#2027);
#2025 = CARTESIAN_POINT('',(-25.,0.,0.));
#2026 = DIRECTION('',(-0.,-0.,-1.));
#2027 = DIRECTION('',(1.,0.,0.));
#2028 = ADVANCED_FACE('',(#2029),#2048,.T.);
#2029 = FACE_BOUND('',#2030,.F.);
#2030 = EDGE_LOOP('',(#2031,#2032,#2040,#2047));
#2031 = ORIENTED_EDGE('',*,*,#1896,.T.);
#2032 = ORIENTED_EDGE('',*,*,#2033,.T.);
#2033 = EDGE_CURVE('',#1897,#2034,#2036,.T.);
#2034 = VERTEX_POINT('',#2035);
#2035 = CARTESIAN_POINT('',(10.,-17.32050807568,20.));
#2036 = LINE('',#2037,#2038);
#2037 = CARTESIAN_POINT('',(10.,-17.32050807568,0.));
#2038 = VECTOR('',#2039,1.);
#2039 = DIRECTION('',(0.,0.,1.));
#2040 = ORIENTED_EDGE('',*,*,#2041,.T.);
#2041 = EDGE_CURVE('',#2034,#2034,#2042,.T.);
#2042 = CIRCLE('',#2043,5.);
#2043 = AXIS2_PLACEMENT_3D('',#2044,#2045,#2046);
#2044 = CARTESIAN_POINT('',(12.5,-21.65063509461,20.));
#2045 = DIRECTION('',(0.,0.,1.));
#2046 = DIRECTION('',(-0.5,0.866025403784,0.));
#2047 = ORIENTED_EDGE('',*,*,#2033,.F.);
#2048 = CYLINDRICAL_SURFACE('',#2049,5.);
#2049 = AXIS2_PLACEMENT_3D('',#2050,#2051,#2052);
#2050 = CARTESIAN_POINT('',(12.5,-21.65063509461,0.));
#2051 = DIRECTION('',(-0.,0.,-1.));
#2052 = DIRECTION('',(-0.5,0.866025403784,0.));
#2053 = ADVANCED_FACE('',(#2054),#2073,.T.);
#2054 = FACE_BOUND('',#2055,.F.);
#2055 = EDGE_LOOP('',(#2056,#2057,#2065,#2072));
#2056 = ORIENTED_EDGE('',*,*,#1918,.T.);
#2057 = ORIENTED_EDGE('',*,*,#2058,.T.);
#2058 = EDGE_CURVE('',#1919,#2059,#2061,.T.);
#2059 = VERTEX_POINT('',#2060);
#2060 = CARTESIAN_POINT('',(20.,-2.449293598295E-15,20.));
#2061 = LINE('',#2062,#2063);
#2062 = CARTESIAN_POINT('',(20.,-2.449293598295E-15,0.));
#2063 = VECTOR('',#2064,1.);
#2064 = DIRECTION('',(0.,0.,1.));
#2065 = ORIENTED_EDGE('',*,*,#2066,.T.);
#2066 = EDGE_CURVE('',#2059,#2059,#2067,.T.);
#2067 = CIRCLE('',#2068,5.);
#2068 = AXIS2_PLACEMENT_3D('',#2069,#2070,#2071);
#2069 = CARTESIAN_POINT('',(25.,-3.061616997868E-15,20.));
#2070 = DIRECTION('',(0.,0.,1.));
#2071 = DIRECTION('',(-1.,1.224646799147E-16,0.));
#2072 = ORIENTED_EDGE('',*,*,#2058,.F.);
#2073 = CYLINDRICAL_SURFACE('',#2074,5.);
#2074 = AXIS2_PLACEMENT_3D('',#2075,#2076,#2077);
#2075 = CARTESIAN_POINT('',(25.,-3.061616997868E-15,0.));
#2076 = DIRECTION('',(0.,0.,-1.));
#2077 = DIRECTION('',(-1.,1.224646799147E-16,0.));
#2078 = ADVANCED_FACE('',(#2079),#2098,.T.);
#2079 = FACE_BOUND('',#2080,.F.);
#2080 = EDGE_LOOP('',(#2081,#2082,#2090,#2097));
#2081 = ORIENTED_EDGE('',*,*,#1929,.T.);
#2082 = ORIENTED_EDGE('',*,*,#2083,.T.);
#2083 = EDGE_CURVE('',#1930,#2084,#2086,.T.);
#2084 = VERTEX_POINT('',#2085);
#2085 = CARTESIAN_POINT('',(-10.,17.320508075689,20.));
#2086 = LINE('',#2087,#2088);
#2087 = CARTESIAN_POINT('',(-10.,17.320508075689,0.));
#2088 = VECTOR('',#2089,1.);
#2089 = DIRECTION('',(0.,0.,1.));
#2090 = ORIENTED_EDGE('',*,*,#2091,.T.);
#2091 = EDGE_CURVE('',#2084,#2084,#2092,.T.);
#2092 = CIRCLE('',#2093,5.);
#2093 = AXIS2_PLACEMENT_3D('',#2094,#2095,#2096);
#2094 = CARTESIAN_POINT('',(-12.5,21.650635094611,20.));
#2095 = DIRECTION('',(-0.,0.,1.));
#2096 = DIRECTION('',(0.5,-0.866025403784,0.));
#2097 = ORIENTED_EDGE('',*,*,#2083,.F.);
#2098 = CYLINDRICAL_SURFACE('',#2099,5.);
#2099 = AXIS2_PLACEMENT_3D('',#2100,#2101,#2102);
#2100 = CARTESIAN_POINT('',(-12.5,21.650635094611,0.));
#2101 = DIRECTION('',(0.,0.,-1.));
#2102 = DIRECTION('',(0.5,-0.866025403784,0.));
#2103 = ADVANCED_FACE('',(#2104),#2123,.T.);
#2104 = FACE_BOUND('',#2105,.F.);
#2105 = EDGE_LOOP('',(#2106,#2107,#2115,#2122));
#2106 = ORIENTED_EDGE('',*,*,#1940,.T.);
#2107 = ORIENTED_EDGE('',*,*,#2108,.T.);
#2108 = EDGE_CURVE('',#1941,#2109,#2111,.T.);
#2109 = VERTEX_POINT('',#2110);
#2110 = CARTESIAN_POINT('',(10.,17.320508075689,20.));
#2111 = LINE('',#2112,#2113);
#2112 = CARTESIAN_POINT('',(10.,17.320508075689,0.));
#2113 = VECTOR('',#2114,1.);
#2114 = DIRECTION('',(0.,0.,1.));
#2115 = ORIENTED_EDGE('',*,*,#2116,.T.);
#2116 = EDGE_CURVE('',#2109,#2109,#2117,.T.);
#2117 = CIRCLE('',#2118,5.);
#2118 = AXIS2_PLACEMENT_3D('',#2119,#2120,#2121);
#2119 = CARTESIAN_POINT('',(12.5,21.650635094611,20.));
#2120 = DIRECTION('',(0.,0.,1.));
#2121 = DIRECTION('',(-0.5,-0.866025403784,0.));
#2122 = ORIENTED_EDGE('',*,*,#2108,.F.);
#2123 = CYLINDRICAL_SURFACE('',#2124,5.);
#2124 = AXIS2_PLACEMENT_3D('',#2125,#2126,#2127);
#2125 = CARTESIAN_POINT('',(12.5,21.650635094611,0.));
#2126 = DIRECTION('',(0.,0.,-1.));
#2127 = DIRECTION('',(-0.5,-0.866025403784,0.));
#2128 = ADVANCED_FACE('',(#2129),#2132,.T.);
#2129 = FACE_BOUND('',#2130,.T.);
#2130 = EDGE_LOOP('',(#2131));
#2131 = ORIENTED_EDGE('',*,*,#1991,.T.);
#2132 = PLANE('',#2133);
#2133 = AXIS2_PLACEMENT_3D('',#2134,#2135,#2136);
#2134 = CARTESIAN_POINT('',(-12.5,-21.65063509461,20.));
#2135 = DIRECTION('',(0.,0.,1.));
#2136 = DIRECTION('',(0.5,0.866025403784,0.));
#2137 = ADVANCED_FACE('',(#2138),#2141,.T.);
#2138 = FACE_BOUND('',#2139,.T.);
#2139 = EDGE_LOOP('',(#2140));
#2140 = ORIENTED_EDGE('',*,*,#2016,.T.);
#2141 = PLANE('',#2142);
#2142 = AXIS2_PLACEMENT_3D('',#2143,#2144,#2145);
#2143 = CARTESIAN_POINT('',(-25.,1.111733404556E-16,20.));
#2144 = DIRECTION('',(0.,0.,1.));
#2145 = DIRECTION('',(1.,0.,0.));
#2146 = ADVANCED_FACE('',(#2147),#2150,.T.);
#2147 = FACE_BOUND('',#2148,.T.);
#2148 = EDGE_LOOP('',(#2149));
#2149 = ORIENTED_EDGE('',*,*,#2041,.T.);
#2150 = PLANE('',#2151);
#2151 = AXIS2_PLACEMENT_3D('',#2152,#2153,#2154);
#2152 = CARTESIAN_POINT('',(12.5,-21.65063509461,20.));
#2153 = DIRECTION('',(0.,0.,1.));
#2154 = DIRECTION('',(-0.5,0.866025403784,0.));
#2155 = ADVANCED_FACE('',(#2156),#2159,.T.);
#2156 = FACE_BOUND('',#2157,.T.);
#2157 = EDGE_LOOP('',(#2158));
#2158 = ORIENTED_EDGE('',*,*,#2066,.T.);
#2159 = PLANE('',#2160);
#2160 = AXIS2_PLACEMENT_3D('',#2161,#2162,#2163);
#2161 = CARTESIAN_POINT('',(25.,-3.172790338324E-15,20.));
#2162 = DIRECTION('',(0.,0.,1.));
#2163 = DIRECTION('',(-1.,1.224646799147E-16,0.));
#2164 = ADVANCED_FACE('',(#2165),#2168,.T.);
#2165 = FACE_BOUND('',#2166,.T.);
#2166 = EDGE_LOOP('',(#2167));
#2167 = ORIENTED_EDGE('',*,*,#2091,.T.);
#2168 = PLANE('',#2169);
#2169 = AXIS2_PLACEMENT_3D('',#2170,#2171,#2172);
#2170 = CARTESIAN_POINT('',(-12.5,21.650635094611,20.));
#2171 = DIRECTION('',(0.,0.,1.));
#2172 = DIRECTION('',(0.5,-0.866025403784,0.));
#2173 = ADVANCED_FACE('',(#2174),#2177,.T.);
#2174 = FACE_BOUND('',#2175,.T.);
#2175 = EDGE_LOOP('',(#2176));
#2176 = ORIENTED_EDGE('',*,*,#2116,.T.);
#2177 = PLANE('',#2178);
#2178 = AXIS2_PLACEMENT_3D('',#2179,#2180,#2181);
#2179 = CARTESIAN_POINT('',(12.5,21.650635094611,20.));
#2180 = DIRECTION('',(0.,0.,1.));
#2181 = DIRECTION('',(-0.5,-0.866025403784,0.));
#2182 = ADVANCED_FACE('',(#2183,#2186),#2189,.T.);
#2183 = FACE_BOUND('',#2184,.T.);
#2184 = EDGE_LOOP('',(#2185));
#2185 = ORIENTED_EDGE('',*,*,#1856,.F.);
#2186 = FACE_BOUND('',#2187,.T.);
#2187 = EDGE_LOOP('',(#2188));
#2188 = ORIENTED_EDGE('',*,*,#1967,.T.);
#2189 = PLANE('',#2190);
#2190 = AXIS2_PLACEMENT_3D('',#2191,#2192,#2193);
#2191 = CARTESIAN_POINT('',(-1.199474982758E-15,1.174130011908E-15,0.));
#2192 = DIRECTION('',(-0.,-0.,-1.));
#2193 = DIRECTION('',(-1.,0.,0.));
#2194 = ( GEOMETRIC_REPRESENTATION_CONTEXT(3) 
GLOBAL_UNCERTAINTY_ASSIGNED_CONTEXT((#2198)) 
GLOBAL_UNIT_ASSIGNED_CONTEXT((#2195,#2196,#2197)) REPRESENTATION_CONTEXT
('Context #1','3D Context with UNIT and UNCERTAINTY') );
#2195 = ( LENGTH_UNIT() NAMED_UNIT(*) SI_UNIT(.MILLI.,.METRE.) );
#2196 = ( NAMED_UNIT(*) PLANE_ANGLE_UNIT() SI_UNIT($,.RADIAN.) );
#2197 = ( NAMED_UNIT(*) SI_UNIT($,.STERADIAN.) SOLID_ANGLE_UNIT() );
#2198 = UNCERTAINTY_MEASURE_WITH_UNIT(LENGTH_MEASURE(1.E-07),#2195,
  'distance_accuracy_value','confusion accuracy');
#2199 = CONTEXT_DEPENDENT_SHAPE_REPRESENTATION(#2200,#2202);
#2200 = ( REPRESENTATION_RELATIONSHIP('','',#1831,#10) 
REPRESENTATION_RELATIONSHIP_WITH_TRANSFORMATION(#2201) 
SHAPE_REPRESENTATION_RELATIONSHIP() );
#2201 = ITEM_DEFINED_TRANSFORMATION('','',#11,#19);
#2202 = PRODUCT_DEFINITION_SHAPE('Placement','Placement of an item',
  #2203);
#2203 = NEXT_ASSEMBLY_USAGE_OCCURRENCE('2','driverDisk','',#5,#1826,$);
#2204 = PRODUCT_RELATED_PRODUCT_CATEGORY('part',$,(#1828));
#2205 = SHAPE_DEFINITION_REPRESENTATION(#2206,#2212);
#2206 = PRODUCT_DEFINITION_SHAPE('','',#2207);
#2207 = PRODUCT_DEFINITION('design','',#2208,#2211);
#2208 = PRODUCT_DEFINITION_FORMATION('','',#2209);
#2209 = PRODUCT('inputShaft','inputShaft','',(#2210));
#2210 = PRODUCT_CONTEXT('',#2,'mechanical');
#2211 = PRODUCT_DEFINITION_CONTEXT('part definition',#2,'design');
#2212 = ADVANCED_BREP_SHAPE_REPRESENTATION('',(#11,#2213),#2549);
#2213 = MANIFOLD_SOLID_BREP('',#2214);
#2214 = CLOSED_SHELL('',(#2215,#2248,#2268,#2277,#2302,#2375,#2417,#2442
    ,#2491,#2508,#2526,#2539));
#2215 = ADVANCED_FACE('',(#2216),#2243,.T.);
#2216 = FACE_BOUND('',#2217,.T.);
#2217 = EDGE_LOOP('',(#2218,#2228,#2235,#2236));
#2218 = ORIENTED_EDGE('',*,*,#2219,.T.);
#2219 = EDGE_CURVE('',#2220,#2222,#2224,.T.);
#2220 = VERTEX_POINT('',#2221);
#2221 = CARTESIAN_POINT('',(6.5,0.,0.));
#2222 = VERTEX_POINT('',#2223);
#2223 = CARTESIAN_POINT('',(6.5,0.,-5.));
#2224 = LINE('',#2225,#2226);
#2225 = CARTESIAN_POINT('',(6.5,0.,0.));
#2226 = VECTOR('',#2227,1.);
#2227 = DIRECTION('',(-0.,-0.,-1.));
#2228 = ORIENTED_EDGE('',*,*,#2229,.T.);
#2229 = EDGE_CURVE('',#2222,#2222,#2230,.T.);
#2230 = CIRCLE('',#2231,6.5);
#2231 = AXIS2_PLACEMENT_3D('',#2232,#2233,#2234);
#2232 = CARTESIAN_POINT('',(0.,0.,-5.));
#2233 = DIRECTION('',(0.,0.,1.));
#2234 = DIRECTION('',(1.,0.,0.));
#2235 = ORIENTED_EDGE('',*,*,#2219,.F.);
#2236 = ORIENTED_EDGE('',*,*,#2237,.F.);
#2237 = EDGE_CURVE('',#2220,#2220,#2238,.T.);
#2238 = CIRCLE('',#2239,6.5);
#2239 = AXIS2_PLACEMENT_3D('',#2240,#2241,#2242);
#2240 = CARTESIAN_POINT('',(0.,0.,0.));
#2241 = DIRECTION('',(0.,0.,1.));
#2242 = DIRECTION('',(1.,0.,0.));
#2243 = CYLINDRICAL_SURFACE('',#2244,6.5);
#2244 = AXIS2_PLACEMENT_3D('',#2245,#2246,#2247);
#2245 = CARTESIAN_POINT('',(0.,0.,0.));
#2246 = DIRECTION('',(0.,0.,1.));
#2247 = DIRECTION('',(1.,0.,0.));
#2248 = ADVANCED_FACE('',(#2249,#2260),#2263,.F.);
#2249 = FACE_BOUND('',#2250,.F.);
#2250 = EDGE_LOOP('',(#2251));
#2251 = ORIENTED_EDGE('',*,*,#2252,.T.);
#2252 = EDGE_CURVE('',#2253,#2253,#2255,.T.);
#2253 = VERTEX_POINT('',#2254);
#2254 = CARTESIAN_POINT('',(7.5,0.,0.));
#2255 = CIRCLE('',#2256,7.5);
#2256 = AXIS2_PLACEMENT_3D('',#2257,#2258,#2259);
#2257 = CARTESIAN_POINT('',(0.,0.,0.));
#2258 = DIRECTION('',(0.,0.,1.));
#2259 = DIRECTION('',(1.,0.,0.));
#2260 = FACE_BOUND('',#2261,.F.);
#2261 = EDGE_LOOP('',(#2262));
#2262 = ORIENTED_EDGE('',*,*,#2237,.F.);
#2263 = PLANE('',#2264);
#2264 = AXIS2_PLACEMENT_3D('',#2265,#2266,#2267);
#2265 = CARTESIAN_POINT('',(-5.469760530158E-16,1.667600106834E-16,0.));
#2266 = DIRECTION('',(0.,0.,1.));
#2267 = DIRECTION('',(1.,0.,0.));
#2268 = ADVANCED_FACE('',(#2269),#2272,.F.);
#2269 = FACE_BOUND('',#2270,.F.);
#2270 = EDGE_LOOP('',(#2271));
#2271 = ORIENTED_EDGE('',*,*,#2229,.T.);
#2272 = PLANE('',#2273);
#2273 = AXIS2_PLACEMENT_3D('',#2274,#2275,#2276);
#2274 = CARTESIAN_POINT('',(-2.235238678189E-16,6.182204997657E-16,-5.)
  );
#2275 = DIRECTION('',(0.,0.,1.));
#2276 = DIRECTION('',(1.,0.,0.));
#2277 = ADVANCED_FACE('',(#2278),#2297,.T.);
#2278 = FACE_BOUND('',#2279,.F.);
#2279 = EDGE_LOOP('',(#2280,#2288,#2295,#2296));
#2280 = ORIENTED_EDGE('',*,*,#2281,.T.);
#2281 = EDGE_CURVE('',#2253,#2282,#2284,.T.);
#2282 = VERTEX_POINT('',#2283);
#2283 = CARTESIAN_POINT('',(7.5,0.,5.));
#2284 = LINE('',#2285,#2286);
#2285 = CARTESIAN_POINT('',(7.5,0.,0.));
#2286 = VECTOR('',#2287,1.);
#2287 = DIRECTION('',(0.,0.,1.));
#2288 = ORIENTED_EDGE('',*,*,#2289,.T.);
#2289 = EDGE_CURVE('',#2282,#2282,#2290,.T.);
#2290 = CIRCLE('',#2291,7.5);
#2291 = AXIS2_PLACEMENT_3D('',#2292,#2293,#2294);
#2292 = CARTESIAN_POINT('',(0.,0.,5.));
#2293 = DIRECTION('',(0.,0.,1.));
#2294 = DIRECTION('',(1.,0.,0.));
#2295 = ORIENTED_EDGE('',*,*,#2281,.F.);
#2296 = ORIENTED_EDGE('',*,*,#2252,.F.);
#2297 = CYLINDRICAL_SURFACE('',#2298,7.5);
#2298 = AXIS2_PLACEMENT_3D('',#2299,#2300,#2301);
#2299 = CARTESIAN_POINT('',(0.,0.,0.));
#2300 = DIRECTION('',(-0.,-0.,-1.));
#2301 = DIRECTION('',(1.,0.,0.));
#2302 = ADVANCED_FACE('',(#2303,#2306),#2370,.T.);
#2303 = FACE_BOUND('',#2304,.T.);
#2304 = EDGE_LOOP('',(#2305));
#2305 = ORIENTED_EDGE('',*,*,#2289,.T.);
#2306 = FACE_BOUND('',#2307,.T.);
#2307 = EDGE_LOOP('',(#2308,#2319,#2328,#2337,#2346,#2354,#2363));
#2308 = ORIENTED_EDGE('',*,*,#2309,.T.);
#2309 = EDGE_CURVE('',#2310,#2312,#2314,.T.);
#2310 = VERTEX_POINT('',#2311);
#2311 = CARTESIAN_POINT('',(2.125,1.964529205688,5.));
#2312 = VERTEX_POINT('',#2313);
#2313 = CARTESIAN_POINT('',(4.5,0.,5.));
#2314 = CIRCLE('',#2315,2.);
#2315 = AXIS2_PLACEMENT_3D('',#2316,#2317,#2318);
#2316 = CARTESIAN_POINT('',(2.5,0.,5.));
#2317 = DIRECTION('',(0.,0.,-1.));
#2318 = DIRECTION('',(1.,0.,0.));
#2319 = ORIENTED_EDGE('',*,*,#2320,.T.);
#2320 = EDGE_CURVE('',#2312,#2321,#2323,.T.);
#2321 = VERTEX_POINT('',#2322);
#2322 = CARTESIAN_POINT('',(2.125,-1.964529205688,5.));
#2323 = CIRCLE('',#2324,2.);
#2324 = AXIS2_PLACEMENT_3D('',#2325,#2326,#2327);
#2325 = CARTESIAN_POINT('',(2.5,0.,5.));
#2326 = DIRECTION('',(0.,0.,-1.));
#2327 = DIRECTION('',(1.,0.,0.));
#2328 = ORIENTED_EDGE('',*,*,#2329,.T.);
#2329 = EDGE_CURVE('',#2321,#2330,#2332,.T.);
#2330 = VERTEX_POINT('',#2331);
#2331 = CARTESIAN_POINT('',(1.517857142857,-1.986481737615,5.));
#2332 = CIRCLE('',#2333,2.);
#2333 = AXIS2_PLACEMENT_3D('',#2334,#2335,#2336);
#2334 = CARTESIAN_POINT('',(1.75,0.,5.));
#2335 = DIRECTION('',(0.,0.,-1.));
#2336 = DIRECTION('',(1.,0.,0.));
#2337 = ORIENTED_EDGE('',*,*,#2338,.T.);
#2338 = EDGE_CURVE('',#2330,#2339,#2341,.T.);
#2339 = VERTEX_POINT('',#2340);
#2340 = CARTESIAN_POINT('',(-0.979795897113,2.3,5.));
#2341 = CIRCLE('',#2342,2.5);
#2342 = AXIS2_PLACEMENT_3D('',#2343,#2344,#2345);
#2343 = CARTESIAN_POINT('',(0.,0.,5.));
#2344 = DIRECTION('',(0.,0.,-1.));
#2345 = DIRECTION('',(1.,0.,0.));
#2346 = ORIENTED_EDGE('',*,*,#2347,.F.);
#2347 = EDGE_CURVE('',#2348,#2339,#2350,.T.);
#2348 = VERTEX_POINT('',#2349);
#2349 = CARTESIAN_POINT('',(0.979795897113,2.3,5.));
#2350 = LINE('',#2351,#2352);
#2351 = CARTESIAN_POINT('',(-0.489897948557,2.3,5.));
#2352 = VECTOR('',#2353,1.);
#2353 = DIRECTION('',(-1.,0.,0.));
#2354 = ORIENTED_EDGE('',*,*,#2355,.T.);
#2355 = EDGE_CURVE('',#2348,#2356,#2358,.T.);
#2356 = VERTEX_POINT('',#2357);
#2357 = CARTESIAN_POINT('',(1.517857142857,1.986481737615,5.));
#2358 = CIRCLE('',#2359,2.5);
#2359 = AXIS2_PLACEMENT_3D('',#2360,#2361,#2362);
#2360 = CARTESIAN_POINT('',(0.,0.,5.));
#2361 = DIRECTION('',(0.,0.,-1.));
#2362 = DIRECTION('',(1.,0.,0.));
#2363 = ORIENTED_EDGE('',*,*,#2364,.T.);
#2364 = EDGE_CURVE('',#2356,#2310,#2365,.T.);
#2365 = CIRCLE('',#2366,2.);
#2366 = AXIS2_PLACEMENT_3D('',#2367,#2368,#2369);
#2367 = CARTESIAN_POINT('',(1.75,0.,5.));
#2368 = DIRECTION('',(0.,0.,-1.));
#2369 = DIRECTION('',(1.,0.,0.));
#2370 = PLANE('',#2371);
#2371 = AXIS2_PLACEMENT_3D('',#2372,#2373,#2374);
#2372 = CARTESIAN_POINT('',(-5.469760530158E-16,1.667600106834E-16,5.));
#2373 = DIRECTION('',(0.,0.,1.));
#2374 = DIRECTION('',(1.,0.,0.));
#2375 = ADVANCED_FACE('',(#2376),#2412,.T.);
#2376 = FACE_BOUND('',#2377,.F.);
#2377 = EDGE_LOOP('',(#2378,#2386,#2387,#2388,#2396,#2405));
#2378 = ORIENTED_EDGE('',*,*,#2379,.T.);
#2379 = EDGE_CURVE('',#2380,#2310,#2382,.T.);
#2380 = VERTEX_POINT('',#2381);
#2381 = CARTESIAN_POINT('',(2.125,1.964529205688,10.));
#2382 = LINE('',#2383,#2384);
#2383 = CARTESIAN_POINT('',(2.125,1.964529205688,0.));
#2384 = VECTOR('',#2385,1.);
#2385 = DIRECTION('',(-0.,-0.,-1.));
#2386 = ORIENTED_EDGE('',*,*,#2309,.T.);
#2387 = ORIENTED_EDGE('',*,*,#2320,.T.);
#2388 = ORIENTED_EDGE('',*,*,#2389,.F.);
#2389 = EDGE_CURVE('',#2390,#2321,#2392,.T.);
#2390 = VERTEX_POINT('',#2391);
#2391 = CARTESIAN_POINT('',(2.125,-1.964529205688,10.));
#2392 = LINE('',#2393,#2394);
#2393 = CARTESIAN_POINT('',(2.125,-1.964529205688,0.));
#2394 = VECTOR('',#2395,1.);
#2395 = DIRECTION('',(-0.,-0.,-1.));
#2396 = ORIENTED_EDGE('',*,*,#2397,.T.);
#2397 = EDGE_CURVE('',#2390,#2398,#2400,.T.);
#2398 = VERTEX_POINT('',#2399);
#2399 = CARTESIAN_POINT('',(4.5,0.,10.));
#2400 = CIRCLE('',#2401,2.);
#2401 = AXIS2_PLACEMENT_3D('',#2402,#2403,#2404);
#2402 = CARTESIAN_POINT('',(2.5,0.,10.));
#2403 = DIRECTION('',(0.,0.,1.));
#2404 = DIRECTION('',(1.,0.,0.));
#2405 = ORIENTED_EDGE('',*,*,#2406,.T.);
#2406 = EDGE_CURVE('',#2398,#2380,#2407,.T.);
#2407 = CIRCLE('',#2408,2.);
#2408 = AXIS2_PLACEMENT_3D('',#2409,#2410,#2411);
#2409 = CARTESIAN_POINT('',(2.5,0.,10.));
#2410 = DIRECTION('',(0.,0.,1.));
#2411 = DIRECTION('',(1.,0.,0.));
#2412 = CYLINDRICAL_SURFACE('',#2413,2.);
#2413 = AXIS2_PLACEMENT_3D('',#2414,#2415,#2416);
#2414 = CARTESIAN_POINT('',(2.5,0.,0.));
#2415 = DIRECTION('',(-0.,-0.,-1.));
#2416 = DIRECTION('',(1.,0.,0.));
#2417 = ADVANCED_FACE('',(#2418),#2437,.T.);
#2418 = FACE_BOUND('',#2419,.F.);
#2419 = EDGE_LOOP('',(#2420,#2429,#2435,#2436));
#2420 = ORIENTED_EDGE('',*,*,#2421,.T.);
#2421 = EDGE_CURVE('',#2380,#2422,#2424,.T.);
#2422 = VERTEX_POINT('',#2423);
#2423 = CARTESIAN_POINT('',(1.517857142857,1.986481737615,10.));
#2424 = CIRCLE('',#2425,2.);
#2425 = AXIS2_PLACEMENT_3D('',#2426,#2427,#2428);
#2426 = CARTESIAN_POINT('',(1.75,0.,10.));
#2427 = DIRECTION('',(0.,0.,1.));
#2428 = DIRECTION('',(1.,0.,0.));
#2429 = ORIENTED_EDGE('',*,*,#2430,.T.);
#2430 = EDGE_CURVE('',#2422,#2356,#2431,.T.);
#2431 = LINE('',#2432,#2433);
#2432 = CARTESIAN_POINT('',(1.517857142857,1.986481737615,0.));
#2433 = VECTOR('',#2434,1.);
#2434 = DIRECTION('',(-0.,-0.,-1.));
#2435 = ORIENTED_EDGE('',*,*,#2364,.T.);
#2436 = ORIENTED_EDGE('',*,*,#2379,.F.);
#2437 = CYLINDRICAL_SURFACE('',#2438,2.);
#2438 = AXIS2_PLACEMENT_3D('',#2439,#2440,#2441);
#2439 = CARTESIAN_POINT('',(1.75,0.,0.));
#2440 = DIRECTION('',(-0.,-0.,-1.));
#2441 = DIRECTION('',(1.,0.,0.));
#2442 = ADVANCED_FACE('',(#2443),#2486,.F.);
#2443 = FACE_BOUND('',#2444,.T.);
#2444 = EDGE_LOOP('',(#2445,#2456,#2462,#2463,#2471,#2478,#2479,#2480));
#2445 = ORIENTED_EDGE('',*,*,#2446,.F.);
#2446 = EDGE_CURVE('',#2447,#2449,#2451,.T.);
#2447 = VERTEX_POINT('',#2448);
#2448 = CARTESIAN_POINT('',(-0.979795897113,2.3,0.));
#2449 = VERTEX_POINT('',#2450);
#2450 = CARTESIAN_POINT('',(0.979795897113,2.3,0.));
#2451 = CIRCLE('',#2452,2.5);
#2452 = AXIS2_PLACEMENT_3D('',#2453,#2454,#2455);
#2453 = CARTESIAN_POINT('',(0.,0.,0.));
#2454 = DIRECTION('',(0.,0.,1.));
#2455 = DIRECTION('',(1.,0.,0.));
#2456 = ORIENTED_EDGE('',*,*,#2457,.T.);
#2457 = EDGE_CURVE('',#2447,#2339,#2458,.T.);
#2458 = LINE('',#2459,#2460);
#2459 = CARTESIAN_POINT('',(-0.979795897113,2.3,0.));
#2460 = VECTOR('',#2461,1.);
#2461 = DIRECTION('',(0.,0.,1.));
#2462 = ORIENTED_EDGE('',*,*,#2338,.F.);
#2463 = ORIENTED_EDGE('',*,*,#2464,.F.);
#2464 = EDGE_CURVE('',#2465,#2330,#2467,.T.);
#2465 = VERTEX_POINT('',#2466);
#2466 = CARTESIAN_POINT('',(1.517857142857,-1.986481737615,10.));
#2467 = LINE('',#2468,#2469);
#2468 = CARTESIAN_POINT('',(1.517857142857,-1.986481737615,0.));
#2469 = VECTOR('',#2470,1.);
#2470 = DIRECTION('',(-0.,-0.,-1.));
#2471 = ORIENTED_EDGE('',*,*,#2472,.F.);
#2472 = EDGE_CURVE('',#2422,#2465,#2473,.T.);
#2473 = CIRCLE('',#2474,2.5);
#2474 = AXIS2_PLACEMENT_3D('',#2475,#2476,#2477);
#2475 = CARTESIAN_POINT('',(0.,0.,10.));
#2476 = DIRECTION('',(0.,0.,-1.));
#2477 = DIRECTION('',(1.,0.,0.));
#2478 = ORIENTED_EDGE('',*,*,#2430,.T.);
#2479 = ORIENTED_EDGE('',*,*,#2355,.F.);
#2480 = ORIENTED_EDGE('',*,*,#2481,.F.);
#2481 = EDGE_CURVE('',#2449,#2348,#2482,.T.);
#2482 = LINE('',#2483,#2484);
#2483 = CARTESIAN_POINT('',(0.979795897113,2.3,0.));
#2484 = VECTOR('',#2485,1.);
#2485 = DIRECTION('',(0.,0.,1.));
#2486 = CYLINDRICAL_SURFACE('',#2487,2.5);
#2487 = AXIS2_PLACEMENT_3D('',#2488,#2489,#2490);
#2488 = CARTESIAN_POINT('',(0.,0.,0.));
#2489 = DIRECTION('',(-0.,-0.,-1.));
#2490 = DIRECTION('',(1.,0.,0.));
#2491 = ADVANCED_FACE('',(#2492),#2503,.F.);
#2492 = FACE_BOUND('',#2493,.F.);
#2493 = EDGE_LOOP('',(#2494,#2500,#2501,#2502));
#2494 = ORIENTED_EDGE('',*,*,#2495,.F.);
#2495 = EDGE_CURVE('',#2447,#2449,#2496,.T.);
#2496 = LINE('',#2497,#2498);
#2497 = CARTESIAN_POINT('',(-0.979795897113,2.3,0.));
#2498 = VECTOR('',#2499,1.);
#2499 = DIRECTION('',(1.,0.,0.));
#2500 = ORIENTED_EDGE('',*,*,#2457,.T.);
#2501 = ORIENTED_EDGE('',*,*,#2347,.F.);
#2502 = ORIENTED_EDGE('',*,*,#2481,.F.);
#2503 = PLANE('',#2504);
#2504 = AXIS2_PLACEMENT_3D('',#2505,#2506,#2507);
#2505 = CARTESIAN_POINT('',(-0.979795897113,2.3,0.));
#2506 = DIRECTION('',(0.,1.,0.));
#2507 = DIRECTION('',(1.,0.,0.));
#2508 = ADVANCED_FACE('',(#2509),#2521,.T.);
#2509 = FACE_BOUND('',#2510,.F.);
#2510 = EDGE_LOOP('',(#2511,#2518,#2519,#2520));
#2511 = ORIENTED_EDGE('',*,*,#2512,.T.);
#2512 = EDGE_CURVE('',#2465,#2390,#2513,.T.);
#2513 = CIRCLE('',#2514,2.);
#2514 = AXIS2_PLACEMENT_3D('',#2515,#2516,#2517);
#2515 = CARTESIAN_POINT('',(1.75,0.,10.));
#2516 = DIRECTION('',(0.,0.,1.));
#2517 = DIRECTION('',(1.,0.,0.));
#2518 = ORIENTED_EDGE('',*,*,#2389,.T.);
#2519 = ORIENTED_EDGE('',*,*,#2329,.T.);
#2520 = ORIENTED_EDGE('',*,*,#2464,.F.);
#2521 = CYLINDRICAL_SURFACE('',#2522,2.);
#2522 = AXIS2_PLACEMENT_3D('',#2523,#2524,#2525);
#2523 = CARTESIAN_POINT('',(1.75,0.,0.));
#2524 = DIRECTION('',(-0.,-0.,-1.));
#2525 = DIRECTION('',(1.,0.,0.));
#2526 = ADVANCED_FACE('',(#2527),#2534,.T.);
#2527 = FACE_BOUND('',#2528,.T.);
#2528 = EDGE_LOOP('',(#2529,#2530,#2531,#2532,#2533));
#2529 = ORIENTED_EDGE('',*,*,#2512,.T.);
#2530 = ORIENTED_EDGE('',*,*,#2397,.T.);
#2531 = ORIENTED_EDGE('',*,*,#2406,.T.);
#2532 = ORIENTED_EDGE('',*,*,#2421,.T.);
#2533 = ORIENTED_EDGE('',*,*,#2472,.T.);
#2534 = PLANE('',#2535);
#2535 = AXIS2_PLACEMENT_3D('',#2536,#2537,#2538);
#2536 = CARTESIAN_POINT('',(2.205180142691,2.283639193387E-16,10.));
#2537 = DIRECTION('',(0.,0.,1.));
#2538 = DIRECTION('',(1.,0.,0.));
#2539 = ADVANCED_FACE('',(#2540),#2544,.T.);
#2540 = FACE_BOUND('',#2541,.T.);
#2541 = EDGE_LOOP('',(#2542,#2543));
#2542 = ORIENTED_EDGE('',*,*,#2446,.T.);
#2543 = ORIENTED_EDGE('',*,*,#2495,.F.);
#2544 = PLANE('',#2545);
#2545 = AXIS2_PLACEMENT_3D('',#2546,#2547,#2548);
#2546 = CARTESIAN_POINT('',(7.652595469513E-17,0.10931767404,0.));
#2547 = DIRECTION('',(0.,0.,1.));
#2548 = DIRECTION('',(1.,0.,0.));
#2549 = ( GEOMETRIC_REPRESENTATION_CONTEXT(3) 
GLOBAL_UNCERTAINTY_ASSIGNED_CONTEXT((#2553)) 
GLOBAL_UNIT_ASSIGNED_CONTEXT((#2550,#2551,#2552)) REPRESENTATION_CONTEXT
('Context #1','3D Context with UNIT and UNCERTAINTY') );
#2550 = ( LENGTH_UNIT() NAMED_UNIT(*) SI_UNIT(.MILLI.,.METRE.) );
#2551 = ( NAMED_UNIT(*) PLANE_ANGLE_UNIT() SI_UNIT($,.RADIAN.) );
#2552 = ( NAMED_UNIT(*) SI_UNIT($,.STERADIAN.) SOLID_ANGLE_UNIT() );
#2553 = UNCERTAINTY_MEASURE_WITH_UNIT(LENGTH_MEASURE(1.E-06),#2550,
  'distance_accuracy_value','confusion accuracy');
#2554 = CONTEXT_DEPENDENT_SHAPE_REPRESENTATION(#2555,#2557);
#2555 = ( REPRESENTATION_RELATIONSHIP('','',#2212,#10) 
REPRESENTATION_RELATIONSHIP_WITH_TRANSFORMATION(#2556) 
SHAPE_REPRESENTATION_RELATIONSHIP() );
#2556 = ITEM_DEFINED_TRANSFORMATION('','',#11,#23);
#2557 = PRODUCT_DEFINITION_SHAPE('Placement','Placement of an item',
  #2558);
#2558 = NEXT_ASSEMBLY_USAGE_OCCURRENCE('3','inputShaft','',#5,#2207,$);
#2559 = PRODUCT_RELATED_PRODUCT_CATEGORY('part',$,(#2209));
#2560 = SHAPE_DEFINITION_REPRESENTATION(#2561,#2567);
#2561 = PRODUCT_DEFINITION_SHAPE('','',#2562);
#2562 = PRODUCT_DEFINITION('design','',#2563,#2566);
#2563 = PRODUCT_DEFINITION_FORMATION('','',#2564);
#2564 = PRODUCT('cycloidalDisk1','cycloidalDisk1','',(#2565));
#2565 = PRODUCT_CONTEXT('',#2,'mechanical');
#2566 = PRODUCT_DEFINITION_CONTEXT('part definition',#2,'design');
#2567 = ADVANCED_BREP_SHAPE_REPRESENTATION('',(#11,#2568),#4828);
#2568 = MANIFOLD_SOLID_BREP('',#2569);
#2569 = CLOSED_SHELL('',(#2570,#2756,#2933,#3110,#3287,#3464,#3641,#3818
    ,#3995,#4172,#4349,#4517,#4550,#4583,#4616,#4649,#4682,#4715,#4748,
    #4788));
#2570 = ADVANCED_FACE('',(#2571),#2701,.F.);
#2571 = FACE_BOUND('',#2572,.F.);
#2572 = EDGE_LOOP('',(#2573,#2583,#2639,#2647));
#2573 = ORIENTED_EDGE('',*,*,#2574,.T.);
#2574 = EDGE_CURVE('',#2575,#2577,#2579,.T.);
#2575 = VERTEX_POINT('',#2576);
#2576 = CARTESIAN_POINT('',(29.29463142132,20.111838409348,0.));
#2577 = VERTEX_POINT('',#2578);
#2578 = CARTESIAN_POINT('',(29.29463142132,20.111838409348,5.));
#2579 = LINE('',#2580,#2581);
#2580 = CARTESIAN_POINT('',(29.29463142132,20.111838409348,0.));
#2581 = VECTOR('',#2582,1.);
#2582 = DIRECTION('',(0.,0.,1.));
#2583 = ORIENTED_EDGE('',*,*,#2584,.T.);
#2584 = EDGE_CURVE('',#2577,#2585,#2587,.T.);
#2585 = VERTEX_POINT('',#2586);
#2586 = CARTESIAN_POINT('',(13.45343848367,33.838310227188,5.));
#2587 = B_SPLINE_CURVE_WITH_KNOTS('',3,(#2588,#2589,#2590,#2591,#2592,
    #2593,#2594,#2595,#2596,#2597,#2598,#2599,#2600,#2601,#2602,#2603,
    #2604,#2605,#2606,#2607,#2608,#2609,#2610,#2611,#2612,#2613,#2614,
    #2615,#2616,#2617,#2618,#2619,#2620,#2621,#2622,#2623,#2624,#2625,
    #2626,#2627,#2628,#2629,#2630,#2631,#2632,#2633,#2634,#2635,#2636,
    #2637,#2638),.UNSPECIFIED.,.F.,.F.,(4,1,1,1,1,1,1,1,1,1,1,1,1,1,1,1,
    1,1,1,1,1,1,1,1,1,1,1,1,1,1,1,1,1,1,1,1,1,1,1,1,1,1,1,1,1,1,1,1,4),(
    0.,0.473206125628,0.943992429652,1.409973954886,1.868836789104,
    2.318377024136,2.756544271089,3.181492042951,3.591638155345,
    3.958628390048,4.336720798561,4.697643825895,5.041884944182,
    5.37090160957,5.687455278175,5.996091997334,6.303841257426,
    6.621230764788,6.963721635172,7.353570058326,7.821640417824,
    8.407110090534,9.197325542283,10.107526890421,11.137050913086,
    12.166574935752,13.07677628389,13.866991735638,14.452461408348,
    14.920531767847,15.310380191,15.652871061385,15.970260568747,
    16.278009828838,16.586646547997,16.903200216603,17.23221688199,
    17.576458000278,17.937381027612,18.315473436125,18.682463670827,
    19.092609783221,19.517557555084,19.955724802036,20.405265037068,
    20.864127871286,21.330109396521,21.800895700545,22.274101826172),
  .UNSPECIFIED.);
#2588 = CARTESIAN_POINT('',(29.29463142132,20.111838409348,5.));
#2589 = CARTESIAN_POINT('',(29.209342430593,20.244554417271,5.));
#2590 = CARTESIAN_POINT('',(29.031110976031,20.504117051777,5.));
#2591 = CARTESIAN_POINT('',(28.741755986968,20.874835460487,5.));
#2592 = CARTESIAN_POINT('',(28.433644074683,21.223792502006,5.));
#2593 = CARTESIAN_POINT('',(28.109798627639,21.548159659621,5.));
#2594 = CARTESIAN_POINT('',(27.774845785091,21.847530122358,5.));
#2595 = CARTESIAN_POINT('',(27.42871775442,22.115354341223,5.));
#2596 = CARTESIAN_POINT('',(27.088710645873,22.369838589083,5.));
#2597 = CARTESIAN_POINT('',(26.718705396573,22.540211897014,5.));
#2598 = CARTESIAN_POINT('',(26.476351179085,22.857931221109,5.));
#2599 = CARTESIAN_POINT('',(26.117580820336,22.98037899942,5.));
#2600 = CARTESIAN_POINT('',(25.789994682492,23.1268338685,5.));
#2601 = CARTESIAN_POINT('',(25.463276573323,23.239654324792,5.));
#2602 = CARTESIAN_POINT('',(25.147755217778,23.335723082133,5.));
#2603 = CARTESIAN_POINT('',(24.839448304743,23.414530225058,5.));
#2604 = CARTESIAN_POINT('',(24.535464302205,23.48032820898,5.));
#2605 = CARTESIAN_POINT('',(24.229286154404,23.536580546884,5.));
#2606 = CARTESIAN_POINT('',(23.910821403641,23.587756965518,5.));
#2607 = CARTESIAN_POINT('',(23.564682753783,23.639177413249,5.));
#2608 = CARTESIAN_POINT('',(23.169488974309,23.70113377829,5.));
#2609 = CARTESIAN_POINT('',(22.694523507218,23.781743306004,5.));
#2610 = CARTESIAN_POINT('',(22.103826911333,23.951731325056,5.));
#2611 = CARTESIAN_POINT('',(21.338836245753,24.046702677268,5.));
#2612 = CARTESIAN_POINT('',(20.533188521721,24.499000357158,5.));
#2613 = CARTESIAN_POINT('',(19.716625927498,25.062322338735,5.));
#2614 = CARTESIAN_POINT('',(19.042828777914,25.790404426431,5.));
#2615 = CARTESIAN_POINT('',(18.480479210694,26.523483147116,5.));
#2616 = CARTESIAN_POINT('',(18.277605007058,27.267171478115,5.));
#2617 = CARTESIAN_POINT('',(18.025282330426,27.827663816928,5.));
#2618 = CARTESIAN_POINT('',(17.87789865784,28.286322888508,5.));
#2619 = CARTESIAN_POINT('',(17.760330980449,28.668676855058,5.));
#2620 = CARTESIAN_POINT('',(17.660173252759,29.003974419849,5.));
#2621 = CARTESIAN_POINT('',(17.564195476776,29.311914494895,5.));
#2622 = CARTESIAN_POINT('',(17.464942012976,29.606970648253,5.));
#2623 = CARTESIAN_POINT('',(17.356552323498,29.898496502514,5.));
#2624 = CARTESIAN_POINT('',(17.23467067519,30.192449869915,5.));
#2625 = CARTESIAN_POINT('',(17.094676388593,30.491087663342,5.));
#2626 = CARTESIAN_POINT('',(16.936507447006,30.798424228256,5.));
#2627 = CARTESIAN_POINT('',(16.744922909094,31.10183331055,5.));
#2628 = CARTESIAN_POINT('',(16.572663127028,31.439525768584,5.));
#2629 = CARTESIAN_POINT('',(16.223687126272,31.634196995359,5.));
#2630 = CARTESIAN_POINT('',(16.002390735744,31.97618947496,5.));
#2631 = CARTESIAN_POINT('',(15.702108713927,32.276518916815,5.));
#2632 = CARTESIAN_POINT('',(15.387751404732,32.581008502816,5.));
#2633 = CARTESIAN_POINT('',(15.043759342033,32.8699471494,5.));
#2634 = CARTESIAN_POINT('',(14.676605761963,33.144334057163,5.));
#2635 = CARTESIAN_POINT('',(14.287351703005,33.399648069514,5.));
#2636 = CARTESIAN_POINT('',(13.879227164691,33.633299111623,5.));
#2637 = CARTESIAN_POINT('',(13.596941522915,33.772776812614,5.));
#2638 = CARTESIAN_POINT('',(13.45343848367,33.838310227188,5.));
#2639 = ORIENTED_EDGE('',*,*,#2640,.F.);
#2640 = EDGE_CURVE('',#2641,#2585,#2643,.T.);
#2641 = VERTEX_POINT('',#2642);
#2642 = CARTESIAN_POINT('',(13.45343848367,33.838310227188,0.));
#2643 = LINE('',#2644,#2645);
#2644 = CARTESIAN_POINT('',(13.45343848367,33.838310227188,0.));
#2645 = VECTOR('',#2646,1.);
#2646 = DIRECTION('',(0.,0.,1.));
#2647 = ORIENTED_EDGE('',*,*,#2648,.F.);
#2648 = EDGE_CURVE('',#2575,#2641,#2649,.T.);
#2649 = B_SPLINE_CURVE_WITH_KNOTS('',3,(#2650,#2651,#2652,#2653,#2654,
    #2655,#2656,#2657,#2658,#2659,#2660,#2661,#2662,#2663,#2664,#2665,
    #2666,#2667,#2668,#2669,#2670,#2671,#2672,#2673,#2674,#2675,#2676,
    #2677,#2678,#2679,#2680,#2681,#2682,#2683,#2684,#2685,#2686,#2687,
    #2688,#2689,#2690,#2691,#2692,#2693,#2694,#2695,#2696,#2697,#2698,
    #2699,#2700),.UNSPECIFIED.,.F.,.F.,(4,1,1,1,1,1,1,1,1,1,1,1,1,1,1,1,
    1,1,1,1,1,1,1,1,1,1,1,1,1,1,1,1,1,1,1,1,1,1,1,1,1,1,1,1,1,1,1,1,4),(
    0.,0.473206125628,0.943992429652,1.409973954886,1.868836789104,
    2.318377024136,2.756544271089,3.181492042951,3.591638155345,
    3.958628390048,4.336720798561,4.697643825895,5.041884944182,
    5.37090160957,5.687455278175,5.996091997334,6.303841257426,
    6.621230764788,6.963721635172,7.353570058326,7.821640417824,
    8.407110090534,9.197325542283,10.107526890421,11.137050913086,
    12.166574935752,13.07677628389,13.866991735638,14.452461408348,
    14.920531767847,15.310380191,15.652871061385,15.970260568747,
    16.278009828838,16.586646547997,16.903200216603,17.23221688199,
    17.576458000278,17.937381027612,18.315473436125,18.682463670827,
    19.092609783221,19.517557555084,19.955724802036,20.405265037068,
    20.864127871286,21.330109396521,21.800895700545,22.274101826172),
  .UNSPECIFIED.);
#2650 = CARTESIAN_POINT('',(29.29463142132,20.111838409348,0.));
#2651 = CARTESIAN_POINT('',(29.209342430593,20.244554417271,0.));
#2652 = CARTESIAN_POINT('',(29.031110976031,20.504117051777,0.));
#2653 = CARTESIAN_POINT('',(28.741755986968,20.874835460487,0.));
#2654 = CARTESIAN_POINT('',(28.433644074683,21.223792502006,0.));
#2655 = CARTESIAN_POINT('',(28.109798627639,21.548159659621,0.));
#2656 = CARTESIAN_POINT('',(27.774845785091,21.847530122358,0.));
#2657 = CARTESIAN_POINT('',(27.42871775442,22.115354341223,0.));
#2658 = CARTESIAN_POINT('',(27.088710645873,22.369838589083,0.));
#2659 = CARTESIAN_POINT('',(26.718705396573,22.540211897014,0.));
#2660 = CARTESIAN_POINT('',(26.476351179085,22.857931221109,0.));
#2661 = CARTESIAN_POINT('',(26.117580820336,22.98037899942,0.));
#2662 = CARTESIAN_POINT('',(25.789994682492,23.1268338685,0.));
#2663 = CARTESIAN_POINT('',(25.463276573323,23.239654324792,0.));
#2664 = CARTESIAN_POINT('',(25.147755217778,23.335723082133,0.));
#2665 = CARTESIAN_POINT('',(24.839448304743,23.414530225058,0.));
#2666 = CARTESIAN_POINT('',(24.535464302205,23.48032820898,0.));
#2667 = CARTESIAN_POINT('',(24.229286154404,23.536580546884,0.));
#2668 = CARTESIAN_POINT('',(23.910821403641,23.587756965518,0.));
#2669 = CARTESIAN_POINT('',(23.564682753783,23.639177413249,0.));
#2670 = CARTESIAN_POINT('',(23.169488974309,23.70113377829,0.));
#2671 = CARTESIAN_POINT('',(22.694523507218,23.781743306004,0.));
#2672 = CARTESIAN_POINT('',(22.103826911333,23.951731325056,0.));
#2673 = CARTESIAN_POINT('',(21.338836245753,24.046702677268,0.));
#2674 = CARTESIAN_POINT('',(20.533188521721,24.499000357158,0.));
#2675 = CARTESIAN_POINT('',(19.716625927498,25.062322338735,0.));
#2676 = CARTESIAN_POINT('',(19.042828777914,25.790404426431,0.));
#2677 = CARTESIAN_POINT('',(18.480479210694,26.523483147116,0.));
#2678 = CARTESIAN_POINT('',(18.277605007058,27.267171478115,0.));
#2679 = CARTESIAN_POINT('',(18.025282330426,27.827663816928,0.));
#2680 = CARTESIAN_POINT('',(17.87789865784,28.286322888508,0.));
#2681 = CARTESIAN_POINT('',(17.760330980449,28.668676855058,0.));
#2682 = CARTESIAN_POINT('',(17.660173252759,29.003974419849,0.));
#2683 = CARTESIAN_POINT('',(17.564195476776,29.311914494895,0.));
#2684 = CARTESIAN_POINT('',(17.464942012976,29.606970648253,0.));
#2685 = CARTESIAN_POINT('',(17.356552323498,29.898496502514,0.));
#2686 = CARTESIAN_POINT('',(17.23467067519,30.192449869915,0.));
#2687 = CARTESIAN_POINT('',(17.094676388593,30.491087663342,0.));
#2688 = CARTESIAN_POINT('',(16.936507447006,30.798424228256,0.));
#2689 = CARTESIAN_POINT('',(16.744922909094,31.10183331055,0.));
#2690 = CARTESIAN_POINT('',(16.572663127028,31.439525768584,0.));
#2691 = CARTESIAN_POINT('',(16.223687126272,31.634196995359,0.));
#2692 = CARTESIAN_POINT('',(16.002390735744,31.97618947496,0.));
#2693 = CARTESIAN_POINT('',(15.702108713927,32.276518916815,0.));
#2694 = CARTESIAN_POINT('',(15.387751404732,32.581008502816,0.));
#2695 = CARTESIAN_POINT('',(15.043759342033,32.8699471494,0.));
#2696 = CARTESIAN_POINT('',(14.676605761963,33.144334057163,0.));
#2697 = CARTESIAN_POINT('',(14.287351703005,33.399648069514,0.));
#2698 = CARTESIAN_POINT('',(13.879227164691,33.633299111623,0.));
#2699 = CARTESIAN_POINT('',(13.596941522915,33.772776812614,0.));
#2700 = CARTESIAN_POINT('',(13.45343848367,33.838310227188,0.));
#2701 = SURFACE_OF_LINEAR_EXTRUSION('',#2702,#2754);
#2702 = B_SPLINE_CURVE_WITH_KNOTS('',3,(#2703,#2704,#2705,#2706,#2707,
    #2708,#2709,#2710,#2711,#2712,#2713,#2714,#2715,#2716,#2717,#2718,
    #2719,#2720,#2721,#2722,#2723,#2724,#2725,#2726,#2727,#2728,#2729,
    #2730,#2731,#2732,#2733,#2734,#2735,#2736,#2737,#2738,#2739,#2740,
    #2741,#2742,#2743,#2744,#2745,#2746,#2747,#2748,#2749,#2750,#2751,
    #2752,#2753),.UNSPECIFIED.,.F.,.F.,(4,1,1,1,1,1,1,1,1,1,1,1,1,1,1,1,
    1,1,1,1,1,1,1,1,1,1,1,1,1,1,1,1,1,1,1,1,1,1,1,1,1,1,1,1,1,1,1,1,4),(
    0.,0.473206125628,0.943992429652,1.409973954886,1.868836789104,
    2.318377024136,2.756544271089,3.181492042951,3.591638155345,
    3.958628390048,4.336720798561,4.697643825895,5.041884944182,
    5.37090160957,5.687455278175,5.996091997334,6.303841257426,
    6.621230764788,6.963721635172,7.353570058326,7.821640417824,
    8.407110090534,9.197325542283,10.107526890421,11.137050913086,
    12.166574935752,13.07677628389,13.866991735638,14.452461408348,
    14.920531767847,15.310380191,15.652871061385,15.970260568747,
    16.278009828838,16.586646547997,16.903200216603,17.23221688199,
    17.576458000278,17.937381027612,18.315473436125,18.682463670827,
    19.092609783221,19.517557555084,19.955724802036,20.405265037068,
    20.864127871286,21.330109396521,21.800895700545,22.274101826172),
  .UNSPECIFIED.);
#2703 = CARTESIAN_POINT('',(29.29463142132,20.111838409348,0.));
#2704 = CARTESIAN_POINT('',(29.209342430593,20.244554417271,0.));
#2705 = CARTESIAN_POINT('',(29.031110976031,20.504117051777,0.));
#2706 = CARTESIAN_POINT('',(28.741755986968,20.874835460487,0.));
#2707 = CARTESIAN_POINT('',(28.433644074683,21.223792502006,0.));
#2708 = CARTESIAN_POINT('',(28.109798627639,21.548159659621,0.));
#2709 = CARTESIAN_POINT('',(27.774845785091,21.847530122358,0.));
#2710 = CARTESIAN_POINT('',(27.42871775442,22.115354341223,0.));
#2711 = CARTESIAN_POINT('',(27.088710645873,22.369838589083,0.));
#2712 = CARTESIAN_POINT('',(26.718705396573,22.540211897014,0.));
#2713 = CARTESIAN_POINT('',(26.476351179085,22.857931221109,0.));
#2714 = CARTESIAN_POINT('',(26.117580820336,22.98037899942,0.));
#2715 = CARTESIAN_POINT('',(25.789994682492,23.1268338685,0.));
#2716 = CARTESIAN_POINT('',(25.463276573323,23.239654324792,0.));
#2717 = CARTESIAN_POINT('',(25.147755217778,23.335723082133,0.));
#2718 = CARTESIAN_POINT('',(24.839448304743,23.414530225058,0.));
#2719 = CARTESIAN_POINT('',(24.535464302205,23.48032820898,0.));
#2720 = CARTESIAN_POINT('',(24.229286154404,23.536580546884,0.));
#2721 = CARTESIAN_POINT('',(23.910821403641,23.587756965518,0.));
#2722 = CARTESIAN_POINT('',(23.564682753783,23.639177413249,0.));
#2723 = CARTESIAN_POINT('',(23.169488974309,23.70113377829,0.));
#2724 = CARTESIAN_POINT('',(22.694523507218,23.781743306004,0.));
#2725 = CARTESIAN_POINT('',(22.103826911333,23.951731325056,0.));
#2726 = CARTESIAN_POINT('',(21.338836245753,24.046702677268,0.));
#2727 = CARTESIAN_POINT('',(20.533188521721,24.499000357158,0.));
#2728 = CARTESIAN_POINT('',(19.716625927498,25.062322338735,0.));
#2729 = CARTESIAN_POINT('',(19.042828777914,25.790404426431,0.));
#2730 = CARTESIAN_POINT('',(18.480479210694,26.523483147116,0.));
#2731 = CARTESIAN_POINT('',(18.277605007058,27.267171478115,0.));
#2732 = CARTESIAN_POINT('',(18.025282330426,27.827663816928,0.));
#2733 = CARTESIAN_POINT('',(17.87789865784,28.286322888508,0.));
#2734 = CARTESIAN_POINT('',(17.760330980449,28.668676855058,0.));
#2735 = CARTESIAN_POINT('',(17.660173252759,29.003974419849,0.));
#2736 = CARTESIAN_POINT('',(17.564195476776,29.311914494895,0.));
#2737 = CARTESIAN_POINT('',(17.464942012976,29.606970648253,0.));
#2738 = CARTESIAN_POINT('',(17.356552323498,29.898496502514,0.));
#2739 = CARTESIAN_POINT('',(17.23467067519,30.192449869915,0.));
#2740 = CARTESIAN_POINT('',(17.094676388593,30.491087663342,0.));
#2741 = CARTESIAN_POINT('',(16.936507447006,30.798424228256,0.));
#2742 = CARTESIAN_POINT('',(16.744922909094,31.10183331055,0.));
#2743 = CARTESIAN_POINT('',(16.572663127028,31.439525768584,0.));
#2744 = CARTESIAN_POINT('',(16.223687126272,31.634196995359,0.));
#2745 = CARTESIAN_POINT('',(16.002390735744,31.97618947496,0.));
#2746 = CARTESIAN_POINT('',(15.702108713927,32.276518916815,0.));
#2747 = CARTESIAN_POINT('',(15.387751404732,32.581008502816,0.));
#2748 = CARTESIAN_POINT('',(15.043759342033,32.8699471494,0.));
#2749 = CARTESIAN_POINT('',(14.676605761963,33.144334057163,0.));
#2750 = CARTESIAN_POINT('',(14.287351703005,33.399648069514,0.));
#2751 = CARTESIAN_POINT('',(13.879227164691,33.633299111623,0.));
#2752 = CARTESIAN_POINT('',(13.596941522915,33.772776812614,0.));
#2753 = CARTESIAN_POINT('',(13.45343848367,33.838310227188,0.));
#2754 = VECTOR('',#2755,1.);
#2755 = DIRECTION('',(-0.,-0.,-1.));
#2756 = ADVANCED_FACE('',(#2757),#2878,.F.);
#2757 = FACE_BOUND('',#2758,.F.);
#2758 = EDGE_LOOP('',(#2759,#2760,#2816,#2824));
#2759 = ORIENTED_EDGE('',*,*,#2640,.T.);
#2760 = ORIENTED_EDGE('',*,*,#2761,.T.);
#2761 = EDGE_CURVE('',#2585,#2762,#2764,.T.);
#2762 = VERTEX_POINT('',#2763);
#2763 = CARTESIAN_POINT('',(-7.294111983766,36.821357637971,5.));
#2764 = B_SPLINE_CURVE_WITH_KNOTS('',3,(#2765,#2766,#2767,#2768,#2769,
    #2770,#2771,#2772,#2773,#2774,#2775,#2776,#2777,#2778,#2779,#2780,
    #2781,#2782,#2783,#2784,#2785,#2786,#2787,#2788,#2789,#2790,#2791,
    #2792,#2793,#2794,#2795,#2796,#2797,#2798,#2799,#2800,#2801,#2802,
    #2803,#2804,#2805,#2806,#2807,#2808,#2809,#2810,#2811,#2812,#2813,
    #2814,#2815),.UNSPECIFIED.,.F.,.F.,(4,1,1,1,1,1,1,1,1,1,1,1,1,1,1,1,
    1,1,1,1,1,1,1,1,1,1,1,1,1,1,1,1,1,1,1,1,1,1,1,1,1,1,1,1,1,1,1,1,4),(
    0.,0.473206125628,0.943992429652,1.409973954886,1.868836789104,
    2.318377024136,2.756544271089,3.181492042951,3.591638155345,
    3.958628390048,4.336720798561,4.697643825895,5.041884944182,
    5.37090160957,5.687455278175,5.996091997334,6.303841257426,
    6.621230764788,6.963721635172,7.353570058326,7.821640417824,
    8.407110090534,9.197325542283,10.107526890421,11.137050913086,
    12.166574935752,13.07677628389,13.866991735638,14.452461408348,
    14.920531767847,15.310380191,15.652871061385,15.970260568747,
    16.278009828838,16.586646547997,16.903200216603,17.23221688199,
    17.576458000278,17.937381027612,18.315473436125,18.682463670827,
    19.092609783221,19.517557555084,19.955724802036,20.405265037068,
    20.864127871286,21.330109396521,21.800895700545,22.274101826172),
  .UNSPECIFIED.);
#2765 = CARTESIAN_POINT('',(13.45343848367,33.838310227188,5.));
#2766 = CARTESIAN_POINT('',(13.309937127896,33.90384732805,5.));
#2767 = CARTESIAN_POINT('',(13.019669132185,34.025846112028,5.));
#2768 = CARTESIAN_POINT('',(12.575822721862,34.18127716522,5.));
#2769 = CARTESIAN_POINT('',(12.127962066961,34.308260633078,5.));
#2770 = CARTESIAN_POINT('',(11.680159815296,34.406051583137,5.));
#2771 = CARTESIAN_POINT('',(11.236527661474,34.476808863935,5.));
#2772 = CARTESIAN_POINT('',(10.800549528239,34.514985992787,5.));
#2773 = CARTESIAN_POINT('',(10.376932775193,34.545250044244,5.));
#2774 = CARTESIAN_POINT('',(9.973553787581,34.488537250996,5.));
#2775 = CARTESIAN_POINT('',(9.597900410823,34.624793172583,5.));
#2776 = CARTESIAN_POINT('',(9.229883312088,34.533836898642,5.));
#2777 = CARTESIAN_POINT('',(8.87512083618,34.479936137305,5.));
#2778 = CARTESIAN_POINT('',(8.539272728887,34.398209599118,5.));
#2779 = CARTESIAN_POINT('',(8.22190058235,34.308444057038,5.));
#2780 = CARTESIAN_POINT('',(7.919929944391,34.208057542946,5.));
#2781 = CARTESIAN_POINT('',(7.628629252517,34.099064169748,5.));
#2782 = CARTESIAN_POINT('',(7.340643494055,33.980854243626,5.));
#2783 = CARTESIAN_POINT('',(7.045065836589,33.851731543416,5.));
#2784 = CARTESIAN_POINT('',(6.726075481651,33.707852494117,5.));
#2785 = CARTESIAN_POINT('',(6.360121178674,33.546315617101,5.));
#2786 = CARTESIAN_POINT('',(5.916974000553,33.357342948679,5.));
#2787 = CARTESIAN_POINT('',(5.328145940856,33.180991279778,5.));
#2788 = CARTESIAN_POINT('',(4.633249451359,32.847301086559,5.));
#2789 = CARTESIAN_POINT('',(3.71096486991,32.792232063556,5.));
#2790 = CARTESIAN_POINT('',(2.719473846132,32.824661602234,5.));
#2791 = CARTESIAN_POINT('',(1.759008718566,33.072880988949,5.));
#2792 = CARTESIAN_POINT('',(0.889597879646,33.385556922851,5.));
#2793 = CARTESIAN_POINT('',(0.316860971913,33.901505283335,5.));
#2794 = CARTESIAN_POINT('',(-0.198431407451,34.23660550533,5.));
#2795 = CARTESIAN_POINT('',(-0.570388258088,34.542772440435,5.));
#2796 = CARTESIAN_POINT('',(-0.876008643073,34.800867180376,5.));
#2797 = CARTESIAN_POINT('',(-1.141542234852,35.028788085533,5.));
#2798 = CARTESIAN_POINT('',(-1.388768851871,35.235954258302,5.));
#2799 = CARTESIAN_POINT('',(-1.631785578886,35.430510815893,5.));
#2800 = CARTESIAN_POINT('',(-1.880579564238,35.617158080378,5.));
#2801 = CARTESIAN_POINT('',(-2.14203612031,35.798553195218,5.));
#2802 = CARTESIAN_POINT('',(-2.421262589247,35.974096668431,5.));
#2803 = CARTESIAN_POINT('',(-2.720481461831,36.147132053557,5.));
#2804 = CARTESIAN_POINT('',(-3.04568796546,36.298797594742,5.));
#2805 = CARTESIAN_POINT('',(-3.373172442248,36.489751898682,5.));
#2806 = CARTESIAN_POINT('',(-3.771996946935,36.464849085626,5.));
#2807 = CARTESIAN_POINT('',(-4.143058411005,36.632909605817,5.));
#2808 = CARTESIAN_POINT('',(-4.558042077655,36.723218092048,5.));
#2809 = CARTESIAN_POINT('',(-4.987115773269,36.809416639366,5.));
#2810 = CARTESIAN_POINT('',(-5.432712337365,36.8665111466,5.));
#2811 = CARTESIAN_POINT('',(-5.889926345802,36.898841890457,5.));
#2812 = CARTESIAN_POINT('',(-6.355420874414,36.903179072696,5.));
#2813 = CARTESIAN_POINT('',(-6.825078374511,36.879090053302,5.));
#2814 = CARTESIAN_POINT('',(-7.137959506203,36.843811021886,5.));
#2815 = CARTESIAN_POINT('',(-7.294111983766,36.821357637971,5.));
#2816 = ORIENTED_EDGE('',*,*,#2817,.F.);
#2817 = EDGE_CURVE('',#2818,#2762,#2820,.T.);
#2818 = VERTEX_POINT('',#2819);
#2819 = CARTESIAN_POINT('',(-7.294111983766,36.821357637971,0.));
#2820 = LINE('',#2821,#2822);
#2821 = CARTESIAN_POINT('',(-7.294111983766,36.821357637971,0.));
#2822 = VECTOR('',#2823,1.);
#2823 = DIRECTION('',(0.,0.,1.));
#2824 = ORIENTED_EDGE('',*,*,#2825,.F.);
#2825 = EDGE_CURVE('',#2641,#2818,#2826,.T.);
#2826 = B_SPLINE_CURVE_WITH_KNOTS('',3,(#2827,#2828,#2829,#2830,#2831,
    #2832,#2833,#2834,#2835,#2836,#2837,#2838,#2839,#2840,#2841,#2842,
    #2843,#2844,#2845,#2846,#2847,#2848,#2849,#2850,#2851,#2852,#2853,
    #2854,#2855,#2856,#2857,#2858,#2859,#2860,#2861,#2862,#2863,#2864,
    #2865,#2866,#2867,#2868,#2869,#2870,#2871,#2872,#2873,#2874,#2875,
    #2876,#2877),.UNSPECIFIED.,.F.,.F.,(4,1,1,1,1,1,1,1,1,1,1,1,1,1,1,1,
    1,1,1,1,1,1,1,1,1,1,1,1,1,1,1,1,1,1,1,1,1,1,1,1,1,1,1,1,1,1,1,1,4),(
    0.,0.473206125628,0.943992429652,1.409973954886,1.868836789104,
    2.318377024136,2.756544271089,3.181492042951,3.591638155345,
    3.958628390048,4.336720798561,4.697643825895,5.041884944182,
    5.37090160957,5.687455278175,5.996091997334,6.303841257426,
    6.621230764788,6.963721635172,7.353570058326,7.821640417824,
    8.407110090534,9.197325542283,10.107526890421,11.137050913086,
    12.166574935752,13.07677628389,13.866991735638,14.452461408348,
    14.920531767847,15.310380191,15.652871061385,15.970260568747,
    16.278009828838,16.586646547997,16.903200216603,17.23221688199,
    17.576458000278,17.937381027612,18.315473436125,18.682463670827,
    19.092609783221,19.517557555084,19.955724802036,20.405265037068,
    20.864127871286,21.330109396521,21.800895700545,22.274101826172),
  .UNSPECIFIED.);
#2827 = CARTESIAN_POINT('',(13.45343848367,33.838310227188,0.));
#2828 = CARTESIAN_POINT('',(13.309937127896,33.90384732805,0.));
#2829 = CARTESIAN_POINT('',(13.019669132185,34.025846112028,0.));
#2830 = CARTESIAN_POINT('',(12.575822721862,34.18127716522,0.));
#2831 = CARTESIAN_POINT('',(12.127962066961,34.308260633078,0.));
#2832 = CARTESIAN_POINT('',(11.680159815296,34.406051583137,0.));
#2833 = CARTESIAN_POINT('',(11.236527661474,34.476808863935,0.));
#2834 = CARTESIAN_POINT('',(10.800549528239,34.514985992787,0.));
#2835 = CARTESIAN_POINT('',(10.376932775193,34.545250044244,0.));
#2836 = CARTESIAN_POINT('',(9.973553787581,34.488537250996,0.));
#2837 = CARTESIAN_POINT('',(9.597900410823,34.624793172583,0.));
#2838 = CARTESIAN_POINT('',(9.229883312088,34.533836898642,0.));
#2839 = CARTESIAN_POINT('',(8.87512083618,34.479936137305,0.));
#2840 = CARTESIAN_POINT('',(8.539272728887,34.398209599118,0.));
#2841 = CARTESIAN_POINT('',(8.22190058235,34.308444057038,0.));
#2842 = CARTESIAN_POINT('',(7.919929944391,34.208057542946,0.));
#2843 = CARTESIAN_POINT('',(7.628629252517,34.099064169748,0.));
#2844 = CARTESIAN_POINT('',(7.340643494055,33.980854243626,0.));
#2845 = CARTESIAN_POINT('',(7.045065836589,33.851731543416,0.));
#2846 = CARTESIAN_POINT('',(6.726075481651,33.707852494117,0.));
#2847 = CARTESIAN_POINT('',(6.360121178674,33.546315617101,0.));
#2848 = CARTESIAN_POINT('',(5.916974000553,33.357342948679,0.));
#2849 = CARTESIAN_POINT('',(5.328145940856,33.180991279778,0.));
#2850 = CARTESIAN_POINT('',(4.633249451359,32.847301086559,0.));
#2851 = CARTESIAN_POINT('',(3.71096486991,32.792232063556,0.));
#2852 = CARTESIAN_POINT('',(2.719473846132,32.824661602234,0.));
#2853 = CARTESIAN_POINT('',(1.759008718566,33.072880988949,0.));
#2854 = CARTESIAN_POINT('',(0.889597879646,33.385556922851,0.));
#2855 = CARTESIAN_POINT('',(0.316860971913,33.901505283335,0.));
#2856 = CARTESIAN_POINT('',(-0.198431407451,34.23660550533,0.));
#2857 = CARTESIAN_POINT('',(-0.570388258088,34.542772440435,0.));
#2858 = CARTESIAN_POINT('',(-0.876008643073,34.800867180376,0.));
#2859 = CARTESIAN_POINT('',(-1.141542234852,35.028788085533,0.));
#2860 = CARTESIAN_POINT('',(-1.388768851871,35.235954258302,0.));
#2861 = CARTESIAN_POINT('',(-1.631785578886,35.430510815893,0.));
#2862 = CARTESIAN_POINT('',(-1.880579564238,35.617158080378,0.));
#2863 = CARTESIAN_POINT('',(-2.14203612031,35.798553195218,0.));
#2864 = CARTESIAN_POINT('',(-2.421262589247,35.974096668431,0.));
#2865 = CARTESIAN_POINT('',(-2.720481461831,36.147132053557,0.));
#2866 = CARTESIAN_POINT('',(-3.04568796546,36.298797594742,0.));
#2867 = CARTESIAN_POINT('',(-3.373172442248,36.489751898682,0.));
#2868 = CARTESIAN_POINT('',(-3.771996946935,36.464849085626,0.));
#2869 = CARTESIAN_POINT('',(-4.143058411005,36.632909605817,0.));
#2870 = CARTESIAN_POINT('',(-4.558042077655,36.723218092048,0.));
#2871 = CARTESIAN_POINT('',(-4.987115773269,36.809416639366,0.));
#2872 = CARTESIAN_POINT('',(-5.432712337365,36.8665111466,0.));
#2873 = CARTESIAN_POINT('',(-5.889926345802,36.898841890457,0.));
#2874 = CARTESIAN_POINT('',(-6.355420874414,36.903179072696,0.));
#2875 = CARTESIAN_POINT('',(-6.825078374511,36.879090053302,0.));
#2876 = CARTESIAN_POINT('',(-7.137959506203,36.843811021886,0.));
#2877 = CARTESIAN_POINT('',(-7.294111983766,36.821357637971,0.));
#2878 = SURFACE_OF_LINEAR_EXTRUSION('',#2879,#2931);
#2879 = B_SPLINE_CURVE_WITH_KNOTS('',3,(#2880,#2881,#2882,#2883,#2884,
    #2885,#2886,#2887,#2888,#2889,#2890,#2891,#2892,#2893,#2894,#2895,
    #2896,#2897,#2898,#2899,#2900,#2901,#2902,#2903,#2904,#2905,#2906,
    #2907,#2908,#2909,#2910,#2911,#2912,#2913,#2914,#2915,#2916,#2917,
    #2918,#2919,#2920,#2921,#2922,#2923,#2924,#2925,#2926,#2927,#2928,
    #2929,#2930),.UNSPECIFIED.,.F.,.F.,(4,1,1,1,1,1,1,1,1,1,1,1,1,1,1,1,
    1,1,1,1,1,1,1,1,1,1,1,1,1,1,1,1,1,1,1,1,1,1,1,1,1,1,1,1,1,1,1,1,4),(
    0.,0.473206125628,0.943992429652,1.409973954886,1.868836789104,
    2.318377024136,2.756544271089,3.181492042951,3.591638155345,
    3.958628390048,4.336720798561,4.697643825895,5.041884944182,
    5.37090160957,5.687455278175,5.996091997334,6.303841257426,
    6.621230764788,6.963721635172,7.353570058326,7.821640417824,
    8.407110090534,9.197325542283,10.107526890421,11.137050913086,
    12.166574935752,13.07677628389,13.866991735638,14.452461408348,
    14.920531767847,15.310380191,15.652871061385,15.970260568747,
    16.278009828838,16.586646547997,16.903200216603,17.23221688199,
    17.576458000278,17.937381027612,18.315473436125,18.682463670827,
    19.092609783221,19.517557555084,19.955724802036,20.405265037068,
    20.864127871286,21.330109396521,21.800895700545,22.274101826172),
  .UNSPECIFIED.);
#2880 = CARTESIAN_POINT('',(13.45343848367,33.838310227188,0.));
#2881 = CARTESIAN_POINT('',(13.309937127896,33.90384732805,0.));
#2882 = CARTESIAN_POINT('',(13.019669132185,34.025846112028,0.));
#2883 = CARTESIAN_POINT('',(12.575822721862,34.18127716522,0.));
#2884 = CARTESIAN_POINT('',(12.127962066961,34.308260633078,0.));
#2885 = CARTESIAN_POINT('',(11.680159815296,34.406051583137,0.));
#2886 = CARTESIAN_POINT('',(11.236527661474,34.476808863935,0.));
#2887 = CARTESIAN_POINT('',(10.800549528239,34.514985992787,0.));
#2888 = CARTESIAN_POINT('',(10.376932775193,34.545250044244,0.));
#2889 = CARTESIAN_POINT('',(9.973553787581,34.488537250996,0.));
#2890 = CARTESIAN_POINT('',(9.597900410823,34.624793172583,0.));
#2891 = CARTESIAN_POINT('',(9.229883312088,34.533836898642,0.));
#2892 = CARTESIAN_POINT('',(8.87512083618,34.479936137305,0.));
#2893 = CARTESIAN_POINT('',(8.539272728887,34.398209599118,0.));
#2894 = CARTESIAN_POINT('',(8.22190058235,34.308444057038,0.));
#2895 = CARTESIAN_POINT('',(7.919929944391,34.208057542946,0.));
#2896 = CARTESIAN_POINT('',(7.628629252517,34.099064169748,0.));
#2897 = CARTESIAN_POINT('',(7.340643494055,33.980854243626,0.));
#2898 = CARTESIAN_POINT('',(7.045065836589,33.851731543416,0.));
#2899 = CARTESIAN_POINT('',(6.726075481651,33.707852494117,0.));
#2900 = CARTESIAN_POINT('',(6.360121178674,33.546315617101,0.));
#2901 = CARTESIAN_POINT('',(5.916974000553,33.357342948679,0.));
#2902 = CARTESIAN_POINT('',(5.328145940856,33.180991279778,0.));
#2903 = CARTESIAN_POINT('',(4.633249451359,32.847301086559,0.));
#2904 = CARTESIAN_POINT('',(3.71096486991,32.792232063556,0.));
#2905 = CARTESIAN_POINT('',(2.719473846132,32.824661602234,0.));
#2906 = CARTESIAN_POINT('',(1.759008718566,33.072880988949,0.));
#2907 = CARTESIAN_POINT('',(0.889597879646,33.385556922851,0.));
#2908 = CARTESIAN_POINT('',(0.316860971913,33.901505283335,0.));
#2909 = CARTESIAN_POINT('',(-0.198431407451,34.23660550533,0.));
#2910 = CARTESIAN_POINT('',(-0.570388258088,34.542772440435,0.));
#2911 = CARTESIAN_POINT('',(-0.876008643073,34.800867180376,0.));
#2912 = CARTESIAN_POINT('',(-1.141542234852,35.028788085533,0.));
#2913 = CARTESIAN_POINT('',(-1.388768851871,35.235954258302,0.));
#2914 = CARTESIAN_POINT('',(-1.631785578886,35.430510815893,0.));
#2915 = CARTESIAN_POINT('',(-1.880579564238,35.617158080378,0.));
#2916 = CARTESIAN_POINT('',(-2.14203612031,35.798553195218,0.));
#2917 = CARTESIAN_POINT('',(-2.421262589247,35.974096668431,0.));
#2918 = CARTESIAN_POINT('',(-2.720481461831,36.147132053557,0.));
#2919 = CARTESIAN_POINT('',(-3.04568796546,36.298797594742,0.));
#2920 = CARTESIAN_POINT('',(-3.373172442248,36.489751898682,0.));
#2921 = CARTESIAN_POINT('',(-3.771996946935,36.464849085626,0.));
#2922 = CARTESIAN_POINT('',(-4.143058411005,36.632909605817,0.));
#2923 = CARTESIAN_POINT('',(-4.558042077655,36.723218092048,0.));
#2924 = CARTESIAN_POINT('',(-4.987115773269,36.809416639366,0.));
#2925 = CARTESIAN_POINT('',(-5.432712337365,36.8665111466,0.));
#2926 = CARTESIAN_POINT('',(-5.889926345802,36.898841890457,0.));
#2927 = CARTESIAN_POINT('',(-6.355420874414,36.903179072696,0.));
#2928 = CARTESIAN_POINT('',(-6.825078374511,36.879090053302,0.));
#2929 = CARTESIAN_POINT('',(-7.137959506203,36.843811021886,0.));
#2930 = CARTESIAN_POINT('',(-7.294111983766,36.821357637971,0.));
#2931 = VECTOR('',#2932,1.);
#2932 = DIRECTION('',(-0.,-0.,-1.));
#2933 = ADVANCED_FACE('',(#2934),#3055,.F.);
#2934 = FACE_BOUND('',#2935,.F.);
#2935 = EDGE_LOOP('',(#2936,#2937,#2993,#3001));
#2936 = ORIENTED_EDGE('',*,*,#2817,.T.);
#2937 = ORIENTED_EDGE('',*,*,#2938,.T.);
#2938 = EDGE_CURVE('',#2762,#2939,#2941,.T.);
#2939 = VERTEX_POINT('',#2940);
#2940 = CARTESIAN_POINT('',(-26.36081930276,28.113884165978,5.));
#2941 = B_SPLINE_CURVE_WITH_KNOTS('',3,(#2942,#2943,#2944,#2945,#2946,
    #2947,#2948,#2949,#2950,#2951,#2952,#2953,#2954,#2955,#2956,#2957,
    #2958,#2959,#2960,#2961,#2962,#2963,#2964,#2965,#2966,#2967,#2968,
    #2969,#2970,#2971,#2972,#2973,#2974,#2975,#2976,#2977,#2978,#2979,
    #2980,#2981,#2982,#2983,#2984,#2985,#2986,#2987,#2988,#2989,#2990,
    #2991,#2992),.UNSPECIFIED.,.F.,.F.,(4,1,1,1,1,1,1,1,1,1,1,1,1,1,1,1,
    1,1,1,1,1,1,1,1,1,1,1,1,1,1,1,1,1,1,1,1,1,1,1,1,1,1,1,1,1,1,1,1,4),(
    0.,0.473206125628,0.943992429652,1.409973954886,1.868836789104,
    2.318377024136,2.756544271089,3.181492042951,3.591638155345,
    3.958628390048,4.336720798561,4.697643825895,5.041884944182,
    5.37090160957,5.687455278175,5.996091997334,6.303841257426,
    6.621230764788,6.963721635172,7.353570058326,7.821640417824,
    8.407110090534,9.197325542283,10.107526890421,11.137050913086,
    12.166574935752,13.07677628389,13.866991735638,14.452461408348,
    14.920531767847,15.310380191,15.652871061385,15.970260568747,
    16.278009828838,16.586646547997,16.903200216603,17.23221688199,
    17.576458000278,17.937381027612,18.315473436125,18.682463670827,
    19.092609783221,19.517557555084,19.955724802036,20.405265037068,
    20.864127871286,21.330109396521,21.800895700545,22.274101826172),
  .UNSPECIFIED.);
#2942 = CARTESIAN_POINT('',(-7.294111983766,36.821357637971,5.));
#2943 = CARTESIAN_POINT('',(-7.450265038061,36.798908265311,5.));
#2944 = CARTESIAN_POINT('',(-7.760411537219,36.744609446851,5.));
#2945 = CARTESIAN_POINT('',(-8.217831269593,36.635404883358,5.));
#2946 = CARTESIAN_POINT('',(-8.663248073611,36.500098423734,5.));
#2947 = CARTESIAN_POINT('',(-9.092833079014,36.34026523055,5.));
#2948 = CARTESIAN_POINT('',(-9.504294469826,36.159944392704,5.));
#2949 = CARTESIAN_POINT('',(-9.891702728798,35.956353462879,5.));
#2950 = CARTESIAN_POINT('',(-10.26443380038,35.75278869543,5.));
#2951 = CARTESIAN_POINT('',(-10.57311654787,35.486995712147,5.));
#2952 = CARTESIAN_POINT('',(-10.96280179102,35.39852793886,5.));
#2953 = CARTESIAN_POINT('',(-11.22322280118,35.123045586977,5.));
#2954 = CARTESIAN_POINT('',(-11.49252703568,34.885902306102,5.));
#2955 = CARTESIAN_POINT('',(-11.73087574002,34.635576371858,5.));
#2956 = CARTESIAN_POINT('',(-11.94933526347,34.388476455716,5.));
#2957 = CARTESIAN_POINT('',(-12.14909608243,34.140768293534,5.));
#2958 = CARTESIAN_POINT('',(-12.3352275522,33.891588189095,5.));
#2959 = CARTESIAN_POINT('',(-12.51358747782,33.636446815259,5.));
#2960 = CARTESIAN_POINT('',(-12.69243422419,33.368020541185,5.));
#2961 = CARTESIAN_POINT('',(-12.8829991004,33.074522576408,5.));
#2962 = CARTESIAN_POINT('',(-13.10352602139,32.740779274422,5.));
#2963 = CARTESIAN_POINT('',(-13.37415881262,32.342221896871,5.));
#2964 = CARTESIAN_POINT('',(-13.77416958763,31.875520948852,5.));
#2965 = CARTESIAN_POINT('',(-14.17834717554,31.219113488807,5.));
#2966 = CARTESIAN_POINT('',(-14.92444977634,30.674161788614,5.));
#2967 = CARTESIAN_POINT('',(-15.77607783517,30.165402735,5.));
#2968 = CARTESIAN_POINT('',(-16.71827004904,29.854951519287,5.));
#2969 = CARTESIAN_POINT('',(-17.61871036126,29.647952266655,5.));
#2970 = CARTESIAN_POINT('',(-18.37947005165,29.772350697687,5.));
#2971 = CARTESIAN_POINT('',(-18.99413044418,29.775666850084,5.));
#2972 = CARTESIAN_POINT('',(-19.47256680091,29.832135810091,5.));
#2973 = CARTESIAN_POINT('',(-19.86920758067,29.884028067103,5.));
#2974 = CARTESIAN_POINT('',(-20.21581199732,29.932209035651,5.));
#2975 = CARTESIAN_POINT('',(-20.53579475129,29.972827510053,5.));
#2976 = CARTESIAN_POINT('',(-20.84541864777,30.005114139514,5.));
#2977 = CARTESIAN_POINT('',(-21.15562659654,30.027623626536,5.));
#2978 = CARTESIAN_POINT('',(-21.47364745119,30.03886882153,5.));
#2979 = CARTESIAN_POINT('',(-21.8034536715,30.035584162114,5.));
#2980 = CARTESIAN_POINT('',(-22.14872259721,30.019380855284,5.));
#2981 = CARTESIAN_POINT('',(-22.50430029945,29.971150117651,5.));
#2982 = CARTESIAN_POINT('',(-22.88303546348,29.954739625215,5.));
#2983 = CARTESIAN_POINT('',(-23.20508450982,29.718169239519,5.));
#2984 = CARTESIAN_POINT('',(-23.60810165438,29.658939772598,5.));
#2985 = CARTESIAN_POINT('',(-24.00603258384,29.510554996916,5.));
#2986 = CARTESIAN_POINT('',(-24.4135947992,29.351095075827,5.));
#2987 = CARTESIAN_POINT('',(-24.81932210403,29.158218341075,5.));
#2988 = CARTESIAN_POINT('',(-25.22143432368,28.93822813829,5.));
#2989 = CARTESIAN_POINT('',(-25.61537809814,28.6902114657,5.));
#2990 = CARTESIAN_POINT('',(-25.99745562218,28.416030478256,5.));
#2991 = CARTESIAN_POINT('',(-26.24159469518,28.217195557639,5.));
#2992 = CARTESIAN_POINT('',(-26.36081930276,28.113884165978,5.));
#2993 = ORIENTED_EDGE('',*,*,#2994,.F.);
#2994 = EDGE_CURVE('',#2995,#2939,#2997,.T.);
#2995 = VERTEX_POINT('',#2996);
#2996 = CARTESIAN_POINT('',(-26.36081930276,28.113884165978,0.));
#2997 = LINE('',#2998,#2999);
#2998 = CARTESIAN_POINT('',(-26.36081930276,28.113884165978,0.));
#2999 = VECTOR('',#3000,1.);
#3000 = DIRECTION('',(0.,0.,1.));
#3001 = ORIENTED_EDGE('',*,*,#3002,.F.);
#3002 = EDGE_CURVE('',#2818,#2995,#3003,.T.);
#3003 = B_SPLINE_CURVE_WITH_KNOTS('',3,(#3004,#3005,#3006,#3007,#3008,
    #3009,#3010,#3011,#3012,#3013,#3014,#3015,#3016,#3017,#3018,#3019,
    #3020,#3021,#3022,#3023,#3024,#3025,#3026,#3027,#3028,#3029,#3030,
    #3031,#3032,#3033,#3034,#3035,#3036,#3037,#3038,#3039,#3040,#3041,
    #3042,#3043,#3044,#3045,#3046,#3047,#3048,#3049,#3050,#3051,#3052,
    #3053,#3054),.UNSPECIFIED.,.F.,.F.,(4,1,1,1,1,1,1,1,1,1,1,1,1,1,1,1,
    1,1,1,1,1,1,1,1,1,1,1,1,1,1,1,1,1,1,1,1,1,1,1,1,1,1,1,1,1,1,1,1,4),(
    0.,0.473206125628,0.943992429652,1.409973954886,1.868836789104,
    2.318377024136,2.756544271089,3.181492042951,3.591638155345,
    3.958628390048,4.336720798561,4.697643825895,5.041884944182,
    5.37090160957,5.687455278175,5.996091997334,6.303841257426,
    6.621230764788,6.963721635172,7.353570058326,7.821640417824,
    8.407110090534,9.197325542283,10.107526890421,11.137050913086,
    12.166574935752,13.07677628389,13.866991735638,14.452461408348,
    14.920531767847,15.310380191,15.652871061385,15.970260568747,
    16.278009828838,16.586646547997,16.903200216603,17.23221688199,
    17.576458000278,17.937381027612,18.315473436125,18.682463670827,
    19.092609783221,19.517557555084,19.955724802036,20.405265037068,
    20.864127871286,21.330109396521,21.800895700545,22.274101826172),
  .UNSPECIFIED.);
#3004 = CARTESIAN_POINT('',(-7.294111983766,36.821357637971,0.));
#3005 = CARTESIAN_POINT('',(-7.450265038061,36.798908265311,0.));
#3006 = CARTESIAN_POINT('',(-7.760411537219,36.744609446851,0.));
#3007 = CARTESIAN_POINT('',(-8.217831269593,36.635404883358,0.));
#3008 = CARTESIAN_POINT('',(-8.663248073611,36.500098423734,0.));
#3009 = CARTESIAN_POINT('',(-9.092833079014,36.34026523055,0.));
#3010 = CARTESIAN_POINT('',(-9.504294469826,36.159944392704,0.));
#3011 = CARTESIAN_POINT('',(-9.891702728798,35.956353462879,0.));
#3012 = CARTESIAN_POINT('',(-10.26443380038,35.75278869543,0.));
#3013 = CARTESIAN_POINT('',(-10.57311654787,35.486995712147,0.));
#3014 = CARTESIAN_POINT('',(-10.96280179102,35.39852793886,0.));
#3015 = CARTESIAN_POINT('',(-11.22322280118,35.123045586977,0.));
#3016 = CARTESIAN_POINT('',(-11.49252703568,34.885902306102,0.));
#3017 = CARTESIAN_POINT('',(-11.73087574002,34.635576371858,0.));
#3018 = CARTESIAN_POINT('',(-11.94933526347,34.388476455716,0.));
#3019 = CARTESIAN_POINT('',(-12.14909608243,34.140768293534,0.));
#3020 = CARTESIAN_POINT('',(-12.3352275522,33.891588189095,0.));
#3021 = CARTESIAN_POINT('',(-12.51358747782,33.636446815259,0.));
#3022 = CARTESIAN_POINT('',(-12.69243422419,33.368020541185,0.));
#3023 = CARTESIAN_POINT('',(-12.8829991004,33.074522576408,0.));
#3024 = CARTESIAN_POINT('',(-13.10352602139,32.740779274422,0.));
#3025 = CARTESIAN_POINT('',(-13.37415881262,32.342221896871,0.));
#3026 = CARTESIAN_POINT('',(-13.77416958763,31.875520948852,0.));
#3027 = CARTESIAN_POINT('',(-14.17834717554,31.219113488807,0.));
#3028 = CARTESIAN_POINT('',(-14.92444977634,30.674161788614,0.));
#3029 = CARTESIAN_POINT('',(-15.77607783517,30.165402735,0.));
#3030 = CARTESIAN_POINT('',(-16.71827004904,29.854951519287,0.));
#3031 = CARTESIAN_POINT('',(-17.61871036126,29.647952266655,0.));
#3032 = CARTESIAN_POINT('',(-18.37947005165,29.772350697687,0.));
#3033 = CARTESIAN_POINT('',(-18.99413044418,29.775666850084,0.));
#3034 = CARTESIAN_POINT('',(-19.47256680091,29.832135810091,0.));
#3035 = CARTESIAN_POINT('',(-19.86920758067,29.884028067103,0.));
#3036 = CARTESIAN_POINT('',(-20.21581199732,29.932209035651,0.));
#3037 = CARTESIAN_POINT('',(-20.53579475129,29.972827510053,0.));
#3038 = CARTESIAN_POINT('',(-20.84541864777,30.005114139514,0.));
#3039 = CARTESIAN_POINT('',(-21.15562659654,30.027623626536,0.));
#3040 = CARTESIAN_POINT('',(-21.47364745119,30.03886882153,0.));
#3041 = CARTESIAN_POINT('',(-21.8034536715,30.035584162114,0.));
#3042 = CARTESIAN_POINT('',(-22.14872259721,30.019380855284,0.));
#3043 = CARTESIAN_POINT('',(-22.50430029945,29.971150117651,0.));
#3044 = CARTESIAN_POINT('',(-22.88303546348,29.954739625215,0.));
#3045 = CARTESIAN_POINT('',(-23.20508450982,29.718169239519,0.));
#3046 = CARTESIAN_POINT('',(-23.60810165438,29.658939772598,0.));
#3047 = CARTESIAN_POINT('',(-24.00603258384,29.510554996916,0.));
#3048 = CARTESIAN_POINT('',(-24.4135947992,29.351095075827,0.));
#3049 = CARTESIAN_POINT('',(-24.81932210403,29.158218341075,0.));
#3050 = CARTESIAN_POINT('',(-25.22143432368,28.93822813829,0.));
#3051 = CARTESIAN_POINT('',(-25.61537809814,28.6902114657,0.));
#3052 = CARTESIAN_POINT('',(-25.99745562218,28.416030478256,0.));
#3053 = CARTESIAN_POINT('',(-26.24159469518,28.217195557639,0.));
#3054 = CARTESIAN_POINT('',(-26.36081930276,28.113884165978,0.));
#3055 = SURFACE_OF_LINEAR_EXTRUSION('',#3056,#3108);
#3056 = B_SPLINE_CURVE_WITH_KNOTS('',3,(#3057,#3058,#3059,#3060,#3061,
    #3062,#3063,#3064,#3065,#3066,#3067,#3068,#3069,#3070,#3071,#3072,
    #3073,#3074,#3075,#3076,#3077,#3078,#3079,#3080,#3081,#3082,#3083,
    #3084,#3085,#3086,#3087,#3088,#3089,#3090,#3091,#3092,#3093,#3094,
    #3095,#3096,#3097,#3098,#3099,#3100,#3101,#3102,#3103,#3104,#3105,
    #3106,#3107),.UNSPECIFIED.,.F.,.F.,(4,1,1,1,1,1,1,1,1,1,1,1,1,1,1,1,
    1,1,1,1,1,1,1,1,1,1,1,1,1,1,1,1,1,1,1,1,1,1,1,1,1,1,1,1,1,1,1,1,4),(
    0.,0.473206125628,0.943992429652,1.409973954886,1.868836789104,
    2.318377024136,2.756544271089,3.181492042951,3.591638155345,
    3.958628390048,4.336720798561,4.697643825895,5.041884944182,
    5.37090160957,5.687455278175,5.996091997334,6.303841257426,
    6.621230764788,6.963721635172,7.353570058326,7.821640417824,
    8.407110090534,9.197325542283,10.107526890421,11.137050913086,
    12.166574935752,13.07677628389,13.866991735638,14.452461408348,
    14.920531767847,15.310380191,15.652871061385,15.970260568747,
    16.278009828838,16.586646547997,16.903200216603,17.23221688199,
    17.576458000278,17.937381027612,18.315473436125,18.682463670827,
    19.092609783221,19.517557555084,19.955724802036,20.405265037068,
    20.864127871286,21.330109396521,21.800895700545,22.274101826172),
  .UNSPECIFIED.);
#3057 = CARTESIAN_POINT('',(-7.294111983766,36.821357637971,0.));
#3058 = CARTESIAN_POINT('',(-7.450265038061,36.798908265311,0.));
#3059 = CARTESIAN_POINT('',(-7.760411537219,36.744609446851,0.));
#3060 = CARTESIAN_POINT('',(-8.217831269593,36.635404883358,0.));
#3061 = CARTESIAN_POINT('',(-8.663248073611,36.500098423734,0.));
#3062 = CARTESIAN_POINT('',(-9.092833079014,36.34026523055,0.));
#3063 = CARTESIAN_POINT('',(-9.504294469826,36.159944392704,0.));
#3064 = CARTESIAN_POINT('',(-9.891702728798,35.956353462879,0.));
#3065 = CARTESIAN_POINT('',(-10.26443380038,35.75278869543,0.));
#3066 = CARTESIAN_POINT('',(-10.57311654787,35.486995712147,0.));
#3067 = CARTESIAN_POINT('',(-10.96280179102,35.39852793886,0.));
#3068 = CARTESIAN_POINT('',(-11.22322280118,35.123045586977,0.));
#3069 = CARTESIAN_POINT('',(-11.49252703568,34.885902306102,0.));
#3070 = CARTESIAN_POINT('',(-11.73087574002,34.635576371858,0.));
#3071 = CARTESIAN_POINT('',(-11.94933526347,34.388476455716,0.));
#3072 = CARTESIAN_POINT('',(-12.14909608243,34.140768293534,0.));
#3073 = CARTESIAN_POINT('',(-12.3352275522,33.891588189095,0.));
#3074 = CARTESIAN_POINT('',(-12.51358747782,33.636446815259,0.));
#3075 = CARTESIAN_POINT('',(-12.69243422419,33.368020541185,0.));
#3076 = CARTESIAN_POINT('',(-12.8829991004,33.074522576408,0.));
#3077 = CARTESIAN_POINT('',(-13.10352602139,32.740779274422,0.));
#3078 = CARTESIAN_POINT('',(-13.37415881262,32.342221896871,0.));
#3079 = CARTESIAN_POINT('',(-13.77416958763,31.875520948852,0.));
#3080 = CARTESIAN_POINT('',(-14.17834717554,31.219113488807,0.));
#3081 = CARTESIAN_POINT('',(-14.92444977634,30.674161788614,0.));
#3082 = CARTESIAN_POINT('',(-15.77607783517,30.165402735,0.));
#3083 = CARTESIAN_POINT('',(-16.71827004904,29.854951519287,0.));
#3084 = CARTESIAN_POINT('',(-17.61871036126,29.647952266655,0.));
#3085 = CARTESIAN_POINT('',(-18.37947005165,29.772350697687,0.));
#3086 = CARTESIAN_POINT('',(-18.99413044418,29.775666850084,0.));
#3087 = CARTESIAN_POINT('',(-19.47256680091,29.832135810091,0.));
#3088 = CARTESIAN_POINT('',(-19.86920758067,29.884028067103,0.));
#3089 = CARTESIAN_POINT('',(-20.21581199732,29.932209035651,0.));
#3090 = CARTESIAN_POINT('',(-20.53579475129,29.972827510053,0.));
#3091 = CARTESIAN_POINT('',(-20.84541864777,30.005114139514,0.));
#3092 = CARTESIAN_POINT('',(-21.15562659654,30.027623626536,0.));
#3093 = CARTESIAN_POINT('',(-21.47364745119,30.03886882153,0.));
#3094 = CARTESIAN_POINT('',(-21.8034536715,30.035584162114,0.));
#3095 = CARTESIAN_POINT('',(-22.14872259721,30.019380855284,0.));
#3096 = CARTESIAN_POINT('',(-22.50430029945,29.971150117651,0.));
#3097 = CARTESIAN_POINT('',(-22.88303546348,29.954739625215,0.));
#3098 = CARTESIAN_POINT('',(-23.20508450982,29.718169239519,0.));
#3099 = CARTESIAN_POINT('',(-23.60810165438,29.658939772598,0.));
#3100 = CARTESIAN_POINT('',(-24.00603258384,29.510554996916,0.));
#3101 = CARTESIAN_POINT('',(-24.4135947992,29.351095075827,0.));
#3102 = CARTESIAN_POINT('',(-24.81932210403,29.158218341075,0.));
#3103 = CARTESIAN_POINT('',(-25.22143432368,28.93822813829,0.));
#3104 = CARTESIAN_POINT('',(-25.61537809814,28.6902114657,0.));
#3105 = CARTESIAN_POINT('',(-25.99745562218,28.416030478256,0.));
#3106 = CARTESIAN_POINT('',(-26.24159469518,28.217195557639,0.));
#3107 = CARTESIAN_POINT('',(-26.36081930276,28.113884165978,0.));
#3108 = VECTOR('',#3109,1.);
#3109 = DIRECTION('',(-0.,-0.,-1.));
#3110 = ADVANCED_FACE('',(#3111),#3232,.F.);
#3111 = FACE_BOUND('',#3112,.F.);
#3112 = EDGE_LOOP('',(#3113,#3114,#3170,#3178));
#3113 = ORIENTED_EDGE('',*,*,#2994,.T.);
#3114 = ORIENTED_EDGE('',*,*,#3115,.T.);
#3115 = EDGE_CURVE('',#2939,#3116,#3118,.T.);
#3116 = VERTEX_POINT('',#3117);
#3117 = CARTESIAN_POINT('',(-37.69313861845,10.480451114501,5.));
#3118 = B_SPLINE_CURVE_WITH_KNOTS('',3,(#3119,#3120,#3121,#3122,#3123,
    #3124,#3125,#3126,#3127,#3128,#3129,#3130,#3131,#3132,#3133,#3134,
    #3135,#3136,#3137,#3138,#3139,#3140,#3141,#3142,#3143,#3144,#3145,
    #3146,#3147,#3148,#3149,#3150,#3151,#3152,#3153,#3154,#3155,#3156,
    #3157,#3158,#3159,#3160,#3161,#3162,#3163,#3164,#3165,#3166,#3167,
    #3168,#3169),.UNSPECIFIED.,.F.,.F.,(4,1,1,1,1,1,1,1,1,1,1,1,1,1,1,1,
    1,1,1,1,1,1,1,1,1,1,1,1,1,1,1,1,1,1,1,1,1,1,1,1,1,1,1,1,1,1,1,1,4),(
    0.,0.473206125628,0.943992429652,1.409973954886,1.868836789104,
    2.318377024136,2.756544271089,3.181492042951,3.591638155345,
    3.958628390048,4.336720798561,4.697643825895,5.041884944182,
    5.37090160957,5.687455278175,5.996091997334,6.303841257426,
    6.621230764788,6.963721635172,7.353570058326,7.821640417824,
    8.407110090534,9.197325542283,10.107526890421,11.137050913086,
    12.166574935752,13.07677628389,13.866991735638,14.452461408348,
    14.920531767847,15.310380191,15.652871061385,15.970260568747,
    16.278009828838,16.586646547997,16.903200216603,17.23221688199,
    17.576458000278,17.937381027612,18.315473436125,18.682463670827,
    19.092609783221,19.517557555084,19.955724802036,20.405265037068,
    20.864127871286,21.330109396521,21.800895700545,22.274101826172),
  .UNSPECIFIED.);
#3119 = CARTESIAN_POINT('',(-26.36081930276,28.113884165978,5.));
#3120 = CARTESIAN_POINT('',(-26.48004656416,28.010575836996,5.));
#3121 = CARTESIAN_POINT('',(-26.71160224467,27.797218907302,5.));
#3122 = CARTESIAN_POINT('',(-27.03736776604,27.458050404432,5.));
#3123 = CARTESIAN_POINT('',(-27.33892403107,27.103412862225,5.));
#3124 = CARTESIAN_POINT('',(-27.6139015863,26.736701435309,5.));
#3125 = CARTESIAN_POINT('',(-27.86255612976,26.362553070747,5.));
#3126 = CARTESIAN_POINT('',(-28.07839512954,25.98183276396,5.));
#3127 = CARTESIAN_POINT('',(-28.28190103803,25.60906955295,5.));
#3128 = CARTESIAN_POINT('',(-28.39788295413,25.218583773821,5.));
#3129 = CARTESIAN_POINT('',(-28.67787775235,24.933480198596,5.));
#3130 = CARTESIAN_POINT('',(-28.74802084325,24.560935469028,5.));
#3131 = CARTESIAN_POINT('',(-28.84636464471,24.215840984719,5.));
#3132 = CARTESIAN_POINT('',(-28.91153991656,23.876392369822,5.));
#3133 = CARTESIAN_POINT('',(-28.96172746179,23.550410557067,5.));
#3134 = CARTESIAN_POINT('',(-28.99585581316,23.234026338066,5.));
#3135 = CARTESIAN_POINT('',(-29.01772263432,22.923772424924,5.));
#3136 = CARTESIAN_POINT('',(-29.02982871095,22.612705186823,5.));
#3137 = CARTESIAN_POINT('',(-29.03516196793,22.290198784294,5.));
#3138 = CARTESIAN_POINT('',(-29.03679836367,21.940265434098,5.));
#3139 = CARTESIAN_POINT('',(-29.04188216344,21.540276847406,5.));
#3140 = CARTESIAN_POINT('',(-29.05407656875,21.058673912027,5.));
#3141 = CARTESIAN_POINT('',(-29.13826946436,20.449797938334,5.));
#3142 = CARTESIAN_POINT('',(-29.12340462229,19.679077942073,5.));
#3143 = CARTESIAN_POINT('',(-29.45644293841,18.817261879058,5.));
#3144 = CARTESIAN_POINT('',(-29.89782214092,17.928841637955,5.));
#3145 = CARTESIAN_POINT('',(-30.5226020704,17.158285887258,5.));
#3146 = CARTESIAN_POINT('',(-31.16818841901,16.497332248216,5.));
#3147 = CARTESIAN_POINT('',(-31.87543506563,16.1906851269,5.));
#3148 = CARTESIAN_POINT('',(-32.39431313968,15.861164354745,5.));
#3149 = CARTESIAN_POINT('',(-32.82732883971,15.650006843842,5.));
#3150 = CARTESIAN_POINT('',(-33.1890593692,15.479221192976,5.));
#3151 = CARTESIAN_POINT('',(-33.50669015742,15.332365107832,5.));
#3152 = CARTESIAN_POINT('',(-33.79783678485,15.193539805242,5.));
#3153 = CARTESIAN_POINT('',(-34.07576445135,15.053305729844,5.));
#3154 = CARTESIAN_POINT('',(-34.34889753163,14.904530836318,5.));
#3155 = CARTESIAN_POINT('',(-34.62251331053,14.74205584151,5.));
#3156 = CARTESIAN_POINT('',(-34.89818813757,14.560985905622,5.));
#3157 = CARTESIAN_POINT('',(-35.17988667205,14.360688342268,5.));
#3158 = CARTESIAN_POINT('',(-35.45294216484,14.127874244233,5.));
#3159 = CARTESIAN_POINT('',(-35.76268227754,13.909309170819,5.));
#3160 = CARTESIAN_POINT('',(-35.90570756881,13.536180638414,5.));
#3161 = CARTESIAN_POINT('',(-36.21272529805,13.268466121633,5.));
#3162 = CARTESIAN_POINT('',(-36.46726323185,12.928499201881,5.));
#3163 = CARTESIAN_POINT('',(-36.72391584329,12.574008210641,5.));
#3164 = CARTESIAN_POINT('',(-36.9609583363,12.192397234384,5.));
#3165 = CARTESIAN_POINT('',(-37.1803009786,11.789931419965,5.));
#3166 = CARTESIAN_POINT('',(-37.37761963399,11.368304433693,5.));
#3167 = CARTESIAN_POINT('',(-37.55081026772,10.931082004441,5.));
#3168 = CARTESIAN_POINT('',(-37.64869485137,10.631819877018,5.));
#3169 = CARTESIAN_POINT('',(-37.69313861845,10.480451114501,5.));
#3170 = ORIENTED_EDGE('',*,*,#3171,.F.);
#3171 = EDGE_CURVE('',#3172,#3116,#3174,.T.);
#3172 = VERTEX_POINT('',#3173);
#3173 = CARTESIAN_POINT('',(-37.69313861845,10.480451114501,0.));
#3174 = LINE('',#3175,#3176);
#3175 = CARTESIAN_POINT('',(-37.69313861845,10.480451114501,0.));
#3176 = VECTOR('',#3177,1.);
#3177 = DIRECTION('',(0.,0.,1.));
#3178 = ORIENTED_EDGE('',*,*,#3179,.F.);
#3179 = EDGE_CURVE('',#2995,#3172,#3180,.T.);
#3180 = B_SPLINE_CURVE_WITH_KNOTS('',3,(#3181,#3182,#3183,#3184,#3185,
    #3186,#3187,#3188,#3189,#3190,#3191,#3192,#3193,#3194,#3195,#3196,
    #3197,#3198,#3199,#3200,#3201,#3202,#3203,#3204,#3205,#3206,#3207,
    #3208,#3209,#3210,#3211,#3212,#3213,#3214,#3215,#3216,#3217,#3218,
    #3219,#3220,#3221,#3222,#3223,#3224,#3225,#3226,#3227,#3228,#3229,
    #3230,#3231),.UNSPECIFIED.,.F.,.F.,(4,1,1,1,1,1,1,1,1,1,1,1,1,1,1,1,
    1,1,1,1,1,1,1,1,1,1,1,1,1,1,1,1,1,1,1,1,1,1,1,1,1,1,1,1,1,1,1,1,4),(
    0.,0.473206125628,0.943992429652,1.409973954886,1.868836789104,
    2.318377024136,2.756544271089,3.181492042951,3.591638155345,
    3.958628390048,4.336720798561,4.697643825895,5.041884944182,
    5.37090160957,5.687455278175,5.996091997334,6.303841257426,
    6.621230764788,6.963721635172,7.353570058326,7.821640417824,
    8.407110090534,9.197325542283,10.107526890421,11.137050913086,
    12.166574935752,13.07677628389,13.866991735638,14.452461408348,
    14.920531767847,15.310380191,15.652871061385,15.970260568747,
    16.278009828838,16.586646547997,16.903200216603,17.23221688199,
    17.576458000278,17.937381027612,18.315473436125,18.682463670827,
    19.092609783221,19.517557555084,19.955724802036,20.405265037068,
    20.864127871286,21.330109396521,21.800895700545,22.274101826172),
  .UNSPECIFIED.);
#3181 = CARTESIAN_POINT('',(-26.36081930276,28.113884165978,0.));
#3182 = CARTESIAN_POINT('',(-26.48004656416,28.010575836996,0.));
#3183 = CARTESIAN_POINT('',(-26.71160224467,27.797218907302,0.));
#3184 = CARTESIAN_POINT('',(-27.03736776604,27.458050404432,0.));
#3185 = CARTESIAN_POINT('',(-27.33892403107,27.103412862225,0.));
#3186 = CARTESIAN_POINT('',(-27.6139015863,26.736701435309,0.));
#3187 = CARTESIAN_POINT('',(-27.86255612976,26.362553070747,0.));
#3188 = CARTESIAN_POINT('',(-28.07839512954,25.98183276396,0.));
#3189 = CARTESIAN_POINT('',(-28.28190103803,25.60906955295,0.));
#3190 = CARTESIAN_POINT('',(-28.39788295413,25.218583773821,0.));
#3191 = CARTESIAN_POINT('',(-28.67787775235,24.933480198596,0.));
#3192 = CARTESIAN_POINT('',(-28.74802084325,24.560935469028,0.));
#3193 = CARTESIAN_POINT('',(-28.84636464471,24.215840984719,0.));
#3194 = CARTESIAN_POINT('',(-28.91153991656,23.876392369822,0.));
#3195 = CARTESIAN_POINT('',(-28.96172746179,23.550410557067,0.));
#3196 = CARTESIAN_POINT('',(-28.99585581316,23.234026338066,0.));
#3197 = CARTESIAN_POINT('',(-29.01772263432,22.923772424924,0.));
#3198 = CARTESIAN_POINT('',(-29.02982871095,22.612705186823,0.));
#3199 = CARTESIAN_POINT('',(-29.03516196793,22.290198784294,0.));
#3200 = CARTESIAN_POINT('',(-29.03679836367,21.940265434098,0.));
#3201 = CARTESIAN_POINT('',(-29.04188216344,21.540276847406,0.));
#3202 = CARTESIAN_POINT('',(-29.05407656875,21.058673912027,0.));
#3203 = CARTESIAN_POINT('',(-29.13826946436,20.449797938334,0.));
#3204 = CARTESIAN_POINT('',(-29.12340462229,19.679077942073,0.));
#3205 = CARTESIAN_POINT('',(-29.45644293841,18.817261879058,0.));
#3206 = CARTESIAN_POINT('',(-29.89782214092,17.928841637955,0.));
#3207 = CARTESIAN_POINT('',(-30.5226020704,17.158285887258,0.));
#3208 = CARTESIAN_POINT('',(-31.16818841901,16.497332248216,0.));
#3209 = CARTESIAN_POINT('',(-31.87543506563,16.1906851269,0.));
#3210 = CARTESIAN_POINT('',(-32.39431313968,15.861164354745,0.));
#3211 = CARTESIAN_POINT('',(-32.82732883971,15.650006843842,0.));
#3212 = CARTESIAN_POINT('',(-33.1890593692,15.479221192976,0.));
#3213 = CARTESIAN_POINT('',(-33.50669015742,15.332365107832,0.));
#3214 = CARTESIAN_POINT('',(-33.79783678485,15.193539805242,0.));
#3215 = CARTESIAN_POINT('',(-34.07576445135,15.053305729844,0.));
#3216 = CARTESIAN_POINT('',(-34.34889753163,14.904530836318,0.));
#3217 = CARTESIAN_POINT('',(-34.62251331053,14.74205584151,0.));
#3218 = CARTESIAN_POINT('',(-34.89818813757,14.560985905622,0.));
#3219 = CARTESIAN_POINT('',(-35.17988667205,14.360688342268,0.));
#3220 = CARTESIAN_POINT('',(-35.45294216484,14.127874244233,0.));
#3221 = CARTESIAN_POINT('',(-35.76268227754,13.909309170819,0.));
#3222 = CARTESIAN_POINT('',(-35.90570756881,13.536180638414,0.));
#3223 = CARTESIAN_POINT('',(-36.21272529805,13.268466121633,0.));
#3224 = CARTESIAN_POINT('',(-36.46726323185,12.928499201881,0.));
#3225 = CARTESIAN_POINT('',(-36.72391584329,12.574008210641,0.));
#3226 = CARTESIAN_POINT('',(-36.9609583363,12.192397234384,0.));
#3227 = CARTESIAN_POINT('',(-37.1803009786,11.789931419965,0.));
#3228 = CARTESIAN_POINT('',(-37.37761963399,11.368304433693,0.));
#3229 = CARTESIAN_POINT('',(-37.55081026772,10.931082004441,0.));
#3230 = CARTESIAN_POINT('',(-37.64869485137,10.631819877018,0.));
#3231 = CARTESIAN_POINT('',(-37.69313861845,10.480451114501,0.));
#3232 = SURFACE_OF_LINEAR_EXTRUSION('',#3233,#3285);
#3233 = B_SPLINE_CURVE_WITH_KNOTS('',3,(#3234,#3235,#3236,#3237,#3238,
    #3239,#3240,#3241,#3242,#3243,#3244,#3245,#3246,#3247,#3248,#3249,
    #3250,#3251,#3252,#3253,#3254,#3255,#3256,#3257,#3258,#3259,#3260,
    #3261,#3262,#3263,#3264,#3265,#3266,#3267,#3268,#3269,#3270,#3271,
    #3272,#3273,#3274,#3275,#3276,#3277,#3278,#3279,#3280,#3281,#3282,
    #3283,#3284),.UNSPECIFIED.,.F.,.F.,(4,1,1,1,1,1,1,1,1,1,1,1,1,1,1,1,
    1,1,1,1,1,1,1,1,1,1,1,1,1,1,1,1,1,1,1,1,1,1,1,1,1,1,1,1,1,1,1,1,4),(
    0.,0.473206125628,0.943992429652,1.409973954886,1.868836789104,
    2.318377024136,2.756544271089,3.181492042951,3.591638155345,
    3.958628390048,4.336720798561,4.697643825895,5.041884944182,
    5.37090160957,5.687455278175,5.996091997334,6.303841257426,
    6.621230764788,6.963721635172,7.353570058326,7.821640417824,
    8.407110090534,9.197325542283,10.107526890421,11.137050913086,
    12.166574935752,13.07677628389,13.866991735638,14.452461408348,
    14.920531767847,15.310380191,15.652871061385,15.970260568747,
    16.278009828838,16.586646547997,16.903200216603,17.23221688199,
    17.576458000278,17.937381027612,18.315473436125,18.682463670827,
    19.092609783221,19.517557555084,19.955724802036,20.405265037068,
    20.864127871286,21.330109396521,21.800895700545,22.274101826172),
  .UNSPECIFIED.);
#3234 = CARTESIAN_POINT('',(-26.36081930276,28.113884165978,0.));
#3235 = CARTESIAN_POINT('',(-26.48004656416,28.010575836996,0.));
#3236 = CARTESIAN_POINT('',(-26.71160224467,27.797218907302,0.));
#3237 = CARTESIAN_POINT('',(-27.03736776604,27.458050404432,0.));
#3238 = CARTESIAN_POINT('',(-27.33892403107,27.103412862225,0.));
#3239 = CARTESIAN_POINT('',(-27.6139015863,26.736701435309,0.));
#3240 = CARTESIAN_POINT('',(-27.86255612976,26.362553070747,0.));
#3241 = CARTESIAN_POINT('',(-28.07839512954,25.98183276396,0.));
#3242 = CARTESIAN_POINT('',(-28.28190103803,25.60906955295,0.));
#3243 = CARTESIAN_POINT('',(-28.39788295413,25.218583773821,0.));
#3244 = CARTESIAN_POINT('',(-28.67787775235,24.933480198596,0.));
#3245 = CARTESIAN_POINT('',(-28.74802084325,24.560935469028,0.));
#3246 = CARTESIAN_POINT('',(-28.84636464471,24.215840984719,0.));
#3247 = CARTESIAN_POINT('',(-28.91153991656,23.876392369822,0.));
#3248 = CARTESIAN_POINT('',(-28.96172746179,23.550410557067,0.));
#3249 = CARTESIAN_POINT('',(-28.99585581316,23.234026338066,0.));
#3250 = CARTESIAN_POINT('',(-29.01772263432,22.923772424924,0.));
#3251 = CARTESIAN_POINT('',(-29.02982871095,22.612705186823,0.));
#3252 = CARTESIAN_POINT('',(-29.03516196793,22.290198784294,0.));
#3253 = CARTESIAN_POINT('',(-29.03679836367,21.940265434098,0.));
#3254 = CARTESIAN_POINT('',(-29.04188216344,21.540276847406,0.));
#3255 = CARTESIAN_POINT('',(-29.05407656875,21.058673912027,0.));
#3256 = CARTESIAN_POINT('',(-29.13826946436,20.449797938334,0.));
#3257 = CARTESIAN_POINT('',(-29.12340462229,19.679077942073,0.));
#3258 = CARTESIAN_POINT('',(-29.45644293841,18.817261879058,0.));
#3259 = CARTESIAN_POINT('',(-29.89782214092,17.928841637955,0.));
#3260 = CARTESIAN_POINT('',(-30.5226020704,17.158285887258,0.));
#3261 = CARTESIAN_POINT('',(-31.16818841901,16.497332248216,0.));
#3262 = CARTESIAN_POINT('',(-31.87543506563,16.1906851269,0.));
#3263 = CARTESIAN_POINT('',(-32.39431313968,15.861164354745,0.));
#3264 = CARTESIAN_POINT('',(-32.82732883971,15.650006843842,0.));
#3265 = CARTESIAN_POINT('',(-33.1890593692,15.479221192976,0.));
#3266 = CARTESIAN_POINT('',(-33.50669015742,15.332365107832,0.));
#3267 = CARTESIAN_POINT('',(-33.79783678485,15.193539805242,0.));
#3268 = CARTESIAN_POINT('',(-34.07576445135,15.053305729844,0.));
#3269 = CARTESIAN_POINT('',(-34.34889753163,14.904530836318,0.));
#3270 = CARTESIAN_POINT('',(-34.62251331053,14.74205584151,0.));
#3271 = CARTESIAN_POINT('',(-34.89818813757,14.560985905622,0.));
#3272 = CARTESIAN_POINT('',(-35.17988667205,14.360688342268,0.));
#3273 = CARTESIAN_POINT('',(-35.45294216484,14.127874244233,0.));
#3274 = CARTESIAN_POINT('',(-35.76268227754,13.909309170819,0.));
#3275 = CARTESIAN_POINT('',(-35.90570756881,13.536180638414,0.));
#3276 = CARTESIAN_POINT('',(-36.21272529805,13.268466121633,0.));
#3277 = CARTESIAN_POINT('',(-36.46726323185,12.928499201881,0.));
#3278 = CARTESIAN_POINT('',(-36.72391584329,12.574008210641,0.));
#3279 = CARTESIAN_POINT('',(-36.9609583363,12.192397234384,0.));
#3280 = CARTESIAN_POINT('',(-37.1803009786,11.789931419965,0.));
#3281 = CARTESIAN_POINT('',(-37.37761963399,11.368304433693,0.));
#3282 = CARTESIAN_POINT('',(-37.55081026772,10.931082004441,0.));
#3283 = CARTESIAN_POINT('',(-37.64869485137,10.631819877018,0.));
#3284 = CARTESIAN_POINT('',(-37.69313861845,10.480451114501,0.));
#3285 = VECTOR('',#3286,1.);
#3286 = DIRECTION('',(-0.,-0.,-1.));
#3287 = ADVANCED_FACE('',(#3288),#3409,.F.);
#3288 = FACE_BOUND('',#3289,.F.);
#3289 = EDGE_LOOP('',(#3290,#3291,#3347,#3355));
#3290 = ORIENTED_EDGE('',*,*,#3171,.T.);
#3291 = ORIENTED_EDGE('',*,*,#3292,.T.);
#3292 = EDGE_CURVE('',#3116,#3293,#3295,.T.);
#3293 = VERTEX_POINT('',#3294);
#3294 = CARTESIAN_POINT('',(-37.69313861845,-10.4804511145,5.));
#3295 = B_SPLINE_CURVE_WITH_KNOTS('',3,(#3296,#3297,#3298,#3299,#3300,
    #3301,#3302,#3303,#3304,#3305,#3306,#3307,#3308,#3309,#3310,#3311,
    #3312,#3313,#3314,#3315,#3316,#3317,#3318,#3319,#3320,#3321,#3322,
    #3323,#3324,#3325,#3326,#3327,#3328,#3329,#3330,#3331,#3332,#3333,
    #3334,#3335,#3336,#3337,#3338,#3339,#3340,#3341,#3342,#3343,#3344,
    #3345,#3346),.UNSPECIFIED.,.F.,.F.,(4,1,1,1,1,1,1,1,1,1,1,1,1,1,1,1,
    1,1,1,1,1,1,1,1,1,1,1,1,1,1,1,1,1,1,1,1,1,1,1,1,1,1,1,1,1,1,1,1,4),(
    0.,0.473206125628,0.943992429652,1.409973954886,1.868836789104,
    2.318377024136,2.756544271089,3.181492042951,3.591638155345,
    3.958628390048,4.336720798561,4.697643825895,5.041884944182,
    5.37090160957,5.687455278175,5.996091997334,6.303841257426,
    6.621230764788,6.963721635172,7.353570058326,7.821640417824,
    8.407110090534,9.197325542283,10.107526890421,11.137050913086,
    12.166574935752,13.07677628389,13.866991735638,14.452461408348,
    14.920531767847,15.310380191,15.652871061385,15.970260568747,
    16.278009828838,16.586646547997,16.903200216603,17.23221688199,
    17.576458000278,17.937381027612,18.315473436125,18.682463670827,
    19.092609783221,19.517557555084,19.955724802036,20.405265037068,
    20.864127871286,21.330109396521,21.800895700545,22.274101826172),
  .UNSPECIFIED.);
#3296 = CARTESIAN_POINT('',(-37.69313861845,10.480451114501,5.));
#3297 = CARTESIAN_POINT('',(-37.73758627389,10.329083493707,5.));
#3298 = CARTESIAN_POINT('',(-37.81703384329,10.024407770449,5.));
#3299 = CARTESIAN_POINT('',(-37.90771690237,9.562958931412,5.));
#3300 = CARTESIAN_POINT('',(-37.96967064495,9.101585220525,5.));
#3301 = CARTESIAN_POINT('',(-38.00273731911,8.644423846861,5.));
#3302 = CARTESIAN_POINT('',(-38.00963895459,8.195237417727,5.));
#3303 = CARTESIAN_POINT('',(-37.9853813378,7.758263741341,5.));
#3304 = CARTESIAN_POINT('',(-37.95505039515,7.334651772448,5.));
#3305 = CARTESIAN_POINT('',(-37.84150804098,6.943449673305,5.));
#3306 = CARTESIAN_POINT('',(-37.92291602419,6.55222866683,5.));
#3307 = CARTESIAN_POINT('',(-37.78051126008,6.20090187894,5.));
#3308 = CARTESIAN_POINT('',(-37.67667116639,5.857421251643,5.));
#3309 = CARTESIAN_POINT('',(-37.54798031745,5.536622492894,5.));
#3310 = CARTESIAN_POINT('',(-37.41396169345,5.2352557058,5.));
#3311 = CARTESIAN_POINT('',(-37.27162206682,4.950645184048,5.));
#3312 = CARTESIAN_POINT('',(-37.12228167815,4.677820887475,5.));
#3313 = CARTESIAN_POINT('',(-36.96429031199,4.409589435312,5.));
#3314 = CARTESIAN_POINT('',(-36.79441680817,4.135396408409,5.));
#3315 = CARTESIAN_POINT('',(-36.60660517936,3.84012903897,5.));
#3316 = CARTESIAN_POINT('',(-36.3946317874,3.500888717662,5.));
#3317 = CARTESIAN_POINT('',(-36.14451616928,3.089145753593,5.));
#3318 = CARTESIAN_POINT('',(-35.886160536,2.531408573763,5.));
#3319 = CARTESIAN_POINT('',(-35.45697274629,1.891074194452,5.));
#3320 = CARTESIAN_POINT('',(-35.27120946548,0.98601427932,5.));
#3321 = CARTESIAN_POINT('',(-35.16220503352,2.6645352591E-15,5.));
#3322 = CARTESIAN_POINT('',(-35.27120946548,-0.98601427932,5.));
#3323 = CARTESIAN_POINT('',(-35.45697274629,-1.891074194452,5.));
#3324 = CARTESIAN_POINT('',(-35.886160536,-2.531408573763,5.));
#3325 = CARTESIAN_POINT('',(-36.14451616928,-3.089145753593,5.));
#3326 = CARTESIAN_POINT('',(-36.3946317874,-3.500888717662,5.));
#3327 = CARTESIAN_POINT('',(-36.60660517936,-3.84012903897,5.));
#3328 = CARTESIAN_POINT('',(-36.79441680817,-4.135396408409,5.));
#3329 = CARTESIAN_POINT('',(-36.96429031199,-4.409589435312,5.));
#3330 = CARTESIAN_POINT('',(-37.12228167815,-4.677820887475,5.));
#3331 = CARTESIAN_POINT('',(-37.27162206682,-4.950645184048,5.));
#3332 = CARTESIAN_POINT('',(-37.41396169345,-5.2352557058,5.));
#3333 = CARTESIAN_POINT('',(-37.54798031745,-5.536622492894,5.));
#3334 = CARTESIAN_POINT('',(-37.67667116639,-5.857421251643,5.));
#3335 = CARTESIAN_POINT('',(-37.78051126008,-6.20090187894,5.));
#3336 = CARTESIAN_POINT('',(-37.92291602419,-6.55222866683,5.));
#3337 = CARTESIAN_POINT('',(-37.84150804098,-6.943449673305,5.));
#3338 = CARTESIAN_POINT('',(-37.95505039515,-7.334651772448,5.));
#3339 = CARTESIAN_POINT('',(-37.9853813378,-7.758263741341,5.));
#3340 = CARTESIAN_POINT('',(-38.00963895459,-8.195237417727,5.));
#3341 = CARTESIAN_POINT('',(-38.00273731911,-8.644423846861,5.));
#3342 = CARTESIAN_POINT('',(-37.96967064495,-9.101585220524,5.));
#3343 = CARTESIAN_POINT('',(-37.90771690237,-9.562958931412,5.));
#3344 = CARTESIAN_POINT('',(-37.81703384329,-10.02440777044,5.));
#3345 = CARTESIAN_POINT('',(-37.73758627389,-10.3290834937,5.));
#3346 = CARTESIAN_POINT('',(-37.69313861845,-10.4804511145,5.));
#3347 = ORIENTED_EDGE('',*,*,#3348,.F.);
#3348 = EDGE_CURVE('',#3349,#3293,#3351,.T.);
#3349 = VERTEX_POINT('',#3350);
#3350 = CARTESIAN_POINT('',(-37.69313861845,-10.4804511145,0.));
#3351 = LINE('',#3352,#3353);
#3352 = CARTESIAN_POINT('',(-37.69313861845,-10.4804511145,0.));
#3353 = VECTOR('',#3354,1.);
#3354 = DIRECTION('',(0.,0.,1.));
#3355 = ORIENTED_EDGE('',*,*,#3356,.F.);
#3356 = EDGE_CURVE('',#3172,#3349,#3357,.T.);
#3357 = B_SPLINE_CURVE_WITH_KNOTS('',3,(#3358,#3359,#3360,#3361,#3362,
    #3363,#3364,#3365,#3366,#3367,#3368,#3369,#3370,#3371,#3372,#3373,
    #3374,#3375,#3376,#3377,#3378,#3379,#3380,#3381,#3382,#3383,#3384,
    #3385,#3386,#3387,#3388,#3389,#3390,#3391,#3392,#3393,#3394,#3395,
    #3396,#3397,#3398,#3399,#3400,#3401,#3402,#3403,#3404,#3405,#3406,
    #3407,#3408),.UNSPECIFIED.,.F.,.F.,(4,1,1,1,1,1,1,1,1,1,1,1,1,1,1,1,
    1,1,1,1,1,1,1,1,1,1,1,1,1,1,1,1,1,1,1,1,1,1,1,1,1,1,1,1,1,1,1,1,4),(
    0.,0.473206125628,0.943992429652,1.409973954886,1.868836789104,
    2.318377024136,2.756544271089,3.181492042951,3.591638155345,
    3.958628390048,4.336720798561,4.697643825895,5.041884944182,
    5.37090160957,5.687455278175,5.996091997334,6.303841257426,
    6.621230764788,6.963721635172,7.353570058326,7.821640417824,
    8.407110090534,9.197325542283,10.107526890421,11.137050913086,
    12.166574935752,13.07677628389,13.866991735638,14.452461408348,
    14.920531767847,15.310380191,15.652871061385,15.970260568747,
    16.278009828838,16.586646547997,16.903200216603,17.23221688199,
    17.576458000278,17.937381027612,18.315473436125,18.682463670827,
    19.092609783221,19.517557555084,19.955724802036,20.405265037068,
    20.864127871286,21.330109396521,21.800895700545,22.274101826172),
  .UNSPECIFIED.);
#3358 = CARTESIAN_POINT('',(-37.69313861845,10.480451114501,0.));
#3359 = CARTESIAN_POINT('',(-37.73758627389,10.329083493707,0.));
#3360 = CARTESIAN_POINT('',(-37.81703384329,10.024407770449,0.));
#3361 = CARTESIAN_POINT('',(-37.90771690237,9.562958931412,0.));
#3362 = CARTESIAN_POINT('',(-37.96967064495,9.101585220525,0.));
#3363 = CARTESIAN_POINT('',(-38.00273731911,8.644423846861,0.));
#3364 = CARTESIAN_POINT('',(-38.00963895459,8.195237417727,0.));
#3365 = CARTESIAN_POINT('',(-37.9853813378,7.758263741341,0.));
#3366 = CARTESIAN_POINT('',(-37.95505039515,7.334651772448,0.));
#3367 = CARTESIAN_POINT('',(-37.84150804098,6.943449673305,0.));
#3368 = CARTESIAN_POINT('',(-37.92291602419,6.55222866683,0.));
#3369 = CARTESIAN_POINT('',(-37.78051126008,6.20090187894,0.));
#3370 = CARTESIAN_POINT('',(-37.67667116639,5.857421251643,0.));
#3371 = CARTESIAN_POINT('',(-37.54798031745,5.536622492894,0.));
#3372 = CARTESIAN_POINT('',(-37.41396169345,5.2352557058,0.));
#3373 = CARTESIAN_POINT('',(-37.27162206682,4.950645184048,0.));
#3374 = CARTESIAN_POINT('',(-37.12228167815,4.677820887475,0.));
#3375 = CARTESIAN_POINT('',(-36.96429031199,4.409589435312,0.));
#3376 = CARTESIAN_POINT('',(-36.79441680817,4.135396408409,0.));
#3377 = CARTESIAN_POINT('',(-36.60660517936,3.84012903897,0.));
#3378 = CARTESIAN_POINT('',(-36.3946317874,3.500888717662,0.));
#3379 = CARTESIAN_POINT('',(-36.14451616928,3.089145753593,0.));
#3380 = CARTESIAN_POINT('',(-35.886160536,2.531408573763,0.));
#3381 = CARTESIAN_POINT('',(-35.45697274629,1.891074194452,0.));
#3382 = CARTESIAN_POINT('',(-35.27120946548,0.98601427932,0.));
#3383 = CARTESIAN_POINT('',(-35.16220503352,2.6645352591E-15,0.));
#3384 = CARTESIAN_POINT('',(-35.27120946548,-0.98601427932,0.));
#3385 = CARTESIAN_POINT('',(-35.45697274629,-1.891074194452,0.));
#3386 = CARTESIAN_POINT('',(-35.886160536,-2.531408573763,0.));
#3387 = CARTESIAN_POINT('',(-36.14451616928,-3.089145753593,0.));
#3388 = CARTESIAN_POINT('',(-36.3946317874,-3.500888717662,0.));
#3389 = CARTESIAN_POINT('',(-36.60660517936,-3.84012903897,0.));
#3390 = CARTESIAN_POINT('',(-36.79441680817,-4.135396408409,0.));
#3391 = CARTESIAN_POINT('',(-36.96429031199,-4.409589435312,0.));
#3392 = CARTESIAN_POINT('',(-37.12228167815,-4.677820887475,0.));
#3393 = CARTESIAN_POINT('',(-37.27162206682,-4.950645184048,0.));
#3394 = CARTESIAN_POINT('',(-37.41396169345,-5.2352557058,0.));
#3395 = CARTESIAN_POINT('',(-37.54798031745,-5.536622492894,0.));
#3396 = CARTESIAN_POINT('',(-37.67667116639,-5.857421251643,0.));
#3397 = CARTESIAN_POINT('',(-37.78051126008,-6.20090187894,0.));
#3398 = CARTESIAN_POINT('',(-37.92291602419,-6.55222866683,0.));
#3399 = CARTESIAN_POINT('',(-37.84150804098,-6.943449673305,0.));
#3400 = CARTESIAN_POINT('',(-37.95505039515,-7.334651772448,0.));
#3401 = CARTESIAN_POINT('',(-37.9853813378,-7.758263741341,0.));
#3402 = CARTESIAN_POINT('',(-38.00963895459,-8.195237417727,0.));
#3403 = CARTESIAN_POINT('',(-38.00273731911,-8.644423846861,0.));
#3404 = CARTESIAN_POINT('',(-37.96967064495,-9.101585220524,0.));
#3405 = CARTESIAN_POINT('',(-37.90771690237,-9.562958931412,0.));
#3406 = CARTESIAN_POINT('',(-37.81703384329,-10.02440777044,0.));
#3407 = CARTESIAN_POINT('',(-37.73758627389,-10.3290834937,0.));
#3408 = CARTESIAN_POINT('',(-37.69313861845,-10.4804511145,0.));
#3409 = SURFACE_OF_LINEAR_EXTRUSION('',#3410,#3462);
#3410 = B_SPLINE_CURVE_WITH_KNOTS('',3,(#3411,#3412,#3413,#3414,#3415,
    #3416,#3417,#3418,#3419,#3420,#3421,#3422,#3423,#3424,#3425,#3426,
    #3427,#3428,#3429,#3430,#3431,#3432,#3433,#3434,#3435,#3436,#3437,
    #3438,#3439,#3440,#3441,#3442,#3443,#3444,#3445,#3446,#3447,#3448,
    #3449,#3450,#3451,#3452,#3453,#3454,#3455,#3456,#3457,#3458,#3459,
    #3460,#3461),.UNSPECIFIED.,.F.,.F.,(4,1,1,1,1,1,1,1,1,1,1,1,1,1,1,1,
    1,1,1,1,1,1,1,1,1,1,1,1,1,1,1,1,1,1,1,1,1,1,1,1,1,1,1,1,1,1,1,1,4),(
    0.,0.473206125628,0.943992429652,1.409973954886,1.868836789104,
    2.318377024136,2.756544271089,3.181492042951,3.591638155345,
    3.958628390048,4.336720798561,4.697643825895,5.041884944182,
    5.37090160957,5.687455278175,5.996091997334,6.303841257426,
    6.621230764788,6.963721635172,7.353570058326,7.821640417824,
    8.407110090534,9.197325542283,10.107526890421,11.137050913086,
    12.166574935752,13.07677628389,13.866991735638,14.452461408348,
    14.920531767847,15.310380191,15.652871061385,15.970260568747,
    16.278009828838,16.586646547997,16.903200216603,17.23221688199,
    17.576458000278,17.937381027612,18.315473436125,18.682463670827,
    19.092609783221,19.517557555084,19.955724802036,20.405265037068,
    20.864127871286,21.330109396521,21.800895700545,22.274101826172),
  .UNSPECIFIED.);
#3411 = CARTESIAN_POINT('',(-37.69313861845,10.480451114501,0.));
#3412 = CARTESIAN_POINT('',(-37.73758627389,10.329083493707,0.));
#3413 = CARTESIAN_POINT('',(-37.81703384329,10.024407770449,0.));
#3414 = CARTESIAN_POINT('',(-37.90771690237,9.562958931412,0.));
#3415 = CARTESIAN_POINT('',(-37.96967064495,9.101585220525,0.));
#3416 = CARTESIAN_POINT('',(-38.00273731911,8.644423846861,0.));
#3417 = CARTESIAN_POINT('',(-38.00963895459,8.195237417727,0.));
#3418 = CARTESIAN_POINT('',(-37.9853813378,7.758263741341,0.));
#3419 = CARTESIAN_POINT('',(-37.95505039515,7.334651772448,0.));
#3420 = CARTESIAN_POINT('',(-37.84150804098,6.943449673305,0.));
#3421 = CARTESIAN_POINT('',(-37.92291602419,6.55222866683,0.));
#3422 = CARTESIAN_POINT('',(-37.78051126008,6.20090187894,0.));
#3423 = CARTESIAN_POINT('',(-37.67667116639,5.857421251643,0.));
#3424 = CARTESIAN_POINT('',(-37.54798031745,5.536622492894,0.));
#3425 = CARTESIAN_POINT('',(-37.41396169345,5.2352557058,0.));
#3426 = CARTESIAN_POINT('',(-37.27162206682,4.950645184048,0.));
#3427 = CARTESIAN_POINT('',(-37.12228167815,4.677820887475,0.));
#3428 = CARTESIAN_POINT('',(-36.96429031199,4.409589435312,0.));
#3429 = CARTESIAN_POINT('',(-36.79441680817,4.135396408409,0.));
#3430 = CARTESIAN_POINT('',(-36.60660517936,3.84012903897,0.));
#3431 = CARTESIAN_POINT('',(-36.3946317874,3.500888717662,0.));
#3432 = CARTESIAN_POINT('',(-36.14451616928,3.089145753593,0.));
#3433 = CARTESIAN_POINT('',(-35.886160536,2.531408573763,0.));
#3434 = CARTESIAN_POINT('',(-35.45697274629,1.891074194452,0.));
#3435 = CARTESIAN_POINT('',(-35.27120946548,0.98601427932,0.));
#3436 = CARTESIAN_POINT('',(-35.16220503352,2.6645352591E-15,0.));
#3437 = CARTESIAN_POINT('',(-35.27120946548,-0.98601427932,0.));
#3438 = CARTESIAN_POINT('',(-35.45697274629,-1.891074194452,0.));
#3439 = CARTESIAN_POINT('',(-35.886160536,-2.531408573763,0.));
#3440 = CARTESIAN_POINT('',(-36.14451616928,-3.089145753593,0.));
#3441 = CARTESIAN_POINT('',(-36.3946317874,-3.500888717662,0.));
#3442 = CARTESIAN_POINT('',(-36.60660517936,-3.84012903897,0.));
#3443 = CARTESIAN_POINT('',(-36.79441680817,-4.135396408409,0.));
#3444 = CARTESIAN_POINT('',(-36.96429031199,-4.409589435312,0.));
#3445 = CARTESIAN_POINT('',(-37.12228167815,-4.677820887475,0.));
#3446 = CARTESIAN_POINT('',(-37.27162206682,-4.950645184048,0.));
#3447 = CARTESIAN_POINT('',(-37.41396169345,-5.2352557058,0.));
#3448 = CARTESIAN_POINT('',(-37.54798031745,-5.536622492894,0.));
#3449 = CARTESIAN_POINT('',(-37.67667116639,-5.857421251643,0.));
#3450 = CARTESIAN_POINT('',(-37.78051126008,-6.20090187894,0.));
#3451 = CARTESIAN_POINT('',(-37.92291602419,-6.55222866683,0.));
#3452 = CARTESIAN_POINT('',(-37.84150804098,-6.943449673305,0.));
#3453 = CARTESIAN_POINT('',(-37.95505039515,-7.334651772448,0.));
#3454 = CARTESIAN_POINT('',(-37.9853813378,-7.758263741341,0.));
#3455 = CARTESIAN_POINT('',(-38.00963895459,-8.195237417727,0.));
#3456 = CARTESIAN_POINT('',(-38.00273731911,-8.644423846861,0.));
#3457 = CARTESIAN_POINT('',(-37.96967064495,-9.101585220524,0.));
#3458 = CARTESIAN_POINT('',(-37.90771690237,-9.562958931412,0.));
#3459 = CARTESIAN_POINT('',(-37.81703384329,-10.02440777044,0.));
#3460 = CARTESIAN_POINT('',(-37.73758627389,-10.3290834937,0.));
#3461 = CARTESIAN_POINT('',(-37.69313861845,-10.4804511145,0.));
#3462 = VECTOR('',#3463,1.);
#3463 = DIRECTION('',(-0.,-0.,-1.));
#3464 = ADVANCED_FACE('',(#3465),#3586,.F.);
#3465 = FACE_BOUND('',#3466,.F.);
#3466 = EDGE_LOOP('',(#3467,#3468,#3524,#3532));
#3467 = ORIENTED_EDGE('',*,*,#3348,.T.);
#3468 = ORIENTED_EDGE('',*,*,#3469,.T.);
#3469 = EDGE_CURVE('',#3293,#3470,#3472,.T.);
#3470 = VERTEX_POINT('',#3471);
#3471 = CARTESIAN_POINT('',(-26.36081930276,-28.11388416597,5.));
#3472 = B_SPLINE_CURVE_WITH_KNOTS('',3,(#3473,#3474,#3475,#3476,#3477,
    #3478,#3479,#3480,#3481,#3482,#3483,#3484,#3485,#3486,#3487,#3488,
    #3489,#3490,#3491,#3492,#3493,#3494,#3495,#3496,#3497,#3498,#3499,
    #3500,#3501,#3502,#3503,#3504,#3505,#3506,#3507,#3508,#3509,#3510,
    #3511,#3512,#3513,#3514,#3515,#3516,#3517,#3518,#3519,#3520,#3521,
    #3522,#3523),.UNSPECIFIED.,.F.,.F.,(4,1,1,1,1,1,1,1,1,1,1,1,1,1,1,1,
    1,1,1,1,1,1,1,1,1,1,1,1,1,1,1,1,1,1,1,1,1,1,1,1,1,1,1,1,1,1,1,1,4),(
    0.,0.473206125628,0.943992429652,1.409973954886,1.868836789104,
    2.318377024136,2.756544271089,3.181492042951,3.591638155345,
    3.958628390048,4.336720798561,4.697643825895,5.041884944182,
    5.37090160957,5.687455278175,5.996091997334,6.303841257426,
    6.621230764788,6.963721635172,7.353570058326,7.821640417824,
    8.407110090534,9.197325542283,10.107526890421,11.137050913086,
    12.166574935752,13.07677628389,13.866991735638,14.452461408348,
    14.920531767847,15.310380191,15.652871061385,15.970260568747,
    16.278009828838,16.586646547997,16.903200216603,17.23221688199,
    17.576458000278,17.937381027612,18.315473436125,18.682463670827,
    19.092609783221,19.517557555084,19.955724802036,20.405265037068,
    20.864127871286,21.330109396521,21.800895700545,22.274101826172),
  .UNSPECIFIED.);
#3473 = CARTESIAN_POINT('',(-37.69313861845,-10.4804511145,5.));
#3474 = CARTESIAN_POINT('',(-37.64869485137,-10.63181987701,5.));
#3475 = CARTESIAN_POINT('',(-37.55081026772,-10.93108200444,5.));
#3476 = CARTESIAN_POINT('',(-37.37761963399,-11.36830443369,5.));
#3477 = CARTESIAN_POINT('',(-37.1803009786,-11.78993141996,5.));
#3478 = CARTESIAN_POINT('',(-36.9609583363,-12.19239723438,5.));
#3479 = CARTESIAN_POINT('',(-36.72391584329,-12.57400821064,5.));
#3480 = CARTESIAN_POINT('',(-36.46726323185,-12.92849920188,5.));
#3481 = CARTESIAN_POINT('',(-36.21272529805,-13.26846612163,5.));
#3482 = CARTESIAN_POINT('',(-35.90570756881,-13.53618063841,5.));
#3483 = CARTESIAN_POINT('',(-35.76268227754,-13.90930917081,5.));
#3484 = CARTESIAN_POINT('',(-35.45294216484,-14.12787424423,5.));
#3485 = CARTESIAN_POINT('',(-35.17988667205,-14.36068834226,5.));
#3486 = CARTESIAN_POINT('',(-34.89818813757,-14.56098590562,5.));
#3487 = CARTESIAN_POINT('',(-34.62251331053,-14.74205584151,5.));
#3488 = CARTESIAN_POINT('',(-34.34889753163,-14.90453083631,5.));
#3489 = CARTESIAN_POINT('',(-34.07576445135,-15.05330572984,5.));
#3490 = CARTESIAN_POINT('',(-33.79783678485,-15.19353980524,5.));
#3491 = CARTESIAN_POINT('',(-33.50669015742,-15.33236510783,5.));
#3492 = CARTESIAN_POINT('',(-33.1890593692,-15.47922119297,5.));
#3493 = CARTESIAN_POINT('',(-32.82732883971,-15.65000684384,5.));
#3494 = CARTESIAN_POINT('',(-32.39431313968,-15.86116435474,5.));
#3495 = CARTESIAN_POINT('',(-31.87543506563,-16.1906851269,5.));
#3496 = CARTESIAN_POINT('',(-31.16818841901,-16.49733224821,5.));
#3497 = CARTESIAN_POINT('',(-30.5226020704,-17.15828588725,5.));
#3498 = CARTESIAN_POINT('',(-29.89782214092,-17.92884163795,5.));
#3499 = CARTESIAN_POINT('',(-29.45644293841,-18.81726187905,5.));
#3500 = CARTESIAN_POINT('',(-29.12340462229,-19.67907794207,5.));
#3501 = CARTESIAN_POINT('',(-29.13826946436,-20.44979793833,5.));
#3502 = CARTESIAN_POINT('',(-29.05407656875,-21.05867391202,5.));
#3503 = CARTESIAN_POINT('',(-29.04188216344,-21.5402768474,5.));
#3504 = CARTESIAN_POINT('',(-29.03679836367,-21.94026543409,5.));
#3505 = CARTESIAN_POINT('',(-29.03516196793,-22.29019878429,5.));
#3506 = CARTESIAN_POINT('',(-29.02982871095,-22.61270518682,5.));
#3507 = CARTESIAN_POINT('',(-29.01772263432,-22.92377242492,5.));
#3508 = CARTESIAN_POINT('',(-28.99585581316,-23.23402633806,5.));
#3509 = CARTESIAN_POINT('',(-28.96172746179,-23.55041055706,5.));
#3510 = CARTESIAN_POINT('',(-28.91153991656,-23.87639236982,5.));
#3511 = CARTESIAN_POINT('',(-28.84636464471,-24.21584098471,5.));
#3512 = CARTESIAN_POINT('',(-28.74802084325,-24.56093546902,5.));
#3513 = CARTESIAN_POINT('',(-28.67787775235,-24.93348019859,5.));
#3514 = CARTESIAN_POINT('',(-28.39788295413,-25.21858377382,5.));
#3515 = CARTESIAN_POINT('',(-28.28190103803,-25.60906955295,5.));
#3516 = CARTESIAN_POINT('',(-28.07839512954,-25.98183276396,5.));
#3517 = CARTESIAN_POINT('',(-27.86255612976,-26.36255307074,5.));
#3518 = CARTESIAN_POINT('',(-27.6139015863,-26.7367014353,5.));
#3519 = CARTESIAN_POINT('',(-27.33892403107,-27.10341286222,5.));
#3520 = CARTESIAN_POINT('',(-27.03736776604,-27.45805040443,5.));
#3521 = CARTESIAN_POINT('',(-26.71160224467,-27.7972189073,5.));
#3522 = CARTESIAN_POINT('',(-26.48004656416,-28.01057583699,5.));
#3523 = CARTESIAN_POINT('',(-26.36081930276,-28.11388416597,5.));
#3524 = ORIENTED_EDGE('',*,*,#3525,.F.);
#3525 = EDGE_CURVE('',#3526,#3470,#3528,.T.);
#3526 = VERTEX_POINT('',#3527);
#3527 = CARTESIAN_POINT('',(-26.36081930276,-28.11388416597,0.));
#3528 = LINE('',#3529,#3530);
#3529 = CARTESIAN_POINT('',(-26.36081930276,-28.11388416597,0.));
#3530 = VECTOR('',#3531,1.);
#3531 = DIRECTION('',(0.,0.,1.));
#3532 = ORIENTED_EDGE('',*,*,#3533,.F.);
#3533 = EDGE_CURVE('',#3349,#3526,#3534,.T.);
#3534 = B_SPLINE_CURVE_WITH_KNOTS('',3,(#3535,#3536,#3537,#3538,#3539,
    #3540,#3541,#3542,#3543,#3544,#3545,#3546,#3547,#3548,#3549,#3550,
    #3551,#3552,#3553,#3554,#3555,#3556,#3557,#3558,#3559,#3560,#3561,
    #3562,#3563,#3564,#3565,#3566,#3567,#3568,#3569,#3570,#3571,#3572,
    #3573,#3574,#3575,#3576,#3577,#3578,#3579,#3580,#3581,#3582,#3583,
    #3584,#3585),.UNSPECIFIED.,.F.,.F.,(4,1,1,1,1,1,1,1,1,1,1,1,1,1,1,1,
    1,1,1,1,1,1,1,1,1,1,1,1,1,1,1,1,1,1,1,1,1,1,1,1,1,1,1,1,1,1,1,1,4),(
    0.,0.473206125628,0.943992429652,1.409973954886,1.868836789104,
    2.318377024136,2.756544271089,3.181492042951,3.591638155345,
    3.958628390048,4.336720798561,4.697643825895,5.041884944182,
    5.37090160957,5.687455278175,5.996091997334,6.303841257426,
    6.621230764788,6.963721635172,7.353570058326,7.821640417824,
    8.407110090534,9.197325542283,10.107526890421,11.137050913086,
    12.166574935752,13.07677628389,13.866991735638,14.452461408348,
    14.920531767847,15.310380191,15.652871061385,15.970260568747,
    16.278009828838,16.586646547997,16.903200216603,17.23221688199,
    17.576458000278,17.937381027612,18.315473436125,18.682463670827,
    19.092609783221,19.517557555084,19.955724802036,20.405265037068,
    20.864127871286,21.330109396521,21.800895700545,22.274101826172),
  .UNSPECIFIED.);
#3535 = CARTESIAN_POINT('',(-37.69313861845,-10.4804511145,0.));
#3536 = CARTESIAN_POINT('',(-37.64869485137,-10.63181987701,0.));
#3537 = CARTESIAN_POINT('',(-37.55081026772,-10.93108200444,0.));
#3538 = CARTESIAN_POINT('',(-37.37761963399,-11.36830443369,0.));
#3539 = CARTESIAN_POINT('',(-37.1803009786,-11.78993141996,0.));
#3540 = CARTESIAN_POINT('',(-36.9609583363,-12.19239723438,0.));
#3541 = CARTESIAN_POINT('',(-36.72391584329,-12.57400821064,0.));
#3542 = CARTESIAN_POINT('',(-36.46726323185,-12.92849920188,0.));
#3543 = CARTESIAN_POINT('',(-36.21272529805,-13.26846612163,0.));
#3544 = CARTESIAN_POINT('',(-35.90570756881,-13.53618063841,0.));
#3545 = CARTESIAN_POINT('',(-35.76268227754,-13.90930917081,0.));
#3546 = CARTESIAN_POINT('',(-35.45294216484,-14.12787424423,0.));
#3547 = CARTESIAN_POINT('',(-35.17988667205,-14.36068834226,0.));
#3548 = CARTESIAN_POINT('',(-34.89818813757,-14.56098590562,0.));
#3549 = CARTESIAN_POINT('',(-34.62251331053,-14.74205584151,0.));
#3550 = CARTESIAN_POINT('',(-34.34889753163,-14.90453083631,0.));
#3551 = CARTESIAN_POINT('',(-34.07576445135,-15.05330572984,0.));
#3552 = CARTESIAN_POINT('',(-33.79783678485,-15.19353980524,0.));
#3553 = CARTESIAN_POINT('',(-33.50669015742,-15.33236510783,0.));
#3554 = CARTESIAN_POINT('',(-33.1890593692,-15.47922119297,0.));
#3555 = CARTESIAN_POINT('',(-32.82732883971,-15.65000684384,0.));
#3556 = CARTESIAN_POINT('',(-32.39431313968,-15.86116435474,0.));
#3557 = CARTESIAN_POINT('',(-31.87543506563,-16.1906851269,0.));
#3558 = CARTESIAN_POINT('',(-31.16818841901,-16.49733224821,0.));
#3559 = CARTESIAN_POINT('',(-30.5226020704,-17.15828588725,0.));
#3560 = CARTESIAN_POINT('',(-29.89782214092,-17.92884163795,0.));
#3561 = CARTESIAN_POINT('',(-29.45644293841,-18.81726187905,0.));
#3562 = CARTESIAN_POINT('',(-29.12340462229,-19.67907794207,0.));
#3563 = CARTESIAN_POINT('',(-29.13826946436,-20.44979793833,0.));
#3564 = CARTESIAN_POINT('',(-29.05407656875,-21.05867391202,0.));
#3565 = CARTESIAN_POINT('',(-29.04188216344,-21.5402768474,0.));
#3566 = CARTESIAN_POINT('',(-29.03679836367,-21.94026543409,0.));
#3567 = CARTESIAN_POINT('',(-29.03516196793,-22.29019878429,0.));
#3568 = CARTESIAN_POINT('',(-29.02982871095,-22.61270518682,0.));
#3569 = CARTESIAN_POINT('',(-29.01772263432,-22.92377242492,0.));
#3570 = CARTESIAN_POINT('',(-28.99585581316,-23.23402633806,0.));
#3571 = CARTESIAN_POINT('',(-28.96172746179,-23.55041055706,0.));
#3572 = CARTESIAN_POINT('',(-28.91153991656,-23.87639236982,0.));
#3573 = CARTESIAN_POINT('',(-28.84636464471,-24.21584098471,0.));
#3574 = CARTESIAN_POINT('',(-28.74802084325,-24.56093546902,0.));
#3575 = CARTESIAN_POINT('',(-28.67787775235,-24.93348019859,0.));
#3576 = CARTESIAN_POINT('',(-28.39788295413,-25.21858377382,0.));
#3577 = CARTESIAN_POINT('',(-28.28190103803,-25.60906955295,0.));
#3578 = CARTESIAN_POINT('',(-28.07839512954,-25.98183276396,0.));
#3579 = CARTESIAN_POINT('',(-27.86255612976,-26.36255307074,0.));
#3580 = CARTESIAN_POINT('',(-27.6139015863,-26.7367014353,0.));
#3581 = CARTESIAN_POINT('',(-27.33892403107,-27.10341286222,0.));
#3582 = CARTESIAN_POINT('',(-27.03736776604,-27.45805040443,0.));
#3583 = CARTESIAN_POINT('',(-26.71160224467,-27.7972189073,0.));
#3584 = CARTESIAN_POINT('',(-26.48004656416,-28.01057583699,0.));
#3585 = CARTESIAN_POINT('',(-26.36081930276,-28.11388416597,0.));
#3586 = SURFACE_OF_LINEAR_EXTRUSION('',#3587,#3639);
#3587 = B_SPLINE_CURVE_WITH_KNOTS('',3,(#3588,#3589,#3590,#3591,#3592,
    #3593,#3594,#3595,#3596,#3597,#3598,#3599,#3600,#3601,#3602,#3603,
    #3604,#3605,#3606,#3607,#3608,#3609,#3610,#3611,#3612,#3613,#3614,
    #3615,#3616,#3617,#3618,#3619,#3620,#3621,#3622,#3623,#3624,#3625,
    #3626,#3627,#3628,#3629,#3630,#3631,#3632,#3633,#3634,#3635,#3636,
    #3637,#3638),.UNSPECIFIED.,.F.,.F.,(4,1,1,1,1,1,1,1,1,1,1,1,1,1,1,1,
    1,1,1,1,1,1,1,1,1,1,1,1,1,1,1,1,1,1,1,1,1,1,1,1,1,1,1,1,1,1,1,1,4),(
    0.,0.473206125628,0.943992429652,1.409973954886,1.868836789104,
    2.318377024136,2.756544271089,3.181492042951,3.591638155345,
    3.958628390048,4.336720798561,4.697643825895,5.041884944182,
    5.37090160957,5.687455278175,5.996091997334,6.303841257426,
    6.621230764788,6.963721635172,7.353570058326,7.821640417824,
    8.407110090534,9.197325542283,10.107526890421,11.137050913086,
    12.166574935752,13.07677628389,13.866991735638,14.452461408348,
    14.920531767847,15.310380191,15.652871061385,15.970260568747,
    16.278009828838,16.586646547997,16.903200216603,17.23221688199,
    17.576458000278,17.937381027612,18.315473436125,18.682463670827,
    19.092609783221,19.517557555084,19.955724802036,20.405265037068,
    20.864127871286,21.330109396521,21.800895700545,22.274101826172),
  .UNSPECIFIED.);
#3588 = CARTESIAN_POINT('',(-37.69313861845,-10.4804511145,0.));
#3589 = CARTESIAN_POINT('',(-37.64869485137,-10.63181987701,0.));
#3590 = CARTESIAN_POINT('',(-37.55081026772,-10.93108200444,0.));
#3591 = CARTESIAN_POINT('',(-37.37761963399,-11.36830443369,0.));
#3592 = CARTESIAN_POINT('',(-37.1803009786,-11.78993141996,0.));
#3593 = CARTESIAN_POINT('',(-36.9609583363,-12.19239723438,0.));
#3594 = CARTESIAN_POINT('',(-36.72391584329,-12.57400821064,0.));
#3595 = CARTESIAN_POINT('',(-36.46726323185,-12.92849920188,0.));
#3596 = CARTESIAN_POINT('',(-36.21272529805,-13.26846612163,0.));
#3597 = CARTESIAN_POINT('',(-35.90570756881,-13.53618063841,0.));
#3598 = CARTESIAN_POINT('',(-35.76268227754,-13.90930917081,0.));
#3599 = CARTESIAN_POINT('',(-35.45294216484,-14.12787424423,0.));
#3600 = CARTESIAN_POINT('',(-35.17988667205,-14.36068834226,0.));
#3601 = CARTESIAN_POINT('',(-34.89818813757,-14.56098590562,0.));
#3602 = CARTESIAN_POINT('',(-34.62251331053,-14.74205584151,0.));
#3603 = CARTESIAN_POINT('',(-34.34889753163,-14.90453083631,0.));
#3604 = CARTESIAN_POINT('',(-34.07576445135,-15.05330572984,0.));
#3605 = CARTESIAN_POINT('',(-33.79783678485,-15.19353980524,0.));
#3606 = CARTESIAN_POINT('',(-33.50669015742,-15.33236510783,0.));
#3607 = CARTESIAN_POINT('',(-33.1890593692,-15.47922119297,0.));
#3608 = CARTESIAN_POINT('',(-32.82732883971,-15.65000684384,0.));
#3609 = CARTESIAN_POINT('',(-32.39431313968,-15.86116435474,0.));
#3610 = CARTESIAN_POINT('',(-31.87543506563,-16.1906851269,0.));
#3611 = CARTESIAN_POINT('',(-31.16818841901,-16.49733224821,0.));
#3612 = CARTESIAN_POINT('',(-30.5226020704,-17.15828588725,0.));
#3613 = CARTESIAN_POINT('',(-29.89782214092,-17.92884163795,0.));
#3614 = CARTESIAN_POINT('',(-29.45644293841,-18.81726187905,0.));
#3615 = CARTESIAN_POINT('',(-29.12340462229,-19.67907794207,0.));
#3616 = CARTESIAN_POINT('',(-29.13826946436,-20.44979793833,0.));
#3617 = CARTESIAN_POINT('',(-29.05407656875,-21.05867391202,0.));
#3618 = CARTESIAN_POINT('',(-29.04188216344,-21.5402768474,0.));
#3619 = CARTESIAN_POINT('',(-29.03679836367,-21.94026543409,0.));
#3620 = CARTESIAN_POINT('',(-29.03516196793,-22.29019878429,0.));
#3621 = CARTESIAN_POINT('',(-29.02982871095,-22.61270518682,0.));
#3622 = CARTESIAN_POINT('',(-29.01772263432,-22.92377242492,0.));
#3623 = CARTESIAN_POINT('',(-28.99585581316,-23.23402633806,0.));
#3624 = CARTESIAN_POINT('',(-28.96172746179,-23.55041055706,0.));
#3625 = CARTESIAN_POINT('',(-28.91153991656,-23.87639236982,0.));
#3626 = CARTESIAN_POINT('',(-28.84636464471,-24.21584098471,0.));
#3627 = CARTESIAN_POINT('',(-28.74802084325,-24.56093546902,0.));
#3628 = CARTESIAN_POINT('',(-28.67787775235,-24.93348019859,0.));
#3629 = CARTESIAN_POINT('',(-28.39788295413,-25.21858377382,0.));
#3630 = CARTESIAN_POINT('',(-28.28190103803,-25.60906955295,0.));
#3631 = CARTESIAN_POINT('',(-28.07839512954,-25.98183276396,0.));
#3632 = CARTESIAN_POINT('',(-27.86255612976,-26.36255307074,0.));
#3633 = CARTESIAN_POINT('',(-27.6139015863,-26.7367014353,0.));
#3634 = CARTESIAN_POINT('',(-27.33892403107,-27.10341286222,0.));
#3635 = CARTESIAN_POINT('',(-27.03736776604,-27.45805040443,0.));
#3636 = CARTESIAN_POINT('',(-26.71160224467,-27.7972189073,0.));
#3637 = CARTESIAN_POINT('',(-26.48004656416,-28.01057583699,0.));
#3638 = CARTESIAN_POINT('',(-26.36081930276,-28.11388416597,0.));
#3639 = VECTOR('',#3640,1.);
#3640 = DIRECTION('',(-0.,-0.,-1.));
#3641 = ADVANCED_FACE('',(#3642),#3763,.F.);
#3642 = FACE_BOUND('',#3643,.F.);
#3643 = EDGE_LOOP('',(#3644,#3645,#3701,#3709));
#3644 = ORIENTED_EDGE('',*,*,#3525,.T.);
#3645 = ORIENTED_EDGE('',*,*,#3646,.T.);
#3646 = EDGE_CURVE('',#3470,#3647,#3649,.T.);
#3647 = VERTEX_POINT('',#3648);
#3648 = CARTESIAN_POINT('',(-7.294111983766,-36.82135763797,5.));
#3649 = B_SPLINE_CURVE_WITH_KNOTS('',3,(#3650,#3651,#3652,#3653,#3654,
    #3655,#3656,#3657,#3658,#3659,#3660,#3661,#3662,#3663,#3664,#3665,
    #3666,#3667,#3668,#3669,#3670,#3671,#3672,#3673,#3674,#3675,#3676,
    #3677,#3678,#3679,#3680,#3681,#3682,#3683,#3684,#3685,#3686,#3687,
    #3688,#3689,#3690,#3691,#3692,#3693,#3694,#3695,#3696,#3697,#3698,
    #3699,#3700),.UNSPECIFIED.,.F.,.F.,(4,1,1,1,1,1,1,1,1,1,1,1,1,1,1,1,
    1,1,1,1,1,1,1,1,1,1,1,1,1,1,1,1,1,1,1,1,1,1,1,1,1,1,1,1,1,1,1,1,4),(
    0.,0.473206125628,0.943992429652,1.409973954886,1.868836789104,
    2.318377024136,2.756544271089,3.181492042951,3.591638155345,
    3.958628390048,4.336720798561,4.697643825895,5.041884944182,
    5.37090160957,5.687455278175,5.996091997334,6.303841257426,
    6.621230764788,6.963721635172,7.353570058326,7.821640417824,
    8.407110090534,9.197325542283,10.107526890421,11.137050913086,
    12.166574935752,13.07677628389,13.866991735638,14.452461408348,
    14.920531767847,15.310380191,15.652871061385,15.970260568747,
    16.278009828838,16.586646547997,16.903200216603,17.23221688199,
    17.576458000278,17.937381027612,18.315473436125,18.682463670827,
    19.092609783221,19.517557555084,19.955724802036,20.405265037068,
    20.864127871286,21.330109396521,21.800895700545,22.274101826172),
  .UNSPECIFIED.);
#3650 = CARTESIAN_POINT('',(-26.36081930276,-28.11388416597,5.));
#3651 = CARTESIAN_POINT('',(-26.24159469518,-28.21719555763,5.));
#3652 = CARTESIAN_POINT('',(-25.99745562218,-28.41603047825,5.));
#3653 = CARTESIAN_POINT('',(-25.61537809814,-28.6902114657,5.));
#3654 = CARTESIAN_POINT('',(-25.22143432368,-28.93822813829,5.));
#3655 = CARTESIAN_POINT('',(-24.81932210403,-29.15821834107,5.));
#3656 = CARTESIAN_POINT('',(-24.4135947992,-29.35109507582,5.));
#3657 = CARTESIAN_POINT('',(-24.00603258384,-29.51055499691,5.));
#3658 = CARTESIAN_POINT('',(-23.60810165438,-29.65893977259,5.));
#3659 = CARTESIAN_POINT('',(-23.20508450982,-29.71816923951,5.));
#3660 = CARTESIAN_POINT('',(-22.88303546348,-29.95473962521,5.));
#3661 = CARTESIAN_POINT('',(-22.50430029945,-29.97115011765,5.));
#3662 = CARTESIAN_POINT('',(-22.14872259721,-30.01938085528,5.));
#3663 = CARTESIAN_POINT('',(-21.8034536715,-30.03558416211,5.));
#3664 = CARTESIAN_POINT('',(-21.47364745119,-30.03886882153,5.));
#3665 = CARTESIAN_POINT('',(-21.15562659654,-30.02762362653,5.));
#3666 = CARTESIAN_POINT('',(-20.84541864777,-30.00511413951,5.));
#3667 = CARTESIAN_POINT('',(-20.53579475129,-29.97282751005,5.));
#3668 = CARTESIAN_POINT('',(-20.21581199732,-29.93220903565,5.));
#3669 = CARTESIAN_POINT('',(-19.86920758067,-29.8840280671,5.));
#3670 = CARTESIAN_POINT('',(-19.47256680091,-29.83213581009,5.));
#3671 = CARTESIAN_POINT('',(-18.99413044418,-29.77566685008,5.));
#3672 = CARTESIAN_POINT('',(-18.37947005165,-29.77235069768,5.));
#3673 = CARTESIAN_POINT('',(-17.61871036126,-29.64795226665,5.));
#3674 = CARTESIAN_POINT('',(-16.71827004904,-29.85495151928,5.));
#3675 = CARTESIAN_POINT('',(-15.77607783517,-30.165402735,5.));
#3676 = CARTESIAN_POINT('',(-14.92444977634,-30.67416178861,5.));
#3677 = CARTESIAN_POINT('',(-14.17834717554,-31.2191134888,5.));
#3678 = CARTESIAN_POINT('',(-13.77416958763,-31.87552094885,5.));
#3679 = CARTESIAN_POINT('',(-13.37415881262,-32.34222189687,5.));
#3680 = CARTESIAN_POINT('',(-13.10352602139,-32.74077927442,5.));
#3681 = CARTESIAN_POINT('',(-12.8829991004,-33.0745225764,5.));
#3682 = CARTESIAN_POINT('',(-12.69243422419,-33.36802054118,5.));
#3683 = CARTESIAN_POINT('',(-12.51358747782,-33.63644681525,5.));
#3684 = CARTESIAN_POINT('',(-12.3352275522,-33.89158818909,5.));
#3685 = CARTESIAN_POINT('',(-12.14909608243,-34.14076829353,5.));
#3686 = CARTESIAN_POINT('',(-11.94933526347,-34.38847645571,5.));
#3687 = CARTESIAN_POINT('',(-11.73087574002,-34.63557637185,5.));
#3688 = CARTESIAN_POINT('',(-11.49252703568,-34.8859023061,5.));
#3689 = CARTESIAN_POINT('',(-11.22322280118,-35.12304558697,5.));
#3690 = CARTESIAN_POINT('',(-10.96280179102,-35.39852793886,5.));
#3691 = CARTESIAN_POINT('',(-10.57311654787,-35.48699571214,5.));
#3692 = CARTESIAN_POINT('',(-10.26443380038,-35.75278869543,5.));
#3693 = CARTESIAN_POINT('',(-9.891702728798,-35.95635346287,5.));
#3694 = CARTESIAN_POINT('',(-9.504294469826,-36.1599443927,5.));
#3695 = CARTESIAN_POINT('',(-9.092833079014,-36.34026523055,5.));
#3696 = CARTESIAN_POINT('',(-8.663248073611,-36.50009842373,5.));
#3697 = CARTESIAN_POINT('',(-8.217831269593,-36.63540488335,5.));
#3698 = CARTESIAN_POINT('',(-7.760411537219,-36.74460944685,5.));
#3699 = CARTESIAN_POINT('',(-7.450265038061,-36.79890826531,5.));
#3700 = CARTESIAN_POINT('',(-7.294111983766,-36.82135763797,5.));
#3701 = ORIENTED_EDGE('',*,*,#3702,.F.);
#3702 = EDGE_CURVE('',#3703,#3647,#3705,.T.);
#3703 = VERTEX_POINT('',#3704);
#3704 = CARTESIAN_POINT('',(-7.294111983766,-36.82135763797,0.));
#3705 = LINE('',#3706,#3707);
#3706 = CARTESIAN_POINT('',(-7.294111983766,-36.82135763797,0.));
#3707 = VECTOR('',#3708,1.);
#3708 = DIRECTION('',(0.,0.,1.));
#3709 = ORIENTED_EDGE('',*,*,#3710,.F.);
#3710 = EDGE_CURVE('',#3526,#3703,#3711,.T.);
#3711 = B_SPLINE_CURVE_WITH_KNOTS('',3,(#3712,#3713,#3714,#3715,#3716,
    #3717,#3718,#3719,#3720,#3721,#3722,#3723,#3724,#3725,#3726,#3727,
    #3728,#3729,#3730,#3731,#3732,#3733,#3734,#3735,#3736,#3737,#3738,
    #3739,#3740,#3741,#3742,#3743,#3744,#3745,#3746,#3747,#3748,#3749,
    #3750,#3751,#3752,#3753,#3754,#3755,#3756,#3757,#3758,#3759,#3760,
    #3761,#3762),.UNSPECIFIED.,.F.,.F.,(4,1,1,1,1,1,1,1,1,1,1,1,1,1,1,1,
    1,1,1,1,1,1,1,1,1,1,1,1,1,1,1,1,1,1,1,1,1,1,1,1,1,1,1,1,1,1,1,1,4),(
    0.,0.473206125628,0.943992429652,1.409973954886,1.868836789104,
    2.318377024136,2.756544271089,3.181492042951,3.591638155345,
    3.958628390048,4.336720798561,4.697643825895,5.041884944182,
    5.37090160957,5.687455278175,5.996091997334,6.303841257426,
    6.621230764788,6.963721635172,7.353570058326,7.821640417824,
    8.407110090534,9.197325542283,10.107526890421,11.137050913086,
    12.166574935752,13.07677628389,13.866991735638,14.452461408348,
    14.920531767847,15.310380191,15.652871061385,15.970260568747,
    16.278009828838,16.586646547997,16.903200216603,17.23221688199,
    17.576458000278,17.937381027612,18.315473436125,18.682463670827,
    19.092609783221,19.517557555084,19.955724802036,20.405265037068,
    20.864127871286,21.330109396521,21.800895700545,22.274101826172),
  .UNSPECIFIED.);
#3712 = CARTESIAN_POINT('',(-26.36081930276,-28.11388416597,0.));
#3713 = CARTESIAN_POINT('',(-26.24159469518,-28.21719555763,0.));
#3714 = CARTESIAN_POINT('',(-25.99745562218,-28.41603047825,0.));
#3715 = CARTESIAN_POINT('',(-25.61537809814,-28.6902114657,0.));
#3716 = CARTESIAN_POINT('',(-25.22143432368,-28.93822813829,0.));
#3717 = CARTESIAN_POINT('',(-24.81932210403,-29.15821834107,0.));
#3718 = CARTESIAN_POINT('',(-24.4135947992,-29.35109507582,0.));
#3719 = CARTESIAN_POINT('',(-24.00603258384,-29.51055499691,0.));
#3720 = CARTESIAN_POINT('',(-23.60810165438,-29.65893977259,0.));
#3721 = CARTESIAN_POINT('',(-23.20508450982,-29.71816923951,0.));
#3722 = CARTESIAN_POINT('',(-22.88303546348,-29.95473962521,0.));
#3723 = CARTESIAN_POINT('',(-22.50430029945,-29.97115011765,0.));
#3724 = CARTESIAN_POINT('',(-22.14872259721,-30.01938085528,0.));
#3725 = CARTESIAN_POINT('',(-21.8034536715,-30.03558416211,0.));
#3726 = CARTESIAN_POINT('',(-21.47364745119,-30.03886882153,0.));
#3727 = CARTESIAN_POINT('',(-21.15562659654,-30.02762362653,0.));
#3728 = CARTESIAN_POINT('',(-20.84541864777,-30.00511413951,0.));
#3729 = CARTESIAN_POINT('',(-20.53579475129,-29.97282751005,0.));
#3730 = CARTESIAN_POINT('',(-20.21581199732,-29.93220903565,0.));
#3731 = CARTESIAN_POINT('',(-19.86920758067,-29.8840280671,0.));
#3732 = CARTESIAN_POINT('',(-19.47256680091,-29.83213581009,0.));
#3733 = CARTESIAN_POINT('',(-18.99413044418,-29.77566685008,0.));
#3734 = CARTESIAN_POINT('',(-18.37947005165,-29.77235069768,0.));
#3735 = CARTESIAN_POINT('',(-17.61871036126,-29.64795226665,0.));
#3736 = CARTESIAN_POINT('',(-16.71827004904,-29.85495151928,0.));
#3737 = CARTESIAN_POINT('',(-15.77607783517,-30.165402735,0.));
#3738 = CARTESIAN_POINT('',(-14.92444977634,-30.67416178861,0.));
#3739 = CARTESIAN_POINT('',(-14.17834717554,-31.2191134888,0.));
#3740 = CARTESIAN_POINT('',(-13.77416958763,-31.87552094885,0.));
#3741 = CARTESIAN_POINT('',(-13.37415881262,-32.34222189687,0.));
#3742 = CARTESIAN_POINT('',(-13.10352602139,-32.74077927442,0.));
#3743 = CARTESIAN_POINT('',(-12.8829991004,-33.0745225764,0.));
#3744 = CARTESIAN_POINT('',(-12.69243422419,-33.36802054118,0.));
#3745 = CARTESIAN_POINT('',(-12.51358747782,-33.63644681525,0.));
#3746 = CARTESIAN_POINT('',(-12.3352275522,-33.89158818909,0.));
#3747 = CARTESIAN_POINT('',(-12.14909608243,-34.14076829353,0.));
#3748 = CARTESIAN_POINT('',(-11.94933526347,-34.38847645571,0.));
#3749 = CARTESIAN_POINT('',(-11.73087574002,-34.63557637185,0.));
#3750 = CARTESIAN_POINT('',(-11.49252703568,-34.8859023061,0.));
#3751 = CARTESIAN_POINT('',(-11.22322280118,-35.12304558697,0.));
#3752 = CARTESIAN_POINT('',(-10.96280179102,-35.39852793886,0.));
#3753 = CARTESIAN_POINT('',(-10.57311654787,-35.48699571214,0.));
#3754 = CARTESIAN_POINT('',(-10.26443380038,-35.75278869543,0.));
#3755 = CARTESIAN_POINT('',(-9.891702728798,-35.95635346287,0.));
#3756 = CARTESIAN_POINT('',(-9.504294469826,-36.1599443927,0.));
#3757 = CARTESIAN_POINT('',(-9.092833079014,-36.34026523055,0.));
#3758 = CARTESIAN_POINT('',(-8.663248073611,-36.50009842373,0.));
#3759 = CARTESIAN_POINT('',(-8.217831269593,-36.63540488335,0.));
#3760 = CARTESIAN_POINT('',(-7.760411537219,-36.74460944685,0.));
#3761 = CARTESIAN_POINT('',(-7.450265038061,-36.79890826531,0.));
#3762 = CARTESIAN_POINT('',(-7.294111983766,-36.82135763797,0.));
#3763 = SURFACE_OF_LINEAR_EXTRUSION('',#3764,#3816);
#3764 = B_SPLINE_CURVE_WITH_KNOTS('',3,(#3765,#3766,#3767,#3768,#3769,
    #3770,#3771,#3772,#3773,#3774,#3775,#3776,#3777,#3778,#3779,#3780,
    #3781,#3782,#3783,#3784,#3785,#3786,#3787,#3788,#3789,#3790,#3791,
    #3792,#3793,#3794,#3795,#3796,#3797,#3798,#3799,#3800,#3801,#3802,
    #3803,#3804,#3805,#3806,#3807,#3808,#3809,#3810,#3811,#3812,#3813,
    #3814,#3815),.UNSPECIFIED.,.F.,.F.,(4,1,1,1,1,1,1,1,1,1,1,1,1,1,1,1,
    1,1,1,1,1,1,1,1,1,1,1,1,1,1,1,1,1,1,1,1,1,1,1,1,1,1,1,1,1,1,1,1,4),(
    0.,0.473206125628,0.943992429652,1.409973954886,1.868836789104,
    2.318377024136,2.756544271089,3.181492042951,3.591638155345,
    3.958628390048,4.336720798561,4.697643825895,5.041884944182,
    5.37090160957,5.687455278175,5.996091997334,6.303841257426,
    6.621230764788,6.963721635172,7.353570058326,7.821640417824,
    8.407110090534,9.197325542283,10.107526890421,11.137050913086,
    12.166574935752,13.07677628389,13.866991735638,14.452461408348,
    14.920531767847,15.310380191,15.652871061385,15.970260568747,
    16.278009828838,16.586646547997,16.903200216603,17.23221688199,
    17.576458000278,17.937381027612,18.315473436125,18.682463670827,
    19.092609783221,19.517557555084,19.955724802036,20.405265037068,
    20.864127871286,21.330109396521,21.800895700545,22.274101826172),
  .UNSPECIFIED.);
#3765 = CARTESIAN_POINT('',(-26.36081930276,-28.11388416597,0.));
#3766 = CARTESIAN_POINT('',(-26.24159469518,-28.21719555763,0.));
#3767 = CARTESIAN_POINT('',(-25.99745562218,-28.41603047825,0.));
#3768 = CARTESIAN_POINT('',(-25.61537809814,-28.6902114657,0.));
#3769 = CARTESIAN_POINT('',(-25.22143432368,-28.93822813829,0.));
#3770 = CARTESIAN_POINT('',(-24.81932210403,-29.15821834107,0.));
#3771 = CARTESIAN_POINT('',(-24.4135947992,-29.35109507582,0.));
#3772 = CARTESIAN_POINT('',(-24.00603258384,-29.51055499691,0.));
#3773 = CARTESIAN_POINT('',(-23.60810165438,-29.65893977259,0.));
#3774 = CARTESIAN_POINT('',(-23.20508450982,-29.71816923951,0.));
#3775 = CARTESIAN_POINT('',(-22.88303546348,-29.95473962521,0.));
#3776 = CARTESIAN_POINT('',(-22.50430029945,-29.97115011765,0.));
#3777 = CARTESIAN_POINT('',(-22.14872259721,-30.01938085528,0.));
#3778 = CARTESIAN_POINT('',(-21.8034536715,-30.03558416211,0.));
#3779 = CARTESIAN_POINT('',(-21.47364745119,-30.03886882153,0.));
#3780 = CARTESIAN_POINT('',(-21.15562659654,-30.02762362653,0.));
#3781 = CARTESIAN_POINT('',(-20.84541864777,-30.00511413951,0.));
#3782 = CARTESIAN_POINT('',(-20.53579475129,-29.97282751005,0.));
#3783 = CARTESIAN_POINT('',(-20.21581199732,-29.93220903565,0.));
#3784 = CARTESIAN_POINT('',(-19.86920758067,-29.8840280671,0.));
#3785 = CARTESIAN_POINT('',(-19.47256680091,-29.83213581009,0.));
#3786 = CARTESIAN_POINT('',(-18.99413044418,-29.77566685008,0.));
#3787 = CARTESIAN_POINT('',(-18.37947005165,-29.77235069768,0.));
#3788 = CARTESIAN_POINT('',(-17.61871036126,-29.64795226665,0.));
#3789 = CARTESIAN_POINT('',(-16.71827004904,-29.85495151928,0.));
#3790 = CARTESIAN_POINT('',(-15.77607783517,-30.165402735,0.));
#3791 = CARTESIAN_POINT('',(-14.92444977634,-30.67416178861,0.));
#3792 = CARTESIAN_POINT('',(-14.17834717554,-31.2191134888,0.));
#3793 = CARTESIAN_POINT('',(-13.77416958763,-31.87552094885,0.));
#3794 = CARTESIAN_POINT('',(-13.37415881262,-32.34222189687,0.));
#3795 = CARTESIAN_POINT('',(-13.10352602139,-32.74077927442,0.));
#3796 = CARTESIAN_POINT('',(-12.8829991004,-33.0745225764,0.));
#3797 = CARTESIAN_POINT('',(-12.69243422419,-33.36802054118,0.));
#3798 = CARTESIAN_POINT('',(-12.51358747782,-33.63644681525,0.));
#3799 = CARTESIAN_POINT('',(-12.3352275522,-33.89158818909,0.));
#3800 = CARTESIAN_POINT('',(-12.14909608243,-34.14076829353,0.));
#3801 = CARTESIAN_POINT('',(-11.94933526347,-34.38847645571,0.));
#3802 = CARTESIAN_POINT('',(-11.73087574002,-34.63557637185,0.));
#3803 = CARTESIAN_POINT('',(-11.49252703568,-34.8859023061,0.));
#3804 = CARTESIAN_POINT('',(-11.22322280118,-35.12304558697,0.));
#3805 = CARTESIAN_POINT('',(-10.96280179102,-35.39852793886,0.));
#3806 = CARTESIAN_POINT('',(-10.57311654787,-35.48699571214,0.));
#3807 = CARTESIAN_POINT('',(-10.26443380038,-35.75278869543,0.));
#3808 = CARTESIAN_POINT('',(-9.891702728798,-35.95635346287,0.));
#3809 = CARTESIAN_POINT('',(-9.504294469826,-36.1599443927,0.));
#3810 = CARTESIAN_POINT('',(-9.092833079014,-36.34026523055,0.));
#3811 = CARTESIAN_POINT('',(-8.663248073611,-36.50009842373,0.));
#3812 = CARTESIAN_POINT('',(-8.217831269593,-36.63540488335,0.));
#3813 = CARTESIAN_POINT('',(-7.760411537219,-36.74460944685,0.));
#3814 = CARTESIAN_POINT('',(-7.450265038061,-36.79890826531,0.));
#3815 = CARTESIAN_POINT('',(-7.294111983766,-36.82135763797,0.));
#3816 = VECTOR('',#3817,1.);
#3817 = DIRECTION('',(-0.,-0.,-1.));
#3818 = ADVANCED_FACE('',(#3819),#3940,.F.);
#3819 = FACE_BOUND('',#3820,.F.);
#3820 = EDGE_LOOP('',(#3821,#3822,#3878,#3886));
#3821 = ORIENTED_EDGE('',*,*,#3702,.T.);
#3822 = ORIENTED_EDGE('',*,*,#3823,.T.);
#3823 = EDGE_CURVE('',#3647,#3824,#3826,.T.);
#3824 = VERTEX_POINT('',#3825);
#3825 = CARTESIAN_POINT('',(13.45343848367,-33.83831022718,5.));
#3826 = B_SPLINE_CURVE_WITH_KNOTS('',3,(#3827,#3828,#3829,#3830,#3831,
    #3832,#3833,#3834,#3835,#3836,#3837,#3838,#3839,#3840,#3841,#3842,
    #3843,#3844,#3845,#3846,#3847,#3848,#3849,#3850,#3851,#3852,#3853,
    #3854,#3855,#3856,#3857,#3858,#3859,#3860,#3861,#3862,#3863,#3864,
    #3865,#3866,#3867,#3868,#3869,#3870,#3871,#3872,#3873,#3874,#3875,
    #3876,#3877),.UNSPECIFIED.,.F.,.F.,(4,1,1,1,1,1,1,1,1,1,1,1,1,1,1,1,
    1,1,1,1,1,1,1,1,1,1,1,1,1,1,1,1,1,1,1,1,1,1,1,1,1,1,1,1,1,1,1,1,4),(
    0.,0.473206125628,0.943992429652,1.409973954886,1.868836789104,
    2.318377024136,2.756544271089,3.181492042951,3.591638155345,
    3.958628390048,4.336720798561,4.697643825895,5.041884944182,
    5.37090160957,5.687455278175,5.996091997334,6.303841257426,
    6.621230764788,6.963721635172,7.353570058326,7.821640417824,
    8.407110090534,9.197325542283,10.107526890421,11.137050913086,
    12.166574935752,13.07677628389,13.866991735638,14.452461408348,
    14.920531767847,15.310380191,15.652871061385,15.970260568747,
    16.278009828838,16.586646547997,16.903200216603,17.23221688199,
    17.576458000278,17.937381027612,18.315473436125,18.682463670827,
    19.092609783221,19.517557555084,19.955724802036,20.405265037068,
    20.864127871286,21.330109396521,21.800895700545,22.274101826172),
  .UNSPECIFIED.);
#3827 = CARTESIAN_POINT('',(-7.294111983766,-36.82135763797,5.));
#3828 = CARTESIAN_POINT('',(-7.137959506203,-36.84381102188,5.));
#3829 = CARTESIAN_POINT('',(-6.825078374511,-36.8790900533,5.));
#3830 = CARTESIAN_POINT('',(-6.355420874414,-36.90317907269,5.));
#3831 = CARTESIAN_POINT('',(-5.889926345802,-36.89884189045,5.));
#3832 = CARTESIAN_POINT('',(-5.432712337365,-36.8665111466,5.));
#3833 = CARTESIAN_POINT('',(-4.987115773269,-36.80941663936,5.));
#3834 = CARTESIAN_POINT('',(-4.558042077655,-36.72321809204,5.));
#3835 = CARTESIAN_POINT('',(-4.143058411005,-36.63290960581,5.));
#3836 = CARTESIAN_POINT('',(-3.771996946936,-36.46484908562,5.));
#3837 = CARTESIAN_POINT('',(-3.373172442248,-36.48975189868,5.));
#3838 = CARTESIAN_POINT('',(-3.04568796546,-36.29879759474,5.));
#3839 = CARTESIAN_POINT('',(-2.720481461831,-36.14713205355,5.));
#3840 = CARTESIAN_POINT('',(-2.421262589247,-35.97409666843,5.));
#3841 = CARTESIAN_POINT('',(-2.14203612031,-35.79855319521,5.));
#3842 = CARTESIAN_POINT('',(-1.880579564238,-35.61715808037,5.));
#3843 = CARTESIAN_POINT('',(-1.631785578886,-35.43051081589,5.));
#3844 = CARTESIAN_POINT('',(-1.388768851871,-35.2359542583,5.));
#3845 = CARTESIAN_POINT('',(-1.141542234852,-35.02878808553,5.));
#3846 = CARTESIAN_POINT('',(-0.876008643073,-34.80086718037,5.));
#3847 = CARTESIAN_POINT('',(-0.570388258088,-34.54277244043,5.));
#3848 = CARTESIAN_POINT('',(-0.198431407451,-34.23660550533,5.));
#3849 = CARTESIAN_POINT('',(0.316860971913,-33.90150528333,5.));
#3850 = CARTESIAN_POINT('',(0.889597879646,-33.38555692285,5.));
#3851 = CARTESIAN_POINT('',(1.759008718566,-33.07288098894,5.));
#3852 = CARTESIAN_POINT('',(2.719473846132,-32.82466160223,5.));
#3853 = CARTESIAN_POINT('',(3.71096486991,-32.79223206355,5.));
#3854 = CARTESIAN_POINT('',(4.633249451359,-32.84730108655,5.));
#3855 = CARTESIAN_POINT('',(5.328145940855,-33.18099127977,5.));
#3856 = CARTESIAN_POINT('',(5.916974000553,-33.35734294867,5.));
#3857 = CARTESIAN_POINT('',(6.360121178674,-33.5463156171,5.));
#3858 = CARTESIAN_POINT('',(6.726075481651,-33.70785249411,5.));
#3859 = CARTESIAN_POINT('',(7.045065836589,-33.85173154341,5.));
#3860 = CARTESIAN_POINT('',(7.340643494055,-33.98085424362,5.));
#3861 = CARTESIAN_POINT('',(7.628629252517,-34.09906416974,5.));
#3862 = CARTESIAN_POINT('',(7.919929944391,-34.20805754294,5.));
#3863 = CARTESIAN_POINT('',(8.22190058235,-34.30844405703,5.));
#3864 = CARTESIAN_POINT('',(8.539272728887,-34.39820959911,5.));
#3865 = CARTESIAN_POINT('',(8.87512083618,-34.4799361373,5.));
#3866 = CARTESIAN_POINT('',(9.229883312088,-34.53383689864,5.));
#3867 = CARTESIAN_POINT('',(9.597900410823,-34.62479317258,5.));
#3868 = CARTESIAN_POINT('',(9.973553787581,-34.48853725099,5.));
#3869 = CARTESIAN_POINT('',(10.376932775193,-34.54525004424,5.));
#3870 = CARTESIAN_POINT('',(10.800549528239,-34.51498599278,5.));
#3871 = CARTESIAN_POINT('',(11.236527661474,-34.47680886393,5.));
#3872 = CARTESIAN_POINT('',(11.680159815296,-34.40605158313,5.));
#3873 = CARTESIAN_POINT('',(12.127962066961,-34.30826063307,5.));
#3874 = CARTESIAN_POINT('',(12.575822721862,-34.18127716522,5.));
#3875 = CARTESIAN_POINT('',(13.019669132185,-34.02584611202,5.));
#3876 = CARTESIAN_POINT('',(13.309937127896,-33.90384732805,5.));
#3877 = CARTESIAN_POINT('',(13.45343848367,-33.83831022718,5.));
#3878 = ORIENTED_EDGE('',*,*,#3879,.F.);
#3879 = EDGE_CURVE('',#3880,#3824,#3882,.T.);
#3880 = VERTEX_POINT('',#3881);
#3881 = CARTESIAN_POINT('',(13.45343848367,-33.83831022718,0.));
#3882 = LINE('',#3883,#3884);
#3883 = CARTESIAN_POINT('',(13.45343848367,-33.83831022718,0.));
#3884 = VECTOR('',#3885,1.);
#3885 = DIRECTION('',(0.,0.,1.));
#3886 = ORIENTED_EDGE('',*,*,#3887,.F.);
#3887 = EDGE_CURVE('',#3703,#3880,#3888,.T.);
#3888 = B_SPLINE_CURVE_WITH_KNOTS('',3,(#3889,#3890,#3891,#3892,#3893,
    #3894,#3895,#3896,#3897,#3898,#3899,#3900,#3901,#3902,#3903,#3904,
    #3905,#3906,#3907,#3908,#3909,#3910,#3911,#3912,#3913,#3914,#3915,
    #3916,#3917,#3918,#3919,#3920,#3921,#3922,#3923,#3924,#3925,#3926,
    #3927,#3928,#3929,#3930,#3931,#3932,#3933,#3934,#3935,#3936,#3937,
    #3938,#3939),.UNSPECIFIED.,.F.,.F.,(4,1,1,1,1,1,1,1,1,1,1,1,1,1,1,1,
    1,1,1,1,1,1,1,1,1,1,1,1,1,1,1,1,1,1,1,1,1,1,1,1,1,1,1,1,1,1,1,1,4),(
    0.,0.473206125628,0.943992429652,1.409973954886,1.868836789104,
    2.318377024136,2.756544271089,3.181492042951,3.591638155345,
    3.958628390048,4.336720798561,4.697643825895,5.041884944182,
    5.37090160957,5.687455278175,5.996091997334,6.303841257426,
    6.621230764788,6.963721635172,7.353570058326,7.821640417824,
    8.407110090534,9.197325542283,10.107526890421,11.137050913086,
    12.166574935752,13.07677628389,13.866991735638,14.452461408348,
    14.920531767847,15.310380191,15.652871061385,15.970260568747,
    16.278009828838,16.586646547997,16.903200216603,17.23221688199,
    17.576458000278,17.937381027612,18.315473436125,18.682463670827,
    19.092609783221,19.517557555084,19.955724802036,20.405265037068,
    20.864127871286,21.330109396521,21.800895700545,22.274101826172),
  .UNSPECIFIED.);
#3889 = CARTESIAN_POINT('',(-7.294111983766,-36.82135763797,0.));
#3890 = CARTESIAN_POINT('',(-7.137959506203,-36.84381102188,0.));
#3891 = CARTESIAN_POINT('',(-6.825078374511,-36.8790900533,0.));
#3892 = CARTESIAN_POINT('',(-6.355420874414,-36.90317907269,0.));
#3893 = CARTESIAN_POINT('',(-5.889926345802,-36.89884189045,0.));
#3894 = CARTESIAN_POINT('',(-5.432712337365,-36.8665111466,0.));
#3895 = CARTESIAN_POINT('',(-4.987115773269,-36.80941663936,0.));
#3896 = CARTESIAN_POINT('',(-4.558042077655,-36.72321809204,0.));
#3897 = CARTESIAN_POINT('',(-4.143058411005,-36.63290960581,0.));
#3898 = CARTESIAN_POINT('',(-3.771996946936,-36.46484908562,0.));
#3899 = CARTESIAN_POINT('',(-3.373172442248,-36.48975189868,0.));
#3900 = CARTESIAN_POINT('',(-3.04568796546,-36.29879759474,0.));
#3901 = CARTESIAN_POINT('',(-2.720481461831,-36.14713205355,0.));
#3902 = CARTESIAN_POINT('',(-2.421262589247,-35.97409666843,0.));
#3903 = CARTESIAN_POINT('',(-2.14203612031,-35.79855319521,0.));
#3904 = CARTESIAN_POINT('',(-1.880579564238,-35.61715808037,0.));
#3905 = CARTESIAN_POINT('',(-1.631785578886,-35.43051081589,0.));
#3906 = CARTESIAN_POINT('',(-1.388768851871,-35.2359542583,0.));
#3907 = CARTESIAN_POINT('',(-1.141542234852,-35.02878808553,0.));
#3908 = CARTESIAN_POINT('',(-0.876008643073,-34.80086718037,0.));
#3909 = CARTESIAN_POINT('',(-0.570388258088,-34.54277244043,0.));
#3910 = CARTESIAN_POINT('',(-0.198431407451,-34.23660550533,0.));
#3911 = CARTESIAN_POINT('',(0.316860971913,-33.90150528333,0.));
#3912 = CARTESIAN_POINT('',(0.889597879646,-33.38555692285,0.));
#3913 = CARTESIAN_POINT('',(1.759008718566,-33.07288098894,0.));
#3914 = CARTESIAN_POINT('',(2.719473846132,-32.82466160223,0.));
#3915 = CARTESIAN_POINT('',(3.71096486991,-32.79223206355,0.));
#3916 = CARTESIAN_POINT('',(4.633249451359,-32.84730108655,0.));
#3917 = CARTESIAN_POINT('',(5.328145940855,-33.18099127977,0.));
#3918 = CARTESIAN_POINT('',(5.916974000553,-33.35734294867,0.));
#3919 = CARTESIAN_POINT('',(6.360121178674,-33.5463156171,0.));
#3920 = CARTESIAN_POINT('',(6.726075481651,-33.70785249411,0.));
#3921 = CARTESIAN_POINT('',(7.045065836589,-33.85173154341,0.));
#3922 = CARTESIAN_POINT('',(7.340643494055,-33.98085424362,0.));
#3923 = CARTESIAN_POINT('',(7.628629252517,-34.09906416974,0.));
#3924 = CARTESIAN_POINT('',(7.919929944391,-34.20805754294,0.));
#3925 = CARTESIAN_POINT('',(8.22190058235,-34.30844405703,0.));
#3926 = CARTESIAN_POINT('',(8.539272728887,-34.39820959911,0.));
#3927 = CARTESIAN_POINT('',(8.87512083618,-34.4799361373,0.));
#3928 = CARTESIAN_POINT('',(9.229883312088,-34.53383689864,0.));
#3929 = CARTESIAN_POINT('',(9.597900410823,-34.62479317258,0.));
#3930 = CARTESIAN_POINT('',(9.973553787581,-34.48853725099,0.));
#3931 = CARTESIAN_POINT('',(10.376932775193,-34.54525004424,0.));
#3932 = CARTESIAN_POINT('',(10.800549528239,-34.51498599278,0.));
#3933 = CARTESIAN_POINT('',(11.236527661474,-34.47680886393,0.));
#3934 = CARTESIAN_POINT('',(11.680159815296,-34.40605158313,0.));
#3935 = CARTESIAN_POINT('',(12.127962066961,-34.30826063307,0.));
#3936 = CARTESIAN_POINT('',(12.575822721862,-34.18127716522,0.));
#3937 = CARTESIAN_POINT('',(13.019669132185,-34.02584611202,0.));
#3938 = CARTESIAN_POINT('',(13.309937127896,-33.90384732805,0.));
#3939 = CARTESIAN_POINT('',(13.45343848367,-33.83831022718,0.));
#3940 = SURFACE_OF_LINEAR_EXTRUSION('',#3941,#3993);
#3941 = B_SPLINE_CURVE_WITH_KNOTS('',3,(#3942,#3943,#3944,#3945,#3946,
    #3947,#3948,#3949,#3950,#3951,#3952,#3953,#3954,#3955,#3956,#3957,
    #3958,#3959,#3960,#3961,#3962,#3963,#3964,#3965,#3966,#3967,#3968,
    #3969,#3970,#3971,#3972,#3973,#3974,#3975,#3976,#3977,#3978,#3979,
    #3980,#3981,#3982,#3983,#3984,#3985,#3986,#3987,#3988,#3989,#3990,
    #3991,#3992),.UNSPECIFIED.,.F.,.F.,(4,1,1,1,1,1,1,1,1,1,1,1,1,1,1,1,
    1,1,1,1,1,1,1,1,1,1,1,1,1,1,1,1,1,1,1,1,1,1,1,1,1,1,1,1,1,1,1,1,4),(
    0.,0.473206125628,0.943992429652,1.409973954886,1.868836789104,
    2.318377024136,2.756544271089,3.181492042951,3.591638155345,
    3.958628390048,4.336720798561,4.697643825895,5.041884944182,
    5.37090160957,5.687455278175,5.996091997334,6.303841257426,
    6.621230764788,6.963721635172,7.353570058326,7.821640417824,
    8.407110090534,9.197325542283,10.107526890421,11.137050913086,
    12.166574935752,13.07677628389,13.866991735638,14.452461408348,
    14.920531767847,15.310380191,15.652871061385,15.970260568747,
    16.278009828838,16.586646547997,16.903200216603,17.23221688199,
    17.576458000278,17.937381027612,18.315473436125,18.682463670827,
    19.092609783221,19.517557555084,19.955724802036,20.405265037068,
    20.864127871286,21.330109396521,21.800895700545,22.274101826172),
  .UNSPECIFIED.);
#3942 = CARTESIAN_POINT('',(-7.294111983766,-36.82135763797,0.));
#3943 = CARTESIAN_POINT('',(-7.137959506203,-36.84381102188,0.));
#3944 = CARTESIAN_POINT('',(-6.825078374511,-36.8790900533,0.));
#3945 = CARTESIAN_POINT('',(-6.355420874414,-36.90317907269,0.));
#3946 = CARTESIAN_POINT('',(-5.889926345802,-36.89884189045,0.));
#3947 = CARTESIAN_POINT('',(-5.432712337365,-36.8665111466,0.));
#3948 = CARTESIAN_POINT('',(-4.987115773269,-36.80941663936,0.));
#3949 = CARTESIAN_POINT('',(-4.558042077655,-36.72321809204,0.));
#3950 = CARTESIAN_POINT('',(-4.143058411005,-36.63290960581,0.));
#3951 = CARTESIAN_POINT('',(-3.771996946936,-36.46484908562,0.));
#3952 = CARTESIAN_POINT('',(-3.373172442248,-36.48975189868,0.));
#3953 = CARTESIAN_POINT('',(-3.04568796546,-36.29879759474,0.));
#3954 = CARTESIAN_POINT('',(-2.720481461831,-36.14713205355,0.));
#3955 = CARTESIAN_POINT('',(-2.421262589247,-35.97409666843,0.));
#3956 = CARTESIAN_POINT('',(-2.14203612031,-35.79855319521,0.));
#3957 = CARTESIAN_POINT('',(-1.880579564238,-35.61715808037,0.));
#3958 = CARTESIAN_POINT('',(-1.631785578886,-35.43051081589,0.));
#3959 = CARTESIAN_POINT('',(-1.388768851871,-35.2359542583,0.));
#3960 = CARTESIAN_POINT('',(-1.141542234852,-35.02878808553,0.));
#3961 = CARTESIAN_POINT('',(-0.876008643073,-34.80086718037,0.));
#3962 = CARTESIAN_POINT('',(-0.570388258088,-34.54277244043,0.));
#3963 = CARTESIAN_POINT('',(-0.198431407451,-34.23660550533,0.));
#3964 = CARTESIAN_POINT('',(0.316860971913,-33.90150528333,0.));
#3965 = CARTESIAN_POINT('',(0.889597879646,-33.38555692285,0.));
#3966 = CARTESIAN_POINT('',(1.759008718566,-33.07288098894,0.));
#3967 = CARTESIAN_POINT('',(2.719473846132,-32.82466160223,0.));
#3968 = CARTESIAN_POINT('',(3.71096486991,-32.79223206355,0.));
#3969 = CARTESIAN_POINT('',(4.633249451359,-32.84730108655,0.));
#3970 = CARTESIAN_POINT('',(5.328145940855,-33.18099127977,0.));
#3971 = CARTESIAN_POINT('',(5.916974000553,-33.35734294867,0.));
#3972 = CARTESIAN_POINT('',(6.360121178674,-33.5463156171,0.));
#3973 = CARTESIAN_POINT('',(6.726075481651,-33.70785249411,0.));
#3974 = CARTESIAN_POINT('',(7.045065836589,-33.85173154341,0.));
#3975 = CARTESIAN_POINT('',(7.340643494055,-33.98085424362,0.));
#3976 = CARTESIAN_POINT('',(7.628629252517,-34.09906416974,0.));
#3977 = CARTESIAN_POINT('',(7.919929944391,-34.20805754294,0.));
#3978 = CARTESIAN_POINT('',(8.22190058235,-34.30844405703,0.));
#3979 = CARTESIAN_POINT('',(8.539272728887,-34.39820959911,0.));
#3980 = CARTESIAN_POINT('',(8.87512083618,-34.4799361373,0.));
#3981 = CARTESIAN_POINT('',(9.229883312088,-34.53383689864,0.));
#3982 = CARTESIAN_POINT('',(9.597900410823,-34.62479317258,0.));
#3983 = CARTESIAN_POINT('',(9.973553787581,-34.48853725099,0.));
#3984 = CARTESIAN_POINT('',(10.376932775193,-34.54525004424,0.));
#3985 = CARTESIAN_POINT('',(10.800549528239,-34.51498599278,0.));
#3986 = CARTESIAN_POINT('',(11.236527661474,-34.47680886393,0.));
#3987 = CARTESIAN_POINT('',(11.680159815296,-34.40605158313,0.));
#3988 = CARTESIAN_POINT('',(12.127962066961,-34.30826063307,0.));
#3989 = CARTESIAN_POINT('',(12.575822721862,-34.18127716522,0.));
#3990 = CARTESIAN_POINT('',(13.019669132185,-34.02584611202,0.));
#3991 = CARTESIAN_POINT('',(13.309937127896,-33.90384732805,0.));
#3992 = CARTESIAN_POINT('',(13.45343848367,-33.83831022718,0.));
#3993 = VECTOR('',#3994,1.);
#3994 = DIRECTION('',(-0.,-0.,-1.));
#3995 = ADVANCED_FACE('',(#3996),#4117,.F.);
#3996 = FACE_BOUND('',#3997,.F.);
#3997 = EDGE_LOOP('',(#3998,#3999,#4055,#4063));
#3998 = ORIENTED_EDGE('',*,*,#3879,.T.);
#3999 = ORIENTED_EDGE('',*,*,#4000,.T.);
#4000 = EDGE_CURVE('',#3824,#4001,#4003,.T.);
#4001 = VERTEX_POINT('',#4002);
#4002 = CARTESIAN_POINT('',(29.29463142132,-20.11183840934,5.));
#4003 = B_SPLINE_CURVE_WITH_KNOTS('',3,(#4004,#4005,#4006,#4007,#4008,
    #4009,#4010,#4011,#4012,#4013,#4014,#4015,#4016,#4017,#4018,#4019,
    #4020,#4021,#4022,#4023,#4024,#4025,#4026,#4027,#4028,#4029,#4030,
    #4031,#4032,#4033,#4034,#4035,#4036,#4037,#4038,#4039,#4040,#4041,
    #4042,#4043,#4044,#4045,#4046,#4047,#4048,#4049,#4050,#4051,#4052,
    #4053,#4054),.UNSPECIFIED.,.F.,.F.,(4,1,1,1,1,1,1,1,1,1,1,1,1,1,1,1,
    1,1,1,1,1,1,1,1,1,1,1,1,1,1,1,1,1,1,1,1,1,1,1,1,1,1,1,1,1,1,1,1,4),(
    0.,0.473206125628,0.943992429652,1.409973954886,1.868836789104,
    2.318377024136,2.756544271089,3.181492042951,3.591638155345,
    3.958628390048,4.336720798561,4.697643825895,5.041884944182,
    5.37090160957,5.687455278175,5.996091997334,6.303841257426,
    6.621230764788,6.963721635172,7.353570058326,7.821640417824,
    8.407110090534,9.197325542283,10.107526890421,11.137050913086,
    12.166574935752,13.07677628389,13.866991735638,14.452461408348,
    14.920531767847,15.310380191,15.652871061385,15.970260568747,
    16.278009828838,16.586646547997,16.903200216603,17.23221688199,
    17.576458000278,17.937381027612,18.315473436125,18.682463670827,
    19.092609783221,19.517557555084,19.955724802036,20.405265037068,
    20.864127871286,21.330109396521,21.800895700545,22.274101826172),
  .UNSPECIFIED.);
#4004 = CARTESIAN_POINT('',(13.45343848367,-33.83831022718,5.));
#4005 = CARTESIAN_POINT('',(13.596941522915,-33.77277681261,5.));
#4006 = CARTESIAN_POINT('',(13.879227164691,-33.63329911162,5.));
#4007 = CARTESIAN_POINT('',(14.287351703005,-33.39964806951,5.));
#4008 = CARTESIAN_POINT('',(14.676605761963,-33.14433405716,5.));
#4009 = CARTESIAN_POINT('',(15.043759342033,-32.8699471494,5.));
#4010 = CARTESIAN_POINT('',(15.387751404732,-32.58100850281,5.));
#4011 = CARTESIAN_POINT('',(15.702108713927,-32.27651891681,5.));
#4012 = CARTESIAN_POINT('',(16.002390735744,-31.97618947496,5.));
#4013 = CARTESIAN_POINT('',(16.223687126272,-31.63419699535,5.));
#4014 = CARTESIAN_POINT('',(16.572663127028,-31.43952576858,5.));
#4015 = CARTESIAN_POINT('',(16.744922909094,-31.10183331055,5.));
#4016 = CARTESIAN_POINT('',(16.936507447006,-30.79842422825,5.));
#4017 = CARTESIAN_POINT('',(17.094676388593,-30.49108766334,5.));
#4018 = CARTESIAN_POINT('',(17.23467067519,-30.19244986991,5.));
#4019 = CARTESIAN_POINT('',(17.356552323498,-29.89849650251,5.));
#4020 = CARTESIAN_POINT('',(17.464942012976,-29.60697064825,5.));
#4021 = CARTESIAN_POINT('',(17.564195476776,-29.31191449489,5.));
#4022 = CARTESIAN_POINT('',(17.660173252759,-29.00397441984,5.));
#4023 = CARTESIAN_POINT('',(17.760330980449,-28.66867685505,5.));
#4024 = CARTESIAN_POINT('',(17.87789865784,-28.2863228885,5.));
#4025 = CARTESIAN_POINT('',(18.025282330426,-27.82766381692,5.));
#4026 = CARTESIAN_POINT('',(18.277605007058,-27.26717147811,5.));
#4027 = CARTESIAN_POINT('',(18.480479210694,-26.52348314711,5.));
#4028 = CARTESIAN_POINT('',(19.042828777914,-25.79040442643,5.));
#4029 = CARTESIAN_POINT('',(19.716625927498,-25.06232233873,5.));
#4030 = CARTESIAN_POINT('',(20.533188521721,-24.49900035715,5.));
#4031 = CARTESIAN_POINT('',(21.338836245753,-24.04670267726,5.));
#4032 = CARTESIAN_POINT('',(22.103826911333,-23.95173132505,5.));
#4033 = CARTESIAN_POINT('',(22.694523507218,-23.781743306,5.));
#4034 = CARTESIAN_POINT('',(23.169488974309,-23.70113377829,5.));
#4035 = CARTESIAN_POINT('',(23.564682753783,-23.63917741324,5.));
#4036 = CARTESIAN_POINT('',(23.910821403641,-23.58775696551,5.));
#4037 = CARTESIAN_POINT('',(24.229286154404,-23.53658054688,5.));
#4038 = CARTESIAN_POINT('',(24.535464302205,-23.48032820898,5.));
#4039 = CARTESIAN_POINT('',(24.839448304743,-23.41453022505,5.));
#4040 = CARTESIAN_POINT('',(25.147755217778,-23.33572308213,5.));
#4041 = CARTESIAN_POINT('',(25.463276573323,-23.23965432479,5.));
#4042 = CARTESIAN_POINT('',(25.789994682492,-23.1268338685,5.));
#4043 = CARTESIAN_POINT('',(26.117580820336,-22.98037899942,5.));
#4044 = CARTESIAN_POINT('',(26.476351179085,-22.8579312211,5.));
#4045 = CARTESIAN_POINT('',(26.718705396573,-22.54021189701,5.));
#4046 = CARTESIAN_POINT('',(27.088710645873,-22.36983858908,5.));
#4047 = CARTESIAN_POINT('',(27.42871775442,-22.11535434122,5.));
#4048 = CARTESIAN_POINT('',(27.774845785091,-21.84753012235,5.));
#4049 = CARTESIAN_POINT('',(28.109798627639,-21.54815965962,5.));
#4050 = CARTESIAN_POINT('',(28.433644074683,-21.223792502,5.));
#4051 = CARTESIAN_POINT('',(28.741755986968,-20.87483546048,5.));
#4052 = CARTESIAN_POINT('',(29.031110976031,-20.50411705177,5.));
#4053 = CARTESIAN_POINT('',(29.209342430593,-20.24455441727,5.));
#4054 = CARTESIAN_POINT('',(29.29463142132,-20.11183840934,5.));
#4055 = ORIENTED_EDGE('',*,*,#4056,.F.);
#4056 = EDGE_CURVE('',#4057,#4001,#4059,.T.);
#4057 = VERTEX_POINT('',#4058);
#4058 = CARTESIAN_POINT('',(29.29463142132,-20.11183840934,0.));
#4059 = LINE('',#4060,#4061);
#4060 = CARTESIAN_POINT('',(29.29463142132,-20.11183840934,0.));
#4061 = VECTOR('',#4062,1.);
#4062 = DIRECTION('',(0.,0.,1.));
#4063 = ORIENTED_EDGE('',*,*,#4064,.F.);
#4064 = EDGE_CURVE('',#3880,#4057,#4065,.T.);
#4065 = B_SPLINE_CURVE_WITH_KNOTS('',3,(#4066,#4067,#4068,#4069,#4070,
    #4071,#4072,#4073,#4074,#4075,#4076,#4077,#4078,#4079,#4080,#4081,
    #4082,#4083,#4084,#4085,#4086,#4087,#4088,#4089,#4090,#4091,#4092,
    #4093,#4094,#4095,#4096,#4097,#4098,#4099,#4100,#4101,#4102,#4103,
    #4104,#4105,#4106,#4107,#4108,#4109,#4110,#4111,#4112,#4113,#4114,
    #4115,#4116),.UNSPECIFIED.,.F.,.F.,(4,1,1,1,1,1,1,1,1,1,1,1,1,1,1,1,
    1,1,1,1,1,1,1,1,1,1,1,1,1,1,1,1,1,1,1,1,1,1,1,1,1,1,1,1,1,1,1,1,4),(
    0.,0.473206125628,0.943992429652,1.409973954886,1.868836789104,
    2.318377024136,2.756544271089,3.181492042951,3.591638155345,
    3.958628390048,4.336720798561,4.697643825895,5.041884944182,
    5.37090160957,5.687455278175,5.996091997334,6.303841257426,
    6.621230764788,6.963721635172,7.353570058326,7.821640417824,
    8.407110090534,9.197325542283,10.107526890421,11.137050913086,
    12.166574935752,13.07677628389,13.866991735638,14.452461408348,
    14.920531767847,15.310380191,15.652871061385,15.970260568747,
    16.278009828838,16.586646547997,16.903200216603,17.23221688199,
    17.576458000278,17.937381027612,18.315473436125,18.682463670827,
    19.092609783221,19.517557555084,19.955724802036,20.405265037068,
    20.864127871286,21.330109396521,21.800895700545,22.274101826172),
  .UNSPECIFIED.);
#4066 = CARTESIAN_POINT('',(13.45343848367,-33.83831022718,0.));
#4067 = CARTESIAN_POINT('',(13.596941522915,-33.77277681261,0.));
#4068 = CARTESIAN_POINT('',(13.879227164691,-33.63329911162,0.));
#4069 = CARTESIAN_POINT('',(14.287351703005,-33.39964806951,0.));
#4070 = CARTESIAN_POINT('',(14.676605761963,-33.14433405716,0.));
#4071 = CARTESIAN_POINT('',(15.043759342033,-32.8699471494,0.));
#4072 = CARTESIAN_POINT('',(15.387751404732,-32.58100850281,0.));
#4073 = CARTESIAN_POINT('',(15.702108713927,-32.27651891681,0.));
#4074 = CARTESIAN_POINT('',(16.002390735744,-31.97618947496,0.));
#4075 = CARTESIAN_POINT('',(16.223687126272,-31.63419699535,0.));
#4076 = CARTESIAN_POINT('',(16.572663127028,-31.43952576858,0.));
#4077 = CARTESIAN_POINT('',(16.744922909094,-31.10183331055,0.));
#4078 = CARTESIAN_POINT('',(16.936507447006,-30.79842422825,0.));
#4079 = CARTESIAN_POINT('',(17.094676388593,-30.49108766334,0.));
#4080 = CARTESIAN_POINT('',(17.23467067519,-30.19244986991,0.));
#4081 = CARTESIAN_POINT('',(17.356552323498,-29.89849650251,0.));
#4082 = CARTESIAN_POINT('',(17.464942012976,-29.60697064825,0.));
#4083 = CARTESIAN_POINT('',(17.564195476776,-29.31191449489,0.));
#4084 = CARTESIAN_POINT('',(17.660173252759,-29.00397441984,0.));
#4085 = CARTESIAN_POINT('',(17.760330980449,-28.66867685505,0.));
#4086 = CARTESIAN_POINT('',(17.87789865784,-28.2863228885,0.));
#4087 = CARTESIAN_POINT('',(18.025282330426,-27.82766381692,0.));
#4088 = CARTESIAN_POINT('',(18.277605007058,-27.26717147811,0.));
#4089 = CARTESIAN_POINT('',(18.480479210694,-26.52348314711,0.));
#4090 = CARTESIAN_POINT('',(19.042828777914,-25.79040442643,0.));
#4091 = CARTESIAN_POINT('',(19.716625927498,-25.06232233873,0.));
#4092 = CARTESIAN_POINT('',(20.533188521721,-24.49900035715,0.));
#4093 = CARTESIAN_POINT('',(21.338836245753,-24.04670267726,0.));
#4094 = CARTESIAN_POINT('',(22.103826911333,-23.95173132505,0.));
#4095 = CARTESIAN_POINT('',(22.694523507218,-23.781743306,0.));
#4096 = CARTESIAN_POINT('',(23.169488974309,-23.70113377829,0.));
#4097 = CARTESIAN_POINT('',(23.564682753783,-23.63917741324,0.));
#4098 = CARTESIAN_POINT('',(23.910821403641,-23.58775696551,0.));
#4099 = CARTESIAN_POINT('',(24.229286154404,-23.53658054688,0.));
#4100 = CARTESIAN_POINT('',(24.535464302205,-23.48032820898,0.));
#4101 = CARTESIAN_POINT('',(24.839448304743,-23.41453022505,0.));
#4102 = CARTESIAN_POINT('',(25.147755217778,-23.33572308213,0.));
#4103 = CARTESIAN_POINT('',(25.463276573323,-23.23965432479,0.));
#4104 = CARTESIAN_POINT('',(25.789994682492,-23.1268338685,0.));
#4105 = CARTESIAN_POINT('',(26.117580820336,-22.98037899942,0.));
#4106 = CARTESIAN_POINT('',(26.476351179085,-22.8579312211,0.));
#4107 = CARTESIAN_POINT('',(26.718705396573,-22.54021189701,0.));
#4108 = CARTESIAN_POINT('',(27.088710645873,-22.36983858908,0.));
#4109 = CARTESIAN_POINT('',(27.42871775442,-22.11535434122,0.));
#4110 = CARTESIAN_POINT('',(27.774845785091,-21.84753012235,0.));
#4111 = CARTESIAN_POINT('',(28.109798627639,-21.54815965962,0.));
#4112 = CARTESIAN_POINT('',(28.433644074683,-21.223792502,0.));
#4113 = CARTESIAN_POINT('',(28.741755986968,-20.87483546048,0.));
#4114 = CARTESIAN_POINT('',(29.031110976031,-20.50411705177,0.));
#4115 = CARTESIAN_POINT('',(29.209342430593,-20.24455441727,0.));
#4116 = CARTESIAN_POINT('',(29.29463142132,-20.11183840934,0.));
#4117 = SURFACE_OF_LINEAR_EXTRUSION('',#4118,#4170);
#4118 = B_SPLINE_CURVE_WITH_KNOTS('',3,(#4119,#4120,#4121,#4122,#4123,
    #4124,#4125,#4126,#4127,#4128,#4129,#4130,#4131,#4132,#4133,#4134,
    #4135,#4136,#4137,#4138,#4139,#4140,#4141,#4142,#4143,#4144,#4145,
    #4146,#4147,#4148,#4149,#4150,#4151,#4152,#4153,#4154,#4155,#4156,
    #4157,#4158,#4159,#4160,#4161,#4162,#4163,#4164,#4165,#4166,#4167,
    #4168,#4169),.UNSPECIFIED.,.F.,.F.,(4,1,1,1,1,1,1,1,1,1,1,1,1,1,1,1,
    1,1,1,1,1,1,1,1,1,1,1,1,1,1,1,1,1,1,1,1,1,1,1,1,1,1,1,1,1,1,1,1,4),(
    0.,0.473206125628,0.943992429652,1.409973954886,1.868836789104,
    2.318377024136,2.756544271089,3.181492042951,3.591638155345,
    3.958628390048,4.336720798561,4.697643825895,5.041884944182,
    5.37090160957,5.687455278175,5.996091997334,6.303841257426,
    6.621230764788,6.963721635172,7.353570058326,7.821640417824,
    8.407110090534,9.197325542283,10.107526890421,11.137050913086,
    12.166574935752,13.07677628389,13.866991735638,14.452461408348,
    14.920531767847,15.310380191,15.652871061385,15.970260568747,
    16.278009828838,16.586646547997,16.903200216603,17.23221688199,
    17.576458000278,17.937381027612,18.315473436125,18.682463670827,
    19.092609783221,19.517557555084,19.955724802036,20.405265037068,
    20.864127871286,21.330109396521,21.800895700545,22.274101826172),
  .UNSPECIFIED.);
#4119 = CARTESIAN_POINT('',(13.45343848367,-33.83831022718,0.));
#4120 = CARTESIAN_POINT('',(13.596941522915,-33.77277681261,0.));
#4121 = CARTESIAN_POINT('',(13.879227164691,-33.63329911162,0.));
#4122 = CARTESIAN_POINT('',(14.287351703005,-33.39964806951,0.));
#4123 = CARTESIAN_POINT('',(14.676605761963,-33.14433405716,0.));
#4124 = CARTESIAN_POINT('',(15.043759342033,-32.8699471494,0.));
#4125 = CARTESIAN_POINT('',(15.387751404732,-32.58100850281,0.));
#4126 = CARTESIAN_POINT('',(15.702108713927,-32.27651891681,0.));
#4127 = CARTESIAN_POINT('',(16.002390735744,-31.97618947496,0.));
#4128 = CARTESIAN_POINT('',(16.223687126272,-31.63419699535,0.));
#4129 = CARTESIAN_POINT('',(16.572663127028,-31.43952576858,0.));
#4130 = CARTESIAN_POINT('',(16.744922909094,-31.10183331055,0.));
#4131 = CARTESIAN_POINT('',(16.936507447006,-30.79842422825,0.));
#4132 = CARTESIAN_POINT('',(17.094676388593,-30.49108766334,0.));
#4133 = CARTESIAN_POINT('',(17.23467067519,-30.19244986991,0.));
#4134 = CARTESIAN_POINT('',(17.356552323498,-29.89849650251,0.));
#4135 = CARTESIAN_POINT('',(17.464942012976,-29.60697064825,0.));
#4136 = CARTESIAN_POINT('',(17.564195476776,-29.31191449489,0.));
#4137 = CARTESIAN_POINT('',(17.660173252759,-29.00397441984,0.));
#4138 = CARTESIAN_POINT('',(17.760330980449,-28.66867685505,0.));
#4139 = CARTESIAN_POINT('',(17.87789865784,-28.2863228885,0.));
#4140 = CARTESIAN_POINT('',(18.025282330426,-27.82766381692,0.));
#4141 = CARTESIAN_POINT('',(18.277605007058,-27.26717147811,0.));
#4142 = CARTESIAN_POINT('',(18.480479210694,-26.52348314711,0.));
#4143 = CARTESIAN_POINT('',(19.042828777914,-25.79040442643,0.));
#4144 = CARTESIAN_POINT('',(19.716625927498,-25.06232233873,0.));
#4145 = CARTESIAN_POINT('',(20.533188521721,-24.49900035715,0.));
#4146 = CARTESIAN_POINT('',(21.338836245753,-24.04670267726,0.));
#4147 = CARTESIAN_POINT('',(22.103826911333,-23.95173132505,0.));
#4148 = CARTESIAN_POINT('',(22.694523507218,-23.781743306,0.));
#4149 = CARTESIAN_POINT('',(23.169488974309,-23.70113377829,0.));
#4150 = CARTESIAN_POINT('',(23.564682753783,-23.63917741324,0.));
#4151 = CARTESIAN_POINT('',(23.910821403641,-23.58775696551,0.));
#4152 = CARTESIAN_POINT('',(24.229286154404,-23.53658054688,0.));
#4153 = CARTESIAN_POINT('',(24.535464302205,-23.48032820898,0.));
#4154 = CARTESIAN_POINT('',(24.839448304743,-23.41453022505,0.));
#4155 = CARTESIAN_POINT('',(25.147755217778,-23.33572308213,0.));
#4156 = CARTESIAN_POINT('',(25.463276573323,-23.23965432479,0.));
#4157 = CARTESIAN_POINT('',(25.789994682492,-23.1268338685,0.));
#4158 = CARTESIAN_POINT('',(26.117580820336,-22.98037899942,0.));
#4159 = CARTESIAN_POINT('',(26.476351179085,-22.8579312211,0.));
#4160 = CARTESIAN_POINT('',(26.718705396573,-22.54021189701,0.));
#4161 = CARTESIAN_POINT('',(27.088710645873,-22.36983858908,0.));
#4162 = CARTESIAN_POINT('',(27.42871775442,-22.11535434122,0.));
#4163 = CARTESIAN_POINT('',(27.774845785091,-21.84753012235,0.));
#4164 = CARTESIAN_POINT('',(28.109798627639,-21.54815965962,0.));
#4165 = CARTESIAN_POINT('',(28.433644074683,-21.223792502,0.));
#4166 = CARTESIAN_POINT('',(28.741755986968,-20.87483546048,0.));
#4167 = CARTESIAN_POINT('',(29.031110976031,-20.50411705177,0.));
#4168 = CARTESIAN_POINT('',(29.209342430593,-20.24455441727,0.));
#4169 = CARTESIAN_POINT('',(29.29463142132,-20.11183840934,0.));
#4170 = VECTOR('',#4171,1.);
#4171 = DIRECTION('',(-0.,-0.,-1.));
#4172 = ADVANCED_FACE('',(#4173),#4294,.F.);
#4173 = FACE_BOUND('',#4174,.F.);
#4174 = EDGE_LOOP('',(#4175,#4176,#4232,#4240));
#4175 = ORIENTED_EDGE('',*,*,#4056,.T.);
#4176 = ORIENTED_EDGE('',*,*,#4177,.T.);
#4177 = EDGE_CURVE('',#4001,#4178,#4180,.T.);
#4178 = VERTEX_POINT('',#4179);
#4179 = CARTESIAN_POINT('',(35.2,-9.769962616701E-15,5.));
#4180 = B_SPLINE_CURVE_WITH_KNOTS('',3,(#4181,#4182,#4183,#4184,#4185,
    #4186,#4187,#4188,#4189,#4190,#4191,#4192,#4193,#4194,#4195,#4196,
    #4197,#4198,#4199,#4200,#4201,#4202,#4203,#4204,#4205,#4206,#4207,
    #4208,#4209,#4210,#4211,#4212,#4213,#4214,#4215,#4216,#4217,#4218,
    #4219,#4220,#4221,#4222,#4223,#4224,#4225,#4226,#4227,#4228,#4229,
    #4230,#4231),.UNSPECIFIED.,.F.,.F.,(4,1,1,1,1,1,1,1,1,1,1,1,1,1,1,1,
    1,1,1,1,1,1,1,1,1,1,1,1,1,1,1,1,1,1,1,1,1,1,1,1,1,1,1,1,1,1,1,1,4),(
    0.,0.473206125628,0.943992429652,1.409973954886,1.868836789104,
    2.318377024136,2.756544271089,3.181492042951,3.591638155345,
    3.958628390048,4.336720798561,4.697643825895,5.041884944182,
    5.37090160957,5.687455278175,5.996091997334,6.303841257426,
    6.621230764788,6.963721635172,7.353570058326,7.821640417824,
    8.407110090534,9.197325542283,10.107526890421,11.137050913086,
    12.166574935752,13.07677628389,13.866991735638,14.452461408348,
    14.920531767847,15.310380191,15.652871061385,15.970260568747,
    16.278009828838,16.586646547997,16.903200216603,17.23221688199,
    17.576458000278,17.937381027612,18.315473436125,18.682463670827,
    19.092609783221,19.517557555084,19.955724802036,20.405265037068,
    20.864127871286,21.330109396521,21.800895700545,22.274101826172),
  .UNSPECIFIED.);
#4181 = CARTESIAN_POINT('',(29.29463142132,-20.11183840934,5.));
#4182 = CARTESIAN_POINT('',(29.379923821231,-19.97912459237,5.));
#4183 = CARTESIAN_POINT('',(29.541990276361,-19.70917334353,5.));
#4184 = CARTESIAN_POINT('',(29.759005195648,-19.29196479489,5.));
#4185 = CARTESIAN_POINT('',(29.94843337157,-18.86673434739,5.));
#4186 = CARTESIAN_POINT('',(30.108957855783,-18.43740718021,5.));
#4187 = CARTESIAN_POINT('',(30.242130367711,-18.00836037302,5.));
#4188 = CARTESIAN_POINT('',(30.34196506596,-17.58225304047,5.));
#4189 = CARTESIAN_POINT('',(30.43220802271,-17.16725511876,5.));
#4190 = CARTESIAN_POINT('',(30.433479299309,-16.75991087562,5.));
#4191 = CARTESIAN_POINT('',(30.621809381639,-16.40747234803,5.));
#4192 = CARTESIAN_POINT('',(30.584153205307,-16.03025670531,5.));
#4193 = CARTESIAN_POINT('',(30.581289040386,-15.67143432175,5.));
#4194 = CARTESIAN_POINT('',(30.548190529592,-15.32737376487,5.));
#4195 = CARTESIAN_POINT('',(30.504505437006,-15.00045704057,5.));
#4196 = CARTESIAN_POINT('',(30.448115615386,-14.68727353778,5.));
#4197 = CARTESIAN_POINT('',(30.381688048425,-14.38342649265,5.));
#4198 = CARTESIAN_POINT('',(30.305665975546,-14.08154898745,5.));
#4199 = CARTESIAN_POINT('',(30.219922644765,-13.77060380815,5.));
#4200 = CARTESIAN_POINT('',(30.122905137505,-13.43438419145,5.));
#4201 = CARTESIAN_POINT('',(30.015093200424,-13.04916568108,5.));
#4202 = CARTESIAN_POINT('',(29.891110420276,-12.58363548752,5.));
#4203 = CARTESIAN_POINT('',(29.800352727173,-11.97570338922,5.));
#4204 = CARTESIAN_POINT('',(29.568953100498,-11.24039087814,5.));
#4205 = CARTESIAN_POINT('',(29.645699381798,-10.31965668481,5.));
#4206 = CARTESIAN_POINT('',(29.81890271923,-9.342872814595,5.));
#4207 = CARTESIAN_POINT('',(30.201284029788,-8.427509139028,5.));
#4208 = CARTESIAN_POINT('',(30.634507436458,-7.611446073826,5.));
#4209 = CARTESIAN_POINT('',(31.226713146966,-7.117965909475,5.));
#4210 = CARTESIAN_POINT('',(31.631736283507,-6.655608197442,5.));
#4211 = CARTESIAN_POINT('',(31.987721859712,-6.331009429081,5.));
#4212 = CARTESIAN_POINT('',(32.286683883005,-6.065230530121,5.));
#4213 = CARTESIAN_POINT('',(32.550074252153,-5.834836214195,5.));
#4214 = CARTESIAN_POINT('',(32.790315788009,-5.619608828039,5.));
#4215 = CARTESIAN_POINT('',(33.017476926575,-5.406753945932,5.));
#4216 = CARTESIAN_POINT('',(33.237631466819,-5.187054999879,5.));
#4217 = CARTESIAN_POINT('',(33.454389388433,-4.95407491099,5.));
#4218 = CARTESIAN_POINT('',(33.667884151969,-4.702673005896,5.));
#4219 = CARTESIAN_POINT('',(33.881741571832,-4.431125252847,5.));
#4220 = CARTESIAN_POINT('',(34.07814508746,-4.130813139481,5.));
#4221 = CARTESIAN_POINT('',(34.313761652271,-3.833837613356,5.));
#4222 = CARTESIAN_POINT('',(34.345870958829,-3.435528527256,5.));
#4223 = CARTESIAN_POINT('',(34.565028417496,-3.092161439615,5.));
#4224 = CARTESIAN_POINT('',(34.713476026957,-2.694253945948,5.));
#4225 = CARTESIAN_POINT('',(34.859860750949,-2.281814934203,5.));
#4226 = CARTESIAN_POINT('',(34.979789121378,-1.848879296196,5.));
#4227 = CARTESIAN_POINT('',(35.076859122547,-1.400920211699,5.));
#4228 = CARTESIAN_POINT('',(35.14739893708,-0.94078099159,5.));
#4229 = CARTESIAN_POINT('',(35.19039434034,-0.472475702754,5.));
#4230 = CARTESIAN_POINT('',(35.200002026252,-0.157758520195,5.));
#4231 = CARTESIAN_POINT('',(35.2,-9.769962616701E-15,5.));
#4232 = ORIENTED_EDGE('',*,*,#4233,.F.);
#4233 = EDGE_CURVE('',#4234,#4178,#4236,.T.);
#4234 = VERTEX_POINT('',#4235);
#4235 = CARTESIAN_POINT('',(35.2,-9.769962616701E-15,0.));
#4236 = LINE('',#4237,#4238);
#4237 = CARTESIAN_POINT('',(35.2,-9.769962616701E-15,0.));
#4238 = VECTOR('',#4239,1.);
#4239 = DIRECTION('',(0.,0.,1.));
#4240 = ORIENTED_EDGE('',*,*,#4241,.F.);
#4241 = EDGE_CURVE('',#4057,#4234,#4242,.T.);
#4242 = B_SPLINE_CURVE_WITH_KNOTS('',3,(#4243,#4244,#4245,#4246,#4247,
    #4248,#4249,#4250,#4251,#4252,#4253,#4254,#4255,#4256,#4257,#4258,
    #4259,#4260,#4261,#4262,#4263,#4264,#4265,#4266,#4267,#4268,#4269,
    #4270,#4271,#4272,#4273,#4274,#4275,#4276,#4277,#4278,#4279,#4280,
    #4281,#4282,#4283,#4284,#4285,#4286,#4287,#4288,#4289,#4290,#4291,
    #4292,#4293),.UNSPECIFIED.,.F.,.F.,(4,1,1,1,1,1,1,1,1,1,1,1,1,1,1,1,
    1,1,1,1,1,1,1,1,1,1,1,1,1,1,1,1,1,1,1,1,1,1,1,1,1,1,1,1,1,1,1,1,4),(
    0.,0.473206125628,0.943992429652,1.409973954886,1.868836789104,
    2.318377024136,2.756544271089,3.181492042951,3.591638155345,
    3.958628390048,4.336720798561,4.697643825895,5.041884944182,
    5.37090160957,5.687455278175,5.996091997334,6.303841257426,
    6.621230764788,6.963721635172,7.353570058326,7.821640417824,
    8.407110090534,9.197325542283,10.107526890421,11.137050913086,
    12.166574935752,13.07677628389,13.866991735638,14.452461408348,
    14.920531767847,15.310380191,15.652871061385,15.970260568747,
    16.278009828838,16.586646547997,16.903200216603,17.23221688199,
    17.576458000278,17.937381027612,18.315473436125,18.682463670827,
    19.092609783221,19.517557555084,19.955724802036,20.405265037068,
    20.864127871286,21.330109396521,21.800895700545,22.274101826172),
  .UNSPECIFIED.);
#4243 = CARTESIAN_POINT('',(29.29463142132,-20.11183840934,0.));
#4244 = CARTESIAN_POINT('',(29.379923821231,-19.97912459237,0.));
#4245 = CARTESIAN_POINT('',(29.541990276361,-19.70917334353,0.));
#4246 = CARTESIAN_POINT('',(29.759005195648,-19.29196479489,0.));
#4247 = CARTESIAN_POINT('',(29.94843337157,-18.86673434739,0.));
#4248 = CARTESIAN_POINT('',(30.108957855783,-18.43740718021,0.));
#4249 = CARTESIAN_POINT('',(30.242130367711,-18.00836037302,0.));
#4250 = CARTESIAN_POINT('',(30.34196506596,-17.58225304047,0.));
#4251 = CARTESIAN_POINT('',(30.43220802271,-17.16725511876,0.));
#4252 = CARTESIAN_POINT('',(30.433479299309,-16.75991087562,0.));
#4253 = CARTESIAN_POINT('',(30.621809381639,-16.40747234803,0.));
#4254 = CARTESIAN_POINT('',(30.584153205307,-16.03025670531,0.));
#4255 = CARTESIAN_POINT('',(30.581289040386,-15.67143432175,0.));
#4256 = CARTESIAN_POINT('',(30.548190529592,-15.32737376487,0.));
#4257 = CARTESIAN_POINT('',(30.504505437006,-15.00045704057,0.));
#4258 = CARTESIAN_POINT('',(30.448115615386,-14.68727353778,0.));
#4259 = CARTESIAN_POINT('',(30.381688048425,-14.38342649265,0.));
#4260 = CARTESIAN_POINT('',(30.305665975546,-14.08154898745,0.));
#4261 = CARTESIAN_POINT('',(30.219922644765,-13.77060380815,0.));
#4262 = CARTESIAN_POINT('',(30.122905137505,-13.43438419145,0.));
#4263 = CARTESIAN_POINT('',(30.015093200424,-13.04916568108,0.));
#4264 = CARTESIAN_POINT('',(29.891110420276,-12.58363548752,0.));
#4265 = CARTESIAN_POINT('',(29.800352727173,-11.97570338922,0.));
#4266 = CARTESIAN_POINT('',(29.568953100498,-11.24039087814,0.));
#4267 = CARTESIAN_POINT('',(29.645699381798,-10.31965668481,0.));
#4268 = CARTESIAN_POINT('',(29.81890271923,-9.342872814595,0.));
#4269 = CARTESIAN_POINT('',(30.201284029788,-8.427509139028,0.));
#4270 = CARTESIAN_POINT('',(30.634507436458,-7.611446073826,0.));
#4271 = CARTESIAN_POINT('',(31.226713146966,-7.117965909475,0.));
#4272 = CARTESIAN_POINT('',(31.631736283507,-6.655608197442,0.));
#4273 = CARTESIAN_POINT('',(31.987721859712,-6.331009429081,0.));
#4274 = CARTESIAN_POINT('',(32.286683883005,-6.065230530121,0.));
#4275 = CARTESIAN_POINT('',(32.550074252153,-5.834836214195,0.));
#4276 = CARTESIAN_POINT('',(32.790315788009,-5.619608828039,0.));
#4277 = CARTESIAN_POINT('',(33.017476926575,-5.406753945932,0.));
#4278 = CARTESIAN_POINT('',(33.237631466819,-5.187054999879,0.));
#4279 = CARTESIAN_POINT('',(33.454389388433,-4.95407491099,0.));
#4280 = CARTESIAN_POINT('',(33.667884151969,-4.702673005896,0.));
#4281 = CARTESIAN_POINT('',(33.881741571832,-4.431125252847,0.));
#4282 = CARTESIAN_POINT('',(34.07814508746,-4.130813139481,0.));
#4283 = CARTESIAN_POINT('',(34.313761652271,-3.833837613356,0.));
#4284 = CARTESIAN_POINT('',(34.345870958829,-3.435528527256,0.));
#4285 = CARTESIAN_POINT('',(34.565028417496,-3.092161439615,0.));
#4286 = CARTESIAN_POINT('',(34.713476026957,-2.694253945948,0.));
#4287 = CARTESIAN_POINT('',(34.859860750949,-2.281814934203,0.));
#4288 = CARTESIAN_POINT('',(34.979789121378,-1.848879296196,0.));
#4289 = CARTESIAN_POINT('',(35.076859122547,-1.400920211699,0.));
#4290 = CARTESIAN_POINT('',(35.14739893708,-0.94078099159,0.));
#4291 = CARTESIAN_POINT('',(35.19039434034,-0.472475702754,0.));
#4292 = CARTESIAN_POINT('',(35.200002026252,-0.157758520195,0.));
#4293 = CARTESIAN_POINT('',(35.2,-9.769962616701E-15,0.));
#4294 = SURFACE_OF_LINEAR_EXTRUSION('',#4295,#4347);
#4295 = B_SPLINE_CURVE_WITH_KNOTS('',3,(#4296,#4297,#4298,#4299,#4300,
    #4301,#4302,#4303,#4304,#4305,#4306,#4307,#4308,#4309,#4310,#4311,
    #4312,#4313,#4314,#4315,#4316,#4317,#4318,#4319,#4320,#4321,#4322,
    #4323,#4324,#4325,#4326,#4327,#4328,#4329,#4330,#4331,#4332,#4333,
    #4334,#4335,#4336,#4337,#4338,#4339,#4340,#4341,#4342,#4343,#4344,
    #4345,#4346),.UNSPECIFIED.,.F.,.F.,(4,1,1,1,1,1,1,1,1,1,1,1,1,1,1,1,
    1,1,1,1,1,1,1,1,1,1,1,1,1,1,1,1,1,1,1,1,1,1,1,1,1,1,1,1,1,1,1,1,4),(
    0.,0.473206125628,0.943992429652,1.409973954886,1.868836789104,
    2.318377024136,2.756544271089,3.181492042951,3.591638155345,
    3.958628390048,4.336720798561,4.697643825895,5.041884944182,
    5.37090160957,5.687455278175,5.996091997334,6.303841257426,
    6.621230764788,6.963721635172,7.353570058326,7.821640417824,
    8.407110090534,9.197325542283,10.107526890421,11.137050913086,
    12.166574935752,13.07677628389,13.866991735638,14.452461408348,
    14.920531767847,15.310380191,15.652871061385,15.970260568747,
    16.278009828838,16.586646547997,16.903200216603,17.23221688199,
    17.576458000278,17.937381027612,18.315473436125,18.682463670827,
    19.092609783221,19.517557555084,19.955724802036,20.405265037068,
    20.864127871286,21.330109396521,21.800895700545,22.274101826172),
  .UNSPECIFIED.);
#4296 = CARTESIAN_POINT('',(29.29463142132,-20.11183840934,0.));
#4297 = CARTESIAN_POINT('',(29.379923821231,-19.97912459237,0.));
#4298 = CARTESIAN_POINT('',(29.541990276361,-19.70917334353,0.));
#4299 = CARTESIAN_POINT('',(29.759005195648,-19.29196479489,0.));
#4300 = CARTESIAN_POINT('',(29.94843337157,-18.86673434739,0.));
#4301 = CARTESIAN_POINT('',(30.108957855783,-18.43740718021,0.));
#4302 = CARTESIAN_POINT('',(30.242130367711,-18.00836037302,0.));
#4303 = CARTESIAN_POINT('',(30.34196506596,-17.58225304047,0.));
#4304 = CARTESIAN_POINT('',(30.43220802271,-17.16725511876,0.));
#4305 = CARTESIAN_POINT('',(30.433479299309,-16.75991087562,0.));
#4306 = CARTESIAN_POINT('',(30.621809381639,-16.40747234803,0.));
#4307 = CARTESIAN_POINT('',(30.584153205307,-16.03025670531,0.));
#4308 = CARTESIAN_POINT('',(30.581289040386,-15.67143432175,0.));
#4309 = CARTESIAN_POINT('',(30.548190529592,-15.32737376487,0.));
#4310 = CARTESIAN_POINT('',(30.504505437006,-15.00045704057,0.));
#4311 = CARTESIAN_POINT('',(30.448115615386,-14.68727353778,0.));
#4312 = CARTESIAN_POINT('',(30.381688048425,-14.38342649265,0.));
#4313 = CARTESIAN_POINT('',(30.305665975546,-14.08154898745,0.));
#4314 = CARTESIAN_POINT('',(30.219922644765,-13.77060380815,0.));
#4315 = CARTESIAN_POINT('',(30.122905137505,-13.43438419145,0.));
#4316 = CARTESIAN_POINT('',(30.015093200424,-13.04916568108,0.));
#4317 = CARTESIAN_POINT('',(29.891110420276,-12.58363548752,0.));
#4318 = CARTESIAN_POINT('',(29.800352727173,-11.97570338922,0.));
#4319 = CARTESIAN_POINT('',(29.568953100498,-11.24039087814,0.));
#4320 = CARTESIAN_POINT('',(29.645699381798,-10.31965668481,0.));
#4321 = CARTESIAN_POINT('',(29.81890271923,-9.342872814595,0.));
#4322 = CARTESIAN_POINT('',(30.201284029788,-8.427509139028,0.));
#4323 = CARTESIAN_POINT('',(30.634507436458,-7.611446073826,0.));
#4324 = CARTESIAN_POINT('',(31.226713146966,-7.117965909475,0.));
#4325 = CARTESIAN_POINT('',(31.631736283507,-6.655608197442,0.));
#4326 = CARTESIAN_POINT('',(31.987721859712,-6.331009429081,0.));
#4327 = CARTESIAN_POINT('',(32.286683883005,-6.065230530121,0.));
#4328 = CARTESIAN_POINT('',(32.550074252153,-5.834836214195,0.));
#4329 = CARTESIAN_POINT('',(32.790315788009,-5.619608828039,0.));
#4330 = CARTESIAN_POINT('',(33.017476926575,-5.406753945932,0.));
#4331 = CARTESIAN_POINT('',(33.237631466819,-5.187054999879,0.));
#4332 = CARTESIAN_POINT('',(33.454389388433,-4.95407491099,0.));
#4333 = CARTESIAN_POINT('',(33.667884151969,-4.702673005896,0.));
#4334 = CARTESIAN_POINT('',(33.881741571832,-4.431125252847,0.));
#4335 = CARTESIAN_POINT('',(34.07814508746,-4.130813139481,0.));
#4336 = CARTESIAN_POINT('',(34.313761652271,-3.833837613356,0.));
#4337 = CARTESIAN_POINT('',(34.345870958829,-3.435528527256,0.));
#4338 = CARTESIAN_POINT('',(34.565028417496,-3.092161439615,0.));
#4339 = CARTESIAN_POINT('',(34.713476026957,-2.694253945948,0.));
#4340 = CARTESIAN_POINT('',(34.859860750949,-2.281814934203,0.));
#4341 = CARTESIAN_POINT('',(34.979789121378,-1.848879296196,0.));
#4342 = CARTESIAN_POINT('',(35.076859122547,-1.400920211699,0.));
#4343 = CARTESIAN_POINT('',(35.14739893708,-0.94078099159,0.));
#4344 = CARTESIAN_POINT('',(35.19039434034,-0.472475702754,0.));
#4345 = CARTESIAN_POINT('',(35.200002026252,-0.157758520195,0.));
#4346 = CARTESIAN_POINT('',(35.2,-9.769962616701E-15,0.));
#4347 = VECTOR('',#4348,1.);
#4348 = DIRECTION('',(-0.,-0.,-1.));
#4349 = ADVANCED_FACE('',(#4350),#4462,.F.);
#4350 = FACE_BOUND('',#4351,.F.);
#4351 = EDGE_LOOP('',(#4352,#4353,#4407,#4408));
#4352 = ORIENTED_EDGE('',*,*,#4233,.T.);
#4353 = ORIENTED_EDGE('',*,*,#4354,.T.);
#4354 = EDGE_CURVE('',#4178,#2577,#4355,.T.);
#4355 = B_SPLINE_CURVE_WITH_KNOTS('',3,(#4356,#4357,#4358,#4359,#4360,
    #4361,#4362,#4363,#4364,#4365,#4366,#4367,#4368,#4369,#4370,#4371,
    #4372,#4373,#4374,#4375,#4376,#4377,#4378,#4379,#4380,#4381,#4382,
    #4383,#4384,#4385,#4386,#4387,#4388,#4389,#4390,#4391,#4392,#4393,
    #4394,#4395,#4396,#4397,#4398,#4399,#4400,#4401,#4402,#4403,#4404,
    #4405,#4406),.UNSPECIFIED.,.F.,.F.,(4,1,1,1,1,1,1,1,1,1,1,1,1,1,1,1,
    1,1,1,1,1,1,1,1,1,1,1,1,1,1,1,1,1,1,1,1,1,1,1,1,1,1,1,1,1,1,1,1,4),(
    0.,0.473206125628,0.943992429652,1.409973954886,1.868836789104,
    2.318377024136,2.756544271089,3.181492042951,3.591638155345,
    3.958628390048,4.336720798561,4.697643825895,5.041884944182,
    5.37090160957,5.687455278175,5.996091997334,6.303841257426,
    6.621230764788,6.963721635172,7.353570058326,7.821640417824,
    8.407110090534,9.197325542283,10.107526890421,11.137050913086,
    12.166574935752,13.07677628389,13.866991735638,14.452461408348,
    14.920531767847,15.310380191,15.652871061385,15.970260568747,
    16.278009828838,16.586646547997,16.903200216603,17.23221688199,
    17.576458000278,17.937381027612,18.315473436125,18.682463670827,
    19.092609783221,19.517557555084,19.955724802036,20.405265037068,
    20.864127871286,21.330109396521,21.800895700545,22.274101826172),
  .UNSPECIFIED.);
#4356 = CARTESIAN_POINT('',(35.2,-9.769962616701E-15,5.));
#4357 = CARTESIAN_POINT('',(35.200002026252,0.157758520195,5.));
#4358 = CARTESIAN_POINT('',(35.19039434034,0.472475702754,5.));
#4359 = CARTESIAN_POINT('',(35.14739893708,0.94078099159,5.));
#4360 = CARTESIAN_POINT('',(35.076859122547,1.400920211699,5.));
#4361 = CARTESIAN_POINT('',(34.979789121378,1.848879296196,5.));
#4362 = CARTESIAN_POINT('',(34.859860750949,2.281814934203,5.));
#4363 = CARTESIAN_POINT('',(34.713476026957,2.694253945948,5.));
#4364 = CARTESIAN_POINT('',(34.565028417496,3.092161439615,5.));
#4365 = CARTESIAN_POINT('',(34.345870958829,3.435528527256,5.));
#4366 = CARTESIAN_POINT('',(34.313761652271,3.833837613356,5.));
#4367 = CARTESIAN_POINT('',(34.07814508746,4.130813139481,5.));
#4368 = CARTESIAN_POINT('',(33.881741571832,4.431125252847,5.));
#4369 = CARTESIAN_POINT('',(33.667884151969,4.702673005896,5.));
#4370 = CARTESIAN_POINT('',(33.454389388433,4.95407491099,5.));
#4371 = CARTESIAN_POINT('',(33.237631466819,5.187054999879,5.));
#4372 = CARTESIAN_POINT('',(33.017476926575,5.406753945932,5.));
#4373 = CARTESIAN_POINT('',(32.790315788009,5.619608828039,5.));
#4374 = CARTESIAN_POINT('',(32.550074252153,5.834836214195,5.));
#4375 = CARTESIAN_POINT('',(32.286683883005,6.065230530121,5.));
#4376 = CARTESIAN_POINT('',(31.987721859712,6.331009429081,5.));
#4377 = CARTESIAN_POINT('',(31.631736283507,6.655608197441,5.));
#4378 = CARTESIAN_POINT('',(31.226713146966,7.117965909475,5.));
#4379 = CARTESIAN_POINT('',(30.634507436458,7.611446073826,5.));
#4380 = CARTESIAN_POINT('',(30.201284029788,8.427509139028,5.));
#4381 = CARTESIAN_POINT('',(29.81890271923,9.342872814594,5.));
#4382 = CARTESIAN_POINT('',(29.645699381798,10.31965668481,5.));
#4383 = CARTESIAN_POINT('',(29.568953100499,11.240390878147,5.));
#4384 = CARTESIAN_POINT('',(29.800352727173,11.97570338922,5.));
#4385 = CARTESIAN_POINT('',(29.891110420276,12.583635487529,5.));
#4386 = CARTESIAN_POINT('',(30.015093200424,13.049165681086,5.));
#4387 = CARTESIAN_POINT('',(30.122905137505,13.43438419145,5.));
#4388 = CARTESIAN_POINT('',(30.219922644765,13.770603808153,5.));
#4389 = CARTESIAN_POINT('',(30.305665975546,14.081548987451,5.));
#4390 = CARTESIAN_POINT('',(30.381688048425,14.383426492651,5.));
#4391 = CARTESIAN_POINT('',(30.448115615386,14.687273537783,5.));
#4392 = CARTESIAN_POINT('',(30.504505437006,15.000457040571,5.));
#4393 = CARTESIAN_POINT('',(30.548190529592,15.327373764872,5.));
#4394 = CARTESIAN_POINT('',(30.581289040386,15.671434321751,5.));
#4395 = CARTESIAN_POINT('',(30.584153205307,16.030256705312,5.));
#4396 = CARTESIAN_POINT('',(30.621809381639,16.407472348034,5.));
#4397 = CARTESIAN_POINT('',(30.433479299309,16.75991087562,5.));
#4398 = CARTESIAN_POINT('',(30.43220802271,17.167255118761,5.));
#4399 = CARTESIAN_POINT('',(30.34196506596,17.582253040478,5.));
#4400 = CARTESIAN_POINT('',(30.242130367711,18.008360373027,5.));
#4401 = CARTESIAN_POINT('',(30.108957855783,18.437407180214,5.));
#4402 = CARTESIAN_POINT('',(29.94843337157,18.866734347393,5.));
#4403 = CARTESIAN_POINT('',(29.759005195648,19.291964794897,5.));
#4404 = CARTESIAN_POINT('',(29.541990276361,19.709173343539,5.));
#4405 = CARTESIAN_POINT('',(29.379923821231,19.979124592374,5.));
#4406 = CARTESIAN_POINT('',(29.29463142132,20.111838409348,5.));
#4407 = ORIENTED_EDGE('',*,*,#2574,.F.);
#4408 = ORIENTED_EDGE('',*,*,#4409,.F.);
#4409 = EDGE_CURVE('',#4234,#2575,#4410,.T.);
#4410 = B_SPLINE_CURVE_WITH_KNOTS('',3,(#4411,#4412,#4413,#4414,#4415,
    #4416,#4417,#4418,#4419,#4420,#4421,#4422,#4423,#4424,#4425,#4426,
    #4427,#4428,#4429,#4430,#4431,#4432,#4433,#4434,#4435,#4436,#4437,
    #4438,#4439,#4440,#4441,#4442,#4443,#4444,#4445,#4446,#4447,#4448,
    #4449,#4450,#4451,#4452,#4453,#4454,#4455,#4456,#4457,#4458,#4459,
    #4460,#4461),.UNSPECIFIED.,.F.,.F.,(4,1,1,1,1,1,1,1,1,1,1,1,1,1,1,1,
    1,1,1,1,1,1,1,1,1,1,1,1,1,1,1,1,1,1,1,1,1,1,1,1,1,1,1,1,1,1,1,1,4),(
    0.,0.473206125628,0.943992429652,1.409973954886,1.868836789104,
    2.318377024136,2.756544271089,3.181492042951,3.591638155345,
    3.958628390048,4.336720798561,4.697643825895,5.041884944182,
    5.37090160957,5.687455278175,5.996091997334,6.303841257426,
    6.621230764788,6.963721635172,7.353570058326,7.821640417824,
    8.407110090534,9.197325542283,10.107526890421,11.137050913086,
    12.166574935752,13.07677628389,13.866991735638,14.452461408348,
    14.920531767847,15.310380191,15.652871061385,15.970260568747,
    16.278009828838,16.586646547997,16.903200216603,17.23221688199,
    17.576458000278,17.937381027612,18.315473436125,18.682463670827,
    19.092609783221,19.517557555084,19.955724802036,20.405265037068,
    20.864127871286,21.330109396521,21.800895700545,22.274101826172),
  .UNSPECIFIED.);
#4411 = CARTESIAN_POINT('',(35.2,-9.769962616701E-15,0.));
#4412 = CARTESIAN_POINT('',(35.200002026252,0.157758520195,0.));
#4413 = CARTESIAN_POINT('',(35.19039434034,0.472475702754,0.));
#4414 = CARTESIAN_POINT('',(35.14739893708,0.94078099159,0.));
#4415 = CARTESIAN_POINT('',(35.076859122547,1.400920211699,0.));
#4416 = CARTESIAN_POINT('',(34.979789121378,1.848879296196,0.));
#4417 = CARTESIAN_POINT('',(34.859860750949,2.281814934203,0.));
#4418 = CARTESIAN_POINT('',(34.713476026957,2.694253945948,0.));
#4419 = CARTESIAN_POINT('',(34.565028417496,3.092161439615,0.));
#4420 = CARTESIAN_POINT('',(34.345870958829,3.435528527256,0.));
#4421 = CARTESIAN_POINT('',(34.313761652271,3.833837613356,0.));
#4422 = CARTESIAN_POINT('',(34.07814508746,4.130813139481,0.));
#4423 = CARTESIAN_POINT('',(33.881741571832,4.431125252847,0.));
#4424 = CARTESIAN_POINT('',(33.667884151969,4.702673005896,0.));
#4425 = CARTESIAN_POINT('',(33.454389388433,4.95407491099,0.));
#4426 = CARTESIAN_POINT('',(33.237631466819,5.187054999879,0.));
#4427 = CARTESIAN_POINT('',(33.017476926575,5.406753945932,0.));
#4428 = CARTESIAN_POINT('',(32.790315788009,5.619608828039,0.));
#4429 = CARTESIAN_POINT('',(32.550074252153,5.834836214195,0.));
#4430 = CARTESIAN_POINT('',(32.286683883005,6.065230530121,0.));
#4431 = CARTESIAN_POINT('',(31.987721859712,6.331009429081,0.));
#4432 = CARTESIAN_POINT('',(31.631736283507,6.655608197441,0.));
#4433 = CARTESIAN_POINT('',(31.226713146966,7.117965909475,0.));
#4434 = CARTESIAN_POINT('',(30.634507436458,7.611446073826,0.));
#4435 = CARTESIAN_POINT('',(30.201284029788,8.427509139028,0.));
#4436 = CARTESIAN_POINT('',(29.81890271923,9.342872814594,0.));
#4437 = CARTESIAN_POINT('',(29.645699381798,10.31965668481,0.));
#4438 = CARTESIAN_POINT('',(29.568953100499,11.240390878147,0.));
#4439 = CARTESIAN_POINT('',(29.800352727173,11.97570338922,0.));
#4440 = CARTESIAN_POINT('',(29.891110420276,12.583635487529,0.));
#4441 = CARTESIAN_POINT('',(30.015093200424,13.049165681086,0.));
#4442 = CARTESIAN_POINT('',(30.122905137505,13.43438419145,0.));
#4443 = CARTESIAN_POINT('',(30.219922644765,13.770603808153,0.));
#4444 = CARTESIAN_POINT('',(30.305665975546,14.081548987451,0.));
#4445 = CARTESIAN_POINT('',(30.381688048425,14.383426492651,0.));
#4446 = CARTESIAN_POINT('',(30.448115615386,14.687273537783,0.));
#4447 = CARTESIAN_POINT('',(30.504505437006,15.000457040571,0.));
#4448 = CARTESIAN_POINT('',(30.548190529592,15.327373764872,0.));
#4449 = CARTESIAN_POINT('',(30.581289040386,15.671434321751,0.));
#4450 = CARTESIAN_POINT('',(30.584153205307,16.030256705312,0.));
#4451 = CARTESIAN_POINT('',(30.621809381639,16.407472348034,0.));
#4452 = CARTESIAN_POINT('',(30.433479299309,16.75991087562,0.));
#4453 = CARTESIAN_POINT('',(30.43220802271,17.167255118761,0.));
#4454 = CARTESIAN_POINT('',(30.34196506596,17.582253040478,0.));
#4455 = CARTESIAN_POINT('',(30.242130367711,18.008360373027,0.));
#4456 = CARTESIAN_POINT('',(30.108957855783,18.437407180214,0.));
#4457 = CARTESIAN_POINT('',(29.94843337157,18.866734347393,0.));
#4458 = CARTESIAN_POINT('',(29.759005195648,19.291964794897,0.));
#4459 = CARTESIAN_POINT('',(29.541990276361,19.709173343539,0.));
#4460 = CARTESIAN_POINT('',(29.379923821231,19.979124592374,0.));
#4461 = CARTESIAN_POINT('',(29.29463142132,20.111838409348,0.));
#4462 = SURFACE_OF_LINEAR_EXTRUSION('',#4463,#4515);
#4463 = B_SPLINE_CURVE_WITH_KNOTS('',3,(#4464,#4465,#4466,#4467,#4468,
    #4469,#4470,#4471,#4472,#4473,#4474,#4475,#4476,#4477,#4478,#4479,
    #4480,#4481,#4482,#4483,#4484,#4485,#4486,#4487,#4488,#4489,#4490,
    #4491,#4492,#4493,#4494,#4495,#4496,#4497,#4498,#4499,#4500,#4501,
    #4502,#4503,#4504,#4505,#4506,#4507,#4508,#4509,#4510,#4511,#4512,
    #4513,#4514),.UNSPECIFIED.,.F.,.F.,(4,1,1,1,1,1,1,1,1,1,1,1,1,1,1,1,
    1,1,1,1,1,1,1,1,1,1,1,1,1,1,1,1,1,1,1,1,1,1,1,1,1,1,1,1,1,1,1,1,4),(
    0.,0.473206125628,0.943992429652,1.409973954886,1.868836789104,
    2.318377024136,2.756544271089,3.181492042951,3.591638155345,
    3.958628390048,4.336720798561,4.697643825895,5.041884944182,
    5.37090160957,5.687455278175,5.996091997334,6.303841257426,
    6.621230764788,6.963721635172,7.353570058326,7.821640417824,
    8.407110090534,9.197325542283,10.107526890421,11.137050913086,
    12.166574935752,13.07677628389,13.866991735638,14.452461408348,
    14.920531767847,15.310380191,15.652871061385,15.970260568747,
    16.278009828838,16.586646547997,16.903200216603,17.23221688199,
    17.576458000278,17.937381027612,18.315473436125,18.682463670827,
    19.092609783221,19.517557555084,19.955724802036,20.405265037068,
    20.864127871286,21.330109396521,21.800895700545,22.274101826172),
  .UNSPECIFIED.);
#4464 = CARTESIAN_POINT('',(35.2,-9.769962616701E-15,0.));
#4465 = CARTESIAN_POINT('',(35.200002026252,0.157758520195,0.));
#4466 = CARTESIAN_POINT('',(35.19039434034,0.472475702754,0.));
#4467 = CARTESIAN_POINT('',(35.14739893708,0.94078099159,0.));
#4468 = CARTESIAN_POINT('',(35.076859122547,1.400920211699,0.));
#4469 = CARTESIAN_POINT('',(34.979789121378,1.848879296196,0.));
#4470 = CARTESIAN_POINT('',(34.859860750949,2.281814934203,0.));
#4471 = CARTESIAN_POINT('',(34.713476026957,2.694253945948,0.));
#4472 = CARTESIAN_POINT('',(34.565028417496,3.092161439615,0.));
#4473 = CARTESIAN_POINT('',(34.345870958829,3.435528527256,0.));
#4474 = CARTESIAN_POINT('',(34.313761652271,3.833837613356,0.));
#4475 = CARTESIAN_POINT('',(34.07814508746,4.130813139481,0.));
#4476 = CARTESIAN_POINT('',(33.881741571832,4.431125252847,0.));
#4477 = CARTESIAN_POINT('',(33.667884151969,4.702673005896,0.));
#4478 = CARTESIAN_POINT('',(33.454389388433,4.95407491099,0.));
#4479 = CARTESIAN_POINT('',(33.237631466819,5.187054999879,0.));
#4480 = CARTESIAN_POINT('',(33.017476926575,5.406753945932,0.));
#4481 = CARTESIAN_POINT('',(32.790315788009,5.619608828039,0.));
#4482 = CARTESIAN_POINT('',(32.550074252153,5.834836214195,0.));
#4483 = CARTESIAN_POINT('',(32.286683883005,6.065230530121,0.));
#4484 = CARTESIAN_POINT('',(31.987721859712,6.331009429081,0.));
#4485 = CARTESIAN_POINT('',(31.631736283507,6.655608197441,0.));
#4486 = CARTESIAN_POINT('',(31.226713146966,7.117965909475,0.));
#4487 = CARTESIAN_POINT('',(30.634507436458,7.611446073826,0.));
#4488 = CARTESIAN_POINT('',(30.201284029788,8.427509139028,0.));
#4489 = CARTESIAN_POINT('',(29.81890271923,9.342872814594,0.));
#4490 = CARTESIAN_POINT('',(29.645699381798,10.31965668481,0.));
#4491 = CARTESIAN_POINT('',(29.568953100499,11.240390878147,0.));
#4492 = CARTESIAN_POINT('',(29.800352727173,11.97570338922,0.));
#4493 = CARTESIAN_POINT('',(29.891110420276,12.583635487529,0.));
#4494 = CARTESIAN_POINT('',(30.015093200424,13.049165681086,0.));
#4495 = CARTESIAN_POINT('',(30.122905137505,13.43438419145,0.));
#4496 = CARTESIAN_POINT('',(30.219922644765,13.770603808153,0.));
#4497 = CARTESIAN_POINT('',(30.305665975546,14.081548987451,0.));
#4498 = CARTESIAN_POINT('',(30.381688048425,14.383426492651,0.));
#4499 = CARTESIAN_POINT('',(30.448115615386,14.687273537783,0.));
#4500 = CARTESIAN_POINT('',(30.504505437006,15.000457040571,0.));
#4501 = CARTESIAN_POINT('',(30.548190529592,15.327373764872,0.));
#4502 = CARTESIAN_POINT('',(30.581289040386,15.671434321751,0.));
#4503 = CARTESIAN_POINT('',(30.584153205307,16.030256705312,0.));
#4504 = CARTESIAN_POINT('',(30.621809381639,16.407472348034,0.));
#4505 = CARTESIAN_POINT('',(30.433479299309,16.75991087562,0.));
#4506 = CARTESIAN_POINT('',(30.43220802271,17.167255118761,0.));
#4507 = CARTESIAN_POINT('',(30.34196506596,17.582253040478,0.));
#4508 = CARTESIAN_POINT('',(30.242130367711,18.008360373027,0.));
#4509 = CARTESIAN_POINT('',(30.108957855783,18.437407180214,0.));
#4510 = CARTESIAN_POINT('',(29.94843337157,18.866734347393,0.));
#4511 = CARTESIAN_POINT('',(29.759005195648,19.291964794897,0.));
#4512 = CARTESIAN_POINT('',(29.541990276361,19.709173343539,0.));
#4513 = CARTESIAN_POINT('',(29.379923821231,19.979124592374,0.));
#4514 = CARTESIAN_POINT('',(29.29463142132,20.111838409348,0.));
#4515 = VECTOR('',#4516,1.);
#4516 = DIRECTION('',(-0.,-0.,-1.));
#4517 = ADVANCED_FACE('',(#4518),#4545,.F.);
#4518 = FACE_BOUND('',#4519,.T.);
#4519 = EDGE_LOOP('',(#4520,#4530,#4537,#4538));
#4520 = ORIENTED_EDGE('',*,*,#4521,.T.);
#4521 = EDGE_CURVE('',#4522,#4524,#4526,.T.);
#4522 = VERTEX_POINT('',#4523);
#4523 = CARTESIAN_POINT('',(-7.5,21.650635094611,0.));
#4524 = VERTEX_POINT('',#4525);
#4525 = CARTESIAN_POINT('',(-7.5,21.650635094611,5.));
#4526 = LINE('',#4527,#4528);
#4527 = CARTESIAN_POINT('',(-7.5,21.650635094611,0.));
#4528 = VECTOR('',#4529,1.);
#4529 = DIRECTION('',(0.,0.,1.));
#4530 = ORIENTED_EDGE('',*,*,#4531,.T.);
#4531 = EDGE_CURVE('',#4524,#4524,#4532,.T.);
#4532 = CIRCLE('',#4533,7.);
#4533 = AXIS2_PLACEMENT_3D('',#4534,#4535,#4536);
#4534 = CARTESIAN_POINT('',(-14.5,21.650635094611,5.));
#4535 = DIRECTION('',(0.,0.,1.));
#4536 = DIRECTION('',(1.,0.,0.));
#4537 = ORIENTED_EDGE('',*,*,#4521,.F.);
#4538 = ORIENTED_EDGE('',*,*,#4539,.F.);
#4539 = EDGE_CURVE('',#4522,#4522,#4540,.T.);
#4540 = CIRCLE('',#4541,7.);
#4541 = AXIS2_PLACEMENT_3D('',#4542,#4543,#4544);
#4542 = CARTESIAN_POINT('',(-14.5,21.650635094611,0.));
#4543 = DIRECTION('',(0.,0.,1.));
#4544 = DIRECTION('',(1.,0.,0.));
#4545 = CYLINDRICAL_SURFACE('',#4546,7.);
#4546 = AXIS2_PLACEMENT_3D('',#4547,#4548,#4549);
#4547 = CARTESIAN_POINT('',(-14.5,21.650635094611,0.));
#4548 = DIRECTION('',(-0.,-0.,-1.));
#4549 = DIRECTION('',(1.,0.,0.));
#4550 = ADVANCED_FACE('',(#4551),#4578,.F.);
#4551 = FACE_BOUND('',#4552,.T.);
#4552 = EDGE_LOOP('',(#4553,#4563,#4570,#4571));
#4553 = ORIENTED_EDGE('',*,*,#4554,.T.);
#4554 = EDGE_CURVE('',#4555,#4557,#4559,.T.);
#4555 = VERTEX_POINT('',#4556);
#4556 = CARTESIAN_POINT('',(17.5,21.650635094611,0.));
#4557 = VERTEX_POINT('',#4558);
#4558 = CARTESIAN_POINT('',(17.5,21.650635094611,5.));
#4559 = LINE('',#4560,#4561);
#4560 = CARTESIAN_POINT('',(17.5,21.650635094611,0.));
#4561 = VECTOR('',#4562,1.);
#4562 = DIRECTION('',(0.,0.,1.));
#4563 = ORIENTED_EDGE('',*,*,#4564,.T.);
#4564 = EDGE_CURVE('',#4557,#4557,#4565,.T.);
#4565 = CIRCLE('',#4566,7.);
#4566 = AXIS2_PLACEMENT_3D('',#4567,#4568,#4569);
#4567 = CARTESIAN_POINT('',(10.5,21.650635094611,5.));
#4568 = DIRECTION('',(0.,0.,1.));
#4569 = DIRECTION('',(1.,0.,0.));
#4570 = ORIENTED_EDGE('',*,*,#4554,.F.);
#4571 = ORIENTED_EDGE('',*,*,#4572,.F.);
#4572 = EDGE_CURVE('',#4555,#4555,#4573,.T.);
#4573 = CIRCLE('',#4574,7.);
#4574 = AXIS2_PLACEMENT_3D('',#4575,#4576,#4577);
#4575 = CARTESIAN_POINT('',(10.5,21.650635094611,0.));
#4576 = DIRECTION('',(0.,0.,1.));
#4577 = DIRECTION('',(1.,0.,0.));
#4578 = CYLINDRICAL_SURFACE('',#4579,7.);
#4579 = AXIS2_PLACEMENT_3D('',#4580,#4581,#4582);
#4580 = CARTESIAN_POINT('',(10.5,21.650635094611,0.));
#4581 = DIRECTION('',(-0.,-0.,-1.));
#4582 = DIRECTION('',(1.,0.,0.));
#4583 = ADVANCED_FACE('',(#4584),#4611,.F.);
#4584 = FACE_BOUND('',#4585,.T.);
#4585 = EDGE_LOOP('',(#4586,#4596,#4603,#4604));
#4586 = ORIENTED_EDGE('',*,*,#4587,.T.);
#4587 = EDGE_CURVE('',#4588,#4590,#4592,.T.);
#4588 = VERTEX_POINT('',#4589);
#4589 = CARTESIAN_POINT('',(30.,0.,0.));
#4590 = VERTEX_POINT('',#4591);
#4591 = CARTESIAN_POINT('',(30.,0.,5.));
#4592 = LINE('',#4593,#4594);
#4593 = CARTESIAN_POINT('',(30.,0.,0.));
#4594 = VECTOR('',#4595,1.);
#4595 = DIRECTION('',(0.,0.,1.));
#4596 = ORIENTED_EDGE('',*,*,#4597,.T.);
#4597 = EDGE_CURVE('',#4590,#4590,#4598,.T.);
#4598 = CIRCLE('',#4599,7.);
#4599 = AXIS2_PLACEMENT_3D('',#4600,#4601,#4602);
#4600 = CARTESIAN_POINT('',(23.,0.,5.));
#4601 = DIRECTION('',(0.,0.,1.));
#4602 = DIRECTION('',(1.,0.,0.));
#4603 = ORIENTED_EDGE('',*,*,#4587,.F.);
#4604 = ORIENTED_EDGE('',*,*,#4605,.F.);
#4605 = EDGE_CURVE('',#4588,#4588,#4606,.T.);
#4606 = CIRCLE('',#4607,7.);
#4607 = AXIS2_PLACEMENT_3D('',#4608,#4609,#4610);
#4608 = CARTESIAN_POINT('',(23.,0.,0.));
#4609 = DIRECTION('',(0.,0.,1.));
#4610 = DIRECTION('',(1.,0.,0.));
#4611 = CYLINDRICAL_SURFACE('',#4612,7.);
#4612 = AXIS2_PLACEMENT_3D('',#4613,#4614,#4615);
#4613 = CARTESIAN_POINT('',(23.,0.,0.));
#4614 = DIRECTION('',(-0.,-0.,-1.));
#4615 = DIRECTION('',(1.,0.,0.));
#4616 = ADVANCED_FACE('',(#4617),#4644,.F.);
#4617 = FACE_BOUND('',#4618,.T.);
#4618 = EDGE_LOOP('',(#4619,#4629,#4636,#4637));
#4619 = ORIENTED_EDGE('',*,*,#4620,.T.);
#4620 = EDGE_CURVE('',#4621,#4623,#4625,.T.);
#4621 = VERTEX_POINT('',#4622);
#4622 = CARTESIAN_POINT('',(-7.5,-21.65063509461,0.));
#4623 = VERTEX_POINT('',#4624);
#4624 = CARTESIAN_POINT('',(-7.5,-21.65063509461,5.));
#4625 = LINE('',#4626,#4627);
#4626 = CARTESIAN_POINT('',(-7.5,-21.65063509461,0.));
#4627 = VECTOR('',#4628,1.);
#4628 = DIRECTION('',(0.,0.,1.));
#4629 = ORIENTED_EDGE('',*,*,#4630,.T.);
#4630 = EDGE_CURVE('',#4623,#4623,#4631,.T.);
#4631 = CIRCLE('',#4632,7.);
#4632 = AXIS2_PLACEMENT_3D('',#4633,#4634,#4635);
#4633 = CARTESIAN_POINT('',(-14.5,-21.65063509461,5.));
#4634 = DIRECTION('',(0.,0.,1.));
#4635 = DIRECTION('',(1.,0.,0.));
#4636 = ORIENTED_EDGE('',*,*,#4620,.F.);
#4637 = ORIENTED_EDGE('',*,*,#4638,.F.);
#4638 = EDGE_CURVE('',#4621,#4621,#4639,.T.);
#4639 = CIRCLE('',#4640,7.);
#4640 = AXIS2_PLACEMENT_3D('',#4641,#4642,#4643);
#4641 = CARTESIAN_POINT('',(-14.5,-21.65063509461,0.));
#4642 = DIRECTION('',(0.,0.,1.));
#4643 = DIRECTION('',(1.,0.,0.));
#4644 = CYLINDRICAL_SURFACE('',#4645,7.);
#4645 = AXIS2_PLACEMENT_3D('',#4646,#4647,#4648);
#4646 = CARTESIAN_POINT('',(-14.5,-21.65063509461,0.));
#4647 = DIRECTION('',(-0.,-0.,-1.));
#4648 = DIRECTION('',(1.,0.,0.));
#4649 = ADVANCED_FACE('',(#4650),#4677,.F.);
#4650 = FACE_BOUND('',#4651,.T.);
#4651 = EDGE_LOOP('',(#4652,#4662,#4669,#4670));
#4652 = ORIENTED_EDGE('',*,*,#4653,.T.);
#4653 = EDGE_CURVE('',#4654,#4656,#4658,.T.);
#4654 = VERTEX_POINT('',#4655);
#4655 = CARTESIAN_POINT('',(-20.,0.,0.));
#4656 = VERTEX_POINT('',#4657);
#4657 = CARTESIAN_POINT('',(-20.,0.,5.));
#4658 = LINE('',#4659,#4660);
#4659 = CARTESIAN_POINT('',(-20.,0.,0.));
#4660 = VECTOR('',#4661,1.);
#4661 = DIRECTION('',(0.,0.,1.));
#4662 = ORIENTED_EDGE('',*,*,#4663,.T.);
#4663 = EDGE_CURVE('',#4656,#4656,#4664,.T.);
#4664 = CIRCLE('',#4665,7.);
#4665 = AXIS2_PLACEMENT_3D('',#4666,#4667,#4668);
#4666 = CARTESIAN_POINT('',(-27.,0.,5.));
#4667 = DIRECTION('',(0.,0.,1.));
#4668 = DIRECTION('',(1.,0.,0.));
#4669 = ORIENTED_EDGE('',*,*,#4653,.F.);
#4670 = ORIENTED_EDGE('',*,*,#4671,.F.);
#4671 = EDGE_CURVE('',#4654,#4654,#4672,.T.);
#4672 = CIRCLE('',#4673,7.);
#4673 = AXIS2_PLACEMENT_3D('',#4674,#4675,#4676);
#4674 = CARTESIAN_POINT('',(-27.,0.,0.));
#4675 = DIRECTION('',(0.,0.,1.));
#4676 = DIRECTION('',(1.,0.,0.));
#4677 = CYLINDRICAL_SURFACE('',#4678,7.);
#4678 = AXIS2_PLACEMENT_3D('',#4679,#4680,#4681);
#4679 = CARTESIAN_POINT('',(-27.,0.,0.));
#4680 = DIRECTION('',(-0.,-0.,-1.));
#4681 = DIRECTION('',(1.,0.,0.));
#4682 = ADVANCED_FACE('',(#4683),#4710,.F.);
#4683 = FACE_BOUND('',#4684,.T.);
#4684 = EDGE_LOOP('',(#4685,#4695,#4702,#4703));
#4685 = ORIENTED_EDGE('',*,*,#4686,.T.);
#4686 = EDGE_CURVE('',#4687,#4689,#4691,.T.);
#4687 = VERTEX_POINT('',#4688);
#4688 = CARTESIAN_POINT('',(17.5,-21.65063509461,0.));
#4689 = VERTEX_POINT('',#4690);
#4690 = CARTESIAN_POINT('',(17.5,-21.65063509461,5.));
#4691 = LINE('',#4692,#4693);
#4692 = CARTESIAN_POINT('',(17.5,-21.65063509461,0.));
#4693 = VECTOR('',#4694,1.);
#4694 = DIRECTION('',(0.,0.,1.));
#4695 = ORIENTED_EDGE('',*,*,#4696,.T.);
#4696 = EDGE_CURVE('',#4689,#4689,#4697,.T.);
#4697 = CIRCLE('',#4698,7.);
#4698 = AXIS2_PLACEMENT_3D('',#4699,#4700,#4701);
#4699 = CARTESIAN_POINT('',(10.5,-21.65063509461,5.));
#4700 = DIRECTION('',(0.,0.,1.));
#4701 = DIRECTION('',(1.,0.,0.));
#4702 = ORIENTED_EDGE('',*,*,#4686,.F.);
#4703 = ORIENTED_EDGE('',*,*,#4704,.F.);
#4704 = EDGE_CURVE('',#4687,#4687,#4705,.T.);
#4705 = CIRCLE('',#4706,7.);
#4706 = AXIS2_PLACEMENT_3D('',#4707,#4708,#4709);
#4707 = CARTESIAN_POINT('',(10.5,-21.65063509461,0.));
#4708 = DIRECTION('',(0.,0.,1.));
#4709 = DIRECTION('',(1.,0.,0.));
#4710 = CYLINDRICAL_SURFACE('',#4711,7.);
#4711 = AXIS2_PLACEMENT_3D('',#4712,#4713,#4714);
#4712 = CARTESIAN_POINT('',(10.5,-21.65063509461,0.));
#4713 = DIRECTION('',(-0.,-0.,-1.));
#4714 = DIRECTION('',(1.,0.,0.));
#4715 = ADVANCED_FACE('',(#4716),#4743,.F.);
#4716 = FACE_BOUND('',#4717,.T.);
#4717 = EDGE_LOOP('',(#4718,#4728,#4735,#4736));
#4718 = ORIENTED_EDGE('',*,*,#4719,.T.);
#4719 = EDGE_CURVE('',#4720,#4722,#4724,.T.);
#4720 = VERTEX_POINT('',#4721);
#4721 = CARTESIAN_POINT('',(4.8,0.,0.));
#4722 = VERTEX_POINT('',#4723);
#4723 = CARTESIAN_POINT('',(4.8,0.,5.));
#4724 = LINE('',#4725,#4726);
#4725 = CARTESIAN_POINT('',(4.8,0.,0.));
#4726 = VECTOR('',#4727,1.);
#4727 = DIRECTION('',(0.,0.,1.));
#4728 = ORIENTED_EDGE('',*,*,#4729,.T.);
#4729 = EDGE_CURVE('',#4722,#4722,#4730,.T.);
#4730 = CIRCLE('',#4731,6.8);
#4731 = AXIS2_PLACEMENT_3D('',#4732,#4733,#4734);
#4732 = CARTESIAN_POINT('',(-2.,0.,5.));
#4733 = DIRECTION('',(0.,0.,1.));
#4734 = DIRECTION('',(1.,0.,0.));
#4735 = ORIENTED_EDGE('',*,*,#4719,.F.);
#4736 = ORIENTED_EDGE('',*,*,#4737,.F.);
#4737 = EDGE_CURVE('',#4720,#4720,#4738,.T.);
#4738 = CIRCLE('',#4739,6.8);
#4739 = AXIS2_PLACEMENT_3D('',#4740,#4741,#4742);
#4740 = CARTESIAN_POINT('',(-2.,0.,0.));
#4741 = DIRECTION('',(0.,0.,1.));
#4742 = DIRECTION('',(1.,0.,0.));
#4743 = CYLINDRICAL_SURFACE('',#4744,6.8);
#4744 = AXIS2_PLACEMENT_3D('',#4745,#4746,#4747);
#4745 = CARTESIAN_POINT('',(-2.,0.,0.));
#4746 = DIRECTION('',(-0.,-0.,-1.));
#4747 = DIRECTION('',(1.,0.,0.));
#4748 = ADVANCED_FACE('',(#4749,#4762,#4765,#4768,#4771,#4774,#4777,
    #4780),#4783,.F.);
#4749 = FACE_BOUND('',#4750,.F.);
#4750 = EDGE_LOOP('',(#4751,#4752,#4753,#4754,#4755,#4756,#4757,#4758,
    #4759,#4760,#4761));
#4751 = ORIENTED_EDGE('',*,*,#2648,.T.);
#4752 = ORIENTED_EDGE('',*,*,#2825,.T.);
#4753 = ORIENTED_EDGE('',*,*,#3002,.T.);
#4754 = ORIENTED_EDGE('',*,*,#3179,.T.);
#4755 = ORIENTED_EDGE('',*,*,#3356,.T.);
#4756 = ORIENTED_EDGE('',*,*,#3533,.T.);
#4757 = ORIENTED_EDGE('',*,*,#3710,.T.);
#4758 = ORIENTED_EDGE('',*,*,#3887,.T.);
#4759 = ORIENTED_EDGE('',*,*,#4064,.T.);
#4760 = ORIENTED_EDGE('',*,*,#4241,.T.);
#4761 = ORIENTED_EDGE('',*,*,#4409,.T.);
#4762 = FACE_BOUND('',#4763,.T.);
#4763 = EDGE_LOOP('',(#4764));
#4764 = ORIENTED_EDGE('',*,*,#4539,.T.);
#4765 = FACE_BOUND('',#4766,.T.);
#4766 = EDGE_LOOP('',(#4767));
#4767 = ORIENTED_EDGE('',*,*,#4572,.T.);
#4768 = FACE_BOUND('',#4769,.T.);
#4769 = EDGE_LOOP('',(#4770));
#4770 = ORIENTED_EDGE('',*,*,#4605,.T.);
#4771 = FACE_BOUND('',#4772,.T.);
#4772 = EDGE_LOOP('',(#4773));
#4773 = ORIENTED_EDGE('',*,*,#4638,.T.);
#4774 = FACE_BOUND('',#4775,.T.);
#4775 = EDGE_LOOP('',(#4776));
#4776 = ORIENTED_EDGE('',*,*,#4671,.T.);
#4777 = FACE_BOUND('',#4778,.T.);
#4778 = EDGE_LOOP('',(#4779));
#4779 = ORIENTED_EDGE('',*,*,#4704,.T.);
#4780 = FACE_BOUND('',#4781,.T.);
#4781 = EDGE_LOOP('',(#4782));
#4782 = ORIENTED_EDGE('',*,*,#4737,.T.);
#4783 = PLANE('',#4784);
#4784 = AXIS2_PLACEMENT_3D('',#4785,#4786,#4787);
#4785 = CARTESIAN_POINT('',(-2.,-2.808119912652E-15,0.));
#4786 = DIRECTION('',(0.,0.,1.));
#4787 = DIRECTION('',(1.,0.,0.));
#4788 = ADVANCED_FACE('',(#4789,#4802,#4805,#4808,#4811,#4814,#4817,
    #4820),#4823,.T.);
#4789 = FACE_BOUND('',#4790,.T.);
#4790 = EDGE_LOOP('',(#4791,#4792,#4793,#4794,#4795,#4796,#4797,#4798,
    #4799,#4800,#4801));
#4791 = ORIENTED_EDGE('',*,*,#2584,.T.);
#4792 = ORIENTED_EDGE('',*,*,#2761,.T.);
#4793 = ORIENTED_EDGE('',*,*,#2938,.T.);
#4794 = ORIENTED_EDGE('',*,*,#3115,.T.);
#4795 = ORIENTED_EDGE('',*,*,#3292,.T.);
#4796 = ORIENTED_EDGE('',*,*,#3469,.T.);
#4797 = ORIENTED_EDGE('',*,*,#3646,.T.);
#4798 = ORIENTED_EDGE('',*,*,#3823,.T.);
#4799 = ORIENTED_EDGE('',*,*,#4000,.T.);
#4800 = ORIENTED_EDGE('',*,*,#4177,.T.);
#4801 = ORIENTED_EDGE('',*,*,#4354,.T.);
#4802 = FACE_BOUND('',#4803,.F.);
#4803 = EDGE_LOOP('',(#4804));
#4804 = ORIENTED_EDGE('',*,*,#4531,.T.);
#4805 = FACE_BOUND('',#4806,.F.);
#4806 = EDGE_LOOP('',(#4807));
#4807 = ORIENTED_EDGE('',*,*,#4564,.T.);
#4808 = FACE_BOUND('',#4809,.F.);
#4809 = EDGE_LOOP('',(#4810));
#4810 = ORIENTED_EDGE('',*,*,#4597,.T.);
#4811 = FACE_BOUND('',#4812,.F.);
#4812 = EDGE_LOOP('',(#4813));
#4813 = ORIENTED_EDGE('',*,*,#4630,.T.);
#4814 = FACE_BOUND('',#4815,.F.);
#4815 = EDGE_LOOP('',(#4816));
#4816 = ORIENTED_EDGE('',*,*,#4663,.T.);
#4817 = FACE_BOUND('',#4818,.F.);
#4818 = EDGE_LOOP('',(#4819));
#4819 = ORIENTED_EDGE('',*,*,#4696,.T.);
#4820 = FACE_BOUND('',#4821,.F.);
#4821 = EDGE_LOOP('',(#4822));
#4822 = ORIENTED_EDGE('',*,*,#4729,.T.);
#4823 = PLANE('',#4824);
#4824 = AXIS2_PLACEMENT_3D('',#4825,#4826,#4827);
#4825 = CARTESIAN_POINT('',(-2.,-2.808119912652E-15,5.));
#4826 = DIRECTION('',(0.,0.,1.));
#4827 = DIRECTION('',(1.,0.,0.));
#4828 = ( GEOMETRIC_REPRESENTATION_CONTEXT(3) 
GLOBAL_UNCERTAINTY_ASSIGNED_CONTEXT((#4832)) 
GLOBAL_UNIT_ASSIGNED_CONTEXT((#4829,#4830,#4831)) REPRESENTATION_CONTEXT
('Context #1','3D Context with UNIT and UNCERTAINTY') );
#4829 = ( LENGTH_UNIT() NAMED_UNIT(*) SI_UNIT(.MILLI.,.METRE.) );
#4830 = ( NAMED_UNIT(*) PLANE_ANGLE_UNIT() SI_UNIT($,.RADIAN.) );
#4831 = ( NAMED_UNIT(*) SI_UNIT($,.STERADIAN.) SOLID_ANGLE_UNIT() );
#4832 = UNCERTAINTY_MEASURE_WITH_UNIT(LENGTH_MEASURE(1.E-07),#4829,
  'distance_accuracy_value','confusion accuracy');
#4833 = CONTEXT_DEPENDENT_SHAPE_REPRESENTATION(#4834,#4836);
#4834 = ( REPRESENTATION_RELATIONSHIP('','',#2567,#10) 
REPRESENTATION_RELATIONSHIP_WITH_TRANSFORMATION(#4835) 
SHAPE_REPRESENTATION_RELATIONSHIP() );
#4835 = ITEM_DEFINED_TRANSFORMATION('','',#11,#27);
#4836 = PRODUCT_DEFINITION_SHAPE('Placement','Placement of an item',
  #4837);
#4837 = NEXT_ASSEMBLY_USAGE_OCCURRENCE('4','cycloidalDisk1','',#5,#2562,
  $);
#4838 = PRODUCT_RELATED_PRODUCT_CATEGORY('part',$,(#2564));
#4839 = SHAPE_DEFINITION_REPRESENTATION(#4840,#4846);
#4840 = PRODUCT_DEFINITION_SHAPE('','',#4841);
#4841 = PRODUCT_DEFINITION('design','',#4842,#4845);
#4842 = PRODUCT_DEFINITION_FORMATION('','',#4843);
#4843 = PRODUCT('cycloidalDisk2','cycloidalDisk2','',(#4844));
#4844 = PRODUCT_CONTEXT('',#2,'mechanical');
#4845 = PRODUCT_DEFINITION_CONTEXT('part definition',#2,'design');
#4846 = ADVANCED_BREP_SHAPE_REPRESENTATION('',(#11,#4847),#7107);
#4847 = MANIFOLD_SOLID_BREP('',#4848);
#4848 = CLOSED_SHELL('',(#4849,#5035,#5212,#5389,#5566,#5743,#5920,#6097
    ,#6274,#6451,#6628,#6796,#6829,#6862,#6895,#6928,#6961,#6994,#7027,
    #7067));
#4849 = ADVANCED_FACE('',(#4850),#4980,.F.);
#4850 = FACE_BOUND('',#4851,.F.);
#4851 = EDGE_LOOP('',(#4852,#4862,#4918,#4926));
#4852 = ORIENTED_EDGE('',*,*,#4853,.T.);
#4853 = EDGE_CURVE('',#4854,#4856,#4858,.T.);
#4854 = VERTEX_POINT('',#4855);
#4855 = CARTESIAN_POINT('',(29.29463142132,20.111838409348,0.));
#4856 = VERTEX_POINT('',#4857);
#4857 = CARTESIAN_POINT('',(29.29463142132,20.111838409348,5.));
#4858 = LINE('',#4859,#4860);
#4859 = CARTESIAN_POINT('',(29.29463142132,20.111838409348,0.));
#4860 = VECTOR('',#4861,1.);
#4861 = DIRECTION('',(0.,0.,1.));
#4862 = ORIENTED_EDGE('',*,*,#4863,.T.);
#4863 = EDGE_CURVE('',#4856,#4864,#4866,.T.);
#4864 = VERTEX_POINT('',#4865);
#4865 = CARTESIAN_POINT('',(13.45343848367,33.838310227188,5.));
#4866 = B_SPLINE_CURVE_WITH_KNOTS('',3,(#4867,#4868,#4869,#4870,#4871,
    #4872,#4873,#4874,#4875,#4876,#4877,#4878,#4879,#4880,#4881,#4882,
    #4883,#4884,#4885,#4886,#4887,#4888,#4889,#4890,#4891,#4892,#4893,
    #4894,#4895,#4896,#4897,#4898,#4899,#4900,#4901,#4902,#4903,#4904,
    #4905,#4906,#4907,#4908,#4909,#4910,#4911,#4912,#4913,#4914,#4915,
    #4916,#4917),.UNSPECIFIED.,.F.,.F.,(4,1,1,1,1,1,1,1,1,1,1,1,1,1,1,1,
    1,1,1,1,1,1,1,1,1,1,1,1,1,1,1,1,1,1,1,1,1,1,1,1,1,1,1,1,1,1,1,1,4),(
    0.,0.473206125628,0.943992429652,1.409973954886,1.868836789104,
    2.318377024136,2.756544271089,3.181492042951,3.591638155345,
    3.958628390048,4.336720798561,4.697643825895,5.041884944182,
    5.37090160957,5.687455278175,5.996091997334,6.303841257426,
    6.621230764788,6.963721635172,7.353570058326,7.821640417824,
    8.407110090534,9.197325542283,10.107526890421,11.137050913086,
    12.166574935752,13.07677628389,13.866991735638,14.452461408348,
    14.920531767847,15.310380191,15.652871061385,15.970260568747,
    16.278009828838,16.586646547997,16.903200216603,17.23221688199,
    17.576458000278,17.937381027612,18.315473436125,18.682463670827,
    19.092609783221,19.517557555084,19.955724802036,20.405265037068,
    20.864127871286,21.330109396521,21.800895700545,22.274101826172),
  .UNSPECIFIED.);
#4867 = CARTESIAN_POINT('',(29.29463142132,20.111838409348,5.));
#4868 = CARTESIAN_POINT('',(29.209342430593,20.244554417271,5.));
#4869 = CARTESIAN_POINT('',(29.031110976031,20.504117051777,5.));
#4870 = CARTESIAN_POINT('',(28.741755986968,20.874835460487,5.));
#4871 = CARTESIAN_POINT('',(28.433644074683,21.223792502006,5.));
#4872 = CARTESIAN_POINT('',(28.109798627639,21.548159659621,5.));
#4873 = CARTESIAN_POINT('',(27.774845785091,21.847530122358,5.));
#4874 = CARTESIAN_POINT('',(27.42871775442,22.115354341223,5.));
#4875 = CARTESIAN_POINT('',(27.088710645873,22.369838589083,5.));
#4876 = CARTESIAN_POINT('',(26.718705396573,22.540211897014,5.));
#4877 = CARTESIAN_POINT('',(26.476351179085,22.857931221109,5.));
#4878 = CARTESIAN_POINT('',(26.117580820336,22.98037899942,5.));
#4879 = CARTESIAN_POINT('',(25.789994682492,23.1268338685,5.));
#4880 = CARTESIAN_POINT('',(25.463276573323,23.239654324792,5.));
#4881 = CARTESIAN_POINT('',(25.147755217778,23.335723082133,5.));
#4882 = CARTESIAN_POINT('',(24.839448304743,23.414530225058,5.));
#4883 = CARTESIAN_POINT('',(24.535464302205,23.48032820898,5.));
#4884 = CARTESIAN_POINT('',(24.229286154404,23.536580546884,5.));
#4885 = CARTESIAN_POINT('',(23.910821403641,23.587756965518,5.));
#4886 = CARTESIAN_POINT('',(23.564682753783,23.639177413249,5.));
#4887 = CARTESIAN_POINT('',(23.169488974309,23.70113377829,5.));
#4888 = CARTESIAN_POINT('',(22.694523507218,23.781743306004,5.));
#4889 = CARTESIAN_POINT('',(22.103826911333,23.951731325056,5.));
#4890 = CARTESIAN_POINT('',(21.338836245753,24.046702677268,5.));
#4891 = CARTESIAN_POINT('',(20.533188521721,24.499000357158,5.));
#4892 = CARTESIAN_POINT('',(19.716625927498,25.062322338735,5.));
#4893 = CARTESIAN_POINT('',(19.042828777914,25.790404426431,5.));
#4894 = CARTESIAN_POINT('',(18.480479210694,26.523483147116,5.));
#4895 = CARTESIAN_POINT('',(18.277605007058,27.267171478115,5.));
#4896 = CARTESIAN_POINT('',(18.025282330426,27.827663816928,5.));
#4897 = CARTESIAN_POINT('',(17.87789865784,28.286322888508,5.));
#4898 = CARTESIAN_POINT('',(17.760330980449,28.668676855058,5.));
#4899 = CARTESIAN_POINT('',(17.660173252759,29.003974419849,5.));
#4900 = CARTESIAN_POINT('',(17.564195476776,29.311914494895,5.));
#4901 = CARTESIAN_POINT('',(17.464942012976,29.606970648253,5.));
#4902 = CARTESIAN_POINT('',(17.356552323498,29.898496502514,5.));
#4903 = CARTESIAN_POINT('',(17.23467067519,30.192449869915,5.));
#4904 = CARTESIAN_POINT('',(17.094676388593,30.491087663342,5.));
#4905 = CARTESIAN_POINT('',(16.936507447006,30.798424228256,5.));
#4906 = CARTESIAN_POINT('',(16.744922909094,31.10183331055,5.));
#4907 = CARTESIAN_POINT('',(16.572663127028,31.439525768584,5.));
#4908 = CARTESIAN_POINT('',(16.223687126272,31.634196995359,5.));
#4909 = CARTESIAN_POINT('',(16.002390735744,31.97618947496,5.));
#4910 = CARTESIAN_POINT('',(15.702108713927,32.276518916815,5.));
#4911 = CARTESIAN_POINT('',(15.387751404732,32.581008502816,5.));
#4912 = CARTESIAN_POINT('',(15.043759342033,32.8699471494,5.));
#4913 = CARTESIAN_POINT('',(14.676605761963,33.144334057163,5.));
#4914 = CARTESIAN_POINT('',(14.287351703005,33.399648069514,5.));
#4915 = CARTESIAN_POINT('',(13.879227164691,33.633299111623,5.));
#4916 = CARTESIAN_POINT('',(13.596941522915,33.772776812614,5.));
#4917 = CARTESIAN_POINT('',(13.45343848367,33.838310227188,5.));
#4918 = ORIENTED_EDGE('',*,*,#4919,.F.);
#4919 = EDGE_CURVE('',#4920,#4864,#4922,.T.);
#4920 = VERTEX_POINT('',#4921);
#4921 = CARTESIAN_POINT('',(13.45343848367,33.838310227188,0.));
#4922 = LINE('',#4923,#4924);
#4923 = CARTESIAN_POINT('',(13.45343848367,33.838310227188,0.));
#4924 = VECTOR('',#4925,1.);
#4925 = DIRECTION('',(0.,0.,1.));
#4926 = ORIENTED_EDGE('',*,*,#4927,.F.);
#4927 = EDGE_CURVE('',#4854,#4920,#4928,.T.);
#4928 = B_SPLINE_CURVE_WITH_KNOTS('',3,(#4929,#4930,#4931,#4932,#4933,
    #4934,#4935,#4936,#4937,#4938,#4939,#4940,#4941,#4942,#4943,#4944,
    #4945,#4946,#4947,#4948,#4949,#4950,#4951,#4952,#4953,#4954,#4955,
    #4956,#4957,#4958,#4959,#4960,#4961,#4962,#4963,#4964,#4965,#4966,
    #4967,#4968,#4969,#4970,#4971,#4972,#4973,#4974,#4975,#4976,#4977,
    #4978,#4979),.UNSPECIFIED.,.F.,.F.,(4,1,1,1,1,1,1,1,1,1,1,1,1,1,1,1,
    1,1,1,1,1,1,1,1,1,1,1,1,1,1,1,1,1,1,1,1,1,1,1,1,1,1,1,1,1,1,1,1,4),(
    0.,0.473206125628,0.943992429652,1.409973954886,1.868836789104,
    2.318377024136,2.756544271089,3.181492042951,3.591638155345,
    3.958628390048,4.336720798561,4.697643825895,5.041884944182,
    5.37090160957,5.687455278175,5.996091997334,6.303841257426,
    6.621230764788,6.963721635172,7.353570058326,7.821640417824,
    8.407110090534,9.197325542283,10.107526890421,11.137050913086,
    12.166574935752,13.07677628389,13.866991735638,14.452461408348,
    14.920531767847,15.310380191,15.652871061385,15.970260568747,
    16.278009828838,16.586646547997,16.903200216603,17.23221688199,
    17.576458000278,17.937381027612,18.315473436125,18.682463670827,
    19.092609783221,19.517557555084,19.955724802036,20.405265037068,
    20.864127871286,21.330109396521,21.800895700545,22.274101826172),
  .UNSPECIFIED.);
#4929 = CARTESIAN_POINT('',(29.29463142132,20.111838409348,0.));
#4930 = CARTESIAN_POINT('',(29.209342430593,20.244554417271,0.));
#4931 = CARTESIAN_POINT('',(29.031110976031,20.504117051777,0.));
#4932 = CARTESIAN_POINT('',(28.741755986968,20.874835460487,0.));
#4933 = CARTESIAN_POINT('',(28.433644074683,21.223792502006,0.));
#4934 = CARTESIAN_POINT('',(28.109798627639,21.548159659621,0.));
#4935 = CARTESIAN_POINT('',(27.774845785091,21.847530122358,0.));
#4936 = CARTESIAN_POINT('',(27.42871775442,22.115354341223,0.));
#4937 = CARTESIAN_POINT('',(27.088710645873,22.369838589083,0.));
#4938 = CARTESIAN_POINT('',(26.718705396573,22.540211897014,0.));
#4939 = CARTESIAN_POINT('',(26.476351179085,22.857931221109,0.));
#4940 = CARTESIAN_POINT('',(26.117580820336,22.98037899942,0.));
#4941 = CARTESIAN_POINT('',(25.789994682492,23.1268338685,0.));
#4942 = CARTESIAN_POINT('',(25.463276573323,23.239654324792,0.));
#4943 = CARTESIAN_POINT('',(25.147755217778,23.335723082133,0.));
#4944 = CARTESIAN_POINT('',(24.839448304743,23.414530225058,0.));
#4945 = CARTESIAN_POINT('',(24.535464302205,23.48032820898,0.));
#4946 = CARTESIAN_POINT('',(24.229286154404,23.536580546884,0.));
#4947 = CARTESIAN_POINT('',(23.910821403641,23.587756965518,0.));
#4948 = CARTESIAN_POINT('',(23.564682753783,23.639177413249,0.));
#4949 = CARTESIAN_POINT('',(23.169488974309,23.70113377829,0.));
#4950 = CARTESIAN_POINT('',(22.694523507218,23.781743306004,0.));
#4951 = CARTESIAN_POINT('',(22.103826911333,23.951731325056,0.));
#4952 = CARTESIAN_POINT('',(21.338836245753,24.046702677268,0.));
#4953 = CARTESIAN_POINT('',(20.533188521721,24.499000357158,0.));
#4954 = CARTESIAN_POINT('',(19.716625927498,25.062322338735,0.));
#4955 = CARTESIAN_POINT('',(19.042828777914,25.790404426431,0.));
#4956 = CARTESIAN_POINT('',(18.480479210694,26.523483147116,0.));
#4957 = CARTESIAN_POINT('',(18.277605007058,27.267171478115,0.));
#4958 = CARTESIAN_POINT('',(18.025282330426,27.827663816928,0.));
#4959 = CARTESIAN_POINT('',(17.87789865784,28.286322888508,0.));
#4960 = CARTESIAN_POINT('',(17.760330980449,28.668676855058,0.));
#4961 = CARTESIAN_POINT('',(17.660173252759,29.003974419849,0.));
#4962 = CARTESIAN_POINT('',(17.564195476776,29.311914494895,0.));
#4963 = CARTESIAN_POINT('',(17.464942012976,29.606970648253,0.));
#4964 = CARTESIAN_POINT('',(17.356552323498,29.898496502514,0.));
#4965 = CARTESIAN_POINT('',(17.23467067519,30.192449869915,0.));
#4966 = CARTESIAN_POINT('',(17.094676388593,30.491087663342,0.));
#4967 = CARTESIAN_POINT('',(16.936507447006,30.798424228256,0.));
#4968 = CARTESIAN_POINT('',(16.744922909094,31.10183331055,0.));
#4969 = CARTESIAN_POINT('',(16.572663127028,31.439525768584,0.));
#4970 = CARTESIAN_POINT('',(16.223687126272,31.634196995359,0.));
#4971 = CARTESIAN_POINT('',(16.002390735744,31.97618947496,0.));
#4972 = CARTESIAN_POINT('',(15.702108713927,32.276518916815,0.));
#4973 = CARTESIAN_POINT('',(15.387751404732,32.581008502816,0.));
#4974 = CARTESIAN_POINT('',(15.043759342033,32.8699471494,0.));
#4975 = CARTESIAN_POINT('',(14.676605761963,33.144334057163,0.));
#4976 = CARTESIAN_POINT('',(14.287351703005,33.399648069514,0.));
#4977 = CARTESIAN_POINT('',(13.879227164691,33.633299111623,0.));
#4978 = CARTESIAN_POINT('',(13.596941522915,33.772776812614,0.));
#4979 = CARTESIAN_POINT('',(13.45343848367,33.838310227188,0.));
#4980 = SURFACE_OF_LINEAR_EXTRUSION('',#4981,#5033);
#4981 = B_SPLINE_CURVE_WITH_KNOTS('',3,(#4982,#4983,#4984,#4985,#4986,
    #4987,#4988,#4989,#4990,#4991,#4992,#4993,#4994,#4995,#4996,#4997,
    #4998,#4999,#5000,#5001,#5002,#5003,#5004,#5005,#5006,#5007,#5008,
    #5009,#5010,#5011,#5012,#5013,#5014,#5015,#5016,#5017,#5018,#5019,
    #5020,#5021,#5022,#5023,#5024,#5025,#5026,#5027,#5028,#5029,#5030,
    #5031,#5032),.UNSPECIFIED.,.F.,.F.,(4,1,1,1,1,1,1,1,1,1,1,1,1,1,1,1,
    1,1,1,1,1,1,1,1,1,1,1,1,1,1,1,1,1,1,1,1,1,1,1,1,1,1,1,1,1,1,1,1,4),(
    0.,0.473206125628,0.943992429652,1.409973954886,1.868836789104,
    2.318377024136,2.756544271089,3.181492042951,3.591638155345,
    3.958628390048,4.336720798561,4.697643825895,5.041884944182,
    5.37090160957,5.687455278175,5.996091997334,6.303841257426,
    6.621230764788,6.963721635172,7.353570058326,7.821640417824,
    8.407110090534,9.197325542283,10.107526890421,11.137050913086,
    12.166574935752,13.07677628389,13.866991735638,14.452461408348,
    14.920531767847,15.310380191,15.652871061385,15.970260568747,
    16.278009828838,16.586646547997,16.903200216603,17.23221688199,
    17.576458000278,17.937381027612,18.315473436125,18.682463670827,
    19.092609783221,19.517557555084,19.955724802036,20.405265037068,
    20.864127871286,21.330109396521,21.800895700545,22.274101826172),
  .UNSPECIFIED.);
#4982 = CARTESIAN_POINT('',(29.29463142132,20.111838409348,0.));
#4983 = CARTESIAN_POINT('',(29.209342430593,20.244554417271,0.));
#4984 = CARTESIAN_POINT('',(29.031110976031,20.504117051777,0.));
#4985 = CARTESIAN_POINT('',(28.741755986968,20.874835460487,0.));
#4986 = CARTESIAN_POINT('',(28.433644074683,21.223792502006,0.));
#4987 = CARTESIAN_POINT('',(28.109798627639,21.548159659621,0.));
#4988 = CARTESIAN_POINT('',(27.774845785091,21.847530122358,0.));
#4989 = CARTESIAN_POINT('',(27.42871775442,22.115354341223,0.));
#4990 = CARTESIAN_POINT('',(27.088710645873,22.369838589083,0.));
#4991 = CARTESIAN_POINT('',(26.718705396573,22.540211897014,0.));
#4992 = CARTESIAN_POINT('',(26.476351179085,22.857931221109,0.));
#4993 = CARTESIAN_POINT('',(26.117580820336,22.98037899942,0.));
#4994 = CARTESIAN_POINT('',(25.789994682492,23.1268338685,0.));
#4995 = CARTESIAN_POINT('',(25.463276573323,23.239654324792,0.));
#4996 = CARTESIAN_POINT('',(25.147755217778,23.335723082133,0.));
#4997 = CARTESIAN_POINT('',(24.839448304743,23.414530225058,0.));
#4998 = CARTESIAN_POINT('',(24.535464302205,23.48032820898,0.));
#4999 = CARTESIAN_POINT('',(24.229286154404,23.536580546884,0.));
#5000 = CARTESIAN_POINT('',(23.910821403641,23.587756965518,0.));
#5001 = CARTESIAN_POINT('',(23.564682753783,23.639177413249,0.));
#5002 = CARTESIAN_POINT('',(23.169488974309,23.70113377829,0.));
#5003 = CARTESIAN_POINT('',(22.694523507218,23.781743306004,0.));
#5004 = CARTESIAN_POINT('',(22.103826911333,23.951731325056,0.));
#5005 = CARTESIAN_POINT('',(21.338836245753,24.046702677268,0.));
#5006 = CARTESIAN_POINT('',(20.533188521721,24.499000357158,0.));
#5007 = CARTESIAN_POINT('',(19.716625927498,25.062322338735,0.));
#5008 = CARTESIAN_POINT('',(19.042828777914,25.790404426431,0.));
#5009 = CARTESIAN_POINT('',(18.480479210694,26.523483147116,0.));
#5010 = CARTESIAN_POINT('',(18.277605007058,27.267171478115,0.));
#5011 = CARTESIAN_POINT('',(18.025282330426,27.827663816928,0.));
#5012 = CARTESIAN_POINT('',(17.87789865784,28.286322888508,0.));
#5013 = CARTESIAN_POINT('',(17.760330980449,28.668676855058,0.));
#5014 = CARTESIAN_POINT('',(17.660173252759,29.003974419849,0.));
#5015 = CARTESIAN_POINT('',(17.564195476776,29.311914494895,0.));
#5016 = CARTESIAN_POINT('',(17.464942012976,29.606970648253,0.));
#5017 = CARTESIAN_POINT('',(17.356552323498,29.898496502514,0.));
#5018 = CARTESIAN_POINT('',(17.23467067519,30.192449869915,0.));
#5019 = CARTESIAN_POINT('',(17.094676388593,30.491087663342,0.));
#5020 = CARTESIAN_POINT('',(16.936507447006,30.798424228256,0.));
#5021 = CARTESIAN_POINT('',(16.744922909094,31.10183331055,0.));
#5022 = CARTESIAN_POINT('',(16.572663127028,31.439525768584,0.));
#5023 = CARTESIAN_POINT('',(16.223687126272,31.634196995359,0.));
#5024 = CARTESIAN_POINT('',(16.002390735744,31.97618947496,0.));
#5025 = CARTESIAN_POINT('',(15.702108713927,32.276518916815,0.));
#5026 = CARTESIAN_POINT('',(15.387751404732,32.581008502816,0.));
#5027 = CARTESIAN_POINT('',(15.043759342033,32.8699471494,0.));
#5028 = CARTESIAN_POINT('',(14.676605761963,33.144334057163,0.));
#5029 = CARTESIAN_POINT('',(14.287351703005,33.399648069514,0.));
#5030 = CARTESIAN_POINT('',(13.879227164691,33.633299111623,0.));
#5031 = CARTESIAN_POINT('',(13.596941522915,33.772776812614,0.));
#5032 = CARTESIAN_POINT('',(13.45343848367,33.838310227188,0.));
#5033 = VECTOR('',#5034,1.);
#5034 = DIRECTION('',(-0.,-0.,-1.));
#5035 = ADVANCED_FACE('',(#5036),#5157,.F.);
#5036 = FACE_BOUND('',#5037,.F.);
#5037 = EDGE_LOOP('',(#5038,#5039,#5095,#5103));
#5038 = ORIENTED_EDGE('',*,*,#4919,.T.);
#5039 = ORIENTED_EDGE('',*,*,#5040,.T.);
#5040 = EDGE_CURVE('',#4864,#5041,#5043,.T.);
#5041 = VERTEX_POINT('',#5042);
#5042 = CARTESIAN_POINT('',(-7.294111983766,36.821357637971,5.));
#5043 = B_SPLINE_CURVE_WITH_KNOTS('',3,(#5044,#5045,#5046,#5047,#5048,
    #5049,#5050,#5051,#5052,#5053,#5054,#5055,#5056,#5057,#5058,#5059,
    #5060,#5061,#5062,#5063,#5064,#5065,#5066,#5067,#5068,#5069,#5070,
    #5071,#5072,#5073,#5074,#5075,#5076,#5077,#5078,#5079,#5080,#5081,
    #5082,#5083,#5084,#5085,#5086,#5087,#5088,#5089,#5090,#5091,#5092,
    #5093,#5094),.UNSPECIFIED.,.F.,.F.,(4,1,1,1,1,1,1,1,1,1,1,1,1,1,1,1,
    1,1,1,1,1,1,1,1,1,1,1,1,1,1,1,1,1,1,1,1,1,1,1,1,1,1,1,1,1,1,1,1,4),(
    0.,0.473206125628,0.943992429652,1.409973954886,1.868836789104,
    2.318377024136,2.756544271089,3.181492042951,3.591638155345,
    3.958628390048,4.336720798561,4.697643825895,5.041884944182,
    5.37090160957,5.687455278175,5.996091997334,6.303841257426,
    6.621230764788,6.963721635172,7.353570058326,7.821640417824,
    8.407110090534,9.197325542283,10.107526890421,11.137050913086,
    12.166574935752,13.07677628389,13.866991735638,14.452461408348,
    14.920531767847,15.310380191,15.652871061385,15.970260568747,
    16.278009828838,16.586646547997,16.903200216603,17.23221688199,
    17.576458000278,17.937381027612,18.315473436125,18.682463670827,
    19.092609783221,19.517557555084,19.955724802036,20.405265037068,
    20.864127871286,21.330109396521,21.800895700545,22.274101826172),
  .UNSPECIFIED.);
#5044 = CARTESIAN_POINT('',(13.45343848367,33.838310227188,5.));
#5045 = CARTESIAN_POINT('',(13.309937127896,33.90384732805,5.));
#5046 = CARTESIAN_POINT('',(13.019669132185,34.025846112028,5.));
#5047 = CARTESIAN_POINT('',(12.575822721862,34.18127716522,5.));
#5048 = CARTESIAN_POINT('',(12.127962066961,34.308260633078,5.));
#5049 = CARTESIAN_POINT('',(11.680159815296,34.406051583137,5.));
#5050 = CARTESIAN_POINT('',(11.236527661474,34.476808863935,5.));
#5051 = CARTESIAN_POINT('',(10.800549528239,34.514985992787,5.));
#5052 = CARTESIAN_POINT('',(10.376932775193,34.545250044244,5.));
#5053 = CARTESIAN_POINT('',(9.973553787581,34.488537250996,5.));
#5054 = CARTESIAN_POINT('',(9.597900410823,34.624793172583,5.));
#5055 = CARTESIAN_POINT('',(9.229883312088,34.533836898642,5.));
#5056 = CARTESIAN_POINT('',(8.87512083618,34.479936137305,5.));
#5057 = CARTESIAN_POINT('',(8.539272728887,34.398209599118,5.));
#5058 = CARTESIAN_POINT('',(8.22190058235,34.308444057038,5.));
#5059 = CARTESIAN_POINT('',(7.919929944391,34.208057542946,5.));
#5060 = CARTESIAN_POINT('',(7.628629252517,34.099064169748,5.));
#5061 = CARTESIAN_POINT('',(7.340643494055,33.980854243626,5.));
#5062 = CARTESIAN_POINT('',(7.045065836589,33.851731543416,5.));
#5063 = CARTESIAN_POINT('',(6.726075481651,33.707852494117,5.));
#5064 = CARTESIAN_POINT('',(6.360121178674,33.546315617101,5.));
#5065 = CARTESIAN_POINT('',(5.916974000553,33.357342948679,5.));
#5066 = CARTESIAN_POINT('',(5.328145940856,33.180991279778,5.));
#5067 = CARTESIAN_POINT('',(4.633249451359,32.847301086559,5.));
#5068 = CARTESIAN_POINT('',(3.71096486991,32.792232063556,5.));
#5069 = CARTESIAN_POINT('',(2.719473846132,32.824661602234,5.));
#5070 = CARTESIAN_POINT('',(1.759008718566,33.072880988949,5.));
#5071 = CARTESIAN_POINT('',(0.889597879646,33.385556922851,5.));
#5072 = CARTESIAN_POINT('',(0.316860971913,33.901505283335,5.));
#5073 = CARTESIAN_POINT('',(-0.198431407451,34.23660550533,5.));
#5074 = CARTESIAN_POINT('',(-0.570388258088,34.542772440435,5.));
#5075 = CARTESIAN_POINT('',(-0.876008643073,34.800867180376,5.));
#5076 = CARTESIAN_POINT('',(-1.141542234852,35.028788085533,5.));
#5077 = CARTESIAN_POINT('',(-1.388768851871,35.235954258302,5.));
#5078 = CARTESIAN_POINT('',(-1.631785578886,35.430510815893,5.));
#5079 = CARTESIAN_POINT('',(-1.880579564238,35.617158080378,5.));
#5080 = CARTESIAN_POINT('',(-2.14203612031,35.798553195218,5.));
#5081 = CARTESIAN_POINT('',(-2.421262589247,35.974096668431,5.));
#5082 = CARTESIAN_POINT('',(-2.720481461831,36.147132053557,5.));
#5083 = CARTESIAN_POINT('',(-3.04568796546,36.298797594742,5.));
#5084 = CARTESIAN_POINT('',(-3.373172442248,36.489751898682,5.));
#5085 = CARTESIAN_POINT('',(-3.771996946935,36.464849085626,5.));
#5086 = CARTESIAN_POINT('',(-4.143058411005,36.632909605817,5.));
#5087 = CARTESIAN_POINT('',(-4.558042077655,36.723218092048,5.));
#5088 = CARTESIAN_POINT('',(-4.987115773269,36.809416639366,5.));
#5089 = CARTESIAN_POINT('',(-5.432712337365,36.8665111466,5.));
#5090 = CARTESIAN_POINT('',(-5.889926345802,36.898841890457,5.));
#5091 = CARTESIAN_POINT('',(-6.355420874414,36.903179072696,5.));
#5092 = CARTESIAN_POINT('',(-6.825078374511,36.879090053302,5.));
#5093 = CARTESIAN_POINT('',(-7.137959506203,36.843811021886,5.));
#5094 = CARTESIAN_POINT('',(-7.294111983766,36.821357637971,5.));
#5095 = ORIENTED_EDGE('',*,*,#5096,.F.);
#5096 = EDGE_CURVE('',#5097,#5041,#5099,.T.);
#5097 = VERTEX_POINT('',#5098);
#5098 = CARTESIAN_POINT('',(-7.294111983766,36.821357637971,0.));
#5099 = LINE('',#5100,#5101);
#5100 = CARTESIAN_POINT('',(-7.294111983766,36.821357637971,0.));
#5101 = VECTOR('',#5102,1.);
#5102 = DIRECTION('',(0.,0.,1.));
#5103 = ORIENTED_EDGE('',*,*,#5104,.F.);
#5104 = EDGE_CURVE('',#4920,#5097,#5105,.T.);
#5105 = B_SPLINE_CURVE_WITH_KNOTS('',3,(#5106,#5107,#5108,#5109,#5110,
    #5111,#5112,#5113,#5114,#5115,#5116,#5117,#5118,#5119,#5120,#5121,
    #5122,#5123,#5124,#5125,#5126,#5127,#5128,#5129,#5130,#5131,#5132,
    #5133,#5134,#5135,#5136,#5137,#5138,#5139,#5140,#5141,#5142,#5143,
    #5144,#5145,#5146,#5147,#5148,#5149,#5150,#5151,#5152,#5153,#5154,
    #5155,#5156),.UNSPECIFIED.,.F.,.F.,(4,1,1,1,1,1,1,1,1,1,1,1,1,1,1,1,
    1,1,1,1,1,1,1,1,1,1,1,1,1,1,1,1,1,1,1,1,1,1,1,1,1,1,1,1,1,1,1,1,4),(
    0.,0.473206125628,0.943992429652,1.409973954886,1.868836789104,
    2.318377024136,2.756544271089,3.181492042951,3.591638155345,
    3.958628390048,4.336720798561,4.697643825895,5.041884944182,
    5.37090160957,5.687455278175,5.996091997334,6.303841257426,
    6.621230764788,6.963721635172,7.353570058326,7.821640417824,
    8.407110090534,9.197325542283,10.107526890421,11.137050913086,
    12.166574935752,13.07677628389,13.866991735638,14.452461408348,
    14.920531767847,15.310380191,15.652871061385,15.970260568747,
    16.278009828838,16.586646547997,16.903200216603,17.23221688199,
    17.576458000278,17.937381027612,18.315473436125,18.682463670827,
    19.092609783221,19.517557555084,19.955724802036,20.405265037068,
    20.864127871286,21.330109396521,21.800895700545,22.274101826172),
  .UNSPECIFIED.);
#5106 = CARTESIAN_POINT('',(13.45343848367,33.838310227188,0.));
#5107 = CARTESIAN_POINT('',(13.309937127896,33.90384732805,0.));
#5108 = CARTESIAN_POINT('',(13.019669132185,34.025846112028,0.));
#5109 = CARTESIAN_POINT('',(12.575822721862,34.18127716522,0.));
#5110 = CARTESIAN_POINT('',(12.127962066961,34.308260633078,0.));
#5111 = CARTESIAN_POINT('',(11.680159815296,34.406051583137,0.));
#5112 = CARTESIAN_POINT('',(11.236527661474,34.476808863935,0.));
#5113 = CARTESIAN_POINT('',(10.800549528239,34.514985992787,0.));
#5114 = CARTESIAN_POINT('',(10.376932775193,34.545250044244,0.));
#5115 = CARTESIAN_POINT('',(9.973553787581,34.488537250996,0.));
#5116 = CARTESIAN_POINT('',(9.597900410823,34.624793172583,0.));
#5117 = CARTESIAN_POINT('',(9.229883312088,34.533836898642,0.));
#5118 = CARTESIAN_POINT('',(8.87512083618,34.479936137305,0.));
#5119 = CARTESIAN_POINT('',(8.539272728887,34.398209599118,0.));
#5120 = CARTESIAN_POINT('',(8.22190058235,34.308444057038,0.));
#5121 = CARTESIAN_POINT('',(7.919929944391,34.208057542946,0.));
#5122 = CARTESIAN_POINT('',(7.628629252517,34.099064169748,0.));
#5123 = CARTESIAN_POINT('',(7.340643494055,33.980854243626,0.));
#5124 = CARTESIAN_POINT('',(7.045065836589,33.851731543416,0.));
#5125 = CARTESIAN_POINT('',(6.726075481651,33.707852494117,0.));
#5126 = CARTESIAN_POINT('',(6.360121178674,33.546315617101,0.));
#5127 = CARTESIAN_POINT('',(5.916974000553,33.357342948679,0.));
#5128 = CARTESIAN_POINT('',(5.328145940856,33.180991279778,0.));
#5129 = CARTESIAN_POINT('',(4.633249451359,32.847301086559,0.));
#5130 = CARTESIAN_POINT('',(3.71096486991,32.792232063556,0.));
#5131 = CARTESIAN_POINT('',(2.719473846132,32.824661602234,0.));
#5132 = CARTESIAN_POINT('',(1.759008718566,33.072880988949,0.));
#5133 = CARTESIAN_POINT('',(0.889597879646,33.385556922851,0.));
#5134 = CARTESIAN_POINT('',(0.316860971913,33.901505283335,0.));
#5135 = CARTESIAN_POINT('',(-0.198431407451,34.23660550533,0.));
#5136 = CARTESIAN_POINT('',(-0.570388258088,34.542772440435,0.));
#5137 = CARTESIAN_POINT('',(-0.876008643073,34.800867180376,0.));
#5138 = CARTESIAN_POINT('',(-1.141542234852,35.028788085533,0.));
#5139 = CARTESIAN_POINT('',(-1.388768851871,35.235954258302,0.));
#5140 = CARTESIAN_POINT('',(-1.631785578886,35.430510815893,0.));
#5141 = CARTESIAN_POINT('',(-1.880579564238,35.617158080378,0.));
#5142 = CARTESIAN_POINT('',(-2.14203612031,35.798553195218,0.));
#5143 = CARTESIAN_POINT('',(-2.421262589247,35.974096668431,0.));
#5144 = CARTESIAN_POINT('',(-2.720481461831,36.147132053557,0.));
#5145 = CARTESIAN_POINT('',(-3.04568796546,36.298797594742,0.));
#5146 = CARTESIAN_POINT('',(-3.373172442248,36.489751898682,0.));
#5147 = CARTESIAN_POINT('',(-3.771996946935,36.464849085626,0.));
#5148 = CARTESIAN_POINT('',(-4.143058411005,36.632909605817,0.));
#5149 = CARTESIAN_POINT('',(-4.558042077655,36.723218092048,0.));
#5150 = CARTESIAN_POINT('',(-4.987115773269,36.809416639366,0.));
#5151 = CARTESIAN_POINT('',(-5.432712337365,36.8665111466,0.));
#5152 = CARTESIAN_POINT('',(-5.889926345802,36.898841890457,0.));
#5153 = CARTESIAN_POINT('',(-6.355420874414,36.903179072696,0.));
#5154 = CARTESIAN_POINT('',(-6.825078374511,36.879090053302,0.));
#5155 = CARTESIAN_POINT('',(-7.137959506203,36.843811021886,0.));
#5156 = CARTESIAN_POINT('',(-7.294111983766,36.821357637971,0.));
#5157 = SURFACE_OF_LINEAR_EXTRUSION('',#5158,#5210);
#5158 = B_SPLINE_CURVE_WITH_KNOTS('',3,(#5159,#5160,#5161,#5162,#5163,
    #5164,#5165,#5166,#5167,#5168,#5169,#5170,#5171,#5172,#5173,#5174,
    #5175,#5176,#5177,#5178,#5179,#5180,#5181,#5182,#5183,#5184,#5185,
    #5186,#5187,#5188,#5189,#5190,#5191,#5192,#5193,#5194,#5195,#5196,
    #5197,#5198,#5199,#5200,#5201,#5202,#5203,#5204,#5205,#5206,#5207,
    #5208,#5209),.UNSPECIFIED.,.F.,.F.,(4,1,1,1,1,1,1,1,1,1,1,1,1,1,1,1,
    1,1,1,1,1,1,1,1,1,1,1,1,1,1,1,1,1,1,1,1,1,1,1,1,1,1,1,1,1,1,1,1,4),(
    0.,0.473206125628,0.943992429652,1.409973954886,1.868836789104,
    2.318377024136,2.756544271089,3.181492042951,3.591638155345,
    3.958628390048,4.336720798561,4.697643825895,5.041884944182,
    5.37090160957,5.687455278175,5.996091997334,6.303841257426,
    6.621230764788,6.963721635172,7.353570058326,7.821640417824,
    8.407110090534,9.197325542283,10.107526890421,11.137050913086,
    12.166574935752,13.07677628389,13.866991735638,14.452461408348,
    14.920531767847,15.310380191,15.652871061385,15.970260568747,
    16.278009828838,16.586646547997,16.903200216603,17.23221688199,
    17.576458000278,17.937381027612,18.315473436125,18.682463670827,
    19.092609783221,19.517557555084,19.955724802036,20.405265037068,
    20.864127871286,21.330109396521,21.800895700545,22.274101826172),
  .UNSPECIFIED.);
#5159 = CARTESIAN_POINT('',(13.45343848367,33.838310227188,0.));
#5160 = CARTESIAN_POINT('',(13.309937127896,33.90384732805,0.));
#5161 = CARTESIAN_POINT('',(13.019669132185,34.025846112028,0.));
#5162 = CARTESIAN_POINT('',(12.575822721862,34.18127716522,0.));
#5163 = CARTESIAN_POINT('',(12.127962066961,34.308260633078,0.));
#5164 = CARTESIAN_POINT('',(11.680159815296,34.406051583137,0.));
#5165 = CARTESIAN_POINT('',(11.236527661474,34.476808863935,0.));
#5166 = CARTESIAN_POINT('',(10.800549528239,34.514985992787,0.));
#5167 = CARTESIAN_POINT('',(10.376932775193,34.545250044244,0.));
#5168 = CARTESIAN_POINT('',(9.973553787581,34.488537250996,0.));
#5169 = CARTESIAN_POINT('',(9.597900410823,34.624793172583,0.));
#5170 = CARTESIAN_POINT('',(9.229883312088,34.533836898642,0.));
#5171 = CARTESIAN_POINT('',(8.87512083618,34.479936137305,0.));
#5172 = CARTESIAN_POINT('',(8.539272728887,34.398209599118,0.));
#5173 = CARTESIAN_POINT('',(8.22190058235,34.308444057038,0.));
#5174 = CARTESIAN_POINT('',(7.919929944391,34.208057542946,0.));
#5175 = CARTESIAN_POINT('',(7.628629252517,34.099064169748,0.));
#5176 = CARTESIAN_POINT('',(7.340643494055,33.980854243626,0.));
#5177 = CARTESIAN_POINT('',(7.045065836589,33.851731543416,0.));
#5178 = CARTESIAN_POINT('',(6.726075481651,33.707852494117,0.));
#5179 = CARTESIAN_POINT('',(6.360121178674,33.546315617101,0.));
#5180 = CARTESIAN_POINT('',(5.916974000553,33.357342948679,0.));
#5181 = CARTESIAN_POINT('',(5.328145940856,33.180991279778,0.));
#5182 = CARTESIAN_POINT('',(4.633249451359,32.847301086559,0.));
#5183 = CARTESIAN_POINT('',(3.71096486991,32.792232063556,0.));
#5184 = CARTESIAN_POINT('',(2.719473846132,32.824661602234,0.));
#5185 = CARTESIAN_POINT('',(1.759008718566,33.072880988949,0.));
#5186 = CARTESIAN_POINT('',(0.889597879646,33.385556922851,0.));
#5187 = CARTESIAN_POINT('',(0.316860971913,33.901505283335,0.));
#5188 = CARTESIAN_POINT('',(-0.198431407451,34.23660550533,0.));
#5189 = CARTESIAN_POINT('',(-0.570388258088,34.542772440435,0.));
#5190 = CARTESIAN_POINT('',(-0.876008643073,34.800867180376,0.));
#5191 = CARTESIAN_POINT('',(-1.141542234852,35.028788085533,0.));
#5192 = CARTESIAN_POINT('',(-1.388768851871,35.235954258302,0.));
#5193 = CARTESIAN_POINT('',(-1.631785578886,35.430510815893,0.));
#5194 = CARTESIAN_POINT('',(-1.880579564238,35.617158080378,0.));
#5195 = CARTESIAN_POINT('',(-2.14203612031,35.798553195218,0.));
#5196 = CARTESIAN_POINT('',(-2.421262589247,35.974096668431,0.));
#5197 = CARTESIAN_POINT('',(-2.720481461831,36.147132053557,0.));
#5198 = CARTESIAN_POINT('',(-3.04568796546,36.298797594742,0.));
#5199 = CARTESIAN_POINT('',(-3.373172442248,36.489751898682,0.));
#5200 = CARTESIAN_POINT('',(-3.771996946935,36.464849085626,0.));
#5201 = CARTESIAN_POINT('',(-4.143058411005,36.632909605817,0.));
#5202 = CARTESIAN_POINT('',(-4.558042077655,36.723218092048,0.));
#5203 = CARTESIAN_POINT('',(-4.987115773269,36.809416639366,0.));
#5204 = CARTESIAN_POINT('',(-5.432712337365,36.8665111466,0.));
#5205 = CARTESIAN_POINT('',(-5.889926345802,36.898841890457,0.));
#5206 = CARTESIAN_POINT('',(-6.355420874414,36.903179072696,0.));
#5207 = CARTESIAN_POINT('',(-6.825078374511,36.879090053302,0.));
#5208 = CARTESIAN_POINT('',(-7.137959506203,36.843811021886,0.));
#5209 = CARTESIAN_POINT('',(-7.294111983766,36.821357637971,0.));
#5210 = VECTOR('',#5211,1.);
#5211 = DIRECTION('',(-0.,-0.,-1.));
#5212 = ADVANCED_FACE('',(#5213),#5334,.F.);
#5213 = FACE_BOUND('',#5214,.F.);
#5214 = EDGE_LOOP('',(#5215,#5216,#5272,#5280));
#5215 = ORIENTED_EDGE('',*,*,#5096,.T.);
#5216 = ORIENTED_EDGE('',*,*,#5217,.T.);
#5217 = EDGE_CURVE('',#5041,#5218,#5220,.T.);
#5218 = VERTEX_POINT('',#5219);
#5219 = CARTESIAN_POINT('',(-26.36081930276,28.113884165978,5.));
#5220 = B_SPLINE_CURVE_WITH_KNOTS('',3,(#5221,#5222,#5223,#5224,#5225,
    #5226,#5227,#5228,#5229,#5230,#5231,#5232,#5233,#5234,#5235,#5236,
    #5237,#5238,#5239,#5240,#5241,#5242,#5243,#5244,#5245,#5246,#5247,
    #5248,#5249,#5250,#5251,#5252,#5253,#5254,#5255,#5256,#5257,#5258,
    #5259,#5260,#5261,#5262,#5263,#5264,#5265,#5266,#5267,#5268,#5269,
    #5270,#5271),.UNSPECIFIED.,.F.,.F.,(4,1,1,1,1,1,1,1,1,1,1,1,1,1,1,1,
    1,1,1,1,1,1,1,1,1,1,1,1,1,1,1,1,1,1,1,1,1,1,1,1,1,1,1,1,1,1,1,1,4),(
    0.,0.473206125628,0.943992429652,1.409973954886,1.868836789104,
    2.318377024136,2.756544271089,3.181492042951,3.591638155345,
    3.958628390048,4.336720798561,4.697643825895,5.041884944182,
    5.37090160957,5.687455278175,5.996091997334,6.303841257426,
    6.621230764788,6.963721635172,7.353570058326,7.821640417824,
    8.407110090534,9.197325542283,10.107526890421,11.137050913086,
    12.166574935752,13.07677628389,13.866991735638,14.452461408348,
    14.920531767847,15.310380191,15.652871061385,15.970260568747,
    16.278009828838,16.586646547997,16.903200216603,17.23221688199,
    17.576458000278,17.937381027612,18.315473436125,18.682463670827,
    19.092609783221,19.517557555084,19.955724802036,20.405265037068,
    20.864127871286,21.330109396521,21.800895700545,22.274101826172),
  .UNSPECIFIED.);
#5221 = CARTESIAN_POINT('',(-7.294111983766,36.821357637971,5.));
#5222 = CARTESIAN_POINT('',(-7.450265038061,36.798908265311,5.));
#5223 = CARTESIAN_POINT('',(-7.760411537219,36.744609446851,5.));
#5224 = CARTESIAN_POINT('',(-8.217831269593,36.635404883358,5.));
#5225 = CARTESIAN_POINT('',(-8.663248073611,36.500098423734,5.));
#5226 = CARTESIAN_POINT('',(-9.092833079014,36.34026523055,5.));
#5227 = CARTESIAN_POINT('',(-9.504294469826,36.159944392704,5.));
#5228 = CARTESIAN_POINT('',(-9.891702728798,35.956353462879,5.));
#5229 = CARTESIAN_POINT('',(-10.26443380038,35.75278869543,5.));
#5230 = CARTESIAN_POINT('',(-10.57311654787,35.486995712147,5.));
#5231 = CARTESIAN_POINT('',(-10.96280179102,35.39852793886,5.));
#5232 = CARTESIAN_POINT('',(-11.22322280118,35.123045586977,5.));
#5233 = CARTESIAN_POINT('',(-11.49252703568,34.885902306102,5.));
#5234 = CARTESIAN_POINT('',(-11.73087574002,34.635576371858,5.));
#5235 = CARTESIAN_POINT('',(-11.94933526347,34.388476455716,5.));
#5236 = CARTESIAN_POINT('',(-12.14909608243,34.140768293534,5.));
#5237 = CARTESIAN_POINT('',(-12.3352275522,33.891588189095,5.));
#5238 = CARTESIAN_POINT('',(-12.51358747782,33.636446815259,5.));
#5239 = CARTESIAN_POINT('',(-12.69243422419,33.368020541185,5.));
#5240 = CARTESIAN_POINT('',(-12.8829991004,33.074522576408,5.));
#5241 = CARTESIAN_POINT('',(-13.10352602139,32.740779274422,5.));
#5242 = CARTESIAN_POINT('',(-13.37415881262,32.342221896871,5.));
#5243 = CARTESIAN_POINT('',(-13.77416958763,31.875520948852,5.));
#5244 = CARTESIAN_POINT('',(-14.17834717554,31.219113488807,5.));
#5245 = CARTESIAN_POINT('',(-14.92444977634,30.674161788614,5.));
#5246 = CARTESIAN_POINT('',(-15.77607783517,30.165402735,5.));
#5247 = CARTESIAN_POINT('',(-16.71827004904,29.854951519287,5.));
#5248 = CARTESIAN_POINT('',(-17.61871036126,29.647952266655,5.));
#5249 = CARTESIAN_POINT('',(-18.37947005165,29.772350697687,5.));
#5250 = CARTESIAN_POINT('',(-18.99413044418,29.775666850084,5.));
#5251 = CARTESIAN_POINT('',(-19.47256680091,29.832135810091,5.));
#5252 = CARTESIAN_POINT('',(-19.86920758067,29.884028067103,5.));
#5253 = CARTESIAN_POINT('',(-20.21581199732,29.932209035651,5.));
#5254 = CARTESIAN_POINT('',(-20.53579475129,29.972827510053,5.));
#5255 = CARTESIAN_POINT('',(-20.84541864777,30.005114139514,5.));
#5256 = CARTESIAN_POINT('',(-21.15562659654,30.027623626536,5.));
#5257 = CARTESIAN_POINT('',(-21.47364745119,30.03886882153,5.));
#5258 = CARTESIAN_POINT('',(-21.8034536715,30.035584162114,5.));
#5259 = CARTESIAN_POINT('',(-22.14872259721,30.019380855284,5.));
#5260 = CARTESIAN_POINT('',(-22.50430029945,29.971150117651,5.));
#5261 = CARTESIAN_POINT('',(-22.88303546348,29.954739625215,5.));
#5262 = CARTESIAN_POINT('',(-23.20508450982,29.718169239519,5.));
#5263 = CARTESIAN_POINT('',(-23.60810165438,29.658939772598,5.));
#5264 = CARTESIAN_POINT('',(-24.00603258384,29.510554996916,5.));
#5265 = CARTESIAN_POINT('',(-24.4135947992,29.351095075827,5.));
#5266 = CARTESIAN_POINT('',(-24.81932210403,29.158218341075,5.));
#5267 = CARTESIAN_POINT('',(-25.22143432368,28.93822813829,5.));
#5268 = CARTESIAN_POINT('',(-25.61537809814,28.6902114657,5.));
#5269 = CARTESIAN_POINT('',(-25.99745562218,28.416030478256,5.));
#5270 = CARTESIAN_POINT('',(-26.24159469518,28.217195557639,5.));
#5271 = CARTESIAN_POINT('',(-26.36081930276,28.113884165978,5.));
#5272 = ORIENTED_EDGE('',*,*,#5273,.F.);
#5273 = EDGE_CURVE('',#5274,#5218,#5276,.T.);
#5274 = VERTEX_POINT('',#5275);
#5275 = CARTESIAN_POINT('',(-26.36081930276,28.113884165978,0.));
#5276 = LINE('',#5277,#5278);
#5277 = CARTESIAN_POINT('',(-26.36081930276,28.113884165978,0.));
#5278 = VECTOR('',#5279,1.);
#5279 = DIRECTION('',(0.,0.,1.));
#5280 = ORIENTED_EDGE('',*,*,#5281,.F.);
#5281 = EDGE_CURVE('',#5097,#5274,#5282,.T.);
#5282 = B_SPLINE_CURVE_WITH_KNOTS('',3,(#5283,#5284,#5285,#5286,#5287,
    #5288,#5289,#5290,#5291,#5292,#5293,#5294,#5295,#5296,#5297,#5298,
    #5299,#5300,#5301,#5302,#5303,#5304,#5305,#5306,#5307,#5308,#5309,
    #5310,#5311,#5312,#5313,#5314,#5315,#5316,#5317,#5318,#5319,#5320,
    #5321,#5322,#5323,#5324,#5325,#5326,#5327,#5328,#5329,#5330,#5331,
    #5332,#5333),.UNSPECIFIED.,.F.,.F.,(4,1,1,1,1,1,1,1,1,1,1,1,1,1,1,1,
    1,1,1,1,1,1,1,1,1,1,1,1,1,1,1,1,1,1,1,1,1,1,1,1,1,1,1,1,1,1,1,1,4),(
    0.,0.473206125628,0.943992429652,1.409973954886,1.868836789104,
    2.318377024136,2.756544271089,3.181492042951,3.591638155345,
    3.958628390048,4.336720798561,4.697643825895,5.041884944182,
    5.37090160957,5.687455278175,5.996091997334,6.303841257426,
    6.621230764788,6.963721635172,7.353570058326,7.821640417824,
    8.407110090534,9.197325542283,10.107526890421,11.137050913086,
    12.166574935752,13.07677628389,13.866991735638,14.452461408348,
    14.920531767847,15.310380191,15.652871061385,15.970260568747,
    16.278009828838,16.586646547997,16.903200216603,17.23221688199,
    17.576458000278,17.937381027612,18.315473436125,18.682463670827,
    19.092609783221,19.517557555084,19.955724802036,20.405265037068,
    20.864127871286,21.330109396521,21.800895700545,22.274101826172),
  .UNSPECIFIED.);
#5283 = CARTESIAN_POINT('',(-7.294111983766,36.821357637971,0.));
#5284 = CARTESIAN_POINT('',(-7.450265038061,36.798908265311,0.));
#5285 = CARTESIAN_POINT('',(-7.760411537219,36.744609446851,0.));
#5286 = CARTESIAN_POINT('',(-8.217831269593,36.635404883358,0.));
#5287 = CARTESIAN_POINT('',(-8.663248073611,36.500098423734,0.));
#5288 = CARTESIAN_POINT('',(-9.092833079014,36.34026523055,0.));
#5289 = CARTESIAN_POINT('',(-9.504294469826,36.159944392704,0.));
#5290 = CARTESIAN_POINT('',(-9.891702728798,35.956353462879,0.));
#5291 = CARTESIAN_POINT('',(-10.26443380038,35.75278869543,0.));
#5292 = CARTESIAN_POINT('',(-10.57311654787,35.486995712147,0.));
#5293 = CARTESIAN_POINT('',(-10.96280179102,35.39852793886,0.));
#5294 = CARTESIAN_POINT('',(-11.22322280118,35.123045586977,0.));
#5295 = CARTESIAN_POINT('',(-11.49252703568,34.885902306102,0.));
#5296 = CARTESIAN_POINT('',(-11.73087574002,34.635576371858,0.));
#5297 = CARTESIAN_POINT('',(-11.94933526347,34.388476455716,0.));
#5298 = CARTESIAN_POINT('',(-12.14909608243,34.140768293534,0.));
#5299 = CARTESIAN_POINT('',(-12.3352275522,33.891588189095,0.));
#5300 = CARTESIAN_POINT('',(-12.51358747782,33.636446815259,0.));
#5301 = CARTESIAN_POINT('',(-12.69243422419,33.368020541185,0.));
#5302 = CARTESIAN_POINT('',(-12.8829991004,33.074522576408,0.));
#5303 = CARTESIAN_POINT('',(-13.10352602139,32.740779274422,0.));
#5304 = CARTESIAN_POINT('',(-13.37415881262,32.342221896871,0.));
#5305 = CARTESIAN_POINT('',(-13.77416958763,31.875520948852,0.));
#5306 = CARTESIAN_POINT('',(-14.17834717554,31.219113488807,0.));
#5307 = CARTESIAN_POINT('',(-14.92444977634,30.674161788614,0.));
#5308 = CARTESIAN_POINT('',(-15.77607783517,30.165402735,0.));
#5309 = CARTESIAN_POINT('',(-16.71827004904,29.854951519287,0.));
#5310 = CARTESIAN_POINT('',(-17.61871036126,29.647952266655,0.));
#5311 = CARTESIAN_POINT('',(-18.37947005165,29.772350697687,0.));
#5312 = CARTESIAN_POINT('',(-18.99413044418,29.775666850084,0.));
#5313 = CARTESIAN_POINT('',(-19.47256680091,29.832135810091,0.));
#5314 = CARTESIAN_POINT('',(-19.86920758067,29.884028067103,0.));
#5315 = CARTESIAN_POINT('',(-20.21581199732,29.932209035651,0.));
#5316 = CARTESIAN_POINT('',(-20.53579475129,29.972827510053,0.));
#5317 = CARTESIAN_POINT('',(-20.84541864777,30.005114139514,0.));
#5318 = CARTESIAN_POINT('',(-21.15562659654,30.027623626536,0.));
#5319 = CARTESIAN_POINT('',(-21.47364745119,30.03886882153,0.));
#5320 = CARTESIAN_POINT('',(-21.8034536715,30.035584162114,0.));
#5321 = CARTESIAN_POINT('',(-22.14872259721,30.019380855284,0.));
#5322 = CARTESIAN_POINT('',(-22.50430029945,29.971150117651,0.));
#5323 = CARTESIAN_POINT('',(-22.88303546348,29.954739625215,0.));
#5324 = CARTESIAN_POINT('',(-23.20508450982,29.718169239519,0.));
#5325 = CARTESIAN_POINT('',(-23.60810165438,29.658939772598,0.));
#5326 = CARTESIAN_POINT('',(-24.00603258384,29.510554996916,0.));
#5327 = CARTESIAN_POINT('',(-24.4135947992,29.351095075827,0.));
#5328 = CARTESIAN_POINT('',(-24.81932210403,29.158218341075,0.));
#5329 = CARTESIAN_POINT('',(-25.22143432368,28.93822813829,0.));
#5330 = CARTESIAN_POINT('',(-25.61537809814,28.6902114657,0.));
#5331 = CARTESIAN_POINT('',(-25.99745562218,28.416030478256,0.));
#5332 = CARTESIAN_POINT('',(-26.24159469518,28.217195557639,0.));
#5333 = CARTESIAN_POINT('',(-26.36081930276,28.113884165978,0.));
#5334 = SURFACE_OF_LINEAR_EXTRUSION('',#5335,#5387);
#5335 = B_SPLINE_CURVE_WITH_KNOTS('',3,(#5336,#5337,#5338,#5339,#5340,
    #5341,#5342,#5343,#5344,#5345,#5346,#5347,#5348,#5349,#5350,#5351,
    #5352,#5353,#5354,#5355,#5356,#5357,#5358,#5359,#5360,#5361,#5362,
    #5363,#5364,#5365,#5366,#5367,#5368,#5369,#5370,#5371,#5372,#5373,
    #5374,#5375,#5376,#5377,#5378,#5379,#5380,#5381,#5382,#5383,#5384,
    #5385,#5386),.UNSPECIFIED.,.F.,.F.,(4,1,1,1,1,1,1,1,1,1,1,1,1,1,1,1,
    1,1,1,1,1,1,1,1,1,1,1,1,1,1,1,1,1,1,1,1,1,1,1,1,1,1,1,1,1,1,1,1,4),(
    0.,0.473206125628,0.943992429652,1.409973954886,1.868836789104,
    2.318377024136,2.756544271089,3.181492042951,3.591638155345,
    3.958628390048,4.336720798561,4.697643825895,5.041884944182,
    5.37090160957,5.687455278175,5.996091997334,6.303841257426,
    6.621230764788,6.963721635172,7.353570058326,7.821640417824,
    8.407110090534,9.197325542283,10.107526890421,11.137050913086,
    12.166574935752,13.07677628389,13.866991735638,14.452461408348,
    14.920531767847,15.310380191,15.652871061385,15.970260568747,
    16.278009828838,16.586646547997,16.903200216603,17.23221688199,
    17.576458000278,17.937381027612,18.315473436125,18.682463670827,
    19.092609783221,19.517557555084,19.955724802036,20.405265037068,
    20.864127871286,21.330109396521,21.800895700545,22.274101826172),
  .UNSPECIFIED.);
#5336 = CARTESIAN_POINT('',(-7.294111983766,36.821357637971,0.));
#5337 = CARTESIAN_POINT('',(-7.450265038061,36.798908265311,0.));
#5338 = CARTESIAN_POINT('',(-7.760411537219,36.744609446851,0.));
#5339 = CARTESIAN_POINT('',(-8.217831269593,36.635404883358,0.));
#5340 = CARTESIAN_POINT('',(-8.663248073611,36.500098423734,0.));
#5341 = CARTESIAN_POINT('',(-9.092833079014,36.34026523055,0.));
#5342 = CARTESIAN_POINT('',(-9.504294469826,36.159944392704,0.));
#5343 = CARTESIAN_POINT('',(-9.891702728798,35.956353462879,0.));
#5344 = CARTESIAN_POINT('',(-10.26443380038,35.75278869543,0.));
#5345 = CARTESIAN_POINT('',(-10.57311654787,35.486995712147,0.));
#5346 = CARTESIAN_POINT('',(-10.96280179102,35.39852793886,0.));
#5347 = CARTESIAN_POINT('',(-11.22322280118,35.123045586977,0.));
#5348 = CARTESIAN_POINT('',(-11.49252703568,34.885902306102,0.));
#5349 = CARTESIAN_POINT('',(-11.73087574002,34.635576371858,0.));
#5350 = CARTESIAN_POINT('',(-11.94933526347,34.388476455716,0.));
#5351 = CARTESIAN_POINT('',(-12.14909608243,34.140768293534,0.));
#5352 = CARTESIAN_POINT('',(-12.3352275522,33.891588189095,0.));
#5353 = CARTESIAN_POINT('',(-12.51358747782,33.636446815259,0.));
#5354 = CARTESIAN_POINT('',(-12.69243422419,33.368020541185,0.));
#5355 = CARTESIAN_POINT('',(-12.8829991004,33.074522576408,0.));
#5356 = CARTESIAN_POINT('',(-13.10352602139,32.740779274422,0.));
#5357 = CARTESIAN_POINT('',(-13.37415881262,32.342221896871,0.));
#5358 = CARTESIAN_POINT('',(-13.77416958763,31.875520948852,0.));
#5359 = CARTESIAN_POINT('',(-14.17834717554,31.219113488807,0.));
#5360 = CARTESIAN_POINT('',(-14.92444977634,30.674161788614,0.));
#5361 = CARTESIAN_POINT('',(-15.77607783517,30.165402735,0.));
#5362 = CARTESIAN_POINT('',(-16.71827004904,29.854951519287,0.));
#5363 = CARTESIAN_POINT('',(-17.61871036126,29.647952266655,0.));
#5364 = CARTESIAN_POINT('',(-18.37947005165,29.772350697687,0.));
#5365 = CARTESIAN_POINT('',(-18.99413044418,29.775666850084,0.));
#5366 = CARTESIAN_POINT('',(-19.47256680091,29.832135810091,0.));
#5367 = CARTESIAN_POINT('',(-19.86920758067,29.884028067103,0.));
#5368 = CARTESIAN_POINT('',(-20.21581199732,29.932209035651,0.));
#5369 = CARTESIAN_POINT('',(-20.53579475129,29.972827510053,0.));
#5370 = CARTESIAN_POINT('',(-20.84541864777,30.005114139514,0.));
#5371 = CARTESIAN_POINT('',(-21.15562659654,30.027623626536,0.));
#5372 = CARTESIAN_POINT('',(-21.47364745119,30.03886882153,0.));
#5373 = CARTESIAN_POINT('',(-21.8034536715,30.035584162114,0.));
#5374 = CARTESIAN_POINT('',(-22.14872259721,30.019380855284,0.));
#5375 = CARTESIAN_POINT('',(-22.50430029945,29.971150117651,0.));
#5376 = CARTESIAN_POINT('',(-22.88303546348,29.954739625215,0.));
#5377 = CARTESIAN_POINT('',(-23.20508450982,29.718169239519,0.));
#5378 = CARTESIAN_POINT('',(-23.60810165438,29.658939772598,0.));
#5379 = CARTESIAN_POINT('',(-24.00603258384,29.510554996916,0.));
#5380 = CARTESIAN_POINT('',(-24.4135947992,29.351095075827,0.));
#5381 = CARTESIAN_POINT('',(-24.81932210403,29.158218341075,0.));
#5382 = CARTESIAN_POINT('',(-25.22143432368,28.93822813829,0.));
#5383 = CARTESIAN_POINT('',(-25.61537809814,28.6902114657,0.));
#5384 = CARTESIAN_POINT('',(-25.99745562218,28.416030478256,0.));
#5385 = CARTESIAN_POINT('',(-26.24159469518,28.217195557639,0.));
#5386 = CARTESIAN_POINT('',(-26.36081930276,28.113884165978,0.));
#5387 = VECTOR('',#5388,1.);
#5388 = DIRECTION('',(-0.,-0.,-1.));
#5389 = ADVANCED_FACE('',(#5390),#5511,.F.);
#5390 = FACE_BOUND('',#5391,.F.);
#5391 = EDGE_LOOP('',(#5392,#5393,#5449,#5457));
#5392 = ORIENTED_EDGE('',*,*,#5273,.T.);
#5393 = ORIENTED_EDGE('',*,*,#5394,.T.);
#5394 = EDGE_CURVE('',#5218,#5395,#5397,.T.);
#5395 = VERTEX_POINT('',#5396);
#5396 = CARTESIAN_POINT('',(-37.69313861845,10.480451114501,5.));
#5397 = B_SPLINE_CURVE_WITH_KNOTS('',3,(#5398,#5399,#5400,#5401,#5402,
    #5403,#5404,#5405,#5406,#5407,#5408,#5409,#5410,#5411,#5412,#5413,
    #5414,#5415,#5416,#5417,#5418,#5419,#5420,#5421,#5422,#5423,#5424,
    #5425,#5426,#5427,#5428,#5429,#5430,#5431,#5432,#5433,#5434,#5435,
    #5436,#5437,#5438,#5439,#5440,#5441,#5442,#5443,#5444,#5445,#5446,
    #5447,#5448),.UNSPECIFIED.,.F.,.F.,(4,1,1,1,1,1,1,1,1,1,1,1,1,1,1,1,
    1,1,1,1,1,1,1,1,1,1,1,1,1,1,1,1,1,1,1,1,1,1,1,1,1,1,1,1,1,1,1,1,4),(
    0.,0.473206125628,0.943992429652,1.409973954886,1.868836789104,
    2.318377024136,2.756544271089,3.181492042951,3.591638155345,
    3.958628390048,4.336720798561,4.697643825895,5.041884944182,
    5.37090160957,5.687455278175,5.996091997334,6.303841257426,
    6.621230764788,6.963721635172,7.353570058326,7.821640417824,
    8.407110090534,9.197325542283,10.107526890421,11.137050913086,
    12.166574935752,13.07677628389,13.866991735638,14.452461408348,
    14.920531767847,15.310380191,15.652871061385,15.970260568747,
    16.278009828838,16.586646547997,16.903200216603,17.23221688199,
    17.576458000278,17.937381027612,18.315473436125,18.682463670827,
    19.092609783221,19.517557555084,19.955724802036,20.405265037068,
    20.864127871286,21.330109396521,21.800895700545,22.274101826172),
  .UNSPECIFIED.);
#5398 = CARTESIAN_POINT('',(-26.36081930276,28.113884165978,5.));
#5399 = CARTESIAN_POINT('',(-26.48004656416,28.010575836996,5.));
#5400 = CARTESIAN_POINT('',(-26.71160224467,27.797218907302,5.));
#5401 = CARTESIAN_POINT('',(-27.03736776604,27.458050404432,5.));
#5402 = CARTESIAN_POINT('',(-27.33892403107,27.103412862225,5.));
#5403 = CARTESIAN_POINT('',(-27.6139015863,26.736701435309,5.));
#5404 = CARTESIAN_POINT('',(-27.86255612976,26.362553070747,5.));
#5405 = CARTESIAN_POINT('',(-28.07839512954,25.98183276396,5.));
#5406 = CARTESIAN_POINT('',(-28.28190103803,25.60906955295,5.));
#5407 = CARTESIAN_POINT('',(-28.39788295413,25.218583773821,5.));
#5408 = CARTESIAN_POINT('',(-28.67787775235,24.933480198596,5.));
#5409 = CARTESIAN_POINT('',(-28.74802084325,24.560935469028,5.));
#5410 = CARTESIAN_POINT('',(-28.84636464471,24.215840984719,5.));
#5411 = CARTESIAN_POINT('',(-28.91153991656,23.876392369822,5.));
#5412 = CARTESIAN_POINT('',(-28.96172746179,23.550410557067,5.));
#5413 = CARTESIAN_POINT('',(-28.99585581316,23.234026338066,5.));
#5414 = CARTESIAN_POINT('',(-29.01772263432,22.923772424924,5.));
#5415 = CARTESIAN_POINT('',(-29.02982871095,22.612705186823,5.));
#5416 = CARTESIAN_POINT('',(-29.03516196793,22.290198784294,5.));
#5417 = CARTESIAN_POINT('',(-29.03679836367,21.940265434098,5.));
#5418 = CARTESIAN_POINT('',(-29.04188216344,21.540276847406,5.));
#5419 = CARTESIAN_POINT('',(-29.05407656875,21.058673912027,5.));
#5420 = CARTESIAN_POINT('',(-29.13826946436,20.449797938334,5.));
#5421 = CARTESIAN_POINT('',(-29.12340462229,19.679077942073,5.));
#5422 = CARTESIAN_POINT('',(-29.45644293841,18.817261879058,5.));
#5423 = CARTESIAN_POINT('',(-29.89782214092,17.928841637955,5.));
#5424 = CARTESIAN_POINT('',(-30.5226020704,17.158285887258,5.));
#5425 = CARTESIAN_POINT('',(-31.16818841901,16.497332248216,5.));
#5426 = CARTESIAN_POINT('',(-31.87543506563,16.1906851269,5.));
#5427 = CARTESIAN_POINT('',(-32.39431313968,15.861164354745,5.));
#5428 = CARTESIAN_POINT('',(-32.82732883971,15.650006843842,5.));
#5429 = CARTESIAN_POINT('',(-33.1890593692,15.479221192976,5.));
#5430 = CARTESIAN_POINT('',(-33.50669015742,15.332365107832,5.));
#5431 = CARTESIAN_POINT('',(-33.79783678485,15.193539805242,5.));
#5432 = CARTESIAN_POINT('',(-34.07576445135,15.053305729844,5.));
#5433 = CARTESIAN_POINT('',(-34.34889753163,14.904530836318,5.));
#5434 = CARTESIAN_POINT('',(-34.62251331053,14.74205584151,5.));
#5435 = CARTESIAN_POINT('',(-34.89818813757,14.560985905622,5.));
#5436 = CARTESIAN_POINT('',(-35.17988667205,14.360688342268,5.));
#5437 = CARTESIAN_POINT('',(-35.45294216484,14.127874244233,5.));
#5438 = CARTESIAN_POINT('',(-35.76268227754,13.909309170819,5.));
#5439 = CARTESIAN_POINT('',(-35.90570756881,13.536180638414,5.));
#5440 = CARTESIAN_POINT('',(-36.21272529805,13.268466121633,5.));
#5441 = CARTESIAN_POINT('',(-36.46726323185,12.928499201881,5.));
#5442 = CARTESIAN_POINT('',(-36.72391584329,12.574008210641,5.));
#5443 = CARTESIAN_POINT('',(-36.9609583363,12.192397234384,5.));
#5444 = CARTESIAN_POINT('',(-37.1803009786,11.789931419965,5.));
#5445 = CARTESIAN_POINT('',(-37.37761963399,11.368304433693,5.));
#5446 = CARTESIAN_POINT('',(-37.55081026772,10.931082004441,5.));
#5447 = CARTESIAN_POINT('',(-37.64869485137,10.631819877018,5.));
#5448 = CARTESIAN_POINT('',(-37.69313861845,10.480451114501,5.));
#5449 = ORIENTED_EDGE('',*,*,#5450,.F.);
#5450 = EDGE_CURVE('',#5451,#5395,#5453,.T.);
#5451 = VERTEX_POINT('',#5452);
#5452 = CARTESIAN_POINT('',(-37.69313861845,10.480451114501,0.));
#5453 = LINE('',#5454,#5455);
#5454 = CARTESIAN_POINT('',(-37.69313861845,10.480451114501,0.));
#5455 = VECTOR('',#5456,1.);
#5456 = DIRECTION('',(0.,0.,1.));
#5457 = ORIENTED_EDGE('',*,*,#5458,.F.);
#5458 = EDGE_CURVE('',#5274,#5451,#5459,.T.);
#5459 = B_SPLINE_CURVE_WITH_KNOTS('',3,(#5460,#5461,#5462,#5463,#5464,
    #5465,#5466,#5467,#5468,#5469,#5470,#5471,#5472,#5473,#5474,#5475,
    #5476,#5477,#5478,#5479,#5480,#5481,#5482,#5483,#5484,#5485,#5486,
    #5487,#5488,#5489,#5490,#5491,#5492,#5493,#5494,#5495,#5496,#5497,
    #5498,#5499,#5500,#5501,#5502,#5503,#5504,#5505,#5506,#5507,#5508,
    #5509,#5510),.UNSPECIFIED.,.F.,.F.,(4,1,1,1,1,1,1,1,1,1,1,1,1,1,1,1,
    1,1,1,1,1,1,1,1,1,1,1,1,1,1,1,1,1,1,1,1,1,1,1,1,1,1,1,1,1,1,1,1,4),(
    0.,0.473206125628,0.943992429652,1.409973954886,1.868836789104,
    2.318377024136,2.756544271089,3.181492042951,3.591638155345,
    3.958628390048,4.336720798561,4.697643825895,5.041884944182,
    5.37090160957,5.687455278175,5.996091997334,6.303841257426,
    6.621230764788,6.963721635172,7.353570058326,7.821640417824,
    8.407110090534,9.197325542283,10.107526890421,11.137050913086,
    12.166574935752,13.07677628389,13.866991735638,14.452461408348,
    14.920531767847,15.310380191,15.652871061385,15.970260568747,
    16.278009828838,16.586646547997,16.903200216603,17.23221688199,
    17.576458000278,17.937381027612,18.315473436125,18.682463670827,
    19.092609783221,19.517557555084,19.955724802036,20.405265037068,
    20.864127871286,21.330109396521,21.800895700545,22.274101826172),
  .UNSPECIFIED.);
#5460 = CARTESIAN_POINT('',(-26.36081930276,28.113884165978,0.));
#5461 = CARTESIAN_POINT('',(-26.48004656416,28.010575836996,0.));
#5462 = CARTESIAN_POINT('',(-26.71160224467,27.797218907302,0.));
#5463 = CARTESIAN_POINT('',(-27.03736776604,27.458050404432,0.));
#5464 = CARTESIAN_POINT('',(-27.33892403107,27.103412862225,0.));
#5465 = CARTESIAN_POINT('',(-27.6139015863,26.736701435309,0.));
#5466 = CARTESIAN_POINT('',(-27.86255612976,26.362553070747,0.));
#5467 = CARTESIAN_POINT('',(-28.07839512954,25.98183276396,0.));
#5468 = CARTESIAN_POINT('',(-28.28190103803,25.60906955295,0.));
#5469 = CARTESIAN_POINT('',(-28.39788295413,25.218583773821,0.));
#5470 = CARTESIAN_POINT('',(-28.67787775235,24.933480198596,0.));
#5471 = CARTESIAN_POINT('',(-28.74802084325,24.560935469028,0.));
#5472 = CARTESIAN_POINT('',(-28.84636464471,24.215840984719,0.));
#5473 = CARTESIAN_POINT('',(-28.91153991656,23.876392369822,0.));
#5474 = CARTESIAN_POINT('',(-28.96172746179,23.550410557067,0.));
#5475 = CARTESIAN_POINT('',(-28.99585581316,23.234026338066,0.));
#5476 = CARTESIAN_POINT('',(-29.01772263432,22.923772424924,0.));
#5477 = CARTESIAN_POINT('',(-29.02982871095,22.612705186823,0.));
#5478 = CARTESIAN_POINT('',(-29.03516196793,22.290198784294,0.));
#5479 = CARTESIAN_POINT('',(-29.03679836367,21.940265434098,0.));
#5480 = CARTESIAN_POINT('',(-29.04188216344,21.540276847406,0.));
#5481 = CARTESIAN_POINT('',(-29.05407656875,21.058673912027,0.));
#5482 = CARTESIAN_POINT('',(-29.13826946436,20.449797938334,0.));
#5483 = CARTESIAN_POINT('',(-29.12340462229,19.679077942073,0.));
#5484 = CARTESIAN_POINT('',(-29.45644293841,18.817261879058,0.));
#5485 = CARTESIAN_POINT('',(-29.89782214092,17.928841637955,0.));
#5486 = CARTESIAN_POINT('',(-30.5226020704,17.158285887258,0.));
#5487 = CARTESIAN_POINT('',(-31.16818841901,16.497332248216,0.));
#5488 = CARTESIAN_POINT('',(-31.87543506563,16.1906851269,0.));
#5489 = CARTESIAN_POINT('',(-32.39431313968,15.861164354745,0.));
#5490 = CARTESIAN_POINT('',(-32.82732883971,15.650006843842,0.));
#5491 = CARTESIAN_POINT('',(-33.1890593692,15.479221192976,0.));
#5492 = CARTESIAN_POINT('',(-33.50669015742,15.332365107832,0.));
#5493 = CARTESIAN_POINT('',(-33.79783678485,15.193539805242,0.));
#5494 = CARTESIAN_POINT('',(-34.07576445135,15.053305729844,0.));
#5495 = CARTESIAN_POINT('',(-34.34889753163,14.904530836318,0.));
#5496 = CARTESIAN_POINT('',(-34.62251331053,14.74205584151,0.));
#5497 = CARTESIAN_POINT('',(-34.89818813757,14.560985905622,0.));
#5498 = CARTESIAN_POINT('',(-35.17988667205,14.360688342268,0.));
#5499 = CARTESIAN_POINT('',(-35.45294216484,14.127874244233,0.));
#5500 = CARTESIAN_POINT('',(-35.76268227754,13.909309170819,0.));
#5501 = CARTESIAN_POINT('',(-35.90570756881,13.536180638414,0.));
#5502 = CARTESIAN_POINT('',(-36.21272529805,13.268466121633,0.));
#5503 = CARTESIAN_POINT('',(-36.46726323185,12.928499201881,0.));
#5504 = CARTESIAN_POINT('',(-36.72391584329,12.574008210641,0.));
#5505 = CARTESIAN_POINT('',(-36.9609583363,12.192397234384,0.));
#5506 = CARTESIAN_POINT('',(-37.1803009786,11.789931419965,0.));
#5507 = CARTESIAN_POINT('',(-37.37761963399,11.368304433693,0.));
#5508 = CARTESIAN_POINT('',(-37.55081026772,10.931082004441,0.));
#5509 = CARTESIAN_POINT('',(-37.64869485137,10.631819877018,0.));
#5510 = CARTESIAN_POINT('',(-37.69313861845,10.480451114501,0.));
#5511 = SURFACE_OF_LINEAR_EXTRUSION('',#5512,#5564);
#5512 = B_SPLINE_CURVE_WITH_KNOTS('',3,(#5513,#5514,#5515,#5516,#5517,
    #5518,#5519,#5520,#5521,#5522,#5523,#5524,#5525,#5526,#5527,#5528,
    #5529,#5530,#5531,#5532,#5533,#5534,#5535,#5536,#5537,#5538,#5539,
    #5540,#5541,#5542,#5543,#5544,#5545,#5546,#5547,#5548,#5549,#5550,
    #5551,#5552,#5553,#5554,#5555,#5556,#5557,#5558,#5559,#5560,#5561,
    #5562,#5563),.UNSPECIFIED.,.F.,.F.,(4,1,1,1,1,1,1,1,1,1,1,1,1,1,1,1,
    1,1,1,1,1,1,1,1,1,1,1,1,1,1,1,1,1,1,1,1,1,1,1,1,1,1,1,1,1,1,1,1,4),(
    0.,0.473206125628,0.943992429652,1.409973954886,1.868836789104,
    2.318377024136,2.756544271089,3.181492042951,3.591638155345,
    3.958628390048,4.336720798561,4.697643825895,5.041884944182,
    5.37090160957,5.687455278175,5.996091997334,6.303841257426,
    6.621230764788,6.963721635172,7.353570058326,7.821640417824,
    8.407110090534,9.197325542283,10.107526890421,11.137050913086,
    12.166574935752,13.07677628389,13.866991735638,14.452461408348,
    14.920531767847,15.310380191,15.652871061385,15.970260568747,
    16.278009828838,16.586646547997,16.903200216603,17.23221688199,
    17.576458000278,17.937381027612,18.315473436125,18.682463670827,
    19.092609783221,19.517557555084,19.955724802036,20.405265037068,
    20.864127871286,21.330109396521,21.800895700545,22.274101826172),
  .UNSPECIFIED.);
#5513 = CARTESIAN_POINT('',(-26.36081930276,28.113884165978,0.));
#5514 = CARTESIAN_POINT('',(-26.48004656416,28.010575836996,0.));
#5515 = CARTESIAN_POINT('',(-26.71160224467,27.797218907302,0.));
#5516 = CARTESIAN_POINT('',(-27.03736776604,27.458050404432,0.));
#5517 = CARTESIAN_POINT('',(-27.33892403107,27.103412862225,0.));
#5518 = CARTESIAN_POINT('',(-27.6139015863,26.736701435309,0.));
#5519 = CARTESIAN_POINT('',(-27.86255612976,26.362553070747,0.));
#5520 = CARTESIAN_POINT('',(-28.07839512954,25.98183276396,0.));
#5521 = CARTESIAN_POINT('',(-28.28190103803,25.60906955295,0.));
#5522 = CARTESIAN_POINT('',(-28.39788295413,25.218583773821,0.));
#5523 = CARTESIAN_POINT('',(-28.67787775235,24.933480198596,0.));
#5524 = CARTESIAN_POINT('',(-28.74802084325,24.560935469028,0.));
#5525 = CARTESIAN_POINT('',(-28.84636464471,24.215840984719,0.));
#5526 = CARTESIAN_POINT('',(-28.91153991656,23.876392369822,0.));
#5527 = CARTESIAN_POINT('',(-28.96172746179,23.550410557067,0.));
#5528 = CARTESIAN_POINT('',(-28.99585581316,23.234026338066,0.));
#5529 = CARTESIAN_POINT('',(-29.01772263432,22.923772424924,0.));
#5530 = CARTESIAN_POINT('',(-29.02982871095,22.612705186823,0.));
#5531 = CARTESIAN_POINT('',(-29.03516196793,22.290198784294,0.));
#5532 = CARTESIAN_POINT('',(-29.03679836367,21.940265434098,0.));
#5533 = CARTESIAN_POINT('',(-29.04188216344,21.540276847406,0.));
#5534 = CARTESIAN_POINT('',(-29.05407656875,21.058673912027,0.));
#5535 = CARTESIAN_POINT('',(-29.13826946436,20.449797938334,0.));
#5536 = CARTESIAN_POINT('',(-29.12340462229,19.679077942073,0.));
#5537 = CARTESIAN_POINT('',(-29.45644293841,18.817261879058,0.));
#5538 = CARTESIAN_POINT('',(-29.89782214092,17.928841637955,0.));
#5539 = CARTESIAN_POINT('',(-30.5226020704,17.158285887258,0.));
#5540 = CARTESIAN_POINT('',(-31.16818841901,16.497332248216,0.));
#5541 = CARTESIAN_POINT('',(-31.87543506563,16.1906851269,0.));
#5542 = CARTESIAN_POINT('',(-32.39431313968,15.861164354745,0.));
#5543 = CARTESIAN_POINT('',(-32.82732883971,15.650006843842,0.));
#5544 = CARTESIAN_POINT('',(-33.1890593692,15.479221192976,0.));
#5545 = CARTESIAN_POINT('',(-33.50669015742,15.332365107832,0.));
#5546 = CARTESIAN_POINT('',(-33.79783678485,15.193539805242,0.));
#5547 = CARTESIAN_POINT('',(-34.07576445135,15.053305729844,0.));
#5548 = CARTESIAN_POINT('',(-34.34889753163,14.904530836318,0.));
#5549 = CARTESIAN_POINT('',(-34.62251331053,14.74205584151,0.));
#5550 = CARTESIAN_POINT('',(-34.89818813757,14.560985905622,0.));
#5551 = CARTESIAN_POINT('',(-35.17988667205,14.360688342268,0.));
#5552 = CARTESIAN_POINT('',(-35.45294216484,14.127874244233,0.));
#5553 = CARTESIAN_POINT('',(-35.76268227754,13.909309170819,0.));
#5554 = CARTESIAN_POINT('',(-35.90570756881,13.536180638414,0.));
#5555 = CARTESIAN_POINT('',(-36.21272529805,13.268466121633,0.));
#5556 = CARTESIAN_POINT('',(-36.46726323185,12.928499201881,0.));
#5557 = CARTESIAN_POINT('',(-36.72391584329,12.574008210641,0.));
#5558 = CARTESIAN_POINT('',(-36.9609583363,12.192397234384,0.));
#5559 = CARTESIAN_POINT('',(-37.1803009786,11.789931419965,0.));
#5560 = CARTESIAN_POINT('',(-37.37761963399,11.368304433693,0.));
#5561 = CARTESIAN_POINT('',(-37.55081026772,10.931082004441,0.));
#5562 = CARTESIAN_POINT('',(-37.64869485137,10.631819877018,0.));
#5563 = CARTESIAN_POINT('',(-37.69313861845,10.480451114501,0.));
#5564 = VECTOR('',#5565,1.);
#5565 = DIRECTION('',(-0.,-0.,-1.));
#5566 = ADVANCED_FACE('',(#5567),#5688,.F.);
#5567 = FACE_BOUND('',#5568,.F.);
#5568 = EDGE_LOOP('',(#5569,#5570,#5626,#5634));
#5569 = ORIENTED_EDGE('',*,*,#5450,.T.);
#5570 = ORIENTED_EDGE('',*,*,#5571,.T.);
#5571 = EDGE_CURVE('',#5395,#5572,#5574,.T.);
#5572 = VERTEX_POINT('',#5573);
#5573 = CARTESIAN_POINT('',(-37.69313861845,-10.4804511145,5.));
#5574 = B_SPLINE_CURVE_WITH_KNOTS('',3,(#5575,#5576,#5577,#5578,#5579,
    #5580,#5581,#5582,#5583,#5584,#5585,#5586,#5587,#5588,#5589,#5590,
    #5591,#5592,#5593,#5594,#5595,#5596,#5597,#5598,#5599,#5600,#5601,
    #5602,#5603,#5604,#5605,#5606,#5607,#5608,#5609,#5610,#5611,#5612,
    #5613,#5614,#5615,#5616,#5617,#5618,#5619,#5620,#5621,#5622,#5623,
    #5624,#5625),.UNSPECIFIED.,.F.,.F.,(4,1,1,1,1,1,1,1,1,1,1,1,1,1,1,1,
    1,1,1,1,1,1,1,1,1,1,1,1,1,1,1,1,1,1,1,1,1,1,1,1,1,1,1,1,1,1,1,1,4),(
    0.,0.473206125628,0.943992429652,1.409973954886,1.868836789104,
    2.318377024136,2.756544271089,3.181492042951,3.591638155345,
    3.958628390048,4.336720798561,4.697643825895,5.041884944182,
    5.37090160957,5.687455278175,5.996091997334,6.303841257426,
    6.621230764788,6.963721635172,7.353570058326,7.821640417824,
    8.407110090534,9.197325542283,10.107526890421,11.137050913086,
    12.166574935752,13.07677628389,13.866991735638,14.452461408348,
    14.920531767847,15.310380191,15.652871061385,15.970260568747,
    16.278009828838,16.586646547997,16.903200216603,17.23221688199,
    17.576458000278,17.937381027612,18.315473436125,18.682463670827,
    19.092609783221,19.517557555084,19.955724802036,20.405265037068,
    20.864127871286,21.330109396521,21.800895700545,22.274101826172),
  .UNSPECIFIED.);
#5575 = CARTESIAN_POINT('',(-37.69313861845,10.480451114501,5.));
#5576 = CARTESIAN_POINT('',(-37.73758627389,10.329083493707,5.));
#5577 = CARTESIAN_POINT('',(-37.81703384329,10.024407770449,5.));
#5578 = CARTESIAN_POINT('',(-37.90771690237,9.562958931412,5.));
#5579 = CARTESIAN_POINT('',(-37.96967064495,9.101585220525,5.));
#5580 = CARTESIAN_POINT('',(-38.00273731911,8.644423846861,5.));
#5581 = CARTESIAN_POINT('',(-38.00963895459,8.195237417727,5.));
#5582 = CARTESIAN_POINT('',(-37.9853813378,7.758263741341,5.));
#5583 = CARTESIAN_POINT('',(-37.95505039515,7.334651772448,5.));
#5584 = CARTESIAN_POINT('',(-37.84150804098,6.943449673305,5.));
#5585 = CARTESIAN_POINT('',(-37.92291602419,6.55222866683,5.));
#5586 = CARTESIAN_POINT('',(-37.78051126008,6.20090187894,5.));
#5587 = CARTESIAN_POINT('',(-37.67667116639,5.857421251643,5.));
#5588 = CARTESIAN_POINT('',(-37.54798031745,5.536622492894,5.));
#5589 = CARTESIAN_POINT('',(-37.41396169345,5.2352557058,5.));
#5590 = CARTESIAN_POINT('',(-37.27162206682,4.950645184048,5.));
#5591 = CARTESIAN_POINT('',(-37.12228167815,4.677820887475,5.));
#5592 = CARTESIAN_POINT('',(-36.96429031199,4.409589435312,5.));
#5593 = CARTESIAN_POINT('',(-36.79441680817,4.135396408409,5.));
#5594 = CARTESIAN_POINT('',(-36.60660517936,3.84012903897,5.));
#5595 = CARTESIAN_POINT('',(-36.3946317874,3.500888717662,5.));
#5596 = CARTESIAN_POINT('',(-36.14451616928,3.089145753593,5.));
#5597 = CARTESIAN_POINT('',(-35.886160536,2.531408573763,5.));
#5598 = CARTESIAN_POINT('',(-35.45697274629,1.891074194452,5.));
#5599 = CARTESIAN_POINT('',(-35.27120946548,0.98601427932,5.));
#5600 = CARTESIAN_POINT('',(-35.16220503352,2.6645352591E-15,5.));
#5601 = CARTESIAN_POINT('',(-35.27120946548,-0.98601427932,5.));
#5602 = CARTESIAN_POINT('',(-35.45697274629,-1.891074194452,5.));
#5603 = CARTESIAN_POINT('',(-35.886160536,-2.531408573763,5.));
#5604 = CARTESIAN_POINT('',(-36.14451616928,-3.089145753593,5.));
#5605 = CARTESIAN_POINT('',(-36.3946317874,-3.500888717662,5.));
#5606 = CARTESIAN_POINT('',(-36.60660517936,-3.84012903897,5.));
#5607 = CARTESIAN_POINT('',(-36.79441680817,-4.135396408409,5.));
#5608 = CARTESIAN_POINT('',(-36.96429031199,-4.409589435312,5.));
#5609 = CARTESIAN_POINT('',(-37.12228167815,-4.677820887475,5.));
#5610 = CARTESIAN_POINT('',(-37.27162206682,-4.950645184048,5.));
#5611 = CARTESIAN_POINT('',(-37.41396169345,-5.2352557058,5.));
#5612 = CARTESIAN_POINT('',(-37.54798031745,-5.536622492894,5.));
#5613 = CARTESIAN_POINT('',(-37.67667116639,-5.857421251643,5.));
#5614 = CARTESIAN_POINT('',(-37.78051126008,-6.20090187894,5.));
#5615 = CARTESIAN_POINT('',(-37.92291602419,-6.55222866683,5.));
#5616 = CARTESIAN_POINT('',(-37.84150804098,-6.943449673305,5.));
#5617 = CARTESIAN_POINT('',(-37.95505039515,-7.334651772448,5.));
#5618 = CARTESIAN_POINT('',(-37.9853813378,-7.758263741341,5.));
#5619 = CARTESIAN_POINT('',(-38.00963895459,-8.195237417727,5.));
#5620 = CARTESIAN_POINT('',(-38.00273731911,-8.644423846861,5.));
#5621 = CARTESIAN_POINT('',(-37.96967064495,-9.101585220524,5.));
#5622 = CARTESIAN_POINT('',(-37.90771690237,-9.562958931412,5.));
#5623 = CARTESIAN_POINT('',(-37.81703384329,-10.02440777044,5.));
#5624 = CARTESIAN_POINT('',(-37.73758627389,-10.3290834937,5.));
#5625 = CARTESIAN_POINT('',(-37.69313861845,-10.4804511145,5.));
#5626 = ORIENTED_EDGE('',*,*,#5627,.F.);
#5627 = EDGE_CURVE('',#5628,#5572,#5630,.T.);
#5628 = VERTEX_POINT('',#5629);
#5629 = CARTESIAN_POINT('',(-37.69313861845,-10.4804511145,0.));
#5630 = LINE('',#5631,#5632);
#5631 = CARTESIAN_POINT('',(-37.69313861845,-10.4804511145,0.));
#5632 = VECTOR('',#5633,1.);
#5633 = DIRECTION('',(0.,0.,1.));
#5634 = ORIENTED_EDGE('',*,*,#5635,.F.);
#5635 = EDGE_CURVE('',#5451,#5628,#5636,.T.);
#5636 = B_SPLINE_CURVE_WITH_KNOTS('',3,(#5637,#5638,#5639,#5640,#5641,
    #5642,#5643,#5644,#5645,#5646,#5647,#5648,#5649,#5650,#5651,#5652,
    #5653,#5654,#5655,#5656,#5657,#5658,#5659,#5660,#5661,#5662,#5663,
    #5664,#5665,#5666,#5667,#5668,#5669,#5670,#5671,#5672,#5673,#5674,
    #5675,#5676,#5677,#5678,#5679,#5680,#5681,#5682,#5683,#5684,#5685,
    #5686,#5687),.UNSPECIFIED.,.F.,.F.,(4,1,1,1,1,1,1,1,1,1,1,1,1,1,1,1,
    1,1,1,1,1,1,1,1,1,1,1,1,1,1,1,1,1,1,1,1,1,1,1,1,1,1,1,1,1,1,1,1,4),(
    0.,0.473206125628,0.943992429652,1.409973954886,1.868836789104,
    2.318377024136,2.756544271089,3.181492042951,3.591638155345,
    3.958628390048,4.336720798561,4.697643825895,5.041884944182,
    5.37090160957,5.687455278175,5.996091997334,6.303841257426,
    6.621230764788,6.963721635172,7.353570058326,7.821640417824,
    8.407110090534,9.197325542283,10.107526890421,11.137050913086,
    12.166574935752,13.07677628389,13.866991735638,14.452461408348,
    14.920531767847,15.310380191,15.652871061385,15.970260568747,
    16.278009828838,16.586646547997,16.903200216603,17.23221688199,
    17.576458000278,17.937381027612,18.315473436125,18.682463670827,
    19.092609783221,19.517557555084,19.955724802036,20.405265037068,
    20.864127871286,21.330109396521,21.800895700545,22.274101826172),
  .UNSPECIFIED.);
#5637 = CARTESIAN_POINT('',(-37.69313861845,10.480451114501,0.));
#5638 = CARTESIAN_POINT('',(-37.73758627389,10.329083493707,0.));
#5639 = CARTESIAN_POINT('',(-37.81703384329,10.024407770449,0.));
#5640 = CARTESIAN_POINT('',(-37.90771690237,9.562958931412,0.));
#5641 = CARTESIAN_POINT('',(-37.96967064495,9.101585220525,0.));
#5642 = CARTESIAN_POINT('',(-38.00273731911,8.644423846861,0.));
#5643 = CARTESIAN_POINT('',(-38.00963895459,8.195237417727,0.));
#5644 = CARTESIAN_POINT('',(-37.9853813378,7.758263741341,0.));
#5645 = CARTESIAN_POINT('',(-37.95505039515,7.334651772448,0.));
#5646 = CARTESIAN_POINT('',(-37.84150804098,6.943449673305,0.));
#5647 = CARTESIAN_POINT('',(-37.92291602419,6.55222866683,0.));
#5648 = CARTESIAN_POINT('',(-37.78051126008,6.20090187894,0.));
#5649 = CARTESIAN_POINT('',(-37.67667116639,5.857421251643,0.));
#5650 = CARTESIAN_POINT('',(-37.54798031745,5.536622492894,0.));
#5651 = CARTESIAN_POINT('',(-37.41396169345,5.2352557058,0.));
#5652 = CARTESIAN_POINT('',(-37.27162206682,4.950645184048,0.));
#5653 = CARTESIAN_POINT('',(-37.12228167815,4.677820887475,0.));
#5654 = CARTESIAN_POINT('',(-36.96429031199,4.409589435312,0.));
#5655 = CARTESIAN_POINT('',(-36.79441680817,4.135396408409,0.));
#5656 = CARTESIAN_POINT('',(-36.60660517936,3.84012903897,0.));
#5657 = CARTESIAN_POINT('',(-36.3946317874,3.500888717662,0.));
#5658 = CARTESIAN_POINT('',(-36.14451616928,3.089145753593,0.));
#5659 = CARTESIAN_POINT('',(-35.886160536,2.531408573763,0.));
#5660 = CARTESIAN_POINT('',(-35.45697274629,1.891074194452,0.));
#5661 = CARTESIAN_POINT('',(-35.27120946548,0.98601427932,0.));
#5662 = CARTESIAN_POINT('',(-35.16220503352,2.6645352591E-15,0.));
#5663 = CARTESIAN_POINT('',(-35.27120946548,-0.98601427932,0.));
#5664 = CARTESIAN_POINT('',(-35.45697274629,-1.891074194452,0.));
#5665 = CARTESIAN_POINT('',(-35.886160536,-2.531408573763,0.));
#5666 = CARTESIAN_POINT('',(-36.14451616928,-3.089145753593,0.));
#5667 = CARTESIAN_POINT('',(-36.3946317874,-3.500888717662,0.));
#5668 = CARTESIAN_POINT('',(-36.60660517936,-3.84012903897,0.));
#5669 = CARTESIAN_POINT('',(-36.79441680817,-4.135396408409,0.));
#5670 = CARTESIAN_POINT('',(-36.96429031199,-4.409589435312,0.));
#5671 = CARTESIAN_POINT('',(-37.12228167815,-4.677820887475,0.));
#5672 = CARTESIAN_POINT('',(-37.27162206682,-4.950645184048,0.));
#5673 = CARTESIAN_POINT('',(-37.41396169345,-5.2352557058,0.));
#5674 = CARTESIAN_POINT('',(-37.54798031745,-5.536622492894,0.));
#5675 = CARTESIAN_POINT('',(-37.67667116639,-5.857421251643,0.));
#5676 = CARTESIAN_POINT('',(-37.78051126008,-6.20090187894,0.));
#5677 = CARTESIAN_POINT('',(-37.92291602419,-6.55222866683,0.));
#5678 = CARTESIAN_POINT('',(-37.84150804098,-6.943449673305,0.));
#5679 = CARTESIAN_POINT('',(-37.95505039515,-7.334651772448,0.));
#5680 = CARTESIAN_POINT('',(-37.9853813378,-7.758263741341,0.));
#5681 = CARTESIAN_POINT('',(-38.00963895459,-8.195237417727,0.));
#5682 = CARTESIAN_POINT('',(-38.00273731911,-8.644423846861,0.));
#5683 = CARTESIAN_POINT('',(-37.96967064495,-9.101585220524,0.));
#5684 = CARTESIAN_POINT('',(-37.90771690237,-9.562958931412,0.));
#5685 = CARTESIAN_POINT('',(-37.81703384329,-10.02440777044,0.));
#5686 = CARTESIAN_POINT('',(-37.73758627389,-10.3290834937,0.));
#5687 = CARTESIAN_POINT('',(-37.69313861845,-10.4804511145,0.));
#5688 = SURFACE_OF_LINEAR_EXTRUSION('',#5689,#5741);
#5689 = B_SPLINE_CURVE_WITH_KNOTS('',3,(#5690,#5691,#5692,#5693,#5694,
    #5695,#5696,#5697,#5698,#5699,#5700,#5701,#5702,#5703,#5704,#5705,
    #5706,#5707,#5708,#5709,#5710,#5711,#5712,#5713,#5714,#5715,#5716,
    #5717,#5718,#5719,#5720,#5721,#5722,#5723,#5724,#5725,#5726,#5727,
    #5728,#5729,#5730,#5731,#5732,#5733,#5734,#5735,#5736,#5737,#5738,
    #5739,#5740),.UNSPECIFIED.,.F.,.F.,(4,1,1,1,1,1,1,1,1,1,1,1,1,1,1,1,
    1,1,1,1,1,1,1,1,1,1,1,1,1,1,1,1,1,1,1,1,1,1,1,1,1,1,1,1,1,1,1,1,4),(
    0.,0.473206125628,0.943992429652,1.409973954886,1.868836789104,
    2.318377024136,2.756544271089,3.181492042951,3.591638155345,
    3.958628390048,4.336720798561,4.697643825895,5.041884944182,
    5.37090160957,5.687455278175,5.996091997334,6.303841257426,
    6.621230764788,6.963721635172,7.353570058326,7.821640417824,
    8.407110090534,9.197325542283,10.107526890421,11.137050913086,
    12.166574935752,13.07677628389,13.866991735638,14.452461408348,
    14.920531767847,15.310380191,15.652871061385,15.970260568747,
    16.278009828838,16.586646547997,16.903200216603,17.23221688199,
    17.576458000278,17.937381027612,18.315473436125,18.682463670827,
    19.092609783221,19.517557555084,19.955724802036,20.405265037068,
    20.864127871286,21.330109396521,21.800895700545,22.274101826172),
  .UNSPECIFIED.);
#5690 = CARTESIAN_POINT('',(-37.69313861845,10.480451114501,0.));
#5691 = CARTESIAN_POINT('',(-37.73758627389,10.329083493707,0.));
#5692 = CARTESIAN_POINT('',(-37.81703384329,10.024407770449,0.));
#5693 = CARTESIAN_POINT('',(-37.90771690237,9.562958931412,0.));
#5694 = CARTESIAN_POINT('',(-37.96967064495,9.101585220525,0.));
#5695 = CARTESIAN_POINT('',(-38.00273731911,8.644423846861,0.));
#5696 = CARTESIAN_POINT('',(-38.00963895459,8.195237417727,0.));
#5697 = CARTESIAN_POINT('',(-37.9853813378,7.758263741341,0.));
#5698 = CARTESIAN_POINT('',(-37.95505039515,7.334651772448,0.));
#5699 = CARTESIAN_POINT('',(-37.84150804098,6.943449673305,0.));
#5700 = CARTESIAN_POINT('',(-37.92291602419,6.55222866683,0.));
#5701 = CARTESIAN_POINT('',(-37.78051126008,6.20090187894,0.));
#5702 = CARTESIAN_POINT('',(-37.67667116639,5.857421251643,0.));
#5703 = CARTESIAN_POINT('',(-37.54798031745,5.536622492894,0.));
#5704 = CARTESIAN_POINT('',(-37.41396169345,5.2352557058,0.));
#5705 = CARTESIAN_POINT('',(-37.27162206682,4.950645184048,0.));
#5706 = CARTESIAN_POINT('',(-37.12228167815,4.677820887475,0.));
#5707 = CARTESIAN_POINT('',(-36.96429031199,4.409589435312,0.));
#5708 = CARTESIAN_POINT('',(-36.79441680817,4.135396408409,0.));
#5709 = CARTESIAN_POINT('',(-36.60660517936,3.84012903897,0.));
#5710 = CARTESIAN_POINT('',(-36.3946317874,3.500888717662,0.));
#5711 = CARTESIAN_POINT('',(-36.14451616928,3.089145753593,0.));
#5712 = CARTESIAN_POINT('',(-35.886160536,2.531408573763,0.));
#5713 = CARTESIAN_POINT('',(-35.45697274629,1.891074194452,0.));
#5714 = CARTESIAN_POINT('',(-35.27120946548,0.98601427932,0.));
#5715 = CARTESIAN_POINT('',(-35.16220503352,2.6645352591E-15,0.));
#5716 = CARTESIAN_POINT('',(-35.27120946548,-0.98601427932,0.));
#5717 = CARTESIAN_POINT('',(-35.45697274629,-1.891074194452,0.));
#5718 = CARTESIAN_POINT('',(-35.886160536,-2.531408573763,0.));
#5719 = CARTESIAN_POINT('',(-36.14451616928,-3.089145753593,0.));
#5720 = CARTESIAN_POINT('',(-36.3946317874,-3.500888717662,0.));
#5721 = CARTESIAN_POINT('',(-36.60660517936,-3.84012903897,0.));
#5722 = CARTESIAN_POINT('',(-36.79441680817,-4.135396408409,0.));
#5723 = CARTESIAN_POINT('',(-36.96429031199,-4.409589435312,0.));
#5724 = CARTESIAN_POINT('',(-37.12228167815,-4.677820887475,0.));
#5725 = CARTESIAN_POINT('',(-37.27162206682,-4.950645184048,0.));
#5726 = CARTESIAN_POINT('',(-37.41396169345,-5.2352557058,0.));
#5727 = CARTESIAN_POINT('',(-37.54798031745,-5.536622492894,0.));
#5728 = CARTESIAN_POINT('',(-37.67667116639,-5.857421251643,0.));
#5729 = CARTESIAN_POINT('',(-37.78051126008,-6.20090187894,0.));
#5730 = CARTESIAN_POINT('',(-37.92291602419,-6.55222866683,0.));
#5731 = CARTESIAN_POINT('',(-37.84150804098,-6.943449673305,0.));
#5732 = CARTESIAN_POINT('',(-37.95505039515,-7.334651772448,0.));
#5733 = CARTESIAN_POINT('',(-37.9853813378,-7.758263741341,0.));
#5734 = CARTESIAN_POINT('',(-38.00963895459,-8.195237417727,0.));
#5735 = CARTESIAN_POINT('',(-38.00273731911,-8.644423846861,0.));
#5736 = CARTESIAN_POINT('',(-37.96967064495,-9.101585220524,0.));
#5737 = CARTESIAN_POINT('',(-37.90771690237,-9.562958931412,0.));
#5738 = CARTESIAN_POINT('',(-37.81703384329,-10.02440777044,0.));
#5739 = CARTESIAN_POINT('',(-37.73758627389,-10.3290834937,0.));
#5740 = CARTESIAN_POINT('',(-37.69313861845,-10.4804511145,0.));
#5741 = VECTOR('',#5742,1.);
#5742 = DIRECTION('',(-0.,-0.,-1.));
#5743 = ADVANCED_FACE('',(#5744),#5865,.F.);
#5744 = FACE_BOUND('',#5745,.F.);
#5745 = EDGE_LOOP('',(#5746,#5747,#5803,#5811));
#5746 = ORIENTED_EDGE('',*,*,#5627,.T.);
#5747 = ORIENTED_EDGE('',*,*,#5748,.T.);
#5748 = EDGE_CURVE('',#5572,#5749,#5751,.T.);
#5749 = VERTEX_POINT('',#5750);
#5750 = CARTESIAN_POINT('',(-26.36081930276,-28.11388416597,5.));
#5751 = B_SPLINE_CURVE_WITH_KNOTS('',3,(#5752,#5753,#5754,#5755,#5756,
    #5757,#5758,#5759,#5760,#5761,#5762,#5763,#5764,#5765,#5766,#5767,
    #5768,#5769,#5770,#5771,#5772,#5773,#5774,#5775,#5776,#5777,#5778,
    #5779,#5780,#5781,#5782,#5783,#5784,#5785,#5786,#5787,#5788,#5789,
    #5790,#5791,#5792,#5793,#5794,#5795,#5796,#5797,#5798,#5799,#5800,
    #5801,#5802),.UNSPECIFIED.,.F.,.F.,(4,1,1,1,1,1,1,1,1,1,1,1,1,1,1,1,
    1,1,1,1,1,1,1,1,1,1,1,1,1,1,1,1,1,1,1,1,1,1,1,1,1,1,1,1,1,1,1,1,4),(
    0.,0.473206125628,0.943992429652,1.409973954886,1.868836789104,
    2.318377024136,2.756544271089,3.181492042951,3.591638155345,
    3.958628390048,4.336720798561,4.697643825895,5.041884944182,
    5.37090160957,5.687455278175,5.996091997334,6.303841257426,
    6.621230764788,6.963721635172,7.353570058326,7.821640417824,
    8.407110090534,9.197325542283,10.107526890421,11.137050913086,
    12.166574935752,13.07677628389,13.866991735638,14.452461408348,
    14.920531767847,15.310380191,15.652871061385,15.970260568747,
    16.278009828838,16.586646547997,16.903200216603,17.23221688199,
    17.576458000278,17.937381027612,18.315473436125,18.682463670827,
    19.092609783221,19.517557555084,19.955724802036,20.405265037068,
    20.864127871286,21.330109396521,21.800895700545,22.274101826172),
  .UNSPECIFIED.);
#5752 = CARTESIAN_POINT('',(-37.69313861845,-10.4804511145,5.));
#5753 = CARTESIAN_POINT('',(-37.64869485137,-10.63181987701,5.));
#5754 = CARTESIAN_POINT('',(-37.55081026772,-10.93108200444,5.));
#5755 = CARTESIAN_POINT('',(-37.37761963399,-11.36830443369,5.));
#5756 = CARTESIAN_POINT('',(-37.1803009786,-11.78993141996,5.));
#5757 = CARTESIAN_POINT('',(-36.9609583363,-12.19239723438,5.));
#5758 = CARTESIAN_POINT('',(-36.72391584329,-12.57400821064,5.));
#5759 = CARTESIAN_POINT('',(-36.46726323185,-12.92849920188,5.));
#5760 = CARTESIAN_POINT('',(-36.21272529805,-13.26846612163,5.));
#5761 = CARTESIAN_POINT('',(-35.90570756881,-13.53618063841,5.));
#5762 = CARTESIAN_POINT('',(-35.76268227754,-13.90930917081,5.));
#5763 = CARTESIAN_POINT('',(-35.45294216484,-14.12787424423,5.));
#5764 = CARTESIAN_POINT('',(-35.17988667205,-14.36068834226,5.));
#5765 = CARTESIAN_POINT('',(-34.89818813757,-14.56098590562,5.));
#5766 = CARTESIAN_POINT('',(-34.62251331053,-14.74205584151,5.));
#5767 = CARTESIAN_POINT('',(-34.34889753163,-14.90453083631,5.));
#5768 = CARTESIAN_POINT('',(-34.07576445135,-15.05330572984,5.));
#5769 = CARTESIAN_POINT('',(-33.79783678485,-15.19353980524,5.));
#5770 = CARTESIAN_POINT('',(-33.50669015742,-15.33236510783,5.));
#5771 = CARTESIAN_POINT('',(-33.1890593692,-15.47922119297,5.));
#5772 = CARTESIAN_POINT('',(-32.82732883971,-15.65000684384,5.));
#5773 = CARTESIAN_POINT('',(-32.39431313968,-15.86116435474,5.));
#5774 = CARTESIAN_POINT('',(-31.87543506563,-16.1906851269,5.));
#5775 = CARTESIAN_POINT('',(-31.16818841901,-16.49733224821,5.));
#5776 = CARTESIAN_POINT('',(-30.5226020704,-17.15828588725,5.));
#5777 = CARTESIAN_POINT('',(-29.89782214092,-17.92884163795,5.));
#5778 = CARTESIAN_POINT('',(-29.45644293841,-18.81726187905,5.));
#5779 = CARTESIAN_POINT('',(-29.12340462229,-19.67907794207,5.));
#5780 = CARTESIAN_POINT('',(-29.13826946436,-20.44979793833,5.));
#5781 = CARTESIAN_POINT('',(-29.05407656875,-21.05867391202,5.));
#5782 = CARTESIAN_POINT('',(-29.04188216344,-21.5402768474,5.));
#5783 = CARTESIAN_POINT('',(-29.03679836367,-21.94026543409,5.));
#5784 = CARTESIAN_POINT('',(-29.03516196793,-22.29019878429,5.));
#5785 = CARTESIAN_POINT('',(-29.02982871095,-22.61270518682,5.));
#5786 = CARTESIAN_POINT('',(-29.01772263432,-22.92377242492,5.));
#5787 = CARTESIAN_POINT('',(-28.99585581316,-23.23402633806,5.));
#5788 = CARTESIAN_POINT('',(-28.96172746179,-23.55041055706,5.));
#5789 = CARTESIAN_POINT('',(-28.91153991656,-23.87639236982,5.));
#5790 = CARTESIAN_POINT('',(-28.84636464471,-24.21584098471,5.));
#5791 = CARTESIAN_POINT('',(-28.74802084325,-24.56093546902,5.));
#5792 = CARTESIAN_POINT('',(-28.67787775235,-24.93348019859,5.));
#5793 = CARTESIAN_POINT('',(-28.39788295413,-25.21858377382,5.));
#5794 = CARTESIAN_POINT('',(-28.28190103803,-25.60906955295,5.));
#5795 = CARTESIAN_POINT('',(-28.07839512954,-25.98183276396,5.));
#5796 = CARTESIAN_POINT('',(-27.86255612976,-26.36255307074,5.));
#5797 = CARTESIAN_POINT('',(-27.6139015863,-26.7367014353,5.));
#5798 = CARTESIAN_POINT('',(-27.33892403107,-27.10341286222,5.));
#5799 = CARTESIAN_POINT('',(-27.03736776604,-27.45805040443,5.));
#5800 = CARTESIAN_POINT('',(-26.71160224467,-27.7972189073,5.));
#5801 = CARTESIAN_POINT('',(-26.48004656416,-28.01057583699,5.));
#5802 = CARTESIAN_POINT('',(-26.36081930276,-28.11388416597,5.));
#5803 = ORIENTED_EDGE('',*,*,#5804,.F.);
#5804 = EDGE_CURVE('',#5805,#5749,#5807,.T.);
#5805 = VERTEX_POINT('',#5806);
#5806 = CARTESIAN_POINT('',(-26.36081930276,-28.11388416597,0.));
#5807 = LINE('',#5808,#5809);
#5808 = CARTESIAN_POINT('',(-26.36081930276,-28.11388416597,0.));
#5809 = VECTOR('',#5810,1.);
#5810 = DIRECTION('',(0.,0.,1.));
#5811 = ORIENTED_EDGE('',*,*,#5812,.F.);
#5812 = EDGE_CURVE('',#5628,#5805,#5813,.T.);
#5813 = B_SPLINE_CURVE_WITH_KNOTS('',3,(#5814,#5815,#5816,#5817,#5818,
    #5819,#5820,#5821,#5822,#5823,#5824,#5825,#5826,#5827,#5828,#5829,
    #5830,#5831,#5832,#5833,#5834,#5835,#5836,#5837,#5838,#5839,#5840,
    #5841,#5842,#5843,#5844,#5845,#5846,#5847,#5848,#5849,#5850,#5851,
    #5852,#5853,#5854,#5855,#5856,#5857,#5858,#5859,#5860,#5861,#5862,
    #5863,#5864),.UNSPECIFIED.,.F.,.F.,(4,1,1,1,1,1,1,1,1,1,1,1,1,1,1,1,
    1,1,1,1,1,1,1,1,1,1,1,1,1,1,1,1,1,1,1,1,1,1,1,1,1,1,1,1,1,1,1,1,4),(
    0.,0.473206125628,0.943992429652,1.409973954886,1.868836789104,
    2.318377024136,2.756544271089,3.181492042951,3.591638155345,
    3.958628390048,4.336720798561,4.697643825895,5.041884944182,
    5.37090160957,5.687455278175,5.996091997334,6.303841257426,
    6.621230764788,6.963721635172,7.353570058326,7.821640417824,
    8.407110090534,9.197325542283,10.107526890421,11.137050913086,
    12.166574935752,13.07677628389,13.866991735638,14.452461408348,
    14.920531767847,15.310380191,15.652871061385,15.970260568747,
    16.278009828838,16.586646547997,16.903200216603,17.23221688199,
    17.576458000278,17.937381027612,18.315473436125,18.682463670827,
    19.092609783221,19.517557555084,19.955724802036,20.405265037068,
    20.864127871286,21.330109396521,21.800895700545,22.274101826172),
  .UNSPECIFIED.);
#5814 = CARTESIAN_POINT('',(-37.69313861845,-10.4804511145,0.));
#5815 = CARTESIAN_POINT('',(-37.64869485137,-10.63181987701,0.));
#5816 = CARTESIAN_POINT('',(-37.55081026772,-10.93108200444,0.));
#5817 = CARTESIAN_POINT('',(-37.37761963399,-11.36830443369,0.));
#5818 = CARTESIAN_POINT('',(-37.1803009786,-11.78993141996,0.));
#5819 = CARTESIAN_POINT('',(-36.9609583363,-12.19239723438,0.));
#5820 = CARTESIAN_POINT('',(-36.72391584329,-12.57400821064,0.));
#5821 = CARTESIAN_POINT('',(-36.46726323185,-12.92849920188,0.));
#5822 = CARTESIAN_POINT('',(-36.21272529805,-13.26846612163,0.));
#5823 = CARTESIAN_POINT('',(-35.90570756881,-13.53618063841,0.));
#5824 = CARTESIAN_POINT('',(-35.76268227754,-13.90930917081,0.));
#5825 = CARTESIAN_POINT('',(-35.45294216484,-14.12787424423,0.));
#5826 = CARTESIAN_POINT('',(-35.17988667205,-14.36068834226,0.));
#5827 = CARTESIAN_POINT('',(-34.89818813757,-14.56098590562,0.));
#5828 = CARTESIAN_POINT('',(-34.62251331053,-14.74205584151,0.));
#5829 = CARTESIAN_POINT('',(-34.34889753163,-14.90453083631,0.));
#5830 = CARTESIAN_POINT('',(-34.07576445135,-15.05330572984,0.));
#5831 = CARTESIAN_POINT('',(-33.79783678485,-15.19353980524,0.));
#5832 = CARTESIAN_POINT('',(-33.50669015742,-15.33236510783,0.));
#5833 = CARTESIAN_POINT('',(-33.1890593692,-15.47922119297,0.));
#5834 = CARTESIAN_POINT('',(-32.82732883971,-15.65000684384,0.));
#5835 = CARTESIAN_POINT('',(-32.39431313968,-15.86116435474,0.));
#5836 = CARTESIAN_POINT('',(-31.87543506563,-16.1906851269,0.));
#5837 = CARTESIAN_POINT('',(-31.16818841901,-16.49733224821,0.));
#5838 = CARTESIAN_POINT('',(-30.5226020704,-17.15828588725,0.));
#5839 = CARTESIAN_POINT('',(-29.89782214092,-17.92884163795,0.));
#5840 = CARTESIAN_POINT('',(-29.45644293841,-18.81726187905,0.));
#5841 = CARTESIAN_POINT('',(-29.12340462229,-19.67907794207,0.));
#5842 = CARTESIAN_POINT('',(-29.13826946436,-20.44979793833,0.));
#5843 = CARTESIAN_POINT('',(-29.05407656875,-21.05867391202,0.));
#5844 = CARTESIAN_POINT('',(-29.04188216344,-21.5402768474,0.));
#5845 = CARTESIAN_POINT('',(-29.03679836367,-21.94026543409,0.));
#5846 = CARTESIAN_POINT('',(-29.03516196793,-22.29019878429,0.));
#5847 = CARTESIAN_POINT('',(-29.02982871095,-22.61270518682,0.));
#5848 = CARTESIAN_POINT('',(-29.01772263432,-22.92377242492,0.));
#5849 = CARTESIAN_POINT('',(-28.99585581316,-23.23402633806,0.));
#5850 = CARTESIAN_POINT('',(-28.96172746179,-23.55041055706,0.));
#5851 = CARTESIAN_POINT('',(-28.91153991656,-23.87639236982,0.));
#5852 = CARTESIAN_POINT('',(-28.84636464471,-24.21584098471,0.));
#5853 = CARTESIAN_POINT('',(-28.74802084325,-24.56093546902,0.));
#5854 = CARTESIAN_POINT('',(-28.67787775235,-24.93348019859,0.));
#5855 = CARTESIAN_POINT('',(-28.39788295413,-25.21858377382,0.));
#5856 = CARTESIAN_POINT('',(-28.28190103803,-25.60906955295,0.));
#5857 = CARTESIAN_POINT('',(-28.07839512954,-25.98183276396,0.));
#5858 = CARTESIAN_POINT('',(-27.86255612976,-26.36255307074,0.));
#5859 = CARTESIAN_POINT('',(-27.6139015863,-26.7367014353,0.));
#5860 = CARTESIAN_POINT('',(-27.33892403107,-27.10341286222,0.));
#5861 = CARTESIAN_POINT('',(-27.03736776604,-27.45805040443,0.));
#5862 = CARTESIAN_POINT('',(-26.71160224467,-27.7972189073,0.));
#5863 = CARTESIAN_POINT('',(-26.48004656416,-28.01057583699,0.));
#5864 = CARTESIAN_POINT('',(-26.36081930276,-28.11388416597,0.));
#5865 = SURFACE_OF_LINEAR_EXTRUSION('',#5866,#5918);
#5866 = B_SPLINE_CURVE_WITH_KNOTS('',3,(#5867,#5868,#5869,#5870,#5871,
    #5872,#5873,#5874,#5875,#5876,#5877,#5878,#5879,#5880,#5881,#5882,
    #5883,#5884,#5885,#5886,#5887,#5888,#5889,#5890,#5891,#5892,#5893,
    #5894,#5895,#5896,#5897,#5898,#5899,#5900,#5901,#5902,#5903,#5904,
    #5905,#5906,#5907,#5908,#5909,#5910,#5911,#5912,#5913,#5914,#5915,
    #5916,#5917),.UNSPECIFIED.,.F.,.F.,(4,1,1,1,1,1,1,1,1,1,1,1,1,1,1,1,
    1,1,1,1,1,1,1,1,1,1,1,1,1,1,1,1,1,1,1,1,1,1,1,1,1,1,1,1,1,1,1,1,4),(
    0.,0.473206125628,0.943992429652,1.409973954886,1.868836789104,
    2.318377024136,2.756544271089,3.181492042951,3.591638155345,
    3.958628390048,4.336720798561,4.697643825895,5.041884944182,
    5.37090160957,5.687455278175,5.996091997334,6.303841257426,
    6.621230764788,6.963721635172,7.353570058326,7.821640417824,
    8.407110090534,9.197325542283,10.107526890421,11.137050913086,
    12.166574935752,13.07677628389,13.866991735638,14.452461408348,
    14.920531767847,15.310380191,15.652871061385,15.970260568747,
    16.278009828838,16.586646547997,16.903200216603,17.23221688199,
    17.576458000278,17.937381027612,18.315473436125,18.682463670827,
    19.092609783221,19.517557555084,19.955724802036,20.405265037068,
    20.864127871286,21.330109396521,21.800895700545,22.274101826172),
  .UNSPECIFIED.);
#5867 = CARTESIAN_POINT('',(-37.69313861845,-10.4804511145,0.));
#5868 = CARTESIAN_POINT('',(-37.64869485137,-10.63181987701,0.));
#5869 = CARTESIAN_POINT('',(-37.55081026772,-10.93108200444,0.));
#5870 = CARTESIAN_POINT('',(-37.37761963399,-11.36830443369,0.));
#5871 = CARTESIAN_POINT('',(-37.1803009786,-11.78993141996,0.));
#5872 = CARTESIAN_POINT('',(-36.9609583363,-12.19239723438,0.));
#5873 = CARTESIAN_POINT('',(-36.72391584329,-12.57400821064,0.));
#5874 = CARTESIAN_POINT('',(-36.46726323185,-12.92849920188,0.));
#5875 = CARTESIAN_POINT('',(-36.21272529805,-13.26846612163,0.));
#5876 = CARTESIAN_POINT('',(-35.90570756881,-13.53618063841,0.));
#5877 = CARTESIAN_POINT('',(-35.76268227754,-13.90930917081,0.));
#5878 = CARTESIAN_POINT('',(-35.45294216484,-14.12787424423,0.));
#5879 = CARTESIAN_POINT('',(-35.17988667205,-14.36068834226,0.));
#5880 = CARTESIAN_POINT('',(-34.89818813757,-14.56098590562,0.));
#5881 = CARTESIAN_POINT('',(-34.62251331053,-14.74205584151,0.));
#5882 = CARTESIAN_POINT('',(-34.34889753163,-14.90453083631,0.));
#5883 = CARTESIAN_POINT('',(-34.07576445135,-15.05330572984,0.));
#5884 = CARTESIAN_POINT('',(-33.79783678485,-15.19353980524,0.));
#5885 = CARTESIAN_POINT('',(-33.50669015742,-15.33236510783,0.));
#5886 = CARTESIAN_POINT('',(-33.1890593692,-15.47922119297,0.));
#5887 = CARTESIAN_POINT('',(-32.82732883971,-15.65000684384,0.));
#5888 = CARTESIAN_POINT('',(-32.39431313968,-15.86116435474,0.));
#5889 = CARTESIAN_POINT('',(-31.87543506563,-16.1906851269,0.));
#5890 = CARTESIAN_POINT('',(-31.16818841901,-16.49733224821,0.));
#5891 = CARTESIAN_POINT('',(-30.5226020704,-17.15828588725,0.));
#5892 = CARTESIAN_POINT('',(-29.89782214092,-17.92884163795,0.));
#5893 = CARTESIAN_POINT('',(-29.45644293841,-18.81726187905,0.));
#5894 = CARTESIAN_POINT('',(-29.12340462229,-19.67907794207,0.));
#5895 = CARTESIAN_POINT('',(-29.13826946436,-20.44979793833,0.));
#5896 = CARTESIAN_POINT('',(-29.05407656875,-21.05867391202,0.));
#5897 = CARTESIAN_POINT('',(-29.04188216344,-21.5402768474,0.));
#5898 = CARTESIAN_POINT('',(-29.03679836367,-21.94026543409,0.));
#5899 = CARTESIAN_POINT('',(-29.03516196793,-22.29019878429,0.));
#5900 = CARTESIAN_POINT('',(-29.02982871095,-22.61270518682,0.));
#5901 = CARTESIAN_POINT('',(-29.01772263432,-22.92377242492,0.));
#5902 = CARTESIAN_POINT('',(-28.99585581316,-23.23402633806,0.));
#5903 = CARTESIAN_POINT('',(-28.96172746179,-23.55041055706,0.));
#5904 = CARTESIAN_POINT('',(-28.91153991656,-23.87639236982,0.));
#5905 = CARTESIAN_POINT('',(-28.84636464471,-24.21584098471,0.));
#5906 = CARTESIAN_POINT('',(-28.74802084325,-24.56093546902,0.));
#5907 = CARTESIAN_POINT('',(-28.67787775235,-24.93348019859,0.));
#5908 = CARTESIAN_POINT('',(-28.39788295413,-25.21858377382,0.));
#5909 = CARTESIAN_POINT('',(-28.28190103803,-25.60906955295,0.));
#5910 = CARTESIAN_POINT('',(-28.07839512954,-25.98183276396,0.));
#5911 = CARTESIAN_POINT('',(-27.86255612976,-26.36255307074,0.));
#5912 = CARTESIAN_POINT('',(-27.6139015863,-26.7367014353,0.));
#5913 = CARTESIAN_POINT('',(-27.33892403107,-27.10341286222,0.));
#5914 = CARTESIAN_POINT('',(-27.03736776604,-27.45805040443,0.));
#5915 = CARTESIAN_POINT('',(-26.71160224467,-27.7972189073,0.));
#5916 = CARTESIAN_POINT('',(-26.48004656416,-28.01057583699,0.));
#5917 = CARTESIAN_POINT('',(-26.36081930276,-28.11388416597,0.));
#5918 = VECTOR('',#5919,1.);
#5919 = DIRECTION('',(-0.,-0.,-1.));
#5920 = ADVANCED_FACE('',(#5921),#6042,.F.);
#5921 = FACE_BOUND('',#5922,.F.);
#5922 = EDGE_LOOP('',(#5923,#5924,#5980,#5988));
#5923 = ORIENTED_EDGE('',*,*,#5804,.T.);
#5924 = ORIENTED_EDGE('',*,*,#5925,.T.);
#5925 = EDGE_CURVE('',#5749,#5926,#5928,.T.);
#5926 = VERTEX_POINT('',#5927);
#5927 = CARTESIAN_POINT('',(-7.294111983766,-36.82135763797,5.));
#5928 = B_SPLINE_CURVE_WITH_KNOTS('',3,(#5929,#5930,#5931,#5932,#5933,
    #5934,#5935,#5936,#5937,#5938,#5939,#5940,#5941,#5942,#5943,#5944,
    #5945,#5946,#5947,#5948,#5949,#5950,#5951,#5952,#5953,#5954,#5955,
    #5956,#5957,#5958,#5959,#5960,#5961,#5962,#5963,#5964,#5965,#5966,
    #5967,#5968,#5969,#5970,#5971,#5972,#5973,#5974,#5975,#5976,#5977,
    #5978,#5979),.UNSPECIFIED.,.F.,.F.,(4,1,1,1,1,1,1,1,1,1,1,1,1,1,1,1,
    1,1,1,1,1,1,1,1,1,1,1,1,1,1,1,1,1,1,1,1,1,1,1,1,1,1,1,1,1,1,1,1,4),(
    0.,0.473206125628,0.943992429652,1.409973954886,1.868836789104,
    2.318377024136,2.756544271089,3.181492042951,3.591638155345,
    3.958628390048,4.336720798561,4.697643825895,5.041884944182,
    5.37090160957,5.687455278175,5.996091997334,6.303841257426,
    6.621230764788,6.963721635172,7.353570058326,7.821640417824,
    8.407110090534,9.197325542283,10.107526890421,11.137050913086,
    12.166574935752,13.07677628389,13.866991735638,14.452461408348,
    14.920531767847,15.310380191,15.652871061385,15.970260568747,
    16.278009828838,16.586646547997,16.903200216603,17.23221688199,
    17.576458000278,17.937381027612,18.315473436125,18.682463670827,
    19.092609783221,19.517557555084,19.955724802036,20.405265037068,
    20.864127871286,21.330109396521,21.800895700545,22.274101826172),
  .UNSPECIFIED.);
#5929 = CARTESIAN_POINT('',(-26.36081930276,-28.11388416597,5.));
#5930 = CARTESIAN_POINT('',(-26.24159469518,-28.21719555763,5.));
#5931 = CARTESIAN_POINT('',(-25.99745562218,-28.41603047825,5.));
#5932 = CARTESIAN_POINT('',(-25.61537809814,-28.6902114657,5.));
#5933 = CARTESIAN_POINT('',(-25.22143432368,-28.93822813829,5.));
#5934 = CARTESIAN_POINT('',(-24.81932210403,-29.15821834107,5.));
#5935 = CARTESIAN_POINT('',(-24.4135947992,-29.35109507582,5.));
#5936 = CARTESIAN_POINT('',(-24.00603258384,-29.51055499691,5.));
#5937 = CARTESIAN_POINT('',(-23.60810165438,-29.65893977259,5.));
#5938 = CARTESIAN_POINT('',(-23.20508450982,-29.71816923951,5.));
#5939 = CARTESIAN_POINT('',(-22.88303546348,-29.95473962521,5.));
#5940 = CARTESIAN_POINT('',(-22.50430029945,-29.97115011765,5.));
#5941 = CARTESIAN_POINT('',(-22.14872259721,-30.01938085528,5.));
#5942 = CARTESIAN_POINT('',(-21.8034536715,-30.03558416211,5.));
#5943 = CARTESIAN_POINT('',(-21.47364745119,-30.03886882153,5.));
#5944 = CARTESIAN_POINT('',(-21.15562659654,-30.02762362653,5.));
#5945 = CARTESIAN_POINT('',(-20.84541864777,-30.00511413951,5.));
#5946 = CARTESIAN_POINT('',(-20.53579475129,-29.97282751005,5.));
#5947 = CARTESIAN_POINT('',(-20.21581199732,-29.93220903565,5.));
#5948 = CARTESIAN_POINT('',(-19.86920758067,-29.8840280671,5.));
#5949 = CARTESIAN_POINT('',(-19.47256680091,-29.83213581009,5.));
#5950 = CARTESIAN_POINT('',(-18.99413044418,-29.77566685008,5.));
#5951 = CARTESIAN_POINT('',(-18.37947005165,-29.77235069768,5.));
#5952 = CARTESIAN_POINT('',(-17.61871036126,-29.64795226665,5.));
#5953 = CARTESIAN_POINT('',(-16.71827004904,-29.85495151928,5.));
#5954 = CARTESIAN_POINT('',(-15.77607783517,-30.165402735,5.));
#5955 = CARTESIAN_POINT('',(-14.92444977634,-30.67416178861,5.));
#5956 = CARTESIAN_POINT('',(-14.17834717554,-31.2191134888,5.));
#5957 = CARTESIAN_POINT('',(-13.77416958763,-31.87552094885,5.));
#5958 = CARTESIAN_POINT('',(-13.37415881262,-32.34222189687,5.));
#5959 = CARTESIAN_POINT('',(-13.10352602139,-32.74077927442,5.));
#5960 = CARTESIAN_POINT('',(-12.8829991004,-33.0745225764,5.));
#5961 = CARTESIAN_POINT('',(-12.69243422419,-33.36802054118,5.));
#5962 = CARTESIAN_POINT('',(-12.51358747782,-33.63644681525,5.));
#5963 = CARTESIAN_POINT('',(-12.3352275522,-33.89158818909,5.));
#5964 = CARTESIAN_POINT('',(-12.14909608243,-34.14076829353,5.));
#5965 = CARTESIAN_POINT('',(-11.94933526347,-34.38847645571,5.));
#5966 = CARTESIAN_POINT('',(-11.73087574002,-34.63557637185,5.));
#5967 = CARTESIAN_POINT('',(-11.49252703568,-34.8859023061,5.));
#5968 = CARTESIAN_POINT('',(-11.22322280118,-35.12304558697,5.));
#5969 = CARTESIAN_POINT('',(-10.96280179102,-35.39852793886,5.));
#5970 = CARTESIAN_POINT('',(-10.57311654787,-35.48699571214,5.));
#5971 = CARTESIAN_POINT('',(-10.26443380038,-35.75278869543,5.));
#5972 = CARTESIAN_POINT('',(-9.891702728798,-35.95635346287,5.));
#5973 = CARTESIAN_POINT('',(-9.504294469826,-36.1599443927,5.));
#5974 = CARTESIAN_POINT('',(-9.092833079014,-36.34026523055,5.));
#5975 = CARTESIAN_POINT('',(-8.663248073611,-36.50009842373,5.));
#5976 = CARTESIAN_POINT('',(-8.217831269593,-36.63540488335,5.));
#5977 = CARTESIAN_POINT('',(-7.760411537219,-36.74460944685,5.));
#5978 = CARTESIAN_POINT('',(-7.450265038061,-36.79890826531,5.));
#5979 = CARTESIAN_POINT('',(-7.294111983766,-36.82135763797,5.));
#5980 = ORIENTED_EDGE('',*,*,#5981,.F.);
#5981 = EDGE_CURVE('',#5982,#5926,#5984,.T.);
#5982 = VERTEX_POINT('',#5983);
#5983 = CARTESIAN_POINT('',(-7.294111983766,-36.82135763797,0.));
#5984 = LINE('',#5985,#5986);
#5985 = CARTESIAN_POINT('',(-7.294111983766,-36.82135763797,0.));
#5986 = VECTOR('',#5987,1.);
#5987 = DIRECTION('',(0.,0.,1.));
#5988 = ORIENTED_EDGE('',*,*,#5989,.F.);
#5989 = EDGE_CURVE('',#5805,#5982,#5990,.T.);
#5990 = B_SPLINE_CURVE_WITH_KNOTS('',3,(#5991,#5992,#5993,#5994,#5995,
    #5996,#5997,#5998,#5999,#6000,#6001,#6002,#6003,#6004,#6005,#6006,
    #6007,#6008,#6009,#6010,#6011,#6012,#6013,#6014,#6015,#6016,#6017,
    #6018,#6019,#6020,#6021,#6022,#6023,#6024,#6025,#6026,#6027,#6028,
    #6029,#6030,#6031,#6032,#6033,#6034,#6035,#6036,#6037,#6038,#6039,
    #6040,#6041),.UNSPECIFIED.,.F.,.F.,(4,1,1,1,1,1,1,1,1,1,1,1,1,1,1,1,
    1,1,1,1,1,1,1,1,1,1,1,1,1,1,1,1,1,1,1,1,1,1,1,1,1,1,1,1,1,1,1,1,4),(
    0.,0.473206125628,0.943992429652,1.409973954886,1.868836789104,
    2.318377024136,2.756544271089,3.181492042951,3.591638155345,
    3.958628390048,4.336720798561,4.697643825895,5.041884944182,
    5.37090160957,5.687455278175,5.996091997334,6.303841257426,
    6.621230764788,6.963721635172,7.353570058326,7.821640417824,
    8.407110090534,9.197325542283,10.107526890421,11.137050913086,
    12.166574935752,13.07677628389,13.866991735638,14.452461408348,
    14.920531767847,15.310380191,15.652871061385,15.970260568747,
    16.278009828838,16.586646547997,16.903200216603,17.23221688199,
    17.576458000278,17.937381027612,18.315473436125,18.682463670827,
    19.092609783221,19.517557555084,19.955724802036,20.405265037068,
    20.864127871286,21.330109396521,21.800895700545,22.274101826172),
  .UNSPECIFIED.);
#5991 = CARTESIAN_POINT('',(-26.36081930276,-28.11388416597,0.));
#5992 = CARTESIAN_POINT('',(-26.24159469518,-28.21719555763,0.));
#5993 = CARTESIAN_POINT('',(-25.99745562218,-28.41603047825,0.));
#5994 = CARTESIAN_POINT('',(-25.61537809814,-28.6902114657,0.));
#5995 = CARTESIAN_POINT('',(-25.22143432368,-28.93822813829,0.));
#5996 = CARTESIAN_POINT('',(-24.81932210403,-29.15821834107,0.));
#5997 = CARTESIAN_POINT('',(-24.4135947992,-29.35109507582,0.));
#5998 = CARTESIAN_POINT('',(-24.00603258384,-29.51055499691,0.));
#5999 = CARTESIAN_POINT('',(-23.60810165438,-29.65893977259,0.));
#6000 = CARTESIAN_POINT('',(-23.20508450982,-29.71816923951,0.));
#6001 = CARTESIAN_POINT('',(-22.88303546348,-29.95473962521,0.));
#6002 = CARTESIAN_POINT('',(-22.50430029945,-29.97115011765,0.));
#6003 = CARTESIAN_POINT('',(-22.14872259721,-30.01938085528,0.));
#6004 = CARTESIAN_POINT('',(-21.8034536715,-30.03558416211,0.));
#6005 = CARTESIAN_POINT('',(-21.47364745119,-30.03886882153,0.));
#6006 = CARTESIAN_POINT('',(-21.15562659654,-30.02762362653,0.));
#6007 = CARTESIAN_POINT('',(-20.84541864777,-30.00511413951,0.));
#6008 = CARTESIAN_POINT('',(-20.53579475129,-29.97282751005,0.));
#6009 = CARTESIAN_POINT('',(-20.21581199732,-29.93220903565,0.));
#6010 = CARTESIAN_POINT('',(-19.86920758067,-29.8840280671,0.));
#6011 = CARTESIAN_POINT('',(-19.47256680091,-29.83213581009,0.));
#6012 = CARTESIAN_POINT('',(-18.99413044418,-29.77566685008,0.));
#6013 = CARTESIAN_POINT('',(-18.37947005165,-29.77235069768,0.));
#6014 = CARTESIAN_POINT('',(-17.61871036126,-29.64795226665,0.));
#6015 = CARTESIAN_POINT('',(-16.71827004904,-29.85495151928,0.));
#6016 = CARTESIAN_POINT('',(-15.77607783517,-30.165402735,0.));
#6017 = CARTESIAN_POINT('',(-14.92444977634,-30.67416178861,0.));
#6018 = CARTESIAN_POINT('',(-14.17834717554,-31.2191134888,0.));
#6019 = CARTESIAN_POINT('',(-13.77416958763,-31.87552094885,0.));
#6020 = CARTESIAN_POINT('',(-13.37415881262,-32.34222189687,0.));
#6021 = CARTESIAN_POINT('',(-13.10352602139,-32.74077927442,0.));
#6022 = CARTESIAN_POINT('',(-12.8829991004,-33.0745225764,0.));
#6023 = CARTESIAN_POINT('',(-12.69243422419,-33.36802054118,0.));
#6024 = CARTESIAN_POINT('',(-12.51358747782,-33.63644681525,0.));
#6025 = CARTESIAN_POINT('',(-12.3352275522,-33.89158818909,0.));
#6026 = CARTESIAN_POINT('',(-12.14909608243,-34.14076829353,0.));
#6027 = CARTESIAN_POINT('',(-11.94933526347,-34.38847645571,0.));
#6028 = CARTESIAN_POINT('',(-11.73087574002,-34.63557637185,0.));
#6029 = CARTESIAN_POINT('',(-11.49252703568,-34.8859023061,0.));
#6030 = CARTESIAN_POINT('',(-11.22322280118,-35.12304558697,0.));
#6031 = CARTESIAN_POINT('',(-10.96280179102,-35.39852793886,0.));
#6032 = CARTESIAN_POINT('',(-10.57311654787,-35.48699571214,0.));
#6033 = CARTESIAN_POINT('',(-10.26443380038,-35.75278869543,0.));
#6034 = CARTESIAN_POINT('',(-9.891702728798,-35.95635346287,0.));
#6035 = CARTESIAN_POINT('',(-9.504294469826,-36.1599443927,0.));
#6036 = CARTESIAN_POINT('',(-9.092833079014,-36.34026523055,0.));
#6037 = CARTESIAN_POINT('',(-8.663248073611,-36.50009842373,0.));
#6038 = CARTESIAN_POINT('',(-8.217831269593,-36.63540488335,0.));
#6039 = CARTESIAN_POINT('',(-7.760411537219,-36.74460944685,0.));
#6040 = CARTESIAN_POINT('',(-7.450265038061,-36.79890826531,0.));
#6041 = CARTESIAN_POINT('',(-7.294111983766,-36.82135763797,0.));
#6042 = SURFACE_OF_LINEAR_EXTRUSION('',#6043,#6095);
#6043 = B_SPLINE_CURVE_WITH_KNOTS('',3,(#6044,#6045,#6046,#6047,#6048,
    #6049,#6050,#6051,#6052,#6053,#6054,#6055,#6056,#6057,#6058,#6059,
    #6060,#6061,#6062,#6063,#6064,#6065,#6066,#6067,#6068,#6069,#6070,
    #6071,#6072,#6073,#6074,#6075,#6076,#6077,#6078,#6079,#6080,#6081,
    #6082,#6083,#6084,#6085,#6086,#6087,#6088,#6089,#6090,#6091,#6092,
    #6093,#6094),.UNSPECIFIED.,.F.,.F.,(4,1,1,1,1,1,1,1,1,1,1,1,1,1,1,1,
    1,1,1,1,1,1,1,1,1,1,1,1,1,1,1,1,1,1,1,1,1,1,1,1,1,1,1,1,1,1,1,1,4),(
    0.,0.473206125628,0.943992429652,1.409973954886,1.868836789104,
    2.318377024136,2.756544271089,3.181492042951,3.591638155345,
    3.958628390048,4.336720798561,4.697643825895,5.041884944182,
    5.37090160957,5.687455278175,5.996091997334,6.303841257426,
    6.621230764788,6.963721635172,7.353570058326,7.821640417824,
    8.407110090534,9.197325542283,10.107526890421,11.137050913086,
    12.166574935752,13.07677628389,13.866991735638,14.452461408348,
    14.920531767847,15.310380191,15.652871061385,15.970260568747,
    16.278009828838,16.586646547997,16.903200216603,17.23221688199,
    17.576458000278,17.937381027612,18.315473436125,18.682463670827,
    19.092609783221,19.517557555084,19.955724802036,20.405265037068,
    20.864127871286,21.330109396521,21.800895700545,22.274101826172),
  .UNSPECIFIED.);
#6044 = CARTESIAN_POINT('',(-26.36081930276,-28.11388416597,0.));
#6045 = CARTESIAN_POINT('',(-26.24159469518,-28.21719555763,0.));
#6046 = CARTESIAN_POINT('',(-25.99745562218,-28.41603047825,0.));
#6047 = CARTESIAN_POINT('',(-25.61537809814,-28.6902114657,0.));
#6048 = CARTESIAN_POINT('',(-25.22143432368,-28.93822813829,0.));
#6049 = CARTESIAN_POINT('',(-24.81932210403,-29.15821834107,0.));
#6050 = CARTESIAN_POINT('',(-24.4135947992,-29.35109507582,0.));
#6051 = CARTESIAN_POINT('',(-24.00603258384,-29.51055499691,0.));
#6052 = CARTESIAN_POINT('',(-23.60810165438,-29.65893977259,0.));
#6053 = CARTESIAN_POINT('',(-23.20508450982,-29.71816923951,0.));
#6054 = CARTESIAN_POINT('',(-22.88303546348,-29.95473962521,0.));
#6055 = CARTESIAN_POINT('',(-22.50430029945,-29.97115011765,0.));
#6056 = CARTESIAN_POINT('',(-22.14872259721,-30.01938085528,0.));
#6057 = CARTESIAN_POINT('',(-21.8034536715,-30.03558416211,0.));
#6058 = CARTESIAN_POINT('',(-21.47364745119,-30.03886882153,0.));
#6059 = CARTESIAN_POINT('',(-21.15562659654,-30.02762362653,0.));
#6060 = CARTESIAN_POINT('',(-20.84541864777,-30.00511413951,0.));
#6061 = CARTESIAN_POINT('',(-20.53579475129,-29.97282751005,0.));
#6062 = CARTESIAN_POINT('',(-20.21581199732,-29.93220903565,0.));
#6063 = CARTESIAN_POINT('',(-19.86920758067,-29.8840280671,0.));
#6064 = CARTESIAN_POINT('',(-19.47256680091,-29.83213581009,0.));
#6065 = CARTESIAN_POINT('',(-18.99413044418,-29.77566685008,0.));
#6066 = CARTESIAN_POINT('',(-18.37947005165,-29.77235069768,0.));
#6067 = CARTESIAN_POINT('',(-17.61871036126,-29.64795226665,0.));
#6068 = CARTESIAN_POINT('',(-16.71827004904,-29.85495151928,0.));
#6069 = CARTESIAN_POINT('',(-15.77607783517,-30.165402735,0.));
#6070 = CARTESIAN_POINT('',(-14.92444977634,-30.67416178861,0.));
#6071 = CARTESIAN_POINT('',(-14.17834717554,-31.2191134888,0.));
#6072 = CARTESIAN_POINT('',(-13.77416958763,-31.87552094885,0.));
#6073 = CARTESIAN_POINT('',(-13.37415881262,-32.34222189687,0.));
#6074 = CARTESIAN_POINT('',(-13.10352602139,-32.74077927442,0.));
#6075 = CARTESIAN_POINT('',(-12.8829991004,-33.0745225764,0.));
#6076 = CARTESIAN_POINT('',(-12.69243422419,-33.36802054118,0.));
#6077 = CARTESIAN_POINT('',(-12.51358747782,-33.63644681525,0.));
#6078 = CARTESIAN_POINT('',(-12.3352275522,-33.89158818909,0.));
#6079 = CARTESIAN_POINT('',(-12.14909608243,-34.14076829353,0.));
#6080 = CARTESIAN_POINT('',(-11.94933526347,-34.38847645571,0.));
#6081 = CARTESIAN_POINT('',(-11.73087574002,-34.63557637185,0.));
#6082 = CARTESIAN_POINT('',(-11.49252703568,-34.8859023061,0.));
#6083 = CARTESIAN_POINT('',(-11.22322280118,-35.12304558697,0.));
#6084 = CARTESIAN_POINT('',(-10.96280179102,-35.39852793886,0.));
#6085 = CARTESIAN_POINT('',(-10.57311654787,-35.48699571214,0.));
#6086 = CARTESIAN_POINT('',(-10.26443380038,-35.75278869543,0.));
#6087 = CARTESIAN_POINT('',(-9.891702728798,-35.95635346287,0.));
#6088 = CARTESIAN_POINT('',(-9.504294469826,-36.1599443927,0.));
#6089 = CARTESIAN_POINT('',(-9.092833079014,-36.34026523055,0.));
#6090 = CARTESIAN_POINT('',(-8.663248073611,-36.50009842373,0.));
#6091 = CARTESIAN_POINT('',(-8.217831269593,-36.63540488335,0.));
#6092 = CARTESIAN_POINT('',(-7.760411537219,-36.74460944685,0.));
#6093 = CARTESIAN_POINT('',(-7.450265038061,-36.79890826531,0.));
#6094 = CARTESIAN_POINT('',(-7.294111983766,-36.82135763797,0.));
#6095 = VECTOR('',#6096,1.);
#6096 = DIRECTION('',(-0.,-0.,-1.));
#6097 = ADVANCED_FACE('',(#6098),#6219,.F.);
#6098 = FACE_BOUND('',#6099,.F.);
#6099 = EDGE_LOOP('',(#6100,#6101,#6157,#6165));
#6100 = ORIENTED_EDGE('',*,*,#5981,.T.);
#6101 = ORIENTED_EDGE('',*,*,#6102,.T.);
#6102 = EDGE_CURVE('',#5926,#6103,#6105,.T.);
#6103 = VERTEX_POINT('',#6104);
#6104 = CARTESIAN_POINT('',(13.45343848367,-33.83831022718,5.));
#6105 = B_SPLINE_CURVE_WITH_KNOTS('',3,(#6106,#6107,#6108,#6109,#6110,
    #6111,#6112,#6113,#6114,#6115,#6116,#6117,#6118,#6119,#6120,#6121,
    #6122,#6123,#6124,#6125,#6126,#6127,#6128,#6129,#6130,#6131,#6132,
    #6133,#6134,#6135,#6136,#6137,#6138,#6139,#6140,#6141,#6142,#6143,
    #6144,#6145,#6146,#6147,#6148,#6149,#6150,#6151,#6152,#6153,#6154,
    #6155,#6156),.UNSPECIFIED.,.F.,.F.,(4,1,1,1,1,1,1,1,1,1,1,1,1,1,1,1,
    1,1,1,1,1,1,1,1,1,1,1,1,1,1,1,1,1,1,1,1,1,1,1,1,1,1,1,1,1,1,1,1,4),(
    0.,0.473206125628,0.943992429652,1.409973954886,1.868836789104,
    2.318377024136,2.756544271089,3.181492042951,3.591638155345,
    3.958628390048,4.336720798561,4.697643825895,5.041884944182,
    5.37090160957,5.687455278175,5.996091997334,6.303841257426,
    6.621230764788,6.963721635172,7.353570058326,7.821640417824,
    8.407110090534,9.197325542283,10.107526890421,11.137050913086,
    12.166574935752,13.07677628389,13.866991735638,14.452461408348,
    14.920531767847,15.310380191,15.652871061385,15.970260568747,
    16.278009828838,16.586646547997,16.903200216603,17.23221688199,
    17.576458000278,17.937381027612,18.315473436125,18.682463670827,
    19.092609783221,19.517557555084,19.955724802036,20.405265037068,
    20.864127871286,21.330109396521,21.800895700545,22.274101826172),
  .UNSPECIFIED.);
#6106 = CARTESIAN_POINT('',(-7.294111983766,-36.82135763797,5.));
#6107 = CARTESIAN_POINT('',(-7.137959506203,-36.84381102188,5.));
#6108 = CARTESIAN_POINT('',(-6.825078374511,-36.8790900533,5.));
#6109 = CARTESIAN_POINT('',(-6.355420874414,-36.90317907269,5.));
#6110 = CARTESIAN_POINT('',(-5.889926345802,-36.89884189045,5.));
#6111 = CARTESIAN_POINT('',(-5.432712337365,-36.8665111466,5.));
#6112 = CARTESIAN_POINT('',(-4.987115773269,-36.80941663936,5.));
#6113 = CARTESIAN_POINT('',(-4.558042077655,-36.72321809204,5.));
#6114 = CARTESIAN_POINT('',(-4.143058411005,-36.63290960581,5.));
#6115 = CARTESIAN_POINT('',(-3.771996946936,-36.46484908562,5.));
#6116 = CARTESIAN_POINT('',(-3.373172442248,-36.48975189868,5.));
#6117 = CARTESIAN_POINT('',(-3.04568796546,-36.29879759474,5.));
#6118 = CARTESIAN_POINT('',(-2.720481461831,-36.14713205355,5.));
#6119 = CARTESIAN_POINT('',(-2.421262589247,-35.97409666843,5.));
#6120 = CARTESIAN_POINT('',(-2.14203612031,-35.79855319521,5.));
#6121 = CARTESIAN_POINT('',(-1.880579564238,-35.61715808037,5.));
#6122 = CARTESIAN_POINT('',(-1.631785578886,-35.43051081589,5.));
#6123 = CARTESIAN_POINT('',(-1.388768851871,-35.2359542583,5.));
#6124 = CARTESIAN_POINT('',(-1.141542234852,-35.02878808553,5.));
#6125 = CARTESIAN_POINT('',(-0.876008643073,-34.80086718037,5.));
#6126 = CARTESIAN_POINT('',(-0.570388258088,-34.54277244043,5.));
#6127 = CARTESIAN_POINT('',(-0.198431407451,-34.23660550533,5.));
#6128 = CARTESIAN_POINT('',(0.316860971913,-33.90150528333,5.));
#6129 = CARTESIAN_POINT('',(0.889597879646,-33.38555692285,5.));
#6130 = CARTESIAN_POINT('',(1.759008718566,-33.07288098894,5.));
#6131 = CARTESIAN_POINT('',(2.719473846132,-32.82466160223,5.));
#6132 = CARTESIAN_POINT('',(3.71096486991,-32.79223206355,5.));
#6133 = CARTESIAN_POINT('',(4.633249451359,-32.84730108655,5.));
#6134 = CARTESIAN_POINT('',(5.328145940855,-33.18099127977,5.));
#6135 = CARTESIAN_POINT('',(5.916974000553,-33.35734294867,5.));
#6136 = CARTESIAN_POINT('',(6.360121178674,-33.5463156171,5.));
#6137 = CARTESIAN_POINT('',(6.726075481651,-33.70785249411,5.));
#6138 = CARTESIAN_POINT('',(7.045065836589,-33.85173154341,5.));
#6139 = CARTESIAN_POINT('',(7.340643494055,-33.98085424362,5.));
#6140 = CARTESIAN_POINT('',(7.628629252517,-34.09906416974,5.));
#6141 = CARTESIAN_POINT('',(7.919929944391,-34.20805754294,5.));
#6142 = CARTESIAN_POINT('',(8.22190058235,-34.30844405703,5.));
#6143 = CARTESIAN_POINT('',(8.539272728887,-34.39820959911,5.));
#6144 = CARTESIAN_POINT('',(8.87512083618,-34.4799361373,5.));
#6145 = CARTESIAN_POINT('',(9.229883312088,-34.53383689864,5.));
#6146 = CARTESIAN_POINT('',(9.597900410823,-34.62479317258,5.));
#6147 = CARTESIAN_POINT('',(9.973553787581,-34.48853725099,5.));
#6148 = CARTESIAN_POINT('',(10.376932775193,-34.54525004424,5.));
#6149 = CARTESIAN_POINT('',(10.800549528239,-34.51498599278,5.));
#6150 = CARTESIAN_POINT('',(11.236527661474,-34.47680886393,5.));
#6151 = CARTESIAN_POINT('',(11.680159815296,-34.40605158313,5.));
#6152 = CARTESIAN_POINT('',(12.127962066961,-34.30826063307,5.));
#6153 = CARTESIAN_POINT('',(12.575822721862,-34.18127716522,5.));
#6154 = CARTESIAN_POINT('',(13.019669132185,-34.02584611202,5.));
#6155 = CARTESIAN_POINT('',(13.309937127896,-33.90384732805,5.));
#6156 = CARTESIAN_POINT('',(13.45343848367,-33.83831022718,5.));
#6157 = ORIENTED_EDGE('',*,*,#6158,.F.);
#6158 = EDGE_CURVE('',#6159,#6103,#6161,.T.);
#6159 = VERTEX_POINT('',#6160);
#6160 = CARTESIAN_POINT('',(13.45343848367,-33.83831022718,0.));
#6161 = LINE('',#6162,#6163);
#6162 = CARTESIAN_POINT('',(13.45343848367,-33.83831022718,0.));
#6163 = VECTOR('',#6164,1.);
#6164 = DIRECTION('',(0.,0.,1.));
#6165 = ORIENTED_EDGE('',*,*,#6166,.F.);
#6166 = EDGE_CURVE('',#5982,#6159,#6167,.T.);
#6167 = B_SPLINE_CURVE_WITH_KNOTS('',3,(#6168,#6169,#6170,#6171,#6172,
    #6173,#6174,#6175,#6176,#6177,#6178,#6179,#6180,#6181,#6182,#6183,
    #6184,#6185,#6186,#6187,#6188,#6189,#6190,#6191,#6192,#6193,#6194,
    #6195,#6196,#6197,#6198,#6199,#6200,#6201,#6202,#6203,#6204,#6205,
    #6206,#6207,#6208,#6209,#6210,#6211,#6212,#6213,#6214,#6215,#6216,
    #6217,#6218),.UNSPECIFIED.,.F.,.F.,(4,1,1,1,1,1,1,1,1,1,1,1,1,1,1,1,
    1,1,1,1,1,1,1,1,1,1,1,1,1,1,1,1,1,1,1,1,1,1,1,1,1,1,1,1,1,1,1,1,4),(
    0.,0.473206125628,0.943992429652,1.409973954886,1.868836789104,
    2.318377024136,2.756544271089,3.181492042951,3.591638155345,
    3.958628390048,4.336720798561,4.697643825895,5.041884944182,
    5.37090160957,5.687455278175,5.996091997334,6.303841257426,
    6.621230764788,6.963721635172,7.353570058326,7.821640417824,
    8.407110090534,9.197325542283,10.107526890421,11.137050913086,
    12.166574935752,13.07677628389,13.866991735638,14.452461408348,
    14.920531767847,15.310380191,15.652871061385,15.970260568747,
    16.278009828838,16.586646547997,16.903200216603,17.23221688199,
    17.576458000278,17.937381027612,18.315473436125,18.682463670827,
    19.092609783221,19.517557555084,19.955724802036,20.405265037068,
    20.864127871286,21.330109396521,21.800895700545,22.274101826172),
  .UNSPECIFIED.);
#6168 = CARTESIAN_POINT('',(-7.294111983766,-36.82135763797,0.));
#6169 = CARTESIAN_POINT('',(-7.137959506203,-36.84381102188,0.));
#6170 = CARTESIAN_POINT('',(-6.825078374511,-36.8790900533,0.));
#6171 = CARTESIAN_POINT('',(-6.355420874414,-36.90317907269,0.));
#6172 = CARTESIAN_POINT('',(-5.889926345802,-36.89884189045,0.));
#6173 = CARTESIAN_POINT('',(-5.432712337365,-36.8665111466,0.));
#6174 = CARTESIAN_POINT('',(-4.987115773269,-36.80941663936,0.));
#6175 = CARTESIAN_POINT('',(-4.558042077655,-36.72321809204,0.));
#6176 = CARTESIAN_POINT('',(-4.143058411005,-36.63290960581,0.));
#6177 = CARTESIAN_POINT('',(-3.771996946936,-36.46484908562,0.));
#6178 = CARTESIAN_POINT('',(-3.373172442248,-36.48975189868,0.));
#6179 = CARTESIAN_POINT('',(-3.04568796546,-36.29879759474,0.));
#6180 = CARTESIAN_POINT('',(-2.720481461831,-36.14713205355,0.));
#6181 = CARTESIAN_POINT('',(-2.421262589247,-35.97409666843,0.));
#6182 = CARTESIAN_POINT('',(-2.14203612031,-35.79855319521,0.));
#6183 = CARTESIAN_POINT('',(-1.880579564238,-35.61715808037,0.));
#6184 = CARTESIAN_POINT('',(-1.631785578886,-35.43051081589,0.));
#6185 = CARTESIAN_POINT('',(-1.388768851871,-35.2359542583,0.));
#6186 = CARTESIAN_POINT('',(-1.141542234852,-35.02878808553,0.));
#6187 = CARTESIAN_POINT('',(-0.876008643073,-34.80086718037,0.));
#6188 = CARTESIAN_POINT('',(-0.570388258088,-34.54277244043,0.));
#6189 = CARTESIAN_POINT('',(-0.198431407451,-34.23660550533,0.));
#6190 = CARTESIAN_POINT('',(0.316860971913,-33.90150528333,0.));
#6191 = CARTESIAN_POINT('',(0.889597879646,-33.38555692285,0.));
#6192 = CARTESIAN_POINT('',(1.759008718566,-33.07288098894,0.));
#6193 = CARTESIAN_POINT('',(2.719473846132,-32.82466160223,0.));
#6194 = CARTESIAN_POINT('',(3.71096486991,-32.79223206355,0.));
#6195 = CARTESIAN_POINT('',(4.633249451359,-32.84730108655,0.));
#6196 = CARTESIAN_POINT('',(5.328145940855,-33.18099127977,0.));
#6197 = CARTESIAN_POINT('',(5.916974000553,-33.35734294867,0.));
#6198 = CARTESIAN_POINT('',(6.360121178674,-33.5463156171,0.));
#6199 = CARTESIAN_POINT('',(6.726075481651,-33.70785249411,0.));
#6200 = CARTESIAN_POINT('',(7.045065836589,-33.85173154341,0.));
#6201 = CARTESIAN_POINT('',(7.340643494055,-33.98085424362,0.));
#6202 = CARTESIAN_POINT('',(7.628629252517,-34.09906416974,0.));
#6203 = CARTESIAN_POINT('',(7.919929944391,-34.20805754294,0.));
#6204 = CARTESIAN_POINT('',(8.22190058235,-34.30844405703,0.));
#6205 = CARTESIAN_POINT('',(8.539272728887,-34.39820959911,0.));
#6206 = CARTESIAN_POINT('',(8.87512083618,-34.4799361373,0.));
#6207 = CARTESIAN_POINT('',(9.229883312088,-34.53383689864,0.));
#6208 = CARTESIAN_POINT('',(9.597900410823,-34.62479317258,0.));
#6209 = CARTESIAN_POINT('',(9.973553787581,-34.48853725099,0.));
#6210 = CARTESIAN_POINT('',(10.376932775193,-34.54525004424,0.));
#6211 = CARTESIAN_POINT('',(10.800549528239,-34.51498599278,0.));
#6212 = CARTESIAN_POINT('',(11.236527661474,-34.47680886393,0.));
#6213 = CARTESIAN_POINT('',(11.680159815296,-34.40605158313,0.));
#6214 = CARTESIAN_POINT('',(12.127962066961,-34.30826063307,0.));
#6215 = CARTESIAN_POINT('',(12.575822721862,-34.18127716522,0.));
#6216 = CARTESIAN_POINT('',(13.019669132185,-34.02584611202,0.));
#6217 = CARTESIAN_POINT('',(13.309937127896,-33.90384732805,0.));
#6218 = CARTESIAN_POINT('',(13.45343848367,-33.83831022718,0.));
#6219 = SURFACE_OF_LINEAR_EXTRUSION('',#6220,#6272);
#6220 = B_SPLINE_CURVE_WITH_KNOTS('',3,(#6221,#6222,#6223,#6224,#6225,
    #6226,#6227,#6228,#6229,#6230,#6231,#6232,#6233,#6234,#6235,#6236,
    #6237,#6238,#6239,#6240,#6241,#6242,#6243,#6244,#6245,#6246,#6247,
    #6248,#6249,#6250,#6251,#6252,#6253,#6254,#6255,#6256,#6257,#6258,
    #6259,#6260,#6261,#6262,#6263,#6264,#6265,#6266,#6267,#6268,#6269,
    #6270,#6271),.UNSPECIFIED.,.F.,.F.,(4,1,1,1,1,1,1,1,1,1,1,1,1,1,1,1,
    1,1,1,1,1,1,1,1,1,1,1,1,1,1,1,1,1,1,1,1,1,1,1,1,1,1,1,1,1,1,1,1,4),(
    0.,0.473206125628,0.943992429652,1.409973954886,1.868836789104,
    2.318377024136,2.756544271089,3.181492042951,3.591638155345,
    3.958628390048,4.336720798561,4.697643825895,5.041884944182,
    5.37090160957,5.687455278175,5.996091997334,6.303841257426,
    6.621230764788,6.963721635172,7.353570058326,7.821640417824,
    8.407110090534,9.197325542283,10.107526890421,11.137050913086,
    12.166574935752,13.07677628389,13.866991735638,14.452461408348,
    14.920531767847,15.310380191,15.652871061385,15.970260568747,
    16.278009828838,16.586646547997,16.903200216603,17.23221688199,
    17.576458000278,17.937381027612,18.315473436125,18.682463670827,
    19.092609783221,19.517557555084,19.955724802036,20.405265037068,
    20.864127871286,21.330109396521,21.800895700545,22.274101826172),
  .UNSPECIFIED.);
#6221 = CARTESIAN_POINT('',(-7.294111983766,-36.82135763797,0.));
#6222 = CARTESIAN_POINT('',(-7.137959506203,-36.84381102188,0.));
#6223 = CARTESIAN_POINT('',(-6.825078374511,-36.8790900533,0.));
#6224 = CARTESIAN_POINT('',(-6.355420874414,-36.90317907269,0.));
#6225 = CARTESIAN_POINT('',(-5.889926345802,-36.89884189045,0.));
#6226 = CARTESIAN_POINT('',(-5.432712337365,-36.8665111466,0.));
#6227 = CARTESIAN_POINT('',(-4.987115773269,-36.80941663936,0.));
#6228 = CARTESIAN_POINT('',(-4.558042077655,-36.72321809204,0.));
#6229 = CARTESIAN_POINT('',(-4.143058411005,-36.63290960581,0.));
#6230 = CARTESIAN_POINT('',(-3.771996946936,-36.46484908562,0.));
#6231 = CARTESIAN_POINT('',(-3.373172442248,-36.48975189868,0.));
#6232 = CARTESIAN_POINT('',(-3.04568796546,-36.29879759474,0.));
#6233 = CARTESIAN_POINT('',(-2.720481461831,-36.14713205355,0.));
#6234 = CARTESIAN_POINT('',(-2.421262589247,-35.97409666843,0.));
#6235 = CARTESIAN_POINT('',(-2.14203612031,-35.79855319521,0.));
#6236 = CARTESIAN_POINT('',(-1.880579564238,-35.61715808037,0.));
#6237 = CARTESIAN_POINT('',(-1.631785578886,-35.43051081589,0.));
#6238 = CARTESIAN_POINT('',(-1.388768851871,-35.2359542583,0.));
#6239 = CARTESIAN_POINT('',(-1.141542234852,-35.02878808553,0.));
#6240 = CARTESIAN_POINT('',(-0.876008643073,-34.80086718037,0.));
#6241 = CARTESIAN_POINT('',(-0.570388258088,-34.54277244043,0.));
#6242 = CARTESIAN_POINT('',(-0.198431407451,-34.23660550533,0.));
#6243 = CARTESIAN_POINT('',(0.316860971913,-33.90150528333,0.));
#6244 = CARTESIAN_POINT('',(0.889597879646,-33.38555692285,0.));
#6245 = CARTESIAN_POINT('',(1.759008718566,-33.07288098894,0.));
#6246 = CARTESIAN_POINT('',(2.719473846132,-32.82466160223,0.));
#6247 = CARTESIAN_POINT('',(3.71096486991,-32.79223206355,0.));
#6248 = CARTESIAN_POINT('',(4.633249451359,-32.84730108655,0.));
#6249 = CARTESIAN_POINT('',(5.328145940855,-33.18099127977,0.));
#6250 = CARTESIAN_POINT('',(5.916974000553,-33.35734294867,0.));
#6251 = CARTESIAN_POINT('',(6.360121178674,-33.5463156171,0.));
#6252 = CARTESIAN_POINT('',(6.726075481651,-33.70785249411,0.));
#6253 = CARTESIAN_POINT('',(7.045065836589,-33.85173154341,0.));
#6254 = CARTESIAN_POINT('',(7.340643494055,-33.98085424362,0.));
#6255 = CARTESIAN_POINT('',(7.628629252517,-34.09906416974,0.));
#6256 = CARTESIAN_POINT('',(7.919929944391,-34.20805754294,0.));
#6257 = CARTESIAN_POINT('',(8.22190058235,-34.30844405703,0.));
#6258 = CARTESIAN_POINT('',(8.539272728887,-34.39820959911,0.));
#6259 = CARTESIAN_POINT('',(8.87512083618,-34.4799361373,0.));
#6260 = CARTESIAN_POINT('',(9.229883312088,-34.53383689864,0.));
#6261 = CARTESIAN_POINT('',(9.597900410823,-34.62479317258,0.));
#6262 = CARTESIAN_POINT('',(9.973553787581,-34.48853725099,0.));
#6263 = CARTESIAN_POINT('',(10.376932775193,-34.54525004424,0.));
#6264 = CARTESIAN_POINT('',(10.800549528239,-34.51498599278,0.));
#6265 = CARTESIAN_POINT('',(11.236527661474,-34.47680886393,0.));
#6266 = CARTESIAN_POINT('',(11.680159815296,-34.40605158313,0.));
#6267 = CARTESIAN_POINT('',(12.127962066961,-34.30826063307,0.));
#6268 = CARTESIAN_POINT('',(12.575822721862,-34.18127716522,0.));
#6269 = CARTESIAN_POINT('',(13.019669132185,-34.02584611202,0.));
#6270 = CARTESIAN_POINT('',(13.309937127896,-33.90384732805,0.));
#6271 = CARTESIAN_POINT('',(13.45343848367,-33.83831022718,0.));
#6272 = VECTOR('',#6273,1.);
#6273 = DIRECTION('',(-0.,-0.,-1.));
#6274 = ADVANCED_FACE('',(#6275),#6396,.F.);
#6275 = FACE_BOUND('',#6276,.F.);
#6276 = EDGE_LOOP('',(#6277,#6278,#6334,#6342));
#6277 = ORIENTED_EDGE('',*,*,#6158,.T.);
#6278 = ORIENTED_EDGE('',*,*,#6279,.T.);
#6279 = EDGE_CURVE('',#6103,#6280,#6282,.T.);
#6280 = VERTEX_POINT('',#6281);
#6281 = CARTESIAN_POINT('',(29.29463142132,-20.11183840934,5.));
#6282 = B_SPLINE_CURVE_WITH_KNOTS('',3,(#6283,#6284,#6285,#6286,#6287,
    #6288,#6289,#6290,#6291,#6292,#6293,#6294,#6295,#6296,#6297,#6298,
    #6299,#6300,#6301,#6302,#6303,#6304,#6305,#6306,#6307,#6308,#6309,
    #6310,#6311,#6312,#6313,#6314,#6315,#6316,#6317,#6318,#6319,#6320,
    #6321,#6322,#6323,#6324,#6325,#6326,#6327,#6328,#6329,#6330,#6331,
    #6332,#6333),.UNSPECIFIED.,.F.,.F.,(4,1,1,1,1,1,1,1,1,1,1,1,1,1,1,1,
    1,1,1,1,1,1,1,1,1,1,1,1,1,1,1,1,1,1,1,1,1,1,1,1,1,1,1,1,1,1,1,1,4),(
    0.,0.473206125628,0.943992429652,1.409973954886,1.868836789104,
    2.318377024136,2.756544271089,3.181492042951,3.591638155345,
    3.958628390048,4.336720798561,4.697643825895,5.041884944182,
    5.37090160957,5.687455278175,5.996091997334,6.303841257426,
    6.621230764788,6.963721635172,7.353570058326,7.821640417824,
    8.407110090534,9.197325542283,10.107526890421,11.137050913086,
    12.166574935752,13.07677628389,13.866991735638,14.452461408348,
    14.920531767847,15.310380191,15.652871061385,15.970260568747,
    16.278009828838,16.586646547997,16.903200216603,17.23221688199,
    17.576458000278,17.937381027612,18.315473436125,18.682463670827,
    19.092609783221,19.517557555084,19.955724802036,20.405265037068,
    20.864127871286,21.330109396521,21.800895700545,22.274101826172),
  .UNSPECIFIED.);
#6283 = CARTESIAN_POINT('',(13.45343848367,-33.83831022718,5.));
#6284 = CARTESIAN_POINT('',(13.596941522915,-33.77277681261,5.));
#6285 = CARTESIAN_POINT('',(13.879227164691,-33.63329911162,5.));
#6286 = CARTESIAN_POINT('',(14.287351703005,-33.39964806951,5.));
#6287 = CARTESIAN_POINT('',(14.676605761963,-33.14433405716,5.));
#6288 = CARTESIAN_POINT('',(15.043759342033,-32.8699471494,5.));
#6289 = CARTESIAN_POINT('',(15.387751404732,-32.58100850281,5.));
#6290 = CARTESIAN_POINT('',(15.702108713927,-32.27651891681,5.));
#6291 = CARTESIAN_POINT('',(16.002390735744,-31.97618947496,5.));
#6292 = CARTESIAN_POINT('',(16.223687126272,-31.63419699535,5.));
#6293 = CARTESIAN_POINT('',(16.572663127028,-31.43952576858,5.));
#6294 = CARTESIAN_POINT('',(16.744922909094,-31.10183331055,5.));
#6295 = CARTESIAN_POINT('',(16.936507447006,-30.79842422825,5.));
#6296 = CARTESIAN_POINT('',(17.094676388593,-30.49108766334,5.));
#6297 = CARTESIAN_POINT('',(17.23467067519,-30.19244986991,5.));
#6298 = CARTESIAN_POINT('',(17.356552323498,-29.89849650251,5.));
#6299 = CARTESIAN_POINT('',(17.464942012976,-29.60697064825,5.));
#6300 = CARTESIAN_POINT('',(17.564195476776,-29.31191449489,5.));
#6301 = CARTESIAN_POINT('',(17.660173252759,-29.00397441984,5.));
#6302 = CARTESIAN_POINT('',(17.760330980449,-28.66867685505,5.));
#6303 = CARTESIAN_POINT('',(17.87789865784,-28.2863228885,5.));
#6304 = CARTESIAN_POINT('',(18.025282330426,-27.82766381692,5.));
#6305 = CARTESIAN_POINT('',(18.277605007058,-27.26717147811,5.));
#6306 = CARTESIAN_POINT('',(18.480479210694,-26.52348314711,5.));
#6307 = CARTESIAN_POINT('',(19.042828777914,-25.79040442643,5.));
#6308 = CARTESIAN_POINT('',(19.716625927498,-25.06232233873,5.));
#6309 = CARTESIAN_POINT('',(20.533188521721,-24.49900035715,5.));
#6310 = CARTESIAN_POINT('',(21.338836245753,-24.04670267726,5.));
#6311 = CARTESIAN_POINT('',(22.103826911333,-23.95173132505,5.));
#6312 = CARTESIAN_POINT('',(22.694523507218,-23.781743306,5.));
#6313 = CARTESIAN_POINT('',(23.169488974309,-23.70113377829,5.));
#6314 = CARTESIAN_POINT('',(23.564682753783,-23.63917741324,5.));
#6315 = CARTESIAN_POINT('',(23.910821403641,-23.58775696551,5.));
#6316 = CARTESIAN_POINT('',(24.229286154404,-23.53658054688,5.));
#6317 = CARTESIAN_POINT('',(24.535464302205,-23.48032820898,5.));
#6318 = CARTESIAN_POINT('',(24.839448304743,-23.41453022505,5.));
#6319 = CARTESIAN_POINT('',(25.147755217778,-23.33572308213,5.));
#6320 = CARTESIAN_POINT('',(25.463276573323,-23.23965432479,5.));
#6321 = CARTESIAN_POINT('',(25.789994682492,-23.1268338685,5.));
#6322 = CARTESIAN_POINT('',(26.117580820336,-22.98037899942,5.));
#6323 = CARTESIAN_POINT('',(26.476351179085,-22.8579312211,5.));
#6324 = CARTESIAN_POINT('',(26.718705396573,-22.54021189701,5.));
#6325 = CARTESIAN_POINT('',(27.088710645873,-22.36983858908,5.));
#6326 = CARTESIAN_POINT('',(27.42871775442,-22.11535434122,5.));
#6327 = CARTESIAN_POINT('',(27.774845785091,-21.84753012235,5.));
#6328 = CARTESIAN_POINT('',(28.109798627639,-21.54815965962,5.));
#6329 = CARTESIAN_POINT('',(28.433644074683,-21.223792502,5.));
#6330 = CARTESIAN_POINT('',(28.741755986968,-20.87483546048,5.));
#6331 = CARTESIAN_POINT('',(29.031110976031,-20.50411705177,5.));
#6332 = CARTESIAN_POINT('',(29.209342430593,-20.24455441727,5.));
#6333 = CARTESIAN_POINT('',(29.29463142132,-20.11183840934,5.));
#6334 = ORIENTED_EDGE('',*,*,#6335,.F.);
#6335 = EDGE_CURVE('',#6336,#6280,#6338,.T.);
#6336 = VERTEX_POINT('',#6337);
#6337 = CARTESIAN_POINT('',(29.29463142132,-20.11183840934,0.));
#6338 = LINE('',#6339,#6340);
#6339 = CARTESIAN_POINT('',(29.29463142132,-20.11183840934,0.));
#6340 = VECTOR('',#6341,1.);
#6341 = DIRECTION('',(0.,0.,1.));
#6342 = ORIENTED_EDGE('',*,*,#6343,.F.);
#6343 = EDGE_CURVE('',#6159,#6336,#6344,.T.);
#6344 = B_SPLINE_CURVE_WITH_KNOTS('',3,(#6345,#6346,#6347,#6348,#6349,
    #6350,#6351,#6352,#6353,#6354,#6355,#6356,#6357,#6358,#6359,#6360,
    #6361,#6362,#6363,#6364,#6365,#6366,#6367,#6368,#6369,#6370,#6371,
    #6372,#6373,#6374,#6375,#6376,#6377,#6378,#6379,#6380,#6381,#6382,
    #6383,#6384,#6385,#6386,#6387,#6388,#6389,#6390,#6391,#6392,#6393,
    #6394,#6395),.UNSPECIFIED.,.F.,.F.,(4,1,1,1,1,1,1,1,1,1,1,1,1,1,1,1,
    1,1,1,1,1,1,1,1,1,1,1,1,1,1,1,1,1,1,1,1,1,1,1,1,1,1,1,1,1,1,1,1,4),(
    0.,0.473206125628,0.943992429652,1.409973954886,1.868836789104,
    2.318377024136,2.756544271089,3.181492042951,3.591638155345,
    3.958628390048,4.336720798561,4.697643825895,5.041884944182,
    5.37090160957,5.687455278175,5.996091997334,6.303841257426,
    6.621230764788,6.963721635172,7.353570058326,7.821640417824,
    8.407110090534,9.197325542283,10.107526890421,11.137050913086,
    12.166574935752,13.07677628389,13.866991735638,14.452461408348,
    14.920531767847,15.310380191,15.652871061385,15.970260568747,
    16.278009828838,16.586646547997,16.903200216603,17.23221688199,
    17.576458000278,17.937381027612,18.315473436125,18.682463670827,
    19.092609783221,19.517557555084,19.955724802036,20.405265037068,
    20.864127871286,21.330109396521,21.800895700545,22.274101826172),
  .UNSPECIFIED.);
#6345 = CARTESIAN_POINT('',(13.45343848367,-33.83831022718,0.));
#6346 = CARTESIAN_POINT('',(13.596941522915,-33.77277681261,0.));
#6347 = CARTESIAN_POINT('',(13.879227164691,-33.63329911162,0.));
#6348 = CARTESIAN_POINT('',(14.287351703005,-33.39964806951,0.));
#6349 = CARTESIAN_POINT('',(14.676605761963,-33.14433405716,0.));
#6350 = CARTESIAN_POINT('',(15.043759342033,-32.8699471494,0.));
#6351 = CARTESIAN_POINT('',(15.387751404732,-32.58100850281,0.));
#6352 = CARTESIAN_POINT('',(15.702108713927,-32.27651891681,0.));
#6353 = CARTESIAN_POINT('',(16.002390735744,-31.97618947496,0.));
#6354 = CARTESIAN_POINT('',(16.223687126272,-31.63419699535,0.));
#6355 = CARTESIAN_POINT('',(16.572663127028,-31.43952576858,0.));
#6356 = CARTESIAN_POINT('',(16.744922909094,-31.10183331055,0.));
#6357 = CARTESIAN_POINT('',(16.936507447006,-30.79842422825,0.));
#6358 = CARTESIAN_POINT('',(17.094676388593,-30.49108766334,0.));
#6359 = CARTESIAN_POINT('',(17.23467067519,-30.19244986991,0.));
#6360 = CARTESIAN_POINT('',(17.356552323498,-29.89849650251,0.));
#6361 = CARTESIAN_POINT('',(17.464942012976,-29.60697064825,0.));
#6362 = CARTESIAN_POINT('',(17.564195476776,-29.31191449489,0.));
#6363 = CARTESIAN_POINT('',(17.660173252759,-29.00397441984,0.));
#6364 = CARTESIAN_POINT('',(17.760330980449,-28.66867685505,0.));
#6365 = CARTESIAN_POINT('',(17.87789865784,-28.2863228885,0.));
#6366 = CARTESIAN_POINT('',(18.025282330426,-27.82766381692,0.));
#6367 = CARTESIAN_POINT('',(18.277605007058,-27.26717147811,0.));
#6368 = CARTESIAN_POINT('',(18.480479210694,-26.52348314711,0.));
#6369 = CARTESIAN_POINT('',(19.042828777914,-25.79040442643,0.));
#6370 = CARTESIAN_POINT('',(19.716625927498,-25.06232233873,0.));
#6371 = CARTESIAN_POINT('',(20.533188521721,-24.49900035715,0.));
#6372 = CARTESIAN_POINT('',(21.338836245753,-24.04670267726,0.));
#6373 = CARTESIAN_POINT('',(22.103826911333,-23.95173132505,0.));
#6374 = CARTESIAN_POINT('',(22.694523507218,-23.781743306,0.));
#6375 = CARTESIAN_POINT('',(23.169488974309,-23.70113377829,0.));
#6376 = CARTESIAN_POINT('',(23.564682753783,-23.63917741324,0.));
#6377 = CARTESIAN_POINT('',(23.910821403641,-23.58775696551,0.));
#6378 = CARTESIAN_POINT('',(24.229286154404,-23.53658054688,0.));
#6379 = CARTESIAN_POINT('',(24.535464302205,-23.48032820898,0.));
#6380 = CARTESIAN_POINT('',(24.839448304743,-23.41453022505,0.));
#6381 = CARTESIAN_POINT('',(25.147755217778,-23.33572308213,0.));
#6382 = CARTESIAN_POINT('',(25.463276573323,-23.23965432479,0.));
#6383 = CARTESIAN_POINT('',(25.789994682492,-23.1268338685,0.));
#6384 = CARTESIAN_POINT('',(26.117580820336,-22.98037899942,0.));
#6385 = CARTESIAN_POINT('',(26.476351179085,-22.8579312211,0.));
#6386 = CARTESIAN_POINT('',(26.718705396573,-22.54021189701,0.));
#6387 = CARTESIAN_POINT('',(27.088710645873,-22.36983858908,0.));
#6388 = CARTESIAN_POINT('',(27.42871775442,-22.11535434122,0.));
#6389 = CARTESIAN_POINT('',(27.774845785091,-21.84753012235,0.));
#6390 = CARTESIAN_POINT('',(28.109798627639,-21.54815965962,0.));
#6391 = CARTESIAN_POINT('',(28.433644074683,-21.223792502,0.));
#6392 = CARTESIAN_POINT('',(28.741755986968,-20.87483546048,0.));
#6393 = CARTESIAN_POINT('',(29.031110976031,-20.50411705177,0.));
#6394 = CARTESIAN_POINT('',(29.209342430593,-20.24455441727,0.));
#6395 = CARTESIAN_POINT('',(29.29463142132,-20.11183840934,0.));
#6396 = SURFACE_OF_LINEAR_EXTRUSION('',#6397,#6449);
#6397 = B_SPLINE_CURVE_WITH_KNOTS('',3,(#6398,#6399,#6400,#6401,#6402,
    #6403,#6404,#6405,#6406,#6407,#6408,#6409,#6410,#6411,#6412,#6413,
    #6414,#6415,#6416,#6417,#6418,#6419,#6420,#6421,#6422,#6423,#6424,
    #6425,#6426,#6427,#6428,#6429,#6430,#6431,#6432,#6433,#6434,#6435,
    #6436,#6437,#6438,#6439,#6440,#6441,#6442,#6443,#6444,#6445,#6446,
    #6447,#6448),.UNSPECIFIED.,.F.,.F.,(4,1,1,1,1,1,1,1,1,1,1,1,1,1,1,1,
    1,1,1,1,1,1,1,1,1,1,1,1,1,1,1,1,1,1,1,1,1,1,1,1,1,1,1,1,1,1,1,1,4),(
    0.,0.473206125628,0.943992429652,1.409973954886,1.868836789104,
    2.318377024136,2.756544271089,3.181492042951,3.591638155345,
    3.958628390048,4.336720798561,4.697643825895,5.041884944182,
    5.37090160957,5.687455278175,5.996091997334,6.303841257426,
    6.621230764788,6.963721635172,7.353570058326,7.821640417824,
    8.407110090534,9.197325542283,10.107526890421,11.137050913086,
    12.166574935752,13.07677628389,13.866991735638,14.452461408348,
    14.920531767847,15.310380191,15.652871061385,15.970260568747,
    16.278009828838,16.586646547997,16.903200216603,17.23221688199,
    17.576458000278,17.937381027612,18.315473436125,18.682463670827,
    19.092609783221,19.517557555084,19.955724802036,20.405265037068,
    20.864127871286,21.330109396521,21.800895700545,22.274101826172),
  .UNSPECIFIED.);
#6398 = CARTESIAN_POINT('',(13.45343848367,-33.83831022718,0.));
#6399 = CARTESIAN_POINT('',(13.596941522915,-33.77277681261,0.));
#6400 = CARTESIAN_POINT('',(13.879227164691,-33.63329911162,0.));
#6401 = CARTESIAN_POINT('',(14.287351703005,-33.39964806951,0.));
#6402 = CARTESIAN_POINT('',(14.676605761963,-33.14433405716,0.));
#6403 = CARTESIAN_POINT('',(15.043759342033,-32.8699471494,0.));
#6404 = CARTESIAN_POINT('',(15.387751404732,-32.58100850281,0.));
#6405 = CARTESIAN_POINT('',(15.702108713927,-32.27651891681,0.));
#6406 = CARTESIAN_POINT('',(16.002390735744,-31.97618947496,0.));
#6407 = CARTESIAN_POINT('',(16.223687126272,-31.63419699535,0.));
#6408 = CARTESIAN_POINT('',(16.572663127028,-31.43952576858,0.));
#6409 = CARTESIAN_POINT('',(16.744922909094,-31.10183331055,0.));
#6410 = CARTESIAN_POINT('',(16.936507447006,-30.79842422825,0.));
#6411 = CARTESIAN_POINT('',(17.094676388593,-30.49108766334,0.));
#6412 = CARTESIAN_POINT('',(17.23467067519,-30.19244986991,0.));
#6413 = CARTESIAN_POINT('',(17.356552323498,-29.89849650251,0.));
#6414 = CARTESIAN_POINT('',(17.464942012976,-29.60697064825,0.));
#6415 = CARTESIAN_POINT('',(17.564195476776,-29.31191449489,0.));
#6416 = CARTESIAN_POINT('',(17.660173252759,-29.00397441984,0.));
#6417 = CARTESIAN_POINT('',(17.760330980449,-28.66867685505,0.));
#6418 = CARTESIAN_POINT('',(17.87789865784,-28.2863228885,0.));
#6419 = CARTESIAN_POINT('',(18.025282330426,-27.82766381692,0.));
#6420 = CARTESIAN_POINT('',(18.277605007058,-27.26717147811,0.));
#6421 = CARTESIAN_POINT('',(18.480479210694,-26.52348314711,0.));
#6422 = CARTESIAN_POINT('',(19.042828777914,-25.79040442643,0.));
#6423 = CARTESIAN_POINT('',(19.716625927498,-25.06232233873,0.));
#6424 = CARTESIAN_POINT('',(20.533188521721,-24.49900035715,0.));
#6425 = CARTESIAN_POINT('',(21.338836245753,-24.04670267726,0.));
#6426 = CARTESIAN_POINT('',(22.103826911333,-23.95173132505,0.));
#6427 = CARTESIAN_POINT('',(22.694523507218,-23.781743306,0.));
#6428 = CARTESIAN_POINT('',(23.169488974309,-23.70113377829,0.));
#6429 = CARTESIAN_POINT('',(23.564682753783,-23.63917741324,0.));
#6430 = CARTESIAN_POINT('',(23.910821403641,-23.58775696551,0.));
#6431 = CARTESIAN_POINT('',(24.229286154404,-23.53658054688,0.));
#6432 = CARTESIAN_POINT('',(24.535464302205,-23.48032820898,0.));
#6433 = CARTESIAN_POINT('',(24.839448304743,-23.41453022505,0.));
#6434 = CARTESIAN_POINT('',(25.147755217778,-23.33572308213,0.));
#6435 = CARTESIAN_POINT('',(25.463276573323,-23.23965432479,0.));
#6436 = CARTESIAN_POINT('',(25.789994682492,-23.1268338685,0.));
#6437 = CARTESIAN_POINT('',(26.117580820336,-22.98037899942,0.));
#6438 = CARTESIAN_POINT('',(26.476351179085,-22.8579312211,0.));
#6439 = CARTESIAN_POINT('',(26.718705396573,-22.54021189701,0.));
#6440 = CARTESIAN_POINT('',(27.088710645873,-22.36983858908,0.));
#6441 = CARTESIAN_POINT('',(27.42871775442,-22.11535434122,0.));
#6442 = CARTESIAN_POINT('',(27.774845785091,-21.84753012235,0.));
#6443 = CARTESIAN_POINT('',(28.109798627639,-21.54815965962,0.));
#6444 = CARTESIAN_POINT('',(28.433644074683,-21.223792502,0.));
#6445 = CARTESIAN_POINT('',(28.741755986968,-20.87483546048,0.));
#6446 = CARTESIAN_POINT('',(29.031110976031,-20.50411705177,0.));
#6447 = CARTESIAN_POINT('',(29.209342430593,-20.24455441727,0.));
#6448 = CARTESIAN_POINT('',(29.29463142132,-20.11183840934,0.));
#6449 = VECTOR('',#6450,1.);
#6450 = DIRECTION('',(-0.,-0.,-1.));
#6451 = ADVANCED_FACE('',(#6452),#6573,.F.);
#6452 = FACE_BOUND('',#6453,.F.);
#6453 = EDGE_LOOP('',(#6454,#6455,#6511,#6519));
#6454 = ORIENTED_EDGE('',*,*,#6335,.T.);
#6455 = ORIENTED_EDGE('',*,*,#6456,.T.);
#6456 = EDGE_CURVE('',#6280,#6457,#6459,.T.);
#6457 = VERTEX_POINT('',#6458);
#6458 = CARTESIAN_POINT('',(35.2,-9.769962616701E-15,5.));
#6459 = B_SPLINE_CURVE_WITH_KNOTS('',3,(#6460,#6461,#6462,#6463,#6464,
    #6465,#6466,#6467,#6468,#6469,#6470,#6471,#6472,#6473,#6474,#6475,
    #6476,#6477,#6478,#6479,#6480,#6481,#6482,#6483,#6484,#6485,#6486,
    #6487,#6488,#6489,#6490,#6491,#6492,#6493,#6494,#6495,#6496,#6497,
    #6498,#6499,#6500,#6501,#6502,#6503,#6504,#6505,#6506,#6507,#6508,
    #6509,#6510),.UNSPECIFIED.,.F.,.F.,(4,1,1,1,1,1,1,1,1,1,1,1,1,1,1,1,
    1,1,1,1,1,1,1,1,1,1,1,1,1,1,1,1,1,1,1,1,1,1,1,1,1,1,1,1,1,1,1,1,4),(
    0.,0.473206125628,0.943992429652,1.409973954886,1.868836789104,
    2.318377024136,2.756544271089,3.181492042951,3.591638155345,
    3.958628390048,4.336720798561,4.697643825895,5.041884944182,
    5.37090160957,5.687455278175,5.996091997334,6.303841257426,
    6.621230764788,6.963721635172,7.353570058326,7.821640417824,
    8.407110090534,9.197325542283,10.107526890421,11.137050913086,
    12.166574935752,13.07677628389,13.866991735638,14.452461408348,
    14.920531767847,15.310380191,15.652871061385,15.970260568747,
    16.278009828838,16.586646547997,16.903200216603,17.23221688199,
    17.576458000278,17.937381027612,18.315473436125,18.682463670827,
    19.092609783221,19.517557555084,19.955724802036,20.405265037068,
    20.864127871286,21.330109396521,21.800895700545,22.274101826172),
  .UNSPECIFIED.);
#6460 = CARTESIAN_POINT('',(29.29463142132,-20.11183840934,5.));
#6461 = CARTESIAN_POINT('',(29.379923821231,-19.97912459237,5.));
#6462 = CARTESIAN_POINT('',(29.541990276361,-19.70917334353,5.));
#6463 = CARTESIAN_POINT('',(29.759005195648,-19.29196479489,5.));
#6464 = CARTESIAN_POINT('',(29.94843337157,-18.86673434739,5.));
#6465 = CARTESIAN_POINT('',(30.108957855783,-18.43740718021,5.));
#6466 = CARTESIAN_POINT('',(30.242130367711,-18.00836037302,5.));
#6467 = CARTESIAN_POINT('',(30.34196506596,-17.58225304047,5.));
#6468 = CARTESIAN_POINT('',(30.43220802271,-17.16725511876,5.));
#6469 = CARTESIAN_POINT('',(30.433479299309,-16.75991087562,5.));
#6470 = CARTESIAN_POINT('',(30.621809381639,-16.40747234803,5.));
#6471 = CARTESIAN_POINT('',(30.584153205307,-16.03025670531,5.));
#6472 = CARTESIAN_POINT('',(30.581289040386,-15.67143432175,5.));
#6473 = CARTESIAN_POINT('',(30.548190529592,-15.32737376487,5.));
#6474 = CARTESIAN_POINT('',(30.504505437006,-15.00045704057,5.));
#6475 = CARTESIAN_POINT('',(30.448115615386,-14.68727353778,5.));
#6476 = CARTESIAN_POINT('',(30.381688048425,-14.38342649265,5.));
#6477 = CARTESIAN_POINT('',(30.305665975546,-14.08154898745,5.));
#6478 = CARTESIAN_POINT('',(30.219922644765,-13.77060380815,5.));
#6479 = CARTESIAN_POINT('',(30.122905137505,-13.43438419145,5.));
#6480 = CARTESIAN_POINT('',(30.015093200424,-13.04916568108,5.));
#6481 = CARTESIAN_POINT('',(29.891110420276,-12.58363548752,5.));
#6482 = CARTESIAN_POINT('',(29.800352727173,-11.97570338922,5.));
#6483 = CARTESIAN_POINT('',(29.568953100498,-11.24039087814,5.));
#6484 = CARTESIAN_POINT('',(29.645699381798,-10.31965668481,5.));
#6485 = CARTESIAN_POINT('',(29.81890271923,-9.342872814595,5.));
#6486 = CARTESIAN_POINT('',(30.201284029788,-8.427509139028,5.));
#6487 = CARTESIAN_POINT('',(30.634507436458,-7.611446073826,5.));
#6488 = CARTESIAN_POINT('',(31.226713146966,-7.117965909475,5.));
#6489 = CARTESIAN_POINT('',(31.631736283507,-6.655608197442,5.));
#6490 = CARTESIAN_POINT('',(31.987721859712,-6.331009429081,5.));
#6491 = CARTESIAN_POINT('',(32.286683883005,-6.065230530121,5.));
#6492 = CARTESIAN_POINT('',(32.550074252153,-5.834836214195,5.));
#6493 = CARTESIAN_POINT('',(32.790315788009,-5.619608828039,5.));
#6494 = CARTESIAN_POINT('',(33.017476926575,-5.406753945932,5.));
#6495 = CARTESIAN_POINT('',(33.237631466819,-5.187054999879,5.));
#6496 = CARTESIAN_POINT('',(33.454389388433,-4.95407491099,5.));
#6497 = CARTESIAN_POINT('',(33.667884151969,-4.702673005896,5.));
#6498 = CARTESIAN_POINT('',(33.881741571832,-4.431125252847,5.));
#6499 = CARTESIAN_POINT('',(34.07814508746,-4.130813139481,5.));
#6500 = CARTESIAN_POINT('',(34.313761652271,-3.833837613356,5.));
#6501 = CARTESIAN_POINT('',(34.345870958829,-3.435528527256,5.));
#6502 = CARTESIAN_POINT('',(34.565028417496,-3.092161439615,5.));
#6503 = CARTESIAN_POINT('',(34.713476026957,-2.694253945948,5.));
#6504 = CARTESIAN_POINT('',(34.859860750949,-2.281814934203,5.));
#6505 = CARTESIAN_POINT('',(34.979789121378,-1.848879296196,5.));
#6506 = CARTESIAN_POINT('',(35.076859122547,-1.400920211699,5.));
#6507 = CARTESIAN_POINT('',(35.14739893708,-0.94078099159,5.));
#6508 = CARTESIAN_POINT('',(35.19039434034,-0.472475702754,5.));
#6509 = CARTESIAN_POINT('',(35.200002026252,-0.157758520195,5.));
#6510 = CARTESIAN_POINT('',(35.2,-9.769962616701E-15,5.));
#6511 = ORIENTED_EDGE('',*,*,#6512,.F.);
#6512 = EDGE_CURVE('',#6513,#6457,#6515,.T.);
#6513 = VERTEX_POINT('',#6514);
#6514 = CARTESIAN_POINT('',(35.2,-9.769962616701E-15,0.));
#6515 = LINE('',#6516,#6517);
#6516 = CARTESIAN_POINT('',(35.2,-9.769962616701E-15,0.));
#6517 = VECTOR('',#6518,1.);
#6518 = DIRECTION('',(0.,0.,1.));
#6519 = ORIENTED_EDGE('',*,*,#6520,.F.);
#6520 = EDGE_CURVE('',#6336,#6513,#6521,.T.);
#6521 = B_SPLINE_CURVE_WITH_KNOTS('',3,(#6522,#6523,#6524,#6525,#6526,
    #6527,#6528,#6529,#6530,#6531,#6532,#6533,#6534,#6535,#6536,#6537,
    #6538,#6539,#6540,#6541,#6542,#6543,#6544,#6545,#6546,#6547,#6548,
    #6549,#6550,#6551,#6552,#6553,#6554,#6555,#6556,#6557,#6558,#6559,
    #6560,#6561,#6562,#6563,#6564,#6565,#6566,#6567,#6568,#6569,#6570,
    #6571,#6572),.UNSPECIFIED.,.F.,.F.,(4,1,1,1,1,1,1,1,1,1,1,1,1,1,1,1,
    1,1,1,1,1,1,1,1,1,1,1,1,1,1,1,1,1,1,1,1,1,1,1,1,1,1,1,1,1,1,1,1,4),(
    0.,0.473206125628,0.943992429652,1.409973954886,1.868836789104,
    2.318377024136,2.756544271089,3.181492042951,3.591638155345,
    3.958628390048,4.336720798561,4.697643825895,5.041884944182,
    5.37090160957,5.687455278175,5.996091997334,6.303841257426,
    6.621230764788,6.963721635172,7.353570058326,7.821640417824,
    8.407110090534,9.197325542283,10.107526890421,11.137050913086,
    12.166574935752,13.07677628389,13.866991735638,14.452461408348,
    14.920531767847,15.310380191,15.652871061385,15.970260568747,
    16.278009828838,16.586646547997,16.903200216603,17.23221688199,
    17.576458000278,17.937381027612,18.315473436125,18.682463670827,
    19.092609783221,19.517557555084,19.955724802036,20.405265037068,
    20.864127871286,21.330109396521,21.800895700545,22.274101826172),
  .UNSPECIFIED.);
#6522 = CARTESIAN_POINT('',(29.29463142132,-20.11183840934,0.));
#6523 = CARTESIAN_POINT('',(29.379923821231,-19.97912459237,0.));
#6524 = CARTESIAN_POINT('',(29.541990276361,-19.70917334353,0.));
#6525 = CARTESIAN_POINT('',(29.759005195648,-19.29196479489,0.));
#6526 = CARTESIAN_POINT('',(29.94843337157,-18.86673434739,0.));
#6527 = CARTESIAN_POINT('',(30.108957855783,-18.43740718021,0.));
#6528 = CARTESIAN_POINT('',(30.242130367711,-18.00836037302,0.));
#6529 = CARTESIAN_POINT('',(30.34196506596,-17.58225304047,0.));
#6530 = CARTESIAN_POINT('',(30.43220802271,-17.16725511876,0.));
#6531 = CARTESIAN_POINT('',(30.433479299309,-16.75991087562,0.));
#6532 = CARTESIAN_POINT('',(30.621809381639,-16.40747234803,0.));
#6533 = CARTESIAN_POINT('',(30.584153205307,-16.03025670531,0.));
#6534 = CARTESIAN_POINT('',(30.581289040386,-15.67143432175,0.));
#6535 = CARTESIAN_POINT('',(30.548190529592,-15.32737376487,0.));
#6536 = CARTESIAN_POINT('',(30.504505437006,-15.00045704057,0.));
#6537 = CARTESIAN_POINT('',(30.448115615386,-14.68727353778,0.));
#6538 = CARTESIAN_POINT('',(30.381688048425,-14.38342649265,0.));
#6539 = CARTESIAN_POINT('',(30.305665975546,-14.08154898745,0.));
#6540 = CARTESIAN_POINT('',(30.219922644765,-13.77060380815,0.));
#6541 = CARTESIAN_POINT('',(30.122905137505,-13.43438419145,0.));
#6542 = CARTESIAN_POINT('',(30.015093200424,-13.04916568108,0.));
#6543 = CARTESIAN_POINT('',(29.891110420276,-12.58363548752,0.));
#6544 = CARTESIAN_POINT('',(29.800352727173,-11.97570338922,0.));
#6545 = CARTESIAN_POINT('',(29.568953100498,-11.24039087814,0.));
#6546 = CARTESIAN_POINT('',(29.645699381798,-10.31965668481,0.));
#6547 = CARTESIAN_POINT('',(29.81890271923,-9.342872814595,0.));
#6548 = CARTESIAN_POINT('',(30.201284029788,-8.427509139028,0.));
#6549 = CARTESIAN_POINT('',(30.634507436458,-7.611446073826,0.));
#6550 = CARTESIAN_POINT('',(31.226713146966,-7.117965909475,0.));
#6551 = CARTESIAN_POINT('',(31.631736283507,-6.655608197442,0.));
#6552 = CARTESIAN_POINT('',(31.987721859712,-6.331009429081,0.));
#6553 = CARTESIAN_POINT('',(32.286683883005,-6.065230530121,0.));
#6554 = CARTESIAN_POINT('',(32.550074252153,-5.834836214195,0.));
#6555 = CARTESIAN_POINT('',(32.790315788009,-5.619608828039,0.));
#6556 = CARTESIAN_POINT('',(33.017476926575,-5.406753945932,0.));
#6557 = CARTESIAN_POINT('',(33.237631466819,-5.187054999879,0.));
#6558 = CARTESIAN_POINT('',(33.454389388433,-4.95407491099,0.));
#6559 = CARTESIAN_POINT('',(33.667884151969,-4.702673005896,0.));
#6560 = CARTESIAN_POINT('',(33.881741571832,-4.431125252847,0.));
#6561 = CARTESIAN_POINT('',(34.07814508746,-4.130813139481,0.));
#6562 = CARTESIAN_POINT('',(34.313761652271,-3.833837613356,0.));
#6563 = CARTESIAN_POINT('',(34.345870958829,-3.435528527256,0.));
#6564 = CARTESIAN_POINT('',(34.565028417496,-3.092161439615,0.));
#6565 = CARTESIAN_POINT('',(34.713476026957,-2.694253945948,0.));
#6566 = CARTESIAN_POINT('',(34.859860750949,-2.281814934203,0.));
#6567 = CARTESIAN_POINT('',(34.979789121378,-1.848879296196,0.));
#6568 = CARTESIAN_POINT('',(35.076859122547,-1.400920211699,0.));
#6569 = CARTESIAN_POINT('',(35.14739893708,-0.94078099159,0.));
#6570 = CARTESIAN_POINT('',(35.19039434034,-0.472475702754,0.));
#6571 = CARTESIAN_POINT('',(35.200002026252,-0.157758520195,0.));
#6572 = CARTESIAN_POINT('',(35.2,-9.769962616701E-15,0.));
#6573 = SURFACE_OF_LINEAR_EXTRUSION('',#6574,#6626);
#6574 = B_SPLINE_CURVE_WITH_KNOTS('',3,(#6575,#6576,#6577,#6578,#6579,
    #6580,#6581,#6582,#6583,#6584,#6585,#6586,#6587,#6588,#6589,#6590,
    #6591,#6592,#6593,#6594,#6595,#6596,#6597,#6598,#6599,#6600,#6601,
    #6602,#6603,#6604,#6605,#6606,#6607,#6608,#6609,#6610,#6611,#6612,
    #6613,#6614,#6615,#6616,#6617,#6618,#6619,#6620,#6621,#6622,#6623,
    #6624,#6625),.UNSPECIFIED.,.F.,.F.,(4,1,1,1,1,1,1,1,1,1,1,1,1,1,1,1,
    1,1,1,1,1,1,1,1,1,1,1,1,1,1,1,1,1,1,1,1,1,1,1,1,1,1,1,1,1,1,1,1,4),(
    0.,0.473206125628,0.943992429652,1.409973954886,1.868836789104,
    2.318377024136,2.756544271089,3.181492042951,3.591638155345,
    3.958628390048,4.336720798561,4.697643825895,5.041884944182,
    5.37090160957,5.687455278175,5.996091997334,6.303841257426,
    6.621230764788,6.963721635172,7.353570058326,7.821640417824,
    8.407110090534,9.197325542283,10.107526890421,11.137050913086,
    12.166574935752,13.07677628389,13.866991735638,14.452461408348,
    14.920531767847,15.310380191,15.652871061385,15.970260568747,
    16.278009828838,16.586646547997,16.903200216603,17.23221688199,
    17.576458000278,17.937381027612,18.315473436125,18.682463670827,
    19.092609783221,19.517557555084,19.955724802036,20.405265037068,
    20.864127871286,21.330109396521,21.800895700545,22.274101826172),
  .UNSPECIFIED.);
#6575 = CARTESIAN_POINT('',(29.29463142132,-20.11183840934,0.));
#6576 = CARTESIAN_POINT('',(29.379923821231,-19.97912459237,0.));
#6577 = CARTESIAN_POINT('',(29.541990276361,-19.70917334353,0.));
#6578 = CARTESIAN_POINT('',(29.759005195648,-19.29196479489,0.));
#6579 = CARTESIAN_POINT('',(29.94843337157,-18.86673434739,0.));
#6580 = CARTESIAN_POINT('',(30.108957855783,-18.43740718021,0.));
#6581 = CARTESIAN_POINT('',(30.242130367711,-18.00836037302,0.));
#6582 = CARTESIAN_POINT('',(30.34196506596,-17.58225304047,0.));
#6583 = CARTESIAN_POINT('',(30.43220802271,-17.16725511876,0.));
#6584 = CARTESIAN_POINT('',(30.433479299309,-16.75991087562,0.));
#6585 = CARTESIAN_POINT('',(30.621809381639,-16.40747234803,0.));
#6586 = CARTESIAN_POINT('',(30.584153205307,-16.03025670531,0.));
#6587 = CARTESIAN_POINT('',(30.581289040386,-15.67143432175,0.));
#6588 = CARTESIAN_POINT('',(30.548190529592,-15.32737376487,0.));
#6589 = CARTESIAN_POINT('',(30.504505437006,-15.00045704057,0.));
#6590 = CARTESIAN_POINT('',(30.448115615386,-14.68727353778,0.));
#6591 = CARTESIAN_POINT('',(30.381688048425,-14.38342649265,0.));
#6592 = CARTESIAN_POINT('',(30.305665975546,-14.08154898745,0.));
#6593 = CARTESIAN_POINT('',(30.219922644765,-13.77060380815,0.));
#6594 = CARTESIAN_POINT('',(30.122905137505,-13.43438419145,0.));
#6595 = CARTESIAN_POINT('',(30.015093200424,-13.04916568108,0.));
#6596 = CARTESIAN_POINT('',(29.891110420276,-12.58363548752,0.));
#6597 = CARTESIAN_POINT('',(29.800352727173,-11.97570338922,0.));
#6598 = CARTESIAN_POINT('',(29.568953100498,-11.24039087814,0.));
#6599 = CARTESIAN_POINT('',(29.645699381798,-10.31965668481,0.));
#6600 = CARTESIAN_POINT('',(29.81890271923,-9.342872814595,0.));
#6601 = CARTESIAN_POINT('',(30.201284029788,-8.427509139028,0.));
#6602 = CARTESIAN_POINT('',(30.634507436458,-7.611446073826,0.));
#6603 = CARTESIAN_POINT('',(31.226713146966,-7.117965909475,0.));
#6604 = CARTESIAN_POINT('',(31.631736283507,-6.655608197442,0.));
#6605 = CARTESIAN_POINT('',(31.987721859712,-6.331009429081,0.));
#6606 = CARTESIAN_POINT('',(32.286683883005,-6.065230530121,0.));
#6607 = CARTESIAN_POINT('',(32.550074252153,-5.834836214195,0.));
#6608 = CARTESIAN_POINT('',(32.790315788009,-5.619608828039,0.));
#6609 = CARTESIAN_POINT('',(33.017476926575,-5.406753945932,0.));
#6610 = CARTESIAN_POINT('',(33.237631466819,-5.187054999879,0.));
#6611 = CARTESIAN_POINT('',(33.454389388433,-4.95407491099,0.));
#6612 = CARTESIAN_POINT('',(33.667884151969,-4.702673005896,0.));
#6613 = CARTESIAN_POINT('',(33.881741571832,-4.431125252847,0.));
#6614 = CARTESIAN_POINT('',(34.07814508746,-4.130813139481,0.));
#6615 = CARTESIAN_POINT('',(34.313761652271,-3.833837613356,0.));
#6616 = CARTESIAN_POINT('',(34.345870958829,-3.435528527256,0.));
#6617 = CARTESIAN_POINT('',(34.565028417496,-3.092161439615,0.));
#6618 = CARTESIAN_POINT('',(34.713476026957,-2.694253945948,0.));
#6619 = CARTESIAN_POINT('',(34.859860750949,-2.281814934203,0.));
#6620 = CARTESIAN_POINT('',(34.979789121378,-1.848879296196,0.));
#6621 = CARTESIAN_POINT('',(35.076859122547,-1.400920211699,0.));
#6622 = CARTESIAN_POINT('',(35.14739893708,-0.94078099159,0.));
#6623 = CARTESIAN_POINT('',(35.19039434034,-0.472475702754,0.));
#6624 = CARTESIAN_POINT('',(35.200002026252,-0.157758520195,0.));
#6625 = CARTESIAN_POINT('',(35.2,-9.769962616701E-15,0.));
#6626 = VECTOR('',#6627,1.);
#6627 = DIRECTION('',(-0.,-0.,-1.));
#6628 = ADVANCED_FACE('',(#6629),#6741,.F.);
#6629 = FACE_BOUND('',#6630,.F.);
#6630 = EDGE_LOOP('',(#6631,#6632,#6686,#6687));
#6631 = ORIENTED_EDGE('',*,*,#6512,.T.);
#6632 = ORIENTED_EDGE('',*,*,#6633,.T.);
#6633 = EDGE_CURVE('',#6457,#4856,#6634,.T.);
#6634 = B_SPLINE_CURVE_WITH_KNOTS('',3,(#6635,#6636,#6637,#6638,#6639,
    #6640,#6641,#6642,#6643,#6644,#6645,#6646,#6647,#6648,#6649,#6650,
    #6651,#6652,#6653,#6654,#6655,#6656,#6657,#6658,#6659,#6660,#6661,
    #6662,#6663,#6664,#6665,#6666,#6667,#6668,#6669,#6670,#6671,#6672,
    #6673,#6674,#6675,#6676,#6677,#6678,#6679,#6680,#6681,#6682,#6683,
    #6684,#6685),.UNSPECIFIED.,.F.,.F.,(4,1,1,1,1,1,1,1,1,1,1,1,1,1,1,1,
    1,1,1,1,1,1,1,1,1,1,1,1,1,1,1,1,1,1,1,1,1,1,1,1,1,1,1,1,1,1,1,1,4),(
    0.,0.473206125628,0.943992429652,1.409973954886,1.868836789104,
    2.318377024136,2.756544271089,3.181492042951,3.591638155345,
    3.958628390048,4.336720798561,4.697643825895,5.041884944182,
    5.37090160957,5.687455278175,5.996091997334,6.303841257426,
    6.621230764788,6.963721635172,7.353570058326,7.821640417824,
    8.407110090534,9.197325542283,10.107526890421,11.137050913086,
    12.166574935752,13.07677628389,13.866991735638,14.452461408348,
    14.920531767847,15.310380191,15.652871061385,15.970260568747,
    16.278009828838,16.586646547997,16.903200216603,17.23221688199,
    17.576458000278,17.937381027612,18.315473436125,18.682463670827,
    19.092609783221,19.517557555084,19.955724802036,20.405265037068,
    20.864127871286,21.330109396521,21.800895700545,22.274101826172),
  .UNSPECIFIED.);
#6635 = CARTESIAN_POINT('',(35.2,-9.769962616701E-15,5.));
#6636 = CARTESIAN_POINT('',(35.200002026252,0.157758520195,5.));
#6637 = CARTESIAN_POINT('',(35.19039434034,0.472475702754,5.));
#6638 = CARTESIAN_POINT('',(35.14739893708,0.94078099159,5.));
#6639 = CARTESIAN_POINT('',(35.076859122547,1.400920211699,5.));
#6640 = CARTESIAN_POINT('',(34.979789121378,1.848879296196,5.));
#6641 = CARTESIAN_POINT('',(34.859860750949,2.281814934203,5.));
#6642 = CARTESIAN_POINT('',(34.713476026957,2.694253945948,5.));
#6643 = CARTESIAN_POINT('',(34.565028417496,3.092161439615,5.));
#6644 = CARTESIAN_POINT('',(34.345870958829,3.435528527256,5.));
#6645 = CARTESIAN_POINT('',(34.313761652271,3.833837613356,5.));
#6646 = CARTESIAN_POINT('',(34.07814508746,4.130813139481,5.));
#6647 = CARTESIAN_POINT('',(33.881741571832,4.431125252847,5.));
#6648 = CARTESIAN_POINT('',(33.667884151969,4.702673005896,5.));
#6649 = CARTESIAN_POINT('',(33.454389388433,4.95407491099,5.));
#6650 = CARTESIAN_POINT('',(33.237631466819,5.187054999879,5.));
#6651 = CARTESIAN_POINT('',(33.017476926575,5.406753945932,5.));
#6652 = CARTESIAN_POINT('',(32.790315788009,5.619608828039,5.));
#6653 = CARTESIAN_POINT('',(32.550074252153,5.834836214195,5.));
#6654 = CARTESIAN_POINT('',(32.286683883005,6.065230530121,5.));
#6655 = CARTESIAN_POINT('',(31.987721859712,6.331009429081,5.));
#6656 = CARTESIAN_POINT('',(31.631736283507,6.655608197441,5.));
#6657 = CARTESIAN_POINT('',(31.226713146966,7.117965909475,5.));
#6658 = CARTESIAN_POINT('',(30.634507436458,7.611446073826,5.));
#6659 = CARTESIAN_POINT('',(30.201284029788,8.427509139028,5.));
#6660 = CARTESIAN_POINT('',(29.81890271923,9.342872814594,5.));
#6661 = CARTESIAN_POINT('',(29.645699381798,10.31965668481,5.));
#6662 = CARTESIAN_POINT('',(29.568953100499,11.240390878147,5.));
#6663 = CARTESIAN_POINT('',(29.800352727173,11.97570338922,5.));
#6664 = CARTESIAN_POINT('',(29.891110420276,12.583635487529,5.));
#6665 = CARTESIAN_POINT('',(30.015093200424,13.049165681086,5.));
#6666 = CARTESIAN_POINT('',(30.122905137505,13.43438419145,5.));
#6667 = CARTESIAN_POINT('',(30.219922644765,13.770603808153,5.));
#6668 = CARTESIAN_POINT('',(30.305665975546,14.081548987451,5.));
#6669 = CARTESIAN_POINT('',(30.381688048425,14.383426492651,5.));
#6670 = CARTESIAN_POINT('',(30.448115615386,14.687273537783,5.));
#6671 = CARTESIAN_POINT('',(30.504505437006,15.000457040571,5.));
#6672 = CARTESIAN_POINT('',(30.548190529592,15.327373764872,5.));
#6673 = CARTESIAN_POINT('',(30.581289040386,15.671434321751,5.));
#6674 = CARTESIAN_POINT('',(30.584153205307,16.030256705312,5.));
#6675 = CARTESIAN_POINT('',(30.621809381639,16.407472348034,5.));
#6676 = CARTESIAN_POINT('',(30.433479299309,16.75991087562,5.));
#6677 = CARTESIAN_POINT('',(30.43220802271,17.167255118761,5.));
#6678 = CARTESIAN_POINT('',(30.34196506596,17.582253040478,5.));
#6679 = CARTESIAN_POINT('',(30.242130367711,18.008360373027,5.));
#6680 = CARTESIAN_POINT('',(30.108957855783,18.437407180214,5.));
#6681 = CARTESIAN_POINT('',(29.94843337157,18.866734347393,5.));
#6682 = CARTESIAN_POINT('',(29.759005195648,19.291964794897,5.));
#6683 = CARTESIAN_POINT('',(29.541990276361,19.709173343539,5.));
#6684 = CARTESIAN_POINT('',(29.379923821231,19.979124592374,5.));
#6685 = CARTESIAN_POINT('',(29.29463142132,20.111838409348,5.));
#6686 = ORIENTED_EDGE('',*,*,#4853,.F.);
#6687 = ORIENTED_EDGE('',*,*,#6688,.F.);
#6688 = EDGE_CURVE('',#6513,#4854,#6689,.T.);
#6689 = B_SPLINE_CURVE_WITH_KNOTS('',3,(#6690,#6691,#6692,#6693,#6694,
    #6695,#6696,#6697,#6698,#6699,#6700,#6701,#6702,#6703,#6704,#6705,
    #6706,#6707,#6708,#6709,#6710,#6711,#6712,#6713,#6714,#6715,#6716,
    #6717,#6718,#6719,#6720,#6721,#6722,#6723,#6724,#6725,#6726,#6727,
    #6728,#6729,#6730,#6731,#6732,#6733,#6734,#6735,#6736,#6737,#6738,
    #6739,#6740),.UNSPECIFIED.,.F.,.F.,(4,1,1,1,1,1,1,1,1,1,1,1,1,1,1,1,
    1,1,1,1,1,1,1,1,1,1,1,1,1,1,1,1,1,1,1,1,1,1,1,1,1,1,1,1,1,1,1,1,4),(
    0.,0.473206125628,0.943992429652,1.409973954886,1.868836789104,
    2.318377024136,2.756544271089,3.181492042951,3.591638155345,
    3.958628390048,4.336720798561,4.697643825895,5.041884944182,
    5.37090160957,5.687455278175,5.996091997334,6.303841257426,
    6.621230764788,6.963721635172,7.353570058326,7.821640417824,
    8.407110090534,9.197325542283,10.107526890421,11.137050913086,
    12.166574935752,13.07677628389,13.866991735638,14.452461408348,
    14.920531767847,15.310380191,15.652871061385,15.970260568747,
    16.278009828838,16.586646547997,16.903200216603,17.23221688199,
    17.576458000278,17.937381027612,18.315473436125,18.682463670827,
    19.092609783221,19.517557555084,19.955724802036,20.405265037068,
    20.864127871286,21.330109396521,21.800895700545,22.274101826172),
  .UNSPECIFIED.);
#6690 = CARTESIAN_POINT('',(35.2,-9.769962616701E-15,0.));
#6691 = CARTESIAN_POINT('',(35.200002026252,0.157758520195,0.));
#6692 = CARTESIAN_POINT('',(35.19039434034,0.472475702754,0.));
#6693 = CARTESIAN_POINT('',(35.14739893708,0.94078099159,0.));
#6694 = CARTESIAN_POINT('',(35.076859122547,1.400920211699,0.));
#6695 = CARTESIAN_POINT('',(34.979789121378,1.848879296196,0.));
#6696 = CARTESIAN_POINT('',(34.859860750949,2.281814934203,0.));
#6697 = CARTESIAN_POINT('',(34.713476026957,2.694253945948,0.));
#6698 = CARTESIAN_POINT('',(34.565028417496,3.092161439615,0.));
#6699 = CARTESIAN_POINT('',(34.345870958829,3.435528527256,0.));
#6700 = CARTESIAN_POINT('',(34.313761652271,3.833837613356,0.));
#6701 = CARTESIAN_POINT('',(34.07814508746,4.130813139481,0.));
#6702 = CARTESIAN_POINT('',(33.881741571832,4.431125252847,0.));
#6703 = CARTESIAN_POINT('',(33.667884151969,4.702673005896,0.));
#6704 = CARTESIAN_POINT('',(33.454389388433,4.95407491099,0.));
#6705 = CARTESIAN_POINT('',(33.237631466819,5.187054999879,0.));
#6706 = CARTESIAN_POINT('',(33.017476926575,5.406753945932,0.));
#6707 = CARTESIAN_POINT('',(32.790315788009,5.619608828039,0.));
#6708 = CARTESIAN_POINT('',(32.550074252153,5.834836214195,0.));
#6709 = CARTESIAN_POINT('',(32.286683883005,6.065230530121,0.));
#6710 = CARTESIAN_POINT('',(31.987721859712,6.331009429081,0.));
#6711 = CARTESIAN_POINT('',(31.631736283507,6.655608197441,0.));
#6712 = CARTESIAN_POINT('',(31.226713146966,7.117965909475,0.));
#6713 = CARTESIAN_POINT('',(30.634507436458,7.611446073826,0.));
#6714 = CARTESIAN_POINT('',(30.201284029788,8.427509139028,0.));
#6715 = CARTESIAN_POINT('',(29.81890271923,9.342872814594,0.));
#6716 = CARTESIAN_POINT('',(29.645699381798,10.31965668481,0.));
#6717 = CARTESIAN_POINT('',(29.568953100499,11.240390878147,0.));
#6718 = CARTESIAN_POINT('',(29.800352727173,11.97570338922,0.));
#6719 = CARTESIAN_POINT('',(29.891110420276,12.583635487529,0.));
#6720 = CARTESIAN_POINT('',(30.015093200424,13.049165681086,0.));
#6721 = CARTESIAN_POINT('',(30.122905137505,13.43438419145,0.));
#6722 = CARTESIAN_POINT('',(30.219922644765,13.770603808153,0.));
#6723 = CARTESIAN_POINT('',(30.305665975546,14.081548987451,0.));
#6724 = CARTESIAN_POINT('',(30.381688048425,14.383426492651,0.));
#6725 = CARTESIAN_POINT('',(30.448115615386,14.687273537783,0.));
#6726 = CARTESIAN_POINT('',(30.504505437006,15.000457040571,0.));
#6727 = CARTESIAN_POINT('',(30.548190529592,15.327373764872,0.));
#6728 = CARTESIAN_POINT('',(30.581289040386,15.671434321751,0.));
#6729 = CARTESIAN_POINT('',(30.584153205307,16.030256705312,0.));
#6730 = CARTESIAN_POINT('',(30.621809381639,16.407472348034,0.));
#6731 = CARTESIAN_POINT('',(30.433479299309,16.75991087562,0.));
#6732 = CARTESIAN_POINT('',(30.43220802271,17.167255118761,0.));
#6733 = CARTESIAN_POINT('',(30.34196506596,17.582253040478,0.));
#6734 = CARTESIAN_POINT('',(30.242130367711,18.008360373027,0.));
#6735 = CARTESIAN_POINT('',(30.108957855783,18.437407180214,0.));
#6736 = CARTESIAN_POINT('',(29.94843337157,18.866734347393,0.));
#6737 = CARTESIAN_POINT('',(29.759005195648,19.291964794897,0.));
#6738 = CARTESIAN_POINT('',(29.541990276361,19.709173343539,0.));
#6739 = CARTESIAN_POINT('',(29.379923821231,19.979124592374,0.));
#6740 = CARTESIAN_POINT('',(29.29463142132,20.111838409348,0.));
#6741 = SURFACE_OF_LINEAR_EXTRUSION('',#6742,#6794);
#6742 = B_SPLINE_CURVE_WITH_KNOTS('',3,(#6743,#6744,#6745,#6746,#6747,
    #6748,#6749,#6750,#6751,#6752,#6753,#6754,#6755,#6756,#6757,#6758,
    #6759,#6760,#6761,#6762,#6763,#6764,#6765,#6766,#6767,#6768,#6769,
    #6770,#6771,#6772,#6773,#6774,#6775,#6776,#6777,#6778,#6779,#6780,
    #6781,#6782,#6783,#6784,#6785,#6786,#6787,#6788,#6789,#6790,#6791,
    #6792,#6793),.UNSPECIFIED.,.F.,.F.,(4,1,1,1,1,1,1,1,1,1,1,1,1,1,1,1,
    1,1,1,1,1,1,1,1,1,1,1,1,1,1,1,1,1,1,1,1,1,1,1,1,1,1,1,1,1,1,1,1,4),(
    0.,0.473206125628,0.943992429652,1.409973954886,1.868836789104,
    2.318377024136,2.756544271089,3.181492042951,3.591638155345,
    3.958628390048,4.336720798561,4.697643825895,5.041884944182,
    5.37090160957,5.687455278175,5.996091997334,6.303841257426,
    6.621230764788,6.963721635172,7.353570058326,7.821640417824,
    8.407110090534,9.197325542283,10.107526890421,11.137050913086,
    12.166574935752,13.07677628389,13.866991735638,14.452461408348,
    14.920531767847,15.310380191,15.652871061385,15.970260568747,
    16.278009828838,16.586646547997,16.903200216603,17.23221688199,
    17.576458000278,17.937381027612,18.315473436125,18.682463670827,
    19.092609783221,19.517557555084,19.955724802036,20.405265037068,
    20.864127871286,21.330109396521,21.800895700545,22.274101826172),
  .UNSPECIFIED.);
#6743 = CARTESIAN_POINT('',(35.2,-9.769962616701E-15,0.));
#6744 = CARTESIAN_POINT('',(35.200002026252,0.157758520195,0.));
#6745 = CARTESIAN_POINT('',(35.19039434034,0.472475702754,0.));
#6746 = CARTESIAN_POINT('',(35.14739893708,0.94078099159,0.));
#6747 = CARTESIAN_POINT('',(35.076859122547,1.400920211699,0.));
#6748 = CARTESIAN_POINT('',(34.979789121378,1.848879296196,0.));
#6749 = CARTESIAN_POINT('',(34.859860750949,2.281814934203,0.));
#6750 = CARTESIAN_POINT('',(34.713476026957,2.694253945948,0.));
#6751 = CARTESIAN_POINT('',(34.565028417496,3.092161439615,0.));
#6752 = CARTESIAN_POINT('',(34.345870958829,3.435528527256,0.));
#6753 = CARTESIAN_POINT('',(34.313761652271,3.833837613356,0.));
#6754 = CARTESIAN_POINT('',(34.07814508746,4.130813139481,0.));
#6755 = CARTESIAN_POINT('',(33.881741571832,4.431125252847,0.));
#6756 = CARTESIAN_POINT('',(33.667884151969,4.702673005896,0.));
#6757 = CARTESIAN_POINT('',(33.454389388433,4.95407491099,0.));
#6758 = CARTESIAN_POINT('',(33.237631466819,5.187054999879,0.));
#6759 = CARTESIAN_POINT('',(33.017476926575,5.406753945932,0.));
#6760 = CARTESIAN_POINT('',(32.790315788009,5.619608828039,0.));
#6761 = CARTESIAN_POINT('',(32.550074252153,5.834836214195,0.));
#6762 = CARTESIAN_POINT('',(32.286683883005,6.065230530121,0.));
#6763 = CARTESIAN_POINT('',(31.987721859712,6.331009429081,0.));
#6764 = CARTESIAN_POINT('',(31.631736283507,6.655608197441,0.));
#6765 = CARTESIAN_POINT('',(31.226713146966,7.117965909475,0.));
#6766 = CARTESIAN_POINT('',(30.634507436458,7.611446073826,0.));
#6767 = CARTESIAN_POINT('',(30.201284029788,8.427509139028,0.));
#6768 = CARTESIAN_POINT('',(29.81890271923,9.342872814594,0.));
#6769 = CARTESIAN_POINT('',(29.645699381798,10.31965668481,0.));
#6770 = CARTESIAN_POINT('',(29.568953100499,11.240390878147,0.));
#6771 = CARTESIAN_POINT('',(29.800352727173,11.97570338922,0.));
#6772 = CARTESIAN_POINT('',(29.891110420276,12.583635487529,0.));
#6773 = CARTESIAN_POINT('',(30.015093200424,13.049165681086,0.));
#6774 = CARTESIAN_POINT('',(30.122905137505,13.43438419145,0.));
#6775 = CARTESIAN_POINT('',(30.219922644765,13.770603808153,0.));
#6776 = CARTESIAN_POINT('',(30.305665975546,14.081548987451,0.));
#6777 = CARTESIAN_POINT('',(30.381688048425,14.383426492651,0.));
#6778 = CARTESIAN_POINT('',(30.448115615386,14.687273537783,0.));
#6779 = CARTESIAN_POINT('',(30.504505437006,15.000457040571,0.));
#6780 = CARTESIAN_POINT('',(30.548190529592,15.327373764872,0.));
#6781 = CARTESIAN_POINT('',(30.581289040386,15.671434321751,0.));
#6782 = CARTESIAN_POINT('',(30.584153205307,16.030256705312,0.));
#6783 = CARTESIAN_POINT('',(30.621809381639,16.407472348034,0.));
#6784 = CARTESIAN_POINT('',(30.433479299309,16.75991087562,0.));
#6785 = CARTESIAN_POINT('',(30.43220802271,17.167255118761,0.));
#6786 = CARTESIAN_POINT('',(30.34196506596,17.582253040478,0.));
#6787 = CARTESIAN_POINT('',(30.242130367711,18.008360373027,0.));
#6788 = CARTESIAN_POINT('',(30.108957855783,18.437407180214,0.));
#6789 = CARTESIAN_POINT('',(29.94843337157,18.866734347393,0.));
#6790 = CARTESIAN_POINT('',(29.759005195648,19.291964794897,0.));
#6791 = CARTESIAN_POINT('',(29.541990276361,19.709173343539,0.));
#6792 = CARTESIAN_POINT('',(29.379923821231,19.979124592374,0.));
#6793 = CARTESIAN_POINT('',(29.29463142132,20.111838409348,0.));
#6794 = VECTOR('',#6795,1.);
#6795 = DIRECTION('',(-0.,-0.,-1.));
#6796 = ADVANCED_FACE('',(#6797),#6824,.F.);
#6797 = FACE_BOUND('',#6798,.T.);
#6798 = EDGE_LOOP('',(#6799,#6809,#6816,#6817));
#6799 = ORIENTED_EDGE('',*,*,#6800,.T.);
#6800 = EDGE_CURVE('',#6801,#6803,#6805,.T.);
#6801 = VERTEX_POINT('',#6802);
#6802 = CARTESIAN_POINT('',(-7.5,21.650635094611,0.));
#6803 = VERTEX_POINT('',#6804);
#6804 = CARTESIAN_POINT('',(-7.5,21.650635094611,5.));
#6805 = LINE('',#6806,#6807);
#6806 = CARTESIAN_POINT('',(-7.5,21.650635094611,0.));
#6807 = VECTOR('',#6808,1.);
#6808 = DIRECTION('',(0.,0.,1.));
#6809 = ORIENTED_EDGE('',*,*,#6810,.T.);
#6810 = EDGE_CURVE('',#6803,#6803,#6811,.T.);
#6811 = CIRCLE('',#6812,7.);
#6812 = AXIS2_PLACEMENT_3D('',#6813,#6814,#6815);
#6813 = CARTESIAN_POINT('',(-14.5,21.650635094611,5.));
#6814 = DIRECTION('',(0.,0.,1.));
#6815 = DIRECTION('',(1.,0.,0.));
#6816 = ORIENTED_EDGE('',*,*,#6800,.F.);
#6817 = ORIENTED_EDGE('',*,*,#6818,.F.);
#6818 = EDGE_CURVE('',#6801,#6801,#6819,.T.);
#6819 = CIRCLE('',#6820,7.);
#6820 = AXIS2_PLACEMENT_3D('',#6821,#6822,#6823);
#6821 = CARTESIAN_POINT('',(-14.5,21.650635094611,0.));
#6822 = DIRECTION('',(0.,0.,1.));
#6823 = DIRECTION('',(1.,0.,0.));
#6824 = CYLINDRICAL_SURFACE('',#6825,7.);
#6825 = AXIS2_PLACEMENT_3D('',#6826,#6827,#6828);
#6826 = CARTESIAN_POINT('',(-14.5,21.650635094611,0.));
#6827 = DIRECTION('',(-0.,-0.,-1.));
#6828 = DIRECTION('',(1.,0.,0.));
#6829 = ADVANCED_FACE('',(#6830),#6857,.F.);
#6830 = FACE_BOUND('',#6831,.T.);
#6831 = EDGE_LOOP('',(#6832,#6842,#6849,#6850));
#6832 = ORIENTED_EDGE('',*,*,#6833,.T.);
#6833 = EDGE_CURVE('',#6834,#6836,#6838,.T.);
#6834 = VERTEX_POINT('',#6835);
#6835 = CARTESIAN_POINT('',(17.5,21.650635094611,0.));
#6836 = VERTEX_POINT('',#6837);
#6837 = CARTESIAN_POINT('',(17.5,21.650635094611,5.));
#6838 = LINE('',#6839,#6840);
#6839 = CARTESIAN_POINT('',(17.5,21.650635094611,0.));
#6840 = VECTOR('',#6841,1.);
#6841 = DIRECTION('',(0.,0.,1.));
#6842 = ORIENTED_EDGE('',*,*,#6843,.T.);
#6843 = EDGE_CURVE('',#6836,#6836,#6844,.T.);
#6844 = CIRCLE('',#6845,7.);
#6845 = AXIS2_PLACEMENT_3D('',#6846,#6847,#6848);
#6846 = CARTESIAN_POINT('',(10.5,21.650635094611,5.));
#6847 = DIRECTION('',(0.,0.,1.));
#6848 = DIRECTION('',(1.,0.,0.));
#6849 = ORIENTED_EDGE('',*,*,#6833,.F.);
#6850 = ORIENTED_EDGE('',*,*,#6851,.F.);
#6851 = EDGE_CURVE('',#6834,#6834,#6852,.T.);
#6852 = CIRCLE('',#6853,7.);
#6853 = AXIS2_PLACEMENT_3D('',#6854,#6855,#6856);
#6854 = CARTESIAN_POINT('',(10.5,21.650635094611,0.));
#6855 = DIRECTION('',(0.,0.,1.));
#6856 = DIRECTION('',(1.,0.,0.));
#6857 = CYLINDRICAL_SURFACE('',#6858,7.);
#6858 = AXIS2_PLACEMENT_3D('',#6859,#6860,#6861);
#6859 = CARTESIAN_POINT('',(10.5,21.650635094611,0.));
#6860 = DIRECTION('',(-0.,-0.,-1.));
#6861 = DIRECTION('',(1.,0.,0.));
#6862 = ADVANCED_FACE('',(#6863),#6890,.F.);
#6863 = FACE_BOUND('',#6864,.T.);
#6864 = EDGE_LOOP('',(#6865,#6875,#6882,#6883));
#6865 = ORIENTED_EDGE('',*,*,#6866,.T.);
#6866 = EDGE_CURVE('',#6867,#6869,#6871,.T.);
#6867 = VERTEX_POINT('',#6868);
#6868 = CARTESIAN_POINT('',(30.,0.,0.));
#6869 = VERTEX_POINT('',#6870);
#6870 = CARTESIAN_POINT('',(30.,0.,5.));
#6871 = LINE('',#6872,#6873);
#6872 = CARTESIAN_POINT('',(30.,0.,0.));
#6873 = VECTOR('',#6874,1.);
#6874 = DIRECTION('',(0.,0.,1.));
#6875 = ORIENTED_EDGE('',*,*,#6876,.T.);
#6876 = EDGE_CURVE('',#6869,#6869,#6877,.T.);
#6877 = CIRCLE('',#6878,7.);
#6878 = AXIS2_PLACEMENT_3D('',#6879,#6880,#6881);
#6879 = CARTESIAN_POINT('',(23.,0.,5.));
#6880 = DIRECTION('',(0.,0.,1.));
#6881 = DIRECTION('',(1.,0.,0.));
#6882 = ORIENTED_EDGE('',*,*,#6866,.F.);
#6883 = ORIENTED_EDGE('',*,*,#6884,.F.);
#6884 = EDGE_CURVE('',#6867,#6867,#6885,.T.);
#6885 = CIRCLE('',#6886,7.);
#6886 = AXIS2_PLACEMENT_3D('',#6887,#6888,#6889);
#6887 = CARTESIAN_POINT('',(23.,0.,0.));
#6888 = DIRECTION('',(0.,0.,1.));
#6889 = DIRECTION('',(1.,0.,0.));
#6890 = CYLINDRICAL_SURFACE('',#6891,7.);
#6891 = AXIS2_PLACEMENT_3D('',#6892,#6893,#6894);
#6892 = CARTESIAN_POINT('',(23.,0.,0.));
#6893 = DIRECTION('',(-0.,-0.,-1.));
#6894 = DIRECTION('',(1.,0.,0.));
#6895 = ADVANCED_FACE('',(#6896),#6923,.F.);
#6896 = FACE_BOUND('',#6897,.T.);
#6897 = EDGE_LOOP('',(#6898,#6908,#6915,#6916));
#6898 = ORIENTED_EDGE('',*,*,#6899,.T.);
#6899 = EDGE_CURVE('',#6900,#6902,#6904,.T.);
#6900 = VERTEX_POINT('',#6901);
#6901 = CARTESIAN_POINT('',(-7.5,-21.65063509461,0.));
#6902 = VERTEX_POINT('',#6903);
#6903 = CARTESIAN_POINT('',(-7.5,-21.65063509461,5.));
#6904 = LINE('',#6905,#6906);
#6905 = CARTESIAN_POINT('',(-7.5,-21.65063509461,0.));
#6906 = VECTOR('',#6907,1.);
#6907 = DIRECTION('',(0.,0.,1.));
#6908 = ORIENTED_EDGE('',*,*,#6909,.T.);
#6909 = EDGE_CURVE('',#6902,#6902,#6910,.T.);
#6910 = CIRCLE('',#6911,7.);
#6911 = AXIS2_PLACEMENT_3D('',#6912,#6913,#6914);
#6912 = CARTESIAN_POINT('',(-14.5,-21.65063509461,5.));
#6913 = DIRECTION('',(0.,0.,1.));
#6914 = DIRECTION('',(1.,0.,0.));
#6915 = ORIENTED_EDGE('',*,*,#6899,.F.);
#6916 = ORIENTED_EDGE('',*,*,#6917,.F.);
#6917 = EDGE_CURVE('',#6900,#6900,#6918,.T.);
#6918 = CIRCLE('',#6919,7.);
#6919 = AXIS2_PLACEMENT_3D('',#6920,#6921,#6922);
#6920 = CARTESIAN_POINT('',(-14.5,-21.65063509461,0.));
#6921 = DIRECTION('',(0.,0.,1.));
#6922 = DIRECTION('',(1.,0.,0.));
#6923 = CYLINDRICAL_SURFACE('',#6924,7.);
#6924 = AXIS2_PLACEMENT_3D('',#6925,#6926,#6927);
#6925 = CARTESIAN_POINT('',(-14.5,-21.65063509461,0.));
#6926 = DIRECTION('',(-0.,-0.,-1.));
#6927 = DIRECTION('',(1.,0.,0.));
#6928 = ADVANCED_FACE('',(#6929),#6956,.F.);
#6929 = FACE_BOUND('',#6930,.T.);
#6930 = EDGE_LOOP('',(#6931,#6941,#6948,#6949));
#6931 = ORIENTED_EDGE('',*,*,#6932,.T.);
#6932 = EDGE_CURVE('',#6933,#6935,#6937,.T.);
#6933 = VERTEX_POINT('',#6934);
#6934 = CARTESIAN_POINT('',(-20.,0.,0.));
#6935 = VERTEX_POINT('',#6936);
#6936 = CARTESIAN_POINT('',(-20.,0.,5.));
#6937 = LINE('',#6938,#6939);
#6938 = CARTESIAN_POINT('',(-20.,0.,0.));
#6939 = VECTOR('',#6940,1.);
#6940 = DIRECTION('',(0.,0.,1.));
#6941 = ORIENTED_EDGE('',*,*,#6942,.T.);
#6942 = EDGE_CURVE('',#6935,#6935,#6943,.T.);
#6943 = CIRCLE('',#6944,7.);
#6944 = AXIS2_PLACEMENT_3D('',#6945,#6946,#6947);
#6945 = CARTESIAN_POINT('',(-27.,0.,5.));
#6946 = DIRECTION('',(0.,0.,1.));
#6947 = DIRECTION('',(1.,0.,0.));
#6948 = ORIENTED_EDGE('',*,*,#6932,.F.);
#6949 = ORIENTED_EDGE('',*,*,#6950,.F.);
#6950 = EDGE_CURVE('',#6933,#6933,#6951,.T.);
#6951 = CIRCLE('',#6952,7.);
#6952 = AXIS2_PLACEMENT_3D('',#6953,#6954,#6955);
#6953 = CARTESIAN_POINT('',(-27.,0.,0.));
#6954 = DIRECTION('',(0.,0.,1.));
#6955 = DIRECTION('',(1.,0.,0.));
#6956 = CYLINDRICAL_SURFACE('',#6957,7.);
#6957 = AXIS2_PLACEMENT_3D('',#6958,#6959,#6960);
#6958 = CARTESIAN_POINT('',(-27.,0.,0.));
#6959 = DIRECTION('',(-0.,-0.,-1.));
#6960 = DIRECTION('',(1.,0.,0.));
#6961 = ADVANCED_FACE('',(#6962),#6989,.F.);
#6962 = FACE_BOUND('',#6963,.T.);
#6963 = EDGE_LOOP('',(#6964,#6974,#6981,#6982));
#6964 = ORIENTED_EDGE('',*,*,#6965,.T.);
#6965 = EDGE_CURVE('',#6966,#6968,#6970,.T.);
#6966 = VERTEX_POINT('',#6967);
#6967 = CARTESIAN_POINT('',(17.5,-21.65063509461,0.));
#6968 = VERTEX_POINT('',#6969);
#6969 = CARTESIAN_POINT('',(17.5,-21.65063509461,5.));
#6970 = LINE('',#6971,#6972);
#6971 = CARTESIAN_POINT('',(17.5,-21.65063509461,0.));
#6972 = VECTOR('',#6973,1.);
#6973 = DIRECTION('',(0.,0.,1.));
#6974 = ORIENTED_EDGE('',*,*,#6975,.T.);
#6975 = EDGE_CURVE('',#6968,#6968,#6976,.T.);
#6976 = CIRCLE('',#6977,7.);
#6977 = AXIS2_PLACEMENT_3D('',#6978,#6979,#6980);
#6978 = CARTESIAN_POINT('',(10.5,-21.65063509461,5.));
#6979 = DIRECTION('',(0.,0.,1.));
#6980 = DIRECTION('',(1.,0.,0.));
#6981 = ORIENTED_EDGE('',*,*,#6965,.F.);
#6982 = ORIENTED_EDGE('',*,*,#6983,.F.);
#6983 = EDGE_CURVE('',#6966,#6966,#6984,.T.);
#6984 = CIRCLE('',#6985,7.);
#6985 = AXIS2_PLACEMENT_3D('',#6986,#6987,#6988);
#6986 = CARTESIAN_POINT('',(10.5,-21.65063509461,0.));
#6987 = DIRECTION('',(0.,0.,1.));
#6988 = DIRECTION('',(1.,0.,0.));
#6989 = CYLINDRICAL_SURFACE('',#6990,7.);
#6990 = AXIS2_PLACEMENT_3D('',#6991,#6992,#6993);
#6991 = CARTESIAN_POINT('',(10.5,-21.65063509461,0.));
#6992 = DIRECTION('',(-0.,-0.,-1.));
#6993 = DIRECTION('',(1.,0.,0.));
#6994 = ADVANCED_FACE('',(#6995),#7022,.F.);
#6995 = FACE_BOUND('',#6996,.T.);
#6996 = EDGE_LOOP('',(#6997,#7007,#7014,#7015));
#6997 = ORIENTED_EDGE('',*,*,#6998,.T.);
#6998 = EDGE_CURVE('',#6999,#7001,#7003,.T.);
#6999 = VERTEX_POINT('',#7000);
#7000 = CARTESIAN_POINT('',(4.8,0.,0.));
#7001 = VERTEX_POINT('',#7002);
#7002 = CARTESIAN_POINT('',(4.8,0.,5.));
#7003 = LINE('',#7004,#7005);
#7004 = CARTESIAN_POINT('',(4.8,0.,0.));
#7005 = VECTOR('',#7006,1.);
#7006 = DIRECTION('',(0.,0.,1.));
#7007 = ORIENTED_EDGE('',*,*,#7008,.T.);
#7008 = EDGE_CURVE('',#7001,#7001,#7009,.T.);
#7009 = CIRCLE('',#7010,6.8);
#7010 = AXIS2_PLACEMENT_3D('',#7011,#7012,#7013);
#7011 = CARTESIAN_POINT('',(-2.,0.,5.));
#7012 = DIRECTION('',(0.,0.,1.));
#7013 = DIRECTION('',(1.,0.,0.));
#7014 = ORIENTED_EDGE('',*,*,#6998,.F.);
#7015 = ORIENTED_EDGE('',*,*,#7016,.F.);
#7016 = EDGE_CURVE('',#6999,#6999,#7017,.T.);
#7017 = CIRCLE('',#7018,6.8);
#7018 = AXIS2_PLACEMENT_3D('',#7019,#7020,#7021);
#7019 = CARTESIAN_POINT('',(-2.,0.,0.));
#7020 = DIRECTION('',(0.,0.,1.));
#7021 = DIRECTION('',(1.,0.,0.));
#7022 = CYLINDRICAL_SURFACE('',#7023,6.8);
#7023 = AXIS2_PLACEMENT_3D('',#7024,#7025,#7026);
#7024 = CARTESIAN_POINT('',(-2.,0.,0.));
#7025 = DIRECTION('',(-0.,-0.,-1.));
#7026 = DIRECTION('',(1.,0.,0.));
#7027 = ADVANCED_FACE('',(#7028,#7041,#7044,#7047,#7050,#7053,#7056,
    #7059),#7062,.F.);
#7028 = FACE_BOUND('',#7029,.F.);
#7029 = EDGE_LOOP('',(#7030,#7031,#7032,#7033,#7034,#7035,#7036,#7037,
    #7038,#7039,#7040));
#7030 = ORIENTED_EDGE('',*,*,#4927,.T.);
#7031 = ORIENTED_EDGE('',*,*,#5104,.T.);
#7032 = ORIENTED_EDGE('',*,*,#5281,.T.);
#7033 = ORIENTED_EDGE('',*,*,#5458,.T.);
#7034 = ORIENTED_EDGE('',*,*,#5635,.T.);
#7035 = ORIENTED_EDGE('',*,*,#5812,.T.);
#7036 = ORIENTED_EDGE('',*,*,#5989,.T.);
#7037 = ORIENTED_EDGE('',*,*,#6166,.T.);
#7038 = ORIENTED_EDGE('',*,*,#6343,.T.);
#7039 = ORIENTED_EDGE('',*,*,#6520,.T.);
#7040 = ORIENTED_EDGE('',*,*,#6688,.T.);
#7041 = FACE_BOUND('',#7042,.T.);
#7042 = EDGE_LOOP('',(#7043));
#7043 = ORIENTED_EDGE('',*,*,#6818,.T.);
#7044 = FACE_BOUND('',#7045,.T.);
#7045 = EDGE_LOOP('',(#7046));
#7046 = ORIENTED_EDGE('',*,*,#6851,.T.);
#7047 = FACE_BOUND('',#7048,.T.);
#7048 = EDGE_LOOP('',(#7049));
#7049 = ORIENTED_EDGE('',*,*,#6884,.T.);
#7050 = FACE_BOUND('',#7051,.T.);
#7051 = EDGE_LOOP('',(#7052));
#7052 = ORIENTED_EDGE('',*,*,#6917,.T.);
#7053 = FACE_BOUND('',#7054,.T.);
#7054 = EDGE_LOOP('',(#7055));
#7055 = ORIENTED_EDGE('',*,*,#6950,.T.);
#7056 = FACE_BOUND('',#7057,.T.);
#7057 = EDGE_LOOP('',(#7058));
#7058 = ORIENTED_EDGE('',*,*,#6983,.T.);
#7059 = FACE_BOUND('',#7060,.T.);
#7060 = EDGE_LOOP('',(#7061));
#7061 = ORIENTED_EDGE('',*,*,#7016,.T.);
#7062 = PLANE('',#7063);
#7063 = AXIS2_PLACEMENT_3D('',#7064,#7065,#7066);
#7064 = CARTESIAN_POINT('',(-2.,-2.808119912652E-15,0.));
#7065 = DIRECTION('',(0.,0.,1.));
#7066 = DIRECTION('',(1.,0.,0.));
#7067 = ADVANCED_FACE('',(#7068,#7081,#7084,#7087,#7090,#7093,#7096,
    #7099),#7102,.T.);
#7068 = FACE_BOUND('',#7069,.T.);
#7069 = EDGE_LOOP('',(#7070,#7071,#7072,#7073,#7074,#7075,#7076,#7077,
    #7078,#7079,#7080));
#7070 = ORIENTED_EDGE('',*,*,#4863,.T.);
#7071 = ORIENTED_EDGE('',*,*,#5040,.T.);
#7072 = ORIENTED_EDGE('',*,*,#5217,.T.);
#7073 = ORIENTED_EDGE('',*,*,#5394,.T.);
#7074 = ORIENTED_EDGE('',*,*,#5571,.T.);
#7075 = ORIENTED_EDGE('',*,*,#5748,.T.);
#7076 = ORIENTED_EDGE('',*,*,#5925,.T.);
#7077 = ORIENTED_EDGE('',*,*,#6102,.T.);
#7078 = ORIENTED_EDGE('',*,*,#6279,.T.);
#7079 = ORIENTED_EDGE('',*,*,#6456,.T.);
#7080 = ORIENTED_EDGE('',*,*,#6633,.T.);
#7081 = FACE_BOUND('',#7082,.F.);
#7082 = EDGE_LOOP('',(#7083));
#7083 = ORIENTED_EDGE('',*,*,#6810,.T.);
#7084 = FACE_BOUND('',#7085,.F.);
#7085 = EDGE_LOOP('',(#7086));
#7086 = ORIENTED_EDGE('',*,*,#6843,.T.);
#7087 = FACE_BOUND('',#7088,.F.);
#7088 = EDGE_LOOP('',(#7089));
#7089 = ORIENTED_EDGE('',*,*,#6876,.T.);
#7090 = FACE_BOUND('',#7091,.F.);
#7091 = EDGE_LOOP('',(#7092));
#7092 = ORIENTED_EDGE('',*,*,#6909,.T.);
#7093 = FACE_BOUND('',#7094,.F.);
#7094 = EDGE_LOOP('',(#7095));
#7095 = ORIENTED_EDGE('',*,*,#6942,.T.);
#7096 = FACE_BOUND('',#7097,.F.);
#7097 = EDGE_LOOP('',(#7098));
#7098 = ORIENTED_EDGE('',*,*,#6975,.T.);
#7099 = FACE_BOUND('',#7100,.F.);
#7100 = EDGE_LOOP('',(#7101));
#7101 = ORIENTED_EDGE('',*,*,#7008,.T.);
#7102 = PLANE('',#7103);
#7103 = AXIS2_PLACEMENT_3D('',#7104,#7105,#7106);
#7104 = CARTESIAN_POINT('',(-2.,-2.808119912652E-15,5.));
#7105 = DIRECTION('',(0.,0.,1.));
#7106 = DIRECTION('',(1.,0.,0.));
#7107 = ( GEOMETRIC_REPRESENTATION_CONTEXT(3) 
GLOBAL_UNCERTAINTY_ASSIGNED_CONTEXT((#7111)) 
GLOBAL_UNIT_ASSIGNED_CONTEXT((#7108,#7109,#7110)) REPRESENTATION_CONTEXT
('Context #1','3D Context with UNIT and UNCERTAINTY') );
#7108 = ( LENGTH_UNIT() NAMED_UNIT(*) SI_UNIT(.MILLI.,.METRE.) );
#7109 = ( NAMED_UNIT(*) PLANE_ANGLE_UNIT() SI_UNIT($,.RADIAN.) );
#7110 = ( NAMED_UNIT(*) SI_UNIT($,.STERADIAN.) SOLID_ANGLE_UNIT() );
#7111 = UNCERTAINTY_MEASURE_WITH_UNIT(LENGTH_MEASURE(1.E-07),#7108,
  'distance_accuracy_value','confusion accuracy');
#7112 = CONTEXT_DEPENDENT_SHAPE_REPRESENTATION(#7113,#7115);
#7113 = ( REPRESENTATION_RELATIONSHIP('','',#4846,#10) 
REPRESENTATION_RELATIONSHIP_WITH_TRANSFORMATION(#7114) 
SHAPE_REPRESENTATION_RELATIONSHIP() );
#7114 = ITEM_DEFINED_TRANSFORMATION('','',#11,#31);
#7115 = PRODUCT_DEFINITION_SHAPE('Placement','Placement of an item',
  #7116);
#7116 = NEXT_ASSEMBLY_USAGE_OCCURRENCE('5','cycloidalDisk2','',#5,#4841,
  $);
#7117 = PRODUCT_RELATED_PRODUCT_CATEGORY('part',$,(#4843));
#7118 = SHAPE_DEFINITION_REPRESENTATION(#7119,#7125);
#7119 = PRODUCT_DEFINITION_SHAPE('','',#7120);
#7120 = PRODUCT_DEFINITION('design','',#7121,#7124);
#7121 = PRODUCT_DEFINITION_FORMATION('','',#7122);
#7122 = PRODUCT('eccentricKey','eccentricKey','',(#7123));
#7123 = PRODUCT_CONTEXT('',#2,'mechanical');
#7124 = PRODUCT_DEFINITION_CONTEXT('part definition',#2,'design');
#7125 = ADVANCED_BREP_SHAPE_REPRESENTATION('',(#11,#7126),#7362);
#7126 = MANIFOLD_SOLID_BREP('',#7127);
#7127 = CLOSED_SHELL('',(#7128,#7179,#7205,#7221,#7230,#7257,#7293,#7325
    ,#7348));
#7128 = ADVANCED_FACE('',(#7129),#7174,.T.);
#7129 = FACE_BOUND('',#7130,.F.);
#7130 = EDGE_LOOP('',(#7131,#7142,#7150,#7157,#7158,#7167));
#7131 = ORIENTED_EDGE('',*,*,#7132,.F.);
#7132 = EDGE_CURVE('',#7133,#7135,#7137,.T.);
#7133 = VERTEX_POINT('',#7134);
#7134 = CARTESIAN_POINT('',(8.5,0.,0.));
#7135 = VERTEX_POINT('',#7136);
#7136 = CARTESIAN_POINT('',(2.553512956638E-15,6.184658438426,0.));
#7137 = CIRCLE('',#7138,6.5);
#7138 = AXIS2_PLACEMENT_3D('',#7139,#7140,#7141);
#7139 = CARTESIAN_POINT('',(2.,0.,0.));
#7140 = DIRECTION('',(0.,0.,1.));
#7141 = DIRECTION('',(1.,0.,0.));
#7142 = ORIENTED_EDGE('',*,*,#7143,.T.);
#7143 = EDGE_CURVE('',#7133,#7144,#7146,.T.);
#7144 = VERTEX_POINT('',#7145);
#7145 = CARTESIAN_POINT('',(8.5,0.,5.));
#7146 = LINE('',#7147,#7148);
#7147 = CARTESIAN_POINT('',(8.5,0.,0.));
#7148 = VECTOR('',#7149,1.);
#7149 = DIRECTION('',(0.,0.,1.));
#7150 = ORIENTED_EDGE('',*,*,#7151,.T.);
#7151 = EDGE_CURVE('',#7144,#7144,#7152,.T.);
#7152 = CIRCLE('',#7153,6.5);
#7153 = AXIS2_PLACEMENT_3D('',#7154,#7155,#7156);
#7154 = CARTESIAN_POINT('',(2.,0.,5.));
#7155 = DIRECTION('',(0.,0.,1.));
#7156 = DIRECTION('',(1.,0.,0.));
#7157 = ORIENTED_EDGE('',*,*,#7143,.F.);
#7158 = ORIENTED_EDGE('',*,*,#7159,.F.);
#7159 = EDGE_CURVE('',#7160,#7133,#7162,.T.);
#7160 = VERTEX_POINT('',#7161);
#7161 = CARTESIAN_POINT('',(-6.661338147751E-15,-6.184658438426,0.));
#7162 = CIRCLE('',#7163,6.5);
#7163 = AXIS2_PLACEMENT_3D('',#7164,#7165,#7166);
#7164 = CARTESIAN_POINT('',(2.,0.,0.));
#7165 = DIRECTION('',(0.,0.,1.));
#7166 = DIRECTION('',(1.,0.,0.));
#7167 = ORIENTED_EDGE('',*,*,#7168,.F.);
#7168 = EDGE_CURVE('',#7135,#7160,#7169,.T.);
#7169 = CIRCLE('',#7170,6.5);
#7170 = AXIS2_PLACEMENT_3D('',#7171,#7172,#7173);
#7171 = CARTESIAN_POINT('',(2.,0.,0.));
#7172 = DIRECTION('',(0.,0.,1.));
#7173 = DIRECTION('',(1.,0.,0.));
#7174 = CYLINDRICAL_SURFACE('',#7175,6.5);
#7175 = AXIS2_PLACEMENT_3D('',#7176,#7177,#7178);
#7176 = CARTESIAN_POINT('',(2.,0.,0.));
#7177 = DIRECTION('',(-0.,-0.,-1.));
#7178 = DIRECTION('',(1.,0.,0.));
#7179 = ADVANCED_FACE('',(#7180),#7200,.F.);
#7180 = FACE_BOUND('',#7181,.F.);
#7181 = EDGE_LOOP('',(#7182,#7183,#7184,#7193));
#7182 = ORIENTED_EDGE('',*,*,#7159,.T.);
#7183 = ORIENTED_EDGE('',*,*,#7132,.T.);
#7184 = ORIENTED_EDGE('',*,*,#7185,.F.);
#7185 = EDGE_CURVE('',#7186,#7135,#7188,.T.);
#7186 = VERTEX_POINT('',#7187);
#7187 = CARTESIAN_POINT('',(4.5,0.,0.));
#7188 = CIRCLE('',#7189,6.5);
#7189 = AXIS2_PLACEMENT_3D('',#7190,#7191,#7192);
#7190 = CARTESIAN_POINT('',(-2.,0.,0.));
#7191 = DIRECTION('',(0.,0.,1.));
#7192 = DIRECTION('',(1.,0.,0.));
#7193 = ORIENTED_EDGE('',*,*,#7194,.F.);
#7194 = EDGE_CURVE('',#7160,#7186,#7195,.T.);
#7195 = CIRCLE('',#7196,6.5);
#7196 = AXIS2_PLACEMENT_3D('',#7197,#7198,#7199);
#7197 = CARTESIAN_POINT('',(-2.,0.,0.));
#7198 = DIRECTION('',(0.,0.,1.));
#7199 = DIRECTION('',(1.,0.,0.));
#7200 = PLANE('',#7201);
#7201 = AXIS2_PLACEMENT_3D('',#7202,#7203,#7204);
#7202 = CARTESIAN_POINT('',(2.,6.182204997657E-16,0.));
#7203 = DIRECTION('',(0.,0.,1.));
#7204 = DIRECTION('',(1.,0.,0.));
#7205 = ADVANCED_FACE('',(#7206),#7216,.T.);
#7206 = FACE_BOUND('',#7207,.T.);
#7207 = EDGE_LOOP('',(#7208,#7209));
#7208 = ORIENTED_EDGE('',*,*,#7168,.F.);
#7209 = ORIENTED_EDGE('',*,*,#7210,.T.);
#7210 = EDGE_CURVE('',#7135,#7160,#7211,.T.);
#7211 = CIRCLE('',#7212,6.5);
#7212 = AXIS2_PLACEMENT_3D('',#7213,#7214,#7215);
#7213 = CARTESIAN_POINT('',(-2.,0.,0.));
#7214 = DIRECTION('',(0.,0.,1.));
#7215 = DIRECTION('',(1.,0.,0.));
#7216 = PLANE('',#7217);
#7217 = AXIS2_PLACEMENT_3D('',#7218,#7219,#7220);
#7218 = CARTESIAN_POINT('',(-2.,6.182204997657E-16,0.));
#7219 = DIRECTION('',(0.,0.,1.));
#7220 = DIRECTION('',(1.,0.,0.));
#7221 = ADVANCED_FACE('',(#7222),#7225,.T.);
#7222 = FACE_BOUND('',#7223,.T.);
#7223 = EDGE_LOOP('',(#7224));
#7224 = ORIENTED_EDGE('',*,*,#7151,.T.);
#7225 = PLANE('',#7226);
#7226 = AXIS2_PLACEMENT_3D('',#7227,#7228,#7229);
#7227 = CARTESIAN_POINT('',(2.,6.182204997657E-16,5.));
#7228 = DIRECTION('',(0.,0.,1.));
#7229 = DIRECTION('',(1.,0.,0.));
#7230 = ADVANCED_FACE('',(#7231),#7252,.T.);
#7231 = FACE_BOUND('',#7232,.T.);
#7232 = EDGE_LOOP('',(#7233,#7241,#7242,#7243,#7244,#7245));
#7233 = ORIENTED_EDGE('',*,*,#7234,.F.);
#7234 = EDGE_CURVE('',#7186,#7235,#7237,.T.);
#7235 = VERTEX_POINT('',#7236);
#7236 = CARTESIAN_POINT('',(4.5,0.,-5.));
#7237 = LINE('',#7238,#7239);
#7238 = CARTESIAN_POINT('',(4.5,0.,0.));
#7239 = VECTOR('',#7240,1.);
#7240 = DIRECTION('',(-0.,-0.,-1.));
#7241 = ORIENTED_EDGE('',*,*,#7194,.F.);
#7242 = ORIENTED_EDGE('',*,*,#7210,.F.);
#7243 = ORIENTED_EDGE('',*,*,#7185,.F.);
#7244 = ORIENTED_EDGE('',*,*,#7234,.T.);
#7245 = ORIENTED_EDGE('',*,*,#7246,.T.);
#7246 = EDGE_CURVE('',#7235,#7235,#7247,.T.);
#7247 = CIRCLE('',#7248,6.5);
#7248 = AXIS2_PLACEMENT_3D('',#7249,#7250,#7251);
#7249 = CARTESIAN_POINT('',(-2.,0.,-5.));
#7250 = DIRECTION('',(0.,0.,1.));
#7251 = DIRECTION('',(1.,0.,0.));
#7252 = CYLINDRICAL_SURFACE('',#7253,6.5);
#7253 = AXIS2_PLACEMENT_3D('',#7254,#7255,#7256);
#7254 = CARTESIAN_POINT('',(-2.,0.,0.));
#7255 = DIRECTION('',(0.,0.,1.));
#7256 = DIRECTION('',(1.,0.,0.));
#7257 = ADVANCED_FACE('',(#7258,#7261),#7288,.F.);
#7258 = FACE_BOUND('',#7259,.F.);
#7259 = EDGE_LOOP('',(#7260));
#7260 = ORIENTED_EDGE('',*,*,#7246,.T.);
#7261 = FACE_BOUND('',#7262,.F.);
#7262 = EDGE_LOOP('',(#7263,#7272,#7281));
#7263 = ORIENTED_EDGE('',*,*,#7264,.F.);
#7264 = EDGE_CURVE('',#7235,#7265,#7267,.T.);
#7265 = VERTEX_POINT('',#7266);
#7266 = CARTESIAN_POINT('',(2.125,1.964529205688,-5.));
#7267 = CIRCLE('',#7268,2.);
#7268 = AXIS2_PLACEMENT_3D('',#7269,#7270,#7271);
#7269 = CARTESIAN_POINT('',(2.5,0.,-5.));
#7270 = DIRECTION('',(0.,0.,1.));
#7271 = DIRECTION('',(1.,0.,0.));
#7272 = ORIENTED_EDGE('',*,*,#7273,.F.);
#7273 = EDGE_CURVE('',#7274,#7235,#7276,.T.);
#7274 = VERTEX_POINT('',#7275);
#7275 = CARTESIAN_POINT('',(2.125,-1.964529205688,-5.));
#7276 = CIRCLE('',#7277,2.);
#7277 = AXIS2_PLACEMENT_3D('',#7278,#7279,#7280);
#7278 = CARTESIAN_POINT('',(2.5,0.,-5.));
#7279 = DIRECTION('',(0.,0.,1.));
#7280 = DIRECTION('',(1.,0.,0.));
#7281 = ORIENTED_EDGE('',*,*,#7282,.F.);
#7282 = EDGE_CURVE('',#7265,#7274,#7283,.T.);
#7283 = CIRCLE('',#7284,2.);
#7284 = AXIS2_PLACEMENT_3D('',#7285,#7286,#7287);
#7285 = CARTESIAN_POINT('',(1.75,0.,-5.));
#7286 = DIRECTION('',(0.,0.,1.));
#7287 = DIRECTION('',(1.,0.,0.));
#7288 = PLANE('',#7289);
#7289 = AXIS2_PLACEMENT_3D('',#7290,#7291,#7292);
#7290 = CARTESIAN_POINT('',(-2.,6.182204997657E-16,-5.));
#7291 = DIRECTION('',(0.,0.,1.));
#7292 = DIRECTION('',(1.,0.,0.));
#7293 = ADVANCED_FACE('',(#7294),#7320,.F.);
#7294 = FACE_BOUND('',#7295,.F.);
#7295 = EDGE_LOOP('',(#7296,#7307,#7313,#7314));
#7296 = ORIENTED_EDGE('',*,*,#7297,.F.);
#7297 = EDGE_CURVE('',#7298,#7300,#7302,.T.);
#7298 = VERTEX_POINT('',#7299);
#7299 = CARTESIAN_POINT('',(2.125,1.964529205688,0.));
#7300 = VERTEX_POINT('',#7301);
#7301 = CARTESIAN_POINT('',(2.125,-1.964529205688,0.));
#7302 = CIRCLE('',#7303,2.);
#7303 = AXIS2_PLACEMENT_3D('',#7304,#7305,#7306);
#7304 = CARTESIAN_POINT('',(1.75,0.,0.));
#7305 = DIRECTION('',(0.,0.,1.));
#7306 = DIRECTION('',(1.,0.,0.));
#7307 = ORIENTED_EDGE('',*,*,#7308,.F.);
#7308 = EDGE_CURVE('',#7265,#7298,#7309,.T.);
#7309 = LINE('',#7310,#7311);
#7310 = CARTESIAN_POINT('',(2.125,1.964529205688,0.));
#7311 = VECTOR('',#7312,1.);
#7312 = DIRECTION('',(0.,0.,1.));
#7313 = ORIENTED_EDGE('',*,*,#7282,.T.);
#7314 = ORIENTED_EDGE('',*,*,#7315,.T.);
#7315 = EDGE_CURVE('',#7274,#7300,#7316,.T.);
#7316 = LINE('',#7317,#7318);
#7317 = CARTESIAN_POINT('',(2.125,-1.964529205688,0.));
#7318 = VECTOR('',#7319,1.);
#7319 = DIRECTION('',(0.,0.,1.));
#7320 = CYLINDRICAL_SURFACE('',#7321,2.);
#7321 = AXIS2_PLACEMENT_3D('',#7322,#7323,#7324);
#7322 = CARTESIAN_POINT('',(1.75,0.,0.));
#7323 = DIRECTION('',(0.,0.,1.));
#7324 = DIRECTION('',(1.,0.,0.));
#7325 = ADVANCED_FACE('',(#7326),#7343,.T.);
#7326 = FACE_BOUND('',#7327,.T.);
#7327 = EDGE_LOOP('',(#7328,#7335,#7336));
#7328 = ORIENTED_EDGE('',*,*,#7329,.F.);
#7329 = EDGE_CURVE('',#7300,#7186,#7330,.T.);
#7330 = CIRCLE('',#7331,2.);
#7331 = AXIS2_PLACEMENT_3D('',#7332,#7333,#7334);
#7332 = CARTESIAN_POINT('',(2.5,0.,0.));
#7333 = DIRECTION('',(0.,0.,1.));
#7334 = DIRECTION('',(1.,0.,0.));
#7335 = ORIENTED_EDGE('',*,*,#7297,.F.);
#7336 = ORIENTED_EDGE('',*,*,#7337,.F.);
#7337 = EDGE_CURVE('',#7186,#7298,#7338,.T.);
#7338 = CIRCLE('',#7339,2.);
#7339 = AXIS2_PLACEMENT_3D('',#7340,#7341,#7342);
#7340 = CARTESIAN_POINT('',(2.5,0.,0.));
#7341 = DIRECTION('',(0.,0.,1.));
#7342 = DIRECTION('',(1.,0.,0.));
#7343 = PLANE('',#7344);
#7344 = AXIS2_PLACEMENT_3D('',#7345,#7346,#7347);
#7345 = CARTESIAN_POINT('',(2.205180142691,-6.722535195471E-17,0.));
#7346 = DIRECTION('',(-0.,-0.,-1.));
#7347 = DIRECTION('',(-1.,0.,0.));
#7348 = ADVANCED_FACE('',(#7349),#7357,.F.);
#7349 = FACE_BOUND('',#7350,.F.);
#7350 = EDGE_LOOP('',(#7351,#7352,#7353,#7354,#7355,#7356));
#7351 = ORIENTED_EDGE('',*,*,#7315,.F.);
#7352 = ORIENTED_EDGE('',*,*,#7273,.T.);
#7353 = ORIENTED_EDGE('',*,*,#7264,.T.);
#7354 = ORIENTED_EDGE('',*,*,#7308,.T.);
#7355 = ORIENTED_EDGE('',*,*,#7337,.F.);
#7356 = ORIENTED_EDGE('',*,*,#7329,.F.);
#7357 = CYLINDRICAL_SURFACE('',#7358,2.);
#7358 = AXIS2_PLACEMENT_3D('',#7359,#7360,#7361);
#7359 = CARTESIAN_POINT('',(2.5,0.,0.));
#7360 = DIRECTION('',(0.,0.,1.));
#7361 = DIRECTION('',(1.,0.,0.));
#7362 = ( GEOMETRIC_REPRESENTATION_CONTEXT(3) 
GLOBAL_UNCERTAINTY_ASSIGNED_CONTEXT((#7366)) 
GLOBAL_UNIT_ASSIGNED_CONTEXT((#7363,#7364,#7365)) REPRESENTATION_CONTEXT
('Context #1','3D Context with UNIT and UNCERTAINTY') );
#7363 = ( LENGTH_UNIT() NAMED_UNIT(*) SI_UNIT(.MILLI.,.METRE.) );
#7364 = ( NAMED_UNIT(*) PLANE_ANGLE_UNIT() SI_UNIT($,.RADIAN.) );
#7365 = ( NAMED_UNIT(*) SI_UNIT($,.STERADIAN.) SOLID_ANGLE_UNIT() );
#7366 = UNCERTAINTY_MEASURE_WITH_UNIT(LENGTH_MEASURE(2.E-06),#7363,
  'distance_accuracy_value','confusion accuracy');
#7367 = CONTEXT_DEPENDENT_SHAPE_REPRESENTATION(#7368,#7370);
#7368 = ( REPRESENTATION_RELATIONSHIP('','',#7125,#10) 
REPRESENTATION_RELATIONSHIP_WITH_TRANSFORMATION(#7369) 
SHAPE_REPRESENTATION_RELATIONSHIP() );
#7369 = ITEM_DEFINED_TRANSFORMATION('','',#11,#35);
#7370 = PRODUCT_DEFINITION_SHAPE('Placement','Placement of an item',
  #7371);
#7371 = NEXT_ASSEMBLY_USAGE_OCCURRENCE('6','eccentricKey','',#5,#7120,$
  );
#7372 = PRODUCT_RELATED_PRODUCT_CATEGORY('part',$,(#7122));
#7373 = SHAPE_DEFINITION_REPRESENTATION(#7374,#7380);
#7374 = PRODUCT_DEFINITION_SHAPE('','',#7375);
#7375 = PRODUCT_DEFINITION('design','',#7376,#7379);
#7376 = PRODUCT_DEFINITION_FORMATION('','',#7377);
#7377 = PRODUCT('outputShaft','outputShaft','',(#7378));
#7378 = PRODUCT_CONTEXT('',#2,'mechanical');
#7379 = PRODUCT_DEFINITION_CONTEXT('part definition',#2,'design');
#7380 = ADVANCED_BREP_SHAPE_REPRESENTATION('',(#11,#7381),#7746);
#7381 = MANIFOLD_SOLID_BREP('',#7382);
#7382 = CLOSED_SHELL('',(#7383,#7416,#7491,#7585,#7602,#7619,#7636,#7653
    ,#7670,#7687,#7718,#7736));
#7383 = ADVANCED_FACE('',(#7384),#7411,.T.);
#7384 = FACE_BOUND('',#7385,.F.);
#7385 = EDGE_LOOP('',(#7386,#7396,#7403,#7404));
#7386 = ORIENTED_EDGE('',*,*,#7387,.T.);
#7387 = EDGE_CURVE('',#7388,#7390,#7392,.T.);
#7388 = VERTEX_POINT('',#7389);
#7389 = CARTESIAN_POINT('',(33.908915126443,0.,0.));
#7390 = VERTEX_POINT('',#7391);
#7391 = CARTESIAN_POINT('',(33.908915126443,0.,5.));
#7392 = LINE('',#7393,#7394);
#7393 = CARTESIAN_POINT('',(33.908915126443,0.,0.));
#7394 = VECTOR('',#7395,1.);
#7395 = DIRECTION('',(0.,0.,1.));
#7396 = ORIENTED_EDGE('',*,*,#7397,.T.);
#7397 = EDGE_CURVE('',#7390,#7390,#7398,.T.);
#7398 = CIRCLE('',#7399,33.908915126443);
#7399 = AXIS2_PLACEMENT_3D('',#7400,#7401,#7402);
#7400 = CARTESIAN_POINT('',(0.,0.,5.));
#7401 = DIRECTION('',(0.,0.,1.));
#7402 = DIRECTION('',(1.,0.,0.));
#7403 = ORIENTED_EDGE('',*,*,#7387,.F.);
#7404 = ORIENTED_EDGE('',*,*,#7405,.F.);
#7405 = EDGE_CURVE('',#7388,#7388,#7406,.T.);
#7406 = CIRCLE('',#7407,33.908915126443);
#7407 = AXIS2_PLACEMENT_3D('',#7408,#7409,#7410);
#7408 = CARTESIAN_POINT('',(0.,0.,0.));
#7409 = DIRECTION('',(0.,0.,1.));
#7410 = DIRECTION('',(1.,0.,0.));
#7411 = CYLINDRICAL_SURFACE('',#7412,33.908915126443);
#7412 = AXIS2_PLACEMENT_3D('',#7413,#7414,#7415);
#7413 = CARTESIAN_POINT('',(0.,0.,0.));
#7414 = DIRECTION('',(-0.,-0.,-1.));
#7415 = DIRECTION('',(1.,0.,0.));
#7416 = ADVANCED_FACE('',(#7417,#7420,#7431,#7442,#7453,#7464,#7475),
  #7486,.T.);
#7417 = FACE_BOUND('',#7418,.T.);
#7418 = EDGE_LOOP('',(#7419));
#7419 = ORIENTED_EDGE('',*,*,#7405,.F.);
#7420 = FACE_BOUND('',#7421,.T.);
#7421 = EDGE_LOOP('',(#7422));
#7422 = ORIENTED_EDGE('',*,*,#7423,.T.);
#7423 = EDGE_CURVE('',#7424,#7424,#7426,.T.);
#7424 = VERTEX_POINT('',#7425);
#7425 = CARTESIAN_POINT('',(9.85,-17.06070045455,0.));
#7426 = CIRCLE('',#7427,5.3);
#7427 = AXIS2_PLACEMENT_3D('',#7428,#7429,#7430);
#7428 = CARTESIAN_POINT('',(12.5,-21.65063509461,0.));
#7429 = DIRECTION('',(0.,0.,1.));
#7430 = DIRECTION('',(-0.5,0.866025403784,0.));
#7431 = FACE_BOUND('',#7432,.T.);
#7432 = EDGE_LOOP('',(#7433));
#7433 = ORIENTED_EDGE('',*,*,#7434,.T.);
#7434 = EDGE_CURVE('',#7435,#7435,#7437,.T.);
#7435 = VERTEX_POINT('',#7436);
#7436 = CARTESIAN_POINT('',(19.7,-2.41255419432E-15,0.));
#7437 = CIRCLE('',#7438,5.3);
#7438 = AXIS2_PLACEMENT_3D('',#7439,#7440,#7441);
#7439 = CARTESIAN_POINT('',(25.,-3.061616997868E-15,0.));
#7440 = DIRECTION('',(0.,0.,1.));
#7441 = DIRECTION('',(-1.,1.224646799147E-16,0.));
#7442 = FACE_BOUND('',#7443,.T.);
#7443 = EDGE_LOOP('',(#7444));
#7444 = ORIENTED_EDGE('',*,*,#7445,.T.);
#7445 = EDGE_CURVE('',#7446,#7446,#7448,.T.);
#7446 = VERTEX_POINT('',#7447);
#7447 = CARTESIAN_POINT('',(-9.85,-17.06070045455,0.));
#7448 = CIRCLE('',#7449,5.3);
#7449 = AXIS2_PLACEMENT_3D('',#7450,#7451,#7452);
#7450 = CARTESIAN_POINT('',(-12.5,-21.65063509461,0.));
#7451 = DIRECTION('',(0.,-0.,1.));
#7452 = DIRECTION('',(0.5,0.866025403784,0.));
#7453 = FACE_BOUND('',#7454,.T.);
#7454 = EDGE_LOOP('',(#7455));
#7455 = ORIENTED_EDGE('',*,*,#7456,.T.);
#7456 = EDGE_CURVE('',#7457,#7457,#7459,.T.);
#7457 = VERTEX_POINT('',#7458);
#7458 = CARTESIAN_POINT('',(-19.7,0.,0.));
#7459 = CIRCLE('',#7460,5.3);
#7460 = AXIS2_PLACEMENT_3D('',#7461,#7462,#7463);
#7461 = CARTESIAN_POINT('',(-25.,0.,0.));
#7462 = DIRECTION('',(0.,0.,1.));
#7463 = DIRECTION('',(1.,0.,0.));
#7464 = FACE_BOUND('',#7465,.T.);
#7465 = EDGE_LOOP('',(#7466));
#7466 = ORIENTED_EDGE('',*,*,#7467,.T.);
#7467 = EDGE_CURVE('',#7468,#7468,#7470,.T.);
#7468 = VERTEX_POINT('',#7469);
#7469 = CARTESIAN_POINT('',(9.85,17.060700454553,0.));
#7470 = CIRCLE('',#7471,5.3);
#7471 = AXIS2_PLACEMENT_3D('',#7472,#7473,#7474);
#7472 = CARTESIAN_POINT('',(12.5,21.650635094611,0.));
#7473 = DIRECTION('',(0.,0.,1.));
#7474 = DIRECTION('',(-0.5,-0.866025403784,0.));
#7475 = FACE_BOUND('',#7476,.T.);
#7476 = EDGE_LOOP('',(#7477));
#7477 = ORIENTED_EDGE('',*,*,#7478,.T.);
#7478 = EDGE_CURVE('',#7479,#7479,#7481,.T.);
#7479 = VERTEX_POINT('',#7480);
#7480 = CARTESIAN_POINT('',(-9.85,17.060700454553,0.));
#7481 = CIRCLE('',#7482,5.3);
#7482 = AXIS2_PLACEMENT_3D('',#7483,#7484,#7485);
#7483 = CARTESIAN_POINT('',(-12.5,21.650635094611,0.));
#7484 = DIRECTION('',(-0.,0.,1.));
#7485 = DIRECTION('',(0.5,-0.866025403784,0.));
#7486 = PLANE('',#7487);
#7487 = AXIS2_PLACEMENT_3D('',#7488,#7489,#7490);
#7488 = CARTESIAN_POINT('',(-1.199474982758E-15,1.174130011908E-15,0.));
#7489 = DIRECTION('',(-0.,-0.,-1.));
#7490 = DIRECTION('',(-1.,0.,0.));
#7491 = ADVANCED_FACE('',(#7492,#7495,#7506,#7517,#7536,#7547,#7558,
    #7569),#7580,.T.);
#7492 = FACE_BOUND('',#7493,.T.);
#7493 = EDGE_LOOP('',(#7494));
#7494 = ORIENTED_EDGE('',*,*,#7397,.T.);
#7495 = FACE_BOUND('',#7496,.T.);
#7496 = EDGE_LOOP('',(#7497));
#7497 = ORIENTED_EDGE('',*,*,#7498,.F.);
#7498 = EDGE_CURVE('',#7499,#7499,#7501,.T.);
#7499 = VERTEX_POINT('',#7500);
#7500 = CARTESIAN_POINT('',(-9.85,-17.06070045455,5.));
#7501 = CIRCLE('',#7502,5.3);
#7502 = AXIS2_PLACEMENT_3D('',#7503,#7504,#7505);
#7503 = CARTESIAN_POINT('',(-12.5,-21.65063509461,5.));
#7504 = DIRECTION('',(0.,-0.,1.));
#7505 = DIRECTION('',(0.5,0.866025403784,0.));
#7506 = FACE_BOUND('',#7507,.T.);
#7507 = EDGE_LOOP('',(#7508));
#7508 = ORIENTED_EDGE('',*,*,#7509,.F.);
#7509 = EDGE_CURVE('',#7510,#7510,#7512,.T.);
#7510 = VERTEX_POINT('',#7511);
#7511 = CARTESIAN_POINT('',(-19.7,0.,5.));
#7512 = CIRCLE('',#7513,5.3);
#7513 = AXIS2_PLACEMENT_3D('',#7514,#7515,#7516);
#7514 = CARTESIAN_POINT('',(-25.,0.,5.));
#7515 = DIRECTION('',(0.,0.,1.));
#7516 = DIRECTION('',(1.,0.,0.));
#7517 = FACE_BOUND('',#7518,.T.);
#7518 = EDGE_LOOP('',(#7519,#7529));
#7519 = ORIENTED_EDGE('',*,*,#7520,.F.);
#7520 = EDGE_CURVE('',#7521,#7523,#7525,.T.);
#7521 = VERTEX_POINT('',#7522);
#7522 = CARTESIAN_POINT('',(0.979795897136,2.299999999991,5.));
#7523 = VERTEX_POINT('',#7524);
#7524 = CARTESIAN_POINT('',(-0.979795897134,2.299999999991,5.));
#7525 = LINE('',#7526,#7527);
#7526 = CARTESIAN_POINT('',(-0.489897948567,2.299999999991,5.));
#7527 = VECTOR('',#7528,1.);
#7528 = DIRECTION('',(-1.,0.,0.));
#7529 = ORIENTED_EDGE('',*,*,#7530,.T.);
#7530 = EDGE_CURVE('',#7521,#7523,#7531,.T.);
#7531 = CIRCLE('',#7532,2.5);
#7532 = AXIS2_PLACEMENT_3D('',#7533,#7534,#7535);
#7533 = CARTESIAN_POINT('',(0.,0.,5.));
#7534 = DIRECTION('',(0.,0.,-1.));
#7535 = DIRECTION('',(1.,0.,0.));
#7536 = FACE_BOUND('',#7537,.T.);
#7537 = EDGE_LOOP('',(#7538));
#7538 = ORIENTED_EDGE('',*,*,#7539,.F.);
#7539 = EDGE_CURVE('',#7540,#7540,#7542,.T.);
#7540 = VERTEX_POINT('',#7541);
#7541 = CARTESIAN_POINT('',(9.85,-17.06070045455,5.));
#7542 = CIRCLE('',#7543,5.3);
#7543 = AXIS2_PLACEMENT_3D('',#7544,#7545,#7546);
#7544 = CARTESIAN_POINT('',(12.5,-21.65063509461,5.));
#7545 = DIRECTION('',(0.,0.,1.));
#7546 = DIRECTION('',(-0.5,0.866025403784,0.));
#7547 = FACE_BOUND('',#7548,.T.);
#7548 = EDGE_LOOP('',(#7549));
#7549 = ORIENTED_EDGE('',*,*,#7550,.F.);
#7550 = EDGE_CURVE('',#7551,#7551,#7553,.T.);
#7551 = VERTEX_POINT('',#7552);
#7552 = CARTESIAN_POINT('',(19.7,-2.41255419432E-15,5.));
#7553 = CIRCLE('',#7554,5.3);
#7554 = AXIS2_PLACEMENT_3D('',#7555,#7556,#7557);
#7555 = CARTESIAN_POINT('',(25.,-3.061616997868E-15,5.));
#7556 = DIRECTION('',(0.,0.,1.));
#7557 = DIRECTION('',(-1.,1.224646799147E-16,0.));
#7558 = FACE_BOUND('',#7559,.T.);
#7559 = EDGE_LOOP('',(#7560));
#7560 = ORIENTED_EDGE('',*,*,#7561,.F.);
#7561 = EDGE_CURVE('',#7562,#7562,#7564,.T.);
#7562 = VERTEX_POINT('',#7563);
#7563 = CARTESIAN_POINT('',(-9.85,17.060700454553,5.));
#7564 = CIRCLE('',#7565,5.3);
#7565 = AXIS2_PLACEMENT_3D('',#7566,#7567,#7568);
#7566 = CARTESIAN_POINT('',(-12.5,21.650635094611,5.));
#7567 = DIRECTION('',(-0.,0.,1.));
#7568 = DIRECTION('',(0.5,-0.866025403784,0.));
#7569 = FACE_BOUND('',#7570,.T.);
#7570 = EDGE_LOOP('',(#7571));
#7571 = ORIENTED_EDGE('',*,*,#7572,.F.);
#7572 = EDGE_CURVE('',#7573,#7573,#7575,.T.);
#7573 = VERTEX_POINT('',#7574);
#7574 = CARTESIAN_POINT('',(9.85,17.060700454553,5.));
#7575 = CIRCLE('',#7576,5.3);
#7576 = AXIS2_PLACEMENT_3D('',#7577,#7578,#7579);
#7577 = CARTESIAN_POINT('',(12.5,21.650635094611,5.));
#7578 = DIRECTION('',(0.,0.,1.));
#7579 = DIRECTION('',(-0.5,-0.866025403784,0.));
#7580 = PLANE('',#7581);
#7581 = AXIS2_PLACEMENT_3D('',#7582,#7583,#7584);
#7582 = CARTESIAN_POINT('',(-1.199474982758E-15,1.174130011908E-15,5.));
#7583 = DIRECTION('',(0.,0.,1.));
#7584 = DIRECTION('',(1.,0.,0.));
#7585 = ADVANCED_FACE('',(#7586),#7597,.F.);
#7586 = FACE_BOUND('',#7587,.T.);
#7587 = EDGE_LOOP('',(#7588,#7594,#7595,#7596));
#7588 = ORIENTED_EDGE('',*,*,#7589,.T.);
#7589 = EDGE_CURVE('',#7424,#7540,#7590,.T.);
#7590 = LINE('',#7591,#7592);
#7591 = CARTESIAN_POINT('',(9.85,-17.06070045455,0.));
#7592 = VECTOR('',#7593,1.);
#7593 = DIRECTION('',(0.,0.,1.));
#7594 = ORIENTED_EDGE('',*,*,#7539,.T.);
#7595 = ORIENTED_EDGE('',*,*,#7589,.F.);
#7596 = ORIENTED_EDGE('',*,*,#7423,.F.);
#7597 = CYLINDRICAL_SURFACE('',#7598,5.3);
#7598 = AXIS2_PLACEMENT_3D('',#7599,#7600,#7601);
#7599 = CARTESIAN_POINT('',(12.5,-21.65063509461,0.));
#7600 = DIRECTION('',(-0.,0.,-1.));
#7601 = DIRECTION('',(-0.5,0.866025403784,0.));
#7602 = ADVANCED_FACE('',(#7603),#7614,.F.);
#7603 = FACE_BOUND('',#7604,.T.);
#7604 = EDGE_LOOP('',(#7605,#7611,#7612,#7613));
#7605 = ORIENTED_EDGE('',*,*,#7606,.T.);
#7606 = EDGE_CURVE('',#7435,#7551,#7607,.T.);
#7607 = LINE('',#7608,#7609);
#7608 = CARTESIAN_POINT('',(19.7,-2.41255419432E-15,0.));
#7609 = VECTOR('',#7610,1.);
#7610 = DIRECTION('',(0.,0.,1.));
#7611 = ORIENTED_EDGE('',*,*,#7550,.T.);
#7612 = ORIENTED_EDGE('',*,*,#7606,.F.);
#7613 = ORIENTED_EDGE('',*,*,#7434,.F.);
#7614 = CYLINDRICAL_SURFACE('',#7615,5.3);
#7615 = AXIS2_PLACEMENT_3D('',#7616,#7617,#7618);
#7616 = CARTESIAN_POINT('',(25.,-3.061616997868E-15,0.));
#7617 = DIRECTION('',(0.,0.,-1.));
#7618 = DIRECTION('',(-1.,1.224646799147E-16,0.));
#7619 = ADVANCED_FACE('',(#7620),#7631,.F.);
#7620 = FACE_BOUND('',#7621,.T.);
#7621 = EDGE_LOOP('',(#7622,#7628,#7629,#7630));
#7622 = ORIENTED_EDGE('',*,*,#7623,.T.);
#7623 = EDGE_CURVE('',#7446,#7499,#7624,.T.);
#7624 = LINE('',#7625,#7626);
#7625 = CARTESIAN_POINT('',(-9.85,-17.06070045455,0.));
#7626 = VECTOR('',#7627,1.);
#7627 = DIRECTION('',(0.,0.,1.));
#7628 = ORIENTED_EDGE('',*,*,#7498,.T.);
#7629 = ORIENTED_EDGE('',*,*,#7623,.F.);
#7630 = ORIENTED_EDGE('',*,*,#7445,.F.);
#7631 = CYLINDRICAL_SURFACE('',#7632,5.3);
#7632 = AXIS2_PLACEMENT_3D('',#7633,#7634,#7635);
#7633 = CARTESIAN_POINT('',(-12.5,-21.65063509461,0.));
#7634 = DIRECTION('',(0.,-0.,-1.));
#7635 = DIRECTION('',(0.5,0.866025403784,0.));
#7636 = ADVANCED_FACE('',(#7637),#7648,.F.);
#7637 = FACE_BOUND('',#7638,.T.);
#7638 = EDGE_LOOP('',(#7639,#7645,#7646,#7647));
#7639 = ORIENTED_EDGE('',*,*,#7640,.T.);
#7640 = EDGE_CURVE('',#7457,#7510,#7641,.T.);
#7641 = LINE('',#7642,#7643);
#7642 = CARTESIAN_POINT('',(-19.7,0.,0.));
#7643 = VECTOR('',#7644,1.);
#7644 = DIRECTION('',(0.,0.,1.));
#7645 = ORIENTED_EDGE('',*,*,#7509,.T.);
#7646 = ORIENTED_EDGE('',*,*,#7640,.F.);
#7647 = ORIENTED_EDGE('',*,*,#7456,.F.);
#7648 = CYLINDRICAL_SURFACE('',#7649,5.3);
#7649 = AXIS2_PLACEMENT_3D('',#7650,#7651,#7652);
#7650 = CARTESIAN_POINT('',(-25.,0.,0.));
#7651 = DIRECTION('',(-0.,-0.,-1.));
#7652 = DIRECTION('',(1.,0.,0.));
#7653 = ADVANCED_FACE('',(#7654),#7665,.F.);
#7654 = FACE_BOUND('',#7655,.T.);
#7655 = EDGE_LOOP('',(#7656,#7662,#7663,#7664));
#7656 = ORIENTED_EDGE('',*,*,#7657,.T.);
#7657 = EDGE_CURVE('',#7468,#7573,#7658,.T.);
#7658 = LINE('',#7659,#7660);
#7659 = CARTESIAN_POINT('',(9.85,17.060700454553,0.));
#7660 = VECTOR('',#7661,1.);
#7661 = DIRECTION('',(0.,0.,1.));
#7662 = ORIENTED_EDGE('',*,*,#7572,.T.);
#7663 = ORIENTED_EDGE('',*,*,#7657,.F.);
#7664 = ORIENTED_EDGE('',*,*,#7467,.F.);
#7665 = CYLINDRICAL_SURFACE('',#7666,5.3);
#7666 = AXIS2_PLACEMENT_3D('',#7667,#7668,#7669);
#7667 = CARTESIAN_POINT('',(12.5,21.650635094611,0.));
#7668 = DIRECTION('',(0.,0.,-1.));
#7669 = DIRECTION('',(-0.5,-0.866025403784,0.));
#7670 = ADVANCED_FACE('',(#7671),#7682,.F.);
#7671 = FACE_BOUND('',#7672,.T.);
#7672 = EDGE_LOOP('',(#7673,#7679,#7680,#7681));
#7673 = ORIENTED_EDGE('',*,*,#7674,.T.);
#7674 = EDGE_CURVE('',#7479,#7562,#7675,.T.);
#7675 = LINE('',#7676,#7677);
#7676 = CARTESIAN_POINT('',(-9.85,17.060700454553,0.));
#7677 = VECTOR('',#7678,1.);
#7678 = DIRECTION('',(0.,0.,1.));
#7679 = ORIENTED_EDGE('',*,*,#7561,.T.);
#7680 = ORIENTED_EDGE('',*,*,#7674,.F.);
#7681 = ORIENTED_EDGE('',*,*,#7478,.F.);
#7682 = CYLINDRICAL_SURFACE('',#7683,5.3);
#7683 = AXIS2_PLACEMENT_3D('',#7684,#7685,#7686);
#7684 = CARTESIAN_POINT('',(-12.5,21.650635094611,0.));
#7685 = DIRECTION('',(0.,0.,-1.));
#7686 = DIRECTION('',(0.5,-0.866025403784,0.));
#7687 = ADVANCED_FACE('',(#7688),#7713,.T.);
#7688 = FACE_BOUND('',#7689,.T.);
#7689 = EDGE_LOOP('',(#7690,#7691,#7699,#7707));
#7690 = ORIENTED_EDGE('',*,*,#7520,.T.);
#7691 = ORIENTED_EDGE('',*,*,#7692,.T.);
#7692 = EDGE_CURVE('',#7523,#7693,#7695,.T.);
#7693 = VERTEX_POINT('',#7694);
#7694 = CARTESIAN_POINT('',(-0.979795897134,2.299999999991,20.));
#7695 = LINE('',#7696,#7697);
#7696 = CARTESIAN_POINT('',(-0.979795897134,2.299999999991,0.));
#7697 = VECTOR('',#7698,1.);
#7698 = DIRECTION('',(0.,0.,1.));
#7699 = ORIENTED_EDGE('',*,*,#7700,.T.);
#7700 = EDGE_CURVE('',#7693,#7701,#7703,.T.);
#7701 = VERTEX_POINT('',#7702);
#7702 = CARTESIAN_POINT('',(0.979795897136,2.299999999991,20.));
#7703 = LINE('',#7704,#7705);
#7704 = CARTESIAN_POINT('',(-0.979795897134,2.299999999991,20.));
#7705 = VECTOR('',#7706,1.);
#7706 = DIRECTION('',(1.,0.,0.));
#7707 = ORIENTED_EDGE('',*,*,#7708,.F.);
#7708 = EDGE_CURVE('',#7521,#7701,#7709,.T.);
#7709 = LINE('',#7710,#7711);
#7710 = CARTESIAN_POINT('',(0.979795897136,2.299999999991,0.));
#7711 = VECTOR('',#7712,1.);
#7712 = DIRECTION('',(0.,0.,1.));
#7713 = PLANE('',#7714);
#7714 = AXIS2_PLACEMENT_3D('',#7715,#7716,#7717);
#7715 = CARTESIAN_POINT('',(-0.979795897134,2.299999999991,0.));
#7716 = DIRECTION('',(0.,1.,0.));
#7717 = DIRECTION('',(1.,0.,0.));
#7718 = ADVANCED_FACE('',(#7719),#7731,.T.);
#7719 = FACE_BOUND('',#7720,.F.);
#7720 = EDGE_LOOP('',(#7721,#7722,#7723,#7730));
#7721 = ORIENTED_EDGE('',*,*,#7530,.T.);
#7722 = ORIENTED_EDGE('',*,*,#7692,.T.);
#7723 = ORIENTED_EDGE('',*,*,#7724,.T.);
#7724 = EDGE_CURVE('',#7693,#7701,#7725,.T.);
#7725 = CIRCLE('',#7726,2.5);
#7726 = AXIS2_PLACEMENT_3D('',#7727,#7728,#7729);
#7727 = CARTESIAN_POINT('',(0.,0.,20.));
#7728 = DIRECTION('',(0.,0.,1.));
#7729 = DIRECTION('',(1.,0.,0.));
#7730 = ORIENTED_EDGE('',*,*,#7708,.F.);
#7731 = CYLINDRICAL_SURFACE('',#7732,2.5);
#7732 = AXIS2_PLACEMENT_3D('',#7733,#7734,#7735);
#7733 = CARTESIAN_POINT('',(0.,0.,0.));
#7734 = DIRECTION('',(-0.,-0.,-1.));
#7735 = DIRECTION('',(1.,0.,0.));
#7736 = ADVANCED_FACE('',(#7737),#7741,.T.);
#7737 = FACE_BOUND('',#7738,.T.);
#7738 = EDGE_LOOP('',(#7739,#7740));
#7739 = ORIENTED_EDGE('',*,*,#7724,.T.);
#7740 = ORIENTED_EDGE('',*,*,#7700,.F.);
#7741 = PLANE('',#7742);
#7742 = AXIS2_PLACEMENT_3D('',#7743,#7744,#7745);
#7743 = CARTESIAN_POINT('',(2.646086604825E-13,0.109317674041,20.));
#7744 = DIRECTION('',(0.,0.,1.));
#7745 = DIRECTION('',(1.,0.,0.));
#7746 = ( GEOMETRIC_REPRESENTATION_CONTEXT(3) 
GLOBAL_UNCERTAINTY_ASSIGNED_CONTEXT((#7750)) 
GLOBAL_UNIT_ASSIGNED_CONTEXT((#7747,#7748,#7749)) REPRESENTATION_CONTEXT
('Context #1','3D Context with UNIT and UNCERTAINTY') );
#7747 = ( LENGTH_UNIT() NAMED_UNIT(*) SI_UNIT(.MILLI.,.METRE.) );
#7748 = ( NAMED_UNIT(*) PLANE_ANGLE_UNIT() SI_UNIT($,.RADIAN.) );
#7749 = ( NAMED_UNIT(*) SI_UNIT($,.STERADIAN.) SOLID_ANGLE_UNIT() );
#7750 = UNCERTAINTY_MEASURE_WITH_UNIT(LENGTH_MEASURE(5.E-06),#7747,
  'distance_accuracy_value','confusion accuracy');
#7751 = CONTEXT_DEPENDENT_SHAPE_REPRESENTATION(#7752,#7754);
#7752 = ( REPRESENTATION_RELATIONSHIP('','',#7380,#10) 
REPRESENTATION_RELATIONSHIP_WITH_TRANSFORMATION(#7753) 
SHAPE_REPRESENTATION_RELATIONSHIP() );
#7753 = ITEM_DEFINED_TRANSFORMATION('','',#11,#39);
#7754 = PRODUCT_DEFINITION_SHAPE('Placement','Placement of an item',
  #7755);
#7755 = NEXT_ASSEMBLY_USAGE_OCCURRENCE('7','outputShaft','',#5,#7375,$);
#7756 = PRODUCT_RELATED_PRODUCT_CATEGORY('part',$,(#7377));
ENDSEC;
END-ISO-10303-21;
