ISO-10303-21;
HEADER;
FILE_DESCRIPTION(('FreeCAD Model'),'2;1');
FILE_NAME('Open CASCADE Shape Model','2026-05-26T02:31:17',('Author'),(
    ''),'Open CASCADE STEP processor 7.8','FreeCAD','Unknown');
FILE_SCHEMA(('AUTOMOTIVE_DESIGN { 1 0 10303 214 1 1 1 1 }'));
ENDSEC;
DATA;
#1 = APPLICATION_PROTOCOL_DEFINITION('international standard',
  'automotive_design',2000,#2);
#2 = APPLICATION_CONTEXT(
  'core data for automotive mechanical design processes');
#3 = SHAPE_DEFINITION_REPRESENTATION(#4,#10);
#4 = PRODUCT_DEFINITION_SHAPE('','',#5);
#5 = PRODUCT_DEFINITION('design','',#6,#9);
#6 = PRODUCT_DEFINITION_FORMATION('','',#7);
#7 = PRODUCT('cycloidalDisk2','cycloidalDisk2','',(#8));
#8 = PRODUCT_CONTEXT('',#2,'mechanical');
#9 = PRODUCT_DEFINITION_CONTEXT('part definition',#2,'design');
#10 = ADVANCED_BREP_SHAPE_REPRESENTATION('',(#11,#15),#2275);
#11 = AXIS2_PLACEMENT_3D('',#12,#13,#14);
#12 = CARTESIAN_POINT('',(0.,0.,0.));
#13 = DIRECTION('',(0.,0.,1.));
#14 = DIRECTION('',(1.,0.,-0.));
#15 = MANIFOLD_SOLID_BREP('',#16);
#16 = CLOSED_SHELL('',(#17,#203,#380,#557,#734,#911,#1088,#1265,#1442,
    #1619,#1796,#1964,#1997,#2030,#2063,#2096,#2129,#2162,#2195,#2235));
#17 = ADVANCED_FACE('',(#18),#148,.F.);
#18 = FACE_BOUND('',#19,.F.);
#19 = EDGE_LOOP('',(#20,#30,#86,#94));
#20 = ORIENTED_EDGE('',*,*,#21,.T.);
#21 = EDGE_CURVE('',#22,#24,#26,.T.);
#22 = VERTEX_POINT('',#23);
#23 = CARTESIAN_POINT('',(29.29463142132,20.111838409348,0.));
#24 = VERTEX_POINT('',#25);
#25 = CARTESIAN_POINT('',(29.29463142132,20.111838409348,5.));
#26 = LINE('',#27,#28);
#27 = CARTESIAN_POINT('',(29.29463142132,20.111838409348,0.));
#28 = VECTOR('',#29,1.);
#29 = DIRECTION('',(0.,0.,1.));
#30 = ORIENTED_EDGE('',*,*,#31,.T.);
#31 = EDGE_CURVE('',#24,#32,#34,.T.);
#32 = VERTEX_POINT('',#33);
#33 = CARTESIAN_POINT('',(13.45343848367,33.838310227188,5.));
#34 = B_SPLINE_CURVE_WITH_KNOTS('',3,(#35,#36,#37,#38,#39,#40,#41,#42,
    #43,#44,#45,#46,#47,#48,#49,#50,#51,#52,#53,#54,#55,#56,#57,#58,#59,
    #60,#61,#62,#63,#64,#65,#66,#67,#68,#69,#70,#71,#72,#73,#74,#75,#76,
    #77,#78,#79,#80,#81,#82,#83,#84,#85),.UNSPECIFIED.,.F.,.F.,(4,1,1,1,
    1,1,1,1,1,1,1,1,1,1,1,1,1,1,1,1,1,1,1,1,1,1,1,1,1,1,1,1,1,1,1,1,1,1,
    1,1,1,1,1,1,1,1,1,1,4),(0.,0.473206125628,0.943992429652,
    1.409973954886,1.868836789104,2.318377024136,2.756544271089,
    3.181492042951,3.591638155345,3.958628390048,4.336720798561,
    4.697643825895,5.041884944182,5.37090160957,5.687455278175,
    5.996091997334,6.303841257426,6.621230764788,6.963721635172,
    7.353570058326,7.821640417824,8.407110090534,9.197325542283,
    10.107526890421,11.137050913086,12.166574935752,13.07677628389,
    13.866991735638,14.452461408348,14.920531767847,15.310380191,
    15.652871061385,15.970260568747,16.278009828838,16.586646547997,
    16.903200216603,17.23221688199,17.576458000278,17.937381027612,
    18.315473436125,18.682463670827,19.092609783221,19.517557555084,
    19.955724802036,20.405265037068,20.864127871286,21.330109396521,
    21.800895700545,22.274101826172),.UNSPECIFIED.);
#35 = CARTESIAN_POINT('',(29.29463142132,20.111838409348,5.));
#36 = CARTESIAN_POINT('',(29.209342430593,20.244554417271,5.));
#37 = CARTESIAN_POINT('',(29.031110976031,20.504117051777,5.));
#38 = CARTESIAN_POINT('',(28.741755986968,20.874835460487,5.));
#39 = CARTESIAN_POINT('',(28.433644074683,21.223792502006,5.));
#40 = CARTESIAN_POINT('',(28.109798627639,21.548159659621,5.));
#41 = CARTESIAN_POINT('',(27.774845785091,21.847530122358,5.));
#42 = CARTESIAN_POINT('',(27.42871775442,22.115354341223,5.));
#43 = CARTESIAN_POINT('',(27.088710645873,22.369838589083,5.));
#44 = CARTESIAN_POINT('',(26.718705396573,22.540211897014,5.));
#45 = CARTESIAN_POINT('',(26.476351179085,22.857931221109,5.));
#46 = CARTESIAN_POINT('',(26.117580820336,22.98037899942,5.));
#47 = CARTESIAN_POINT('',(25.789994682492,23.1268338685,5.));
#48 = CARTESIAN_POINT('',(25.463276573323,23.239654324792,5.));
#49 = CARTESIAN_POINT('',(25.147755217778,23.335723082133,5.));
#50 = CARTESIAN_POINT('',(24.839448304743,23.414530225058,5.));
#51 = CARTESIAN_POINT('',(24.535464302205,23.48032820898,5.));
#52 = CARTESIAN_POINT('',(24.229286154404,23.536580546884,5.));
#53 = CARTESIAN_POINT('',(23.910821403641,23.587756965518,5.));
#54 = CARTESIAN_POINT('',(23.564682753783,23.639177413249,5.));
#55 = CARTESIAN_POINT('',(23.169488974309,23.70113377829,5.));
#56 = CARTESIAN_POINT('',(22.694523507218,23.781743306004,5.));
#57 = CARTESIAN_POINT('',(22.103826911333,23.951731325056,5.));
#58 = CARTESIAN_POINT('',(21.338836245753,24.046702677268,5.));
#59 = CARTESIAN_POINT('',(20.533188521721,24.499000357158,5.));
#60 = CARTESIAN_POINT('',(19.716625927498,25.062322338735,5.));
#61 = CARTESIAN_POINT('',(19.042828777914,25.790404426431,5.));
#62 = CARTESIAN_POINT('',(18.480479210694,26.523483147116,5.));
#63 = CARTESIAN_POINT('',(18.277605007058,27.267171478115,5.));
#64 = CARTESIAN_POINT('',(18.025282330426,27.827663816928,5.));
#65 = CARTESIAN_POINT('',(17.87789865784,28.286322888508,5.));
#66 = CARTESIAN_POINT('',(17.760330980449,28.668676855058,5.));
#67 = CARTESIAN_POINT('',(17.660173252759,29.003974419849,5.));
#68 = CARTESIAN_POINT('',(17.564195476776,29.311914494895,5.));
#69 = CARTESIAN_POINT('',(17.464942012976,29.606970648253,5.));
#70 = CARTESIAN_POINT('',(17.356552323498,29.898496502514,5.));
#71 = CARTESIAN_POINT('',(17.23467067519,30.192449869915,5.));
#72 = CARTESIAN_POINT('',(17.094676388593,30.491087663342,5.));
#73 = CARTESIAN_POINT('',(16.936507447006,30.798424228256,5.));
#74 = CARTESIAN_POINT('',(16.744922909094,31.10183331055,5.));
#75 = CARTESIAN_POINT('',(16.572663127028,31.439525768584,5.));
#76 = CARTESIAN_POINT('',(16.223687126272,31.634196995359,5.));
#77 = CARTESIAN_POINT('',(16.002390735744,31.97618947496,5.));
#78 = CARTESIAN_POINT('',(15.702108713927,32.276518916815,5.));
#79 = CARTESIAN_POINT('',(15.387751404732,32.581008502816,5.));
#80 = CARTESIAN_POINT('',(15.043759342033,32.8699471494,5.));
#81 = CARTESIAN_POINT('',(14.676605761963,33.144334057163,5.));
#82 = CARTESIAN_POINT('',(14.287351703005,33.399648069514,5.));
#83 = CARTESIAN_POINT('',(13.879227164691,33.633299111623,5.));
#84 = CARTESIAN_POINT('',(13.596941522915,33.772776812614,5.));
#85 = CARTESIAN_POINT('',(13.45343848367,33.838310227188,5.));
#86 = ORIENTED_EDGE('',*,*,#87,.F.);
#87 = EDGE_CURVE('',#88,#32,#90,.T.);
#88 = VERTEX_POINT('',#89);
#89 = CARTESIAN_POINT('',(13.45343848367,33.838310227188,0.));
#90 = LINE('',#91,#92);
#91 = CARTESIAN_POINT('',(13.45343848367,33.838310227188,0.));
#92 = VECTOR('',#93,1.);
#93 = DIRECTION('',(0.,0.,1.));
#94 = ORIENTED_EDGE('',*,*,#95,.F.);
#95 = EDGE_CURVE('',#22,#88,#96,.T.);
#96 = B_SPLINE_CURVE_WITH_KNOTS('',3,(#97,#98,#99,#100,#101,#102,#103,
    #104,#105,#106,#107,#108,#109,#110,#111,#112,#113,#114,#115,#116,
    #117,#118,#119,#120,#121,#122,#123,#124,#125,#126,#127,#128,#129,
    #130,#131,#132,#133,#134,#135,#136,#137,#138,#139,#140,#141,#142,
    #143,#144,#145,#146,#147),.UNSPECIFIED.,.F.,.F.,(4,1,1,1,1,1,1,1,1,1
    ,1,1,1,1,1,1,1,1,1,1,1,1,1,1,1,1,1,1,1,1,1,1,1,1,1,1,1,1,1,1,1,1,1,1
    ,1,1,1,1,4),(0.,0.473206125628,0.943992429652,1.409973954886,
    1.868836789104,2.318377024136,2.756544271089,3.181492042951,
    3.591638155345,3.958628390048,4.336720798561,4.697643825895,
    5.041884944182,5.37090160957,5.687455278175,5.996091997334,
    6.303841257426,6.621230764788,6.963721635172,7.353570058326,
    7.821640417824,8.407110090534,9.197325542283,10.107526890421,
    11.137050913086,12.166574935752,13.07677628389,13.866991735638,
    14.452461408348,14.920531767847,15.310380191,15.652871061385,
    15.970260568747,16.278009828838,16.586646547997,16.903200216603,
    17.23221688199,17.576458000278,17.937381027612,18.315473436125,
    18.682463670827,19.092609783221,19.517557555084,19.955724802036,
    20.405265037068,20.864127871286,21.330109396521,21.800895700545,
    22.274101826172),.UNSPECIFIED.);
#97 = CARTESIAN_POINT('',(29.29463142132,20.111838409348,0.));
#98 = CARTESIAN_POINT('',(29.209342430593,20.244554417271,0.));
#99 = CARTESIAN_POINT('',(29.031110976031,20.504117051777,0.));
#100 = CARTESIAN_POINT('',(28.741755986968,20.874835460487,0.));
#101 = CARTESIAN_POINT('',(28.433644074683,21.223792502006,0.));
#102 = CARTESIAN_POINT('',(28.109798627639,21.548159659621,0.));
#103 = CARTESIAN_POINT('',(27.774845785091,21.847530122358,0.));
#104 = CARTESIAN_POINT('',(27.42871775442,22.115354341223,0.));
#105 = CARTESIAN_POINT('',(27.088710645873,22.369838589083,0.));
#106 = CARTESIAN_POINT('',(26.718705396573,22.540211897014,0.));
#107 = CARTESIAN_POINT('',(26.476351179085,22.857931221109,0.));
#108 = CARTESIAN_POINT('',(26.117580820336,22.98037899942,0.));
#109 = CARTESIAN_POINT('',(25.789994682492,23.1268338685,0.));
#110 = CARTESIAN_POINT('',(25.463276573323,23.239654324792,0.));
#111 = CARTESIAN_POINT('',(25.147755217778,23.335723082133,0.));
#112 = CARTESIAN_POINT('',(24.839448304743,23.414530225058,0.));
#113 = CARTESIAN_POINT('',(24.535464302205,23.48032820898,0.));
#114 = CARTESIAN_POINT('',(24.229286154404,23.536580546884,0.));
#115 = CARTESIAN_POINT('',(23.910821403641,23.587756965518,0.));
#116 = CARTESIAN_POINT('',(23.564682753783,23.639177413249,0.));
#117 = CARTESIAN_POINT('',(23.169488974309,23.70113377829,0.));
#118 = CARTESIAN_POINT('',(22.694523507218,23.781743306004,0.));
#119 = CARTESIAN_POINT('',(22.103826911333,23.951731325056,0.));
#120 = CARTESIAN_POINT('',(21.338836245753,24.046702677268,0.));
#121 = CARTESIAN_POINT('',(20.533188521721,24.499000357158,0.));
#122 = CARTESIAN_POINT('',(19.716625927498,25.062322338735,0.));
#123 = CARTESIAN_POINT('',(19.042828777914,25.790404426431,0.));
#124 = CARTESIAN_POINT('',(18.480479210694,26.523483147116,0.));
#125 = CARTESIAN_POINT('',(18.277605007058,27.267171478115,0.));
#126 = CARTESIAN_POINT('',(18.025282330426,27.827663816928,0.));
#127 = CARTESIAN_POINT('',(17.87789865784,28.286322888508,0.));
#128 = CARTESIAN_POINT('',(17.760330980449,28.668676855058,0.));
#129 = CARTESIAN_POINT('',(17.660173252759,29.003974419849,0.));
#130 = CARTESIAN_POINT('',(17.564195476776,29.311914494895,0.));
#131 = CARTESIAN_POINT('',(17.464942012976,29.606970648253,0.));
#132 = CARTESIAN_POINT('',(17.356552323498,29.898496502514,0.));
#133 = CARTESIAN_POINT('',(17.23467067519,30.192449869915,0.));
#134 = CARTESIAN_POINT('',(17.094676388593,30.491087663342,0.));
#135 = CARTESIAN_POINT('',(16.936507447006,30.798424228256,0.));
#136 = CARTESIAN_POINT('',(16.744922909094,31.10183331055,0.));
#137 = CARTESIAN_POINT('',(16.572663127028,31.439525768584,0.));
#138 = CARTESIAN_POINT('',(16.223687126272,31.634196995359,0.));
#139 = CARTESIAN_POINT('',(16.002390735744,31.97618947496,0.));
#140 = CARTESIAN_POINT('',(15.702108713927,32.276518916815,0.));
#141 = CARTESIAN_POINT('',(15.387751404732,32.581008502816,0.));
#142 = CARTESIAN_POINT('',(15.043759342033,32.8699471494,0.));
#143 = CARTESIAN_POINT('',(14.676605761963,33.144334057163,0.));
#144 = CARTESIAN_POINT('',(14.287351703005,33.399648069514,0.));
#145 = CARTESIAN_POINT('',(13.879227164691,33.633299111623,0.));
#146 = CARTESIAN_POINT('',(13.596941522915,33.772776812614,0.));
#147 = CARTESIAN_POINT('',(13.45343848367,33.838310227188,0.));
#148 = SURFACE_OF_LINEAR_EXTRUSION('',#149,#201);
#149 = B_SPLINE_CURVE_WITH_KNOTS('',3,(#150,#151,#152,#153,#154,#155,
    #156,#157,#158,#159,#160,#161,#162,#163,#164,#165,#166,#167,#168,
    #169,#170,#171,#172,#173,#174,#175,#176,#177,#178,#179,#180,#181,
    #182,#183,#184,#185,#186,#187,#188,#189,#190,#191,#192,#193,#194,
    #195,#196,#197,#198,#199,#200),.UNSPECIFIED.,.F.,.F.,(4,1,1,1,1,1,1,
    1,1,1,1,1,1,1,1,1,1,1,1,1,1,1,1,1,1,1,1,1,1,1,1,1,1,1,1,1,1,1,1,1,1,
    1,1,1,1,1,1,1,4),(0.,0.473206125628,0.943992429652,1.409973954886,
    1.868836789104,2.318377024136,2.756544271089,3.181492042951,
    3.591638155345,3.958628390048,4.336720798561,4.697643825895,
    5.041884944182,5.37090160957,5.687455278175,5.996091997334,
    6.303841257426,6.621230764788,6.963721635172,7.353570058326,
    7.821640417824,8.407110090534,9.197325542283,10.107526890421,
    11.137050913086,12.166574935752,13.07677628389,13.866991735638,
    14.452461408348,14.920531767847,15.310380191,15.652871061385,
    15.970260568747,16.278009828838,16.586646547997,16.903200216603,
    17.23221688199,17.576458000278,17.937381027612,18.315473436125,
    18.682463670827,19.092609783221,19.517557555084,19.955724802036,
    20.405265037068,20.864127871286,21.330109396521,21.800895700545,
    22.274101826172),.UNSPECIFIED.);
#150 = CARTESIAN_POINT('',(29.29463142132,20.111838409348,0.));
#151 = CARTESIAN_POINT('',(29.209342430593,20.244554417271,0.));
#152 = CARTESIAN_POINT('',(29.031110976031,20.504117051777,0.));
#153 = CARTESIAN_POINT('',(28.741755986968,20.874835460487,0.));
#154 = CARTESIAN_POINT('',(28.433644074683,21.223792502006,0.));
#155 = CARTESIAN_POINT('',(28.109798627639,21.548159659621,0.));
#156 = CARTESIAN_POINT('',(27.774845785091,21.847530122358,0.));
#157 = CARTESIAN_POINT('',(27.42871775442,22.115354341223,0.));
#158 = CARTESIAN_POINT('',(27.088710645873,22.369838589083,0.));
#159 = CARTESIAN_POINT('',(26.718705396573,22.540211897014,0.));
#160 = CARTESIAN_POINT('',(26.476351179085,22.857931221109,0.));
#161 = CARTESIAN_POINT('',(26.117580820336,22.98037899942,0.));
#162 = CARTESIAN_POINT('',(25.789994682492,23.1268338685,0.));
#163 = CARTESIAN_POINT('',(25.463276573323,23.239654324792,0.));
#164 = CARTESIAN_POINT('',(25.147755217778,23.335723082133,0.));
#165 = CARTESIAN_POINT('',(24.839448304743,23.414530225058,0.));
#166 = CARTESIAN_POINT('',(24.535464302205,23.48032820898,0.));
#167 = CARTESIAN_POINT('',(24.229286154404,23.536580546884,0.));
#168 = CARTESIAN_POINT('',(23.910821403641,23.587756965518,0.));
#169 = CARTESIAN_POINT('',(23.564682753783,23.639177413249,0.));
#170 = CARTESIAN_POINT('',(23.169488974309,23.70113377829,0.));
#171 = CARTESIAN_POINT('',(22.694523507218,23.781743306004,0.));
#172 = CARTESIAN_POINT('',(22.103826911333,23.951731325056,0.));
#173 = CARTESIAN_POINT('',(21.338836245753,24.046702677268,0.));
#174 = CARTESIAN_POINT('',(20.533188521721,24.499000357158,0.));
#175 = CARTESIAN_POINT('',(19.716625927498,25.062322338735,0.));
#176 = CARTESIAN_POINT('',(19.042828777914,25.790404426431,0.));
#177 = CARTESIAN_POINT('',(18.480479210694,26.523483147116,0.));
#178 = CARTESIAN_POINT('',(18.277605007058,27.267171478115,0.));
#179 = CARTESIAN_POINT('',(18.025282330426,27.827663816928,0.));
#180 = CARTESIAN_POINT('',(17.87789865784,28.286322888508,0.));
#181 = CARTESIAN_POINT('',(17.760330980449,28.668676855058,0.));
#182 = CARTESIAN_POINT('',(17.660173252759,29.003974419849,0.));
#183 = CARTESIAN_POINT('',(17.564195476776,29.311914494895,0.));
#184 = CARTESIAN_POINT('',(17.464942012976,29.606970648253,0.));
#185 = CARTESIAN_POINT('',(17.356552323498,29.898496502514,0.));
#186 = CARTESIAN_POINT('',(17.23467067519,30.192449869915,0.));
#187 = CARTESIAN_POINT('',(17.094676388593,30.491087663342,0.));
#188 = CARTESIAN_POINT('',(16.936507447006,30.798424228256,0.));
#189 = CARTESIAN_POINT('',(16.744922909094,31.10183331055,0.));
#190 = CARTESIAN_POINT('',(16.572663127028,31.439525768584,0.));
#191 = CARTESIAN_POINT('',(16.223687126272,31.634196995359,0.));
#192 = CARTESIAN_POINT('',(16.002390735744,31.97618947496,0.));
#193 = CARTESIAN_POINT('',(15.702108713927,32.276518916815,0.));
#194 = CARTESIAN_POINT('',(15.387751404732,32.581008502816,0.));
#195 = CARTESIAN_POINT('',(15.043759342033,32.8699471494,0.));
#196 = CARTESIAN_POINT('',(14.676605761963,33.144334057163,0.));
#197 = CARTESIAN_POINT('',(14.287351703005,33.399648069514,0.));
#198 = CARTESIAN_POINT('',(13.879227164691,33.633299111623,0.));
#199 = CARTESIAN_POINT('',(13.596941522915,33.772776812614,0.));
#200 = CARTESIAN_POINT('',(13.45343848367,33.838310227188,0.));
#201 = VECTOR('',#202,1.);
#202 = DIRECTION('',(-0.,-0.,-1.));
#203 = ADVANCED_FACE('',(#204),#325,.F.);
#204 = FACE_BOUND('',#205,.F.);
#205 = EDGE_LOOP('',(#206,#207,#263,#271));
#206 = ORIENTED_EDGE('',*,*,#87,.T.);
#207 = ORIENTED_EDGE('',*,*,#208,.T.);
#208 = EDGE_CURVE('',#32,#209,#211,.T.);
#209 = VERTEX_POINT('',#210);
#210 = CARTESIAN_POINT('',(-7.294111983766,36.821357637971,5.));
#211 = B_SPLINE_CURVE_WITH_KNOTS('',3,(#212,#213,#214,#215,#216,#217,
    #218,#219,#220,#221,#222,#223,#224,#225,#226,#227,#228,#229,#230,
    #231,#232,#233,#234,#235,#236,#237,#238,#239,#240,#241,#242,#243,
    #244,#245,#246,#247,#248,#249,#250,#251,#252,#253,#254,#255,#256,
    #257,#258,#259,#260,#261,#262),.UNSPECIFIED.,.F.,.F.,(4,1,1,1,1,1,1,
    1,1,1,1,1,1,1,1,1,1,1,1,1,1,1,1,1,1,1,1,1,1,1,1,1,1,1,1,1,1,1,1,1,1,
    1,1,1,1,1,1,1,4),(0.,0.473206125628,0.943992429652,1.409973954886,
    1.868836789104,2.318377024136,2.756544271089,3.181492042951,
    3.591638155345,3.958628390048,4.336720798561,4.697643825895,
    5.041884944182,5.37090160957,5.687455278175,5.996091997334,
    6.303841257426,6.621230764788,6.963721635172,7.353570058326,
    7.821640417824,8.407110090534,9.197325542283,10.107526890421,
    11.137050913086,12.166574935752,13.07677628389,13.866991735638,
    14.452461408348,14.920531767847,15.310380191,15.652871061385,
    15.970260568747,16.278009828838,16.586646547997,16.903200216603,
    17.23221688199,17.576458000278,17.937381027612,18.315473436125,
    18.682463670827,19.092609783221,19.517557555084,19.955724802036,
    20.405265037068,20.864127871286,21.330109396521,21.800895700545,
    22.274101826172),.UNSPECIFIED.);
#212 = CARTESIAN_POINT('',(13.45343848367,33.838310227188,5.));
#213 = CARTESIAN_POINT('',(13.309937127896,33.90384732805,5.));
#214 = CARTESIAN_POINT('',(13.019669132185,34.025846112028,5.));
#215 = CARTESIAN_POINT('',(12.575822721862,34.18127716522,5.));
#216 = CARTESIAN_POINT('',(12.127962066961,34.308260633078,5.));
#217 = CARTESIAN_POINT('',(11.680159815296,34.406051583137,5.));
#218 = CARTESIAN_POINT('',(11.236527661474,34.476808863935,5.));
#219 = CARTESIAN_POINT('',(10.800549528239,34.514985992787,5.));
#220 = CARTESIAN_POINT('',(10.376932775193,34.545250044244,5.));
#221 = CARTESIAN_POINT('',(9.973553787581,34.488537250996,5.));
#222 = CARTESIAN_POINT('',(9.597900410823,34.624793172583,5.));
#223 = CARTESIAN_POINT('',(9.229883312088,34.533836898642,5.));
#224 = CARTESIAN_POINT('',(8.87512083618,34.479936137305,5.));
#225 = CARTESIAN_POINT('',(8.539272728887,34.398209599118,5.));
#226 = CARTESIAN_POINT('',(8.22190058235,34.308444057038,5.));
#227 = CARTESIAN_POINT('',(7.919929944391,34.208057542946,5.));
#228 = CARTESIAN_POINT('',(7.628629252517,34.099064169748,5.));
#229 = CARTESIAN_POINT('',(7.340643494055,33.980854243626,5.));
#230 = CARTESIAN_POINT('',(7.045065836589,33.851731543416,5.));
#231 = CARTESIAN_POINT('',(6.726075481651,33.707852494117,5.));
#232 = CARTESIAN_POINT('',(6.360121178674,33.546315617101,5.));
#233 = CARTESIAN_POINT('',(5.916974000553,33.357342948679,5.));
#234 = CARTESIAN_POINT('',(5.328145940856,33.180991279778,5.));
#235 = CARTESIAN_POINT('',(4.633249451359,32.847301086559,5.));
#236 = CARTESIAN_POINT('',(3.71096486991,32.792232063556,5.));
#237 = CARTESIAN_POINT('',(2.719473846132,32.824661602234,5.));
#238 = CARTESIAN_POINT('',(1.759008718566,33.072880988949,5.));
#239 = CARTESIAN_POINT('',(0.889597879646,33.385556922851,5.));
#240 = CARTESIAN_POINT('',(0.316860971913,33.901505283335,5.));
#241 = CARTESIAN_POINT('',(-0.198431407451,34.23660550533,5.));
#242 = CARTESIAN_POINT('',(-0.570388258088,34.542772440435,5.));
#243 = CARTESIAN_POINT('',(-0.876008643073,34.800867180376,5.));
#244 = CARTESIAN_POINT('',(-1.141542234852,35.028788085533,5.));
#245 = CARTESIAN_POINT('',(-1.388768851871,35.235954258302,5.));
#246 = CARTESIAN_POINT('',(-1.631785578886,35.430510815893,5.));
#247 = CARTESIAN_POINT('',(-1.880579564238,35.617158080378,5.));
#248 = CARTESIAN_POINT('',(-2.14203612031,35.798553195218,5.));
#249 = CARTESIAN_POINT('',(-2.421262589247,35.974096668431,5.));
#250 = CARTESIAN_POINT('',(-2.720481461831,36.147132053557,5.));
#251 = CARTESIAN_POINT('',(-3.04568796546,36.298797594742,5.));
#252 = CARTESIAN_POINT('',(-3.373172442248,36.489751898682,5.));
#253 = CARTESIAN_POINT('',(-3.771996946935,36.464849085626,5.));
#254 = CARTESIAN_POINT('',(-4.143058411005,36.632909605817,5.));
#255 = CARTESIAN_POINT('',(-4.558042077655,36.723218092048,5.));
#256 = CARTESIAN_POINT('',(-4.987115773269,36.809416639366,5.));
#257 = CARTESIAN_POINT('',(-5.432712337365,36.8665111466,5.));
#258 = CARTESIAN_POINT('',(-5.889926345802,36.898841890457,5.));
#259 = CARTESIAN_POINT('',(-6.355420874414,36.903179072696,5.));
#260 = CARTESIAN_POINT('',(-6.825078374511,36.879090053302,5.));
#261 = CARTESIAN_POINT('',(-7.137959506203,36.843811021886,5.));
#262 = CARTESIAN_POINT('',(-7.294111983766,36.821357637971,5.));
#263 = ORIENTED_EDGE('',*,*,#264,.F.);
#264 = EDGE_CURVE('',#265,#209,#267,.T.);
#265 = VERTEX_POINT('',#266);
#266 = CARTESIAN_POINT('',(-7.294111983766,36.821357637971,0.));
#267 = LINE('',#268,#269);
#268 = CARTESIAN_POINT('',(-7.294111983766,36.821357637971,0.));
#269 = VECTOR('',#270,1.);
#270 = DIRECTION('',(0.,0.,1.));
#271 = ORIENTED_EDGE('',*,*,#272,.F.);
#272 = EDGE_CURVE('',#88,#265,#273,.T.);
#273 = B_SPLINE_CURVE_WITH_KNOTS('',3,(#274,#275,#276,#277,#278,#279,
    #280,#281,#282,#283,#284,#285,#286,#287,#288,#289,#290,#291,#292,
    #293,#294,#295,#296,#297,#298,#299,#300,#301,#302,#303,#304,#305,
    #306,#307,#308,#309,#310,#311,#312,#313,#314,#315,#316,#317,#318,
    #319,#320,#321,#322,#323,#324),.UNSPECIFIED.,.F.,.F.,(4,1,1,1,1,1,1,
    1,1,1,1,1,1,1,1,1,1,1,1,1,1,1,1,1,1,1,1,1,1,1,1,1,1,1,1,1,1,1,1,1,1,
    1,1,1,1,1,1,1,4),(0.,0.473206125628,0.943992429652,1.409973954886,
    1.868836789104,2.318377024136,2.756544271089,3.181492042951,
    3.591638155345,3.958628390048,4.336720798561,4.697643825895,
    5.041884944182,5.37090160957,5.687455278175,5.996091997334,
    6.303841257426,6.621230764788,6.963721635172,7.353570058326,
    7.821640417824,8.407110090534,9.197325542283,10.107526890421,
    11.137050913086,12.166574935752,13.07677628389,13.866991735638,
    14.452461408348,14.920531767847,15.310380191,15.652871061385,
    15.970260568747,16.278009828838,16.586646547997,16.903200216603,
    17.23221688199,17.576458000278,17.937381027612,18.315473436125,
    18.682463670827,19.092609783221,19.517557555084,19.955724802036,
    20.405265037068,20.864127871286,21.330109396521,21.800895700545,
    22.274101826172),.UNSPECIFIED.);
#274 = CARTESIAN_POINT('',(13.45343848367,33.838310227188,0.));
#275 = CARTESIAN_POINT('',(13.309937127896,33.90384732805,0.));
#276 = CARTESIAN_POINT('',(13.019669132185,34.025846112028,0.));
#277 = CARTESIAN_POINT('',(12.575822721862,34.18127716522,0.));
#278 = CARTESIAN_POINT('',(12.127962066961,34.308260633078,0.));
#279 = CARTESIAN_POINT('',(11.680159815296,34.406051583137,0.));
#280 = CARTESIAN_POINT('',(11.236527661474,34.476808863935,0.));
#281 = CARTESIAN_POINT('',(10.800549528239,34.514985992787,0.));
#282 = CARTESIAN_POINT('',(10.376932775193,34.545250044244,0.));
#283 = CARTESIAN_POINT('',(9.973553787581,34.488537250996,0.));
#284 = CARTESIAN_POINT('',(9.597900410823,34.624793172583,0.));
#285 = CARTESIAN_POINT('',(9.229883312088,34.533836898642,0.));
#286 = CARTESIAN_POINT('',(8.87512083618,34.479936137305,0.));
#287 = CARTESIAN_POINT('',(8.539272728887,34.398209599118,0.));
#288 = CARTESIAN_POINT('',(8.22190058235,34.308444057038,0.));
#289 = CARTESIAN_POINT('',(7.919929944391,34.208057542946,0.));
#290 = CARTESIAN_POINT('',(7.628629252517,34.099064169748,0.));
#291 = CARTESIAN_POINT('',(7.340643494055,33.980854243626,0.));
#292 = CARTESIAN_POINT('',(7.045065836589,33.851731543416,0.));
#293 = CARTESIAN_POINT('',(6.726075481651,33.707852494117,0.));
#294 = CARTESIAN_POINT('',(6.360121178674,33.546315617101,0.));
#295 = CARTESIAN_POINT('',(5.916974000553,33.357342948679,0.));
#296 = CARTESIAN_POINT('',(5.328145940856,33.180991279778,0.));
#297 = CARTESIAN_POINT('',(4.633249451359,32.847301086559,0.));
#298 = CARTESIAN_POINT('',(3.71096486991,32.792232063556,0.));
#299 = CARTESIAN_POINT('',(2.719473846132,32.824661602234,0.));
#300 = CARTESIAN_POINT('',(1.759008718566,33.072880988949,0.));
#301 = CARTESIAN_POINT('',(0.889597879646,33.385556922851,0.));
#302 = CARTESIAN_POINT('',(0.316860971913,33.901505283335,0.));
#303 = CARTESIAN_POINT('',(-0.198431407451,34.23660550533,0.));
#304 = CARTESIAN_POINT('',(-0.570388258088,34.542772440435,0.));
#305 = CARTESIAN_POINT('',(-0.876008643073,34.800867180376,0.));
#306 = CARTESIAN_POINT('',(-1.141542234852,35.028788085533,0.));
#307 = CARTESIAN_POINT('',(-1.388768851871,35.235954258302,0.));
#308 = CARTESIAN_POINT('',(-1.631785578886,35.430510815893,0.));
#309 = CARTESIAN_POINT('',(-1.880579564238,35.617158080378,0.));
#310 = CARTESIAN_POINT('',(-2.14203612031,35.798553195218,0.));
#311 = CARTESIAN_POINT('',(-2.421262589247,35.974096668431,0.));
#312 = CARTESIAN_POINT('',(-2.720481461831,36.147132053557,0.));
#313 = CARTESIAN_POINT('',(-3.04568796546,36.298797594742,0.));
#314 = CARTESIAN_POINT('',(-3.373172442248,36.489751898682,0.));
#315 = CARTESIAN_POINT('',(-3.771996946935,36.464849085626,0.));
#316 = CARTESIAN_POINT('',(-4.143058411005,36.632909605817,0.));
#317 = CARTESIAN_POINT('',(-4.558042077655,36.723218092048,0.));
#318 = CARTESIAN_POINT('',(-4.987115773269,36.809416639366,0.));
#319 = CARTESIAN_POINT('',(-5.432712337365,36.8665111466,0.));
#320 = CARTESIAN_POINT('',(-5.889926345802,36.898841890457,0.));
#321 = CARTESIAN_POINT('',(-6.355420874414,36.903179072696,0.));
#322 = CARTESIAN_POINT('',(-6.825078374511,36.879090053302,0.));
#323 = CARTESIAN_POINT('',(-7.137959506203,36.843811021886,0.));
#324 = CARTESIAN_POINT('',(-7.294111983766,36.821357637971,0.));
#325 = SURFACE_OF_LINEAR_EXTRUSION('',#326,#378);
#326 = B_SPLINE_CURVE_WITH_KNOTS('',3,(#327,#328,#329,#330,#331,#332,
    #333,#334,#335,#336,#337,#338,#339,#340,#341,#342,#343,#344,#345,
    #346,#347,#348,#349,#350,#351,#352,#353,#354,#355,#356,#357,#358,
    #359,#360,#361,#362,#363,#364,#365,#366,#367,#368,#369,#370,#371,
    #372,#373,#374,#375,#376,#377),.UNSPECIFIED.,.F.,.F.,(4,1,1,1,1,1,1,
    1,1,1,1,1,1,1,1,1,1,1,1,1,1,1,1,1,1,1,1,1,1,1,1,1,1,1,1,1,1,1,1,1,1,
    1,1,1,1,1,1,1,4),(0.,0.473206125628,0.943992429652,1.409973954886,
    1.868836789104,2.318377024136,2.756544271089,3.181492042951,
    3.591638155345,3.958628390048,4.336720798561,4.697643825895,
    5.041884944182,5.37090160957,5.687455278175,5.996091997334,
    6.303841257426,6.621230764788,6.963721635172,7.353570058326,
    7.821640417824,8.407110090534,9.197325542283,10.107526890421,
    11.137050913086,12.166574935752,13.07677628389,13.866991735638,
    14.452461408348,14.920531767847,15.310380191,15.652871061385,
    15.970260568747,16.278009828838,16.586646547997,16.903200216603,
    17.23221688199,17.576458000278,17.937381027612,18.315473436125,
    18.682463670827,19.092609783221,19.517557555084,19.955724802036,
    20.405265037068,20.864127871286,21.330109396521,21.800895700545,
    22.274101826172),.UNSPECIFIED.);
#327 = CARTESIAN_POINT('',(13.45343848367,33.838310227188,0.));
#328 = CARTESIAN_POINT('',(13.309937127896,33.90384732805,0.));
#329 = CARTESIAN_POINT('',(13.019669132185,34.025846112028,0.));
#330 = CARTESIAN_POINT('',(12.575822721862,34.18127716522,0.));
#331 = CARTESIAN_POINT('',(12.127962066961,34.308260633078,0.));
#332 = CARTESIAN_POINT('',(11.680159815296,34.406051583137,0.));
#333 = CARTESIAN_POINT('',(11.236527661474,34.476808863935,0.));
#334 = CARTESIAN_POINT('',(10.800549528239,34.514985992787,0.));
#335 = CARTESIAN_POINT('',(10.376932775193,34.545250044244,0.));
#336 = CARTESIAN_POINT('',(9.973553787581,34.488537250996,0.));
#337 = CARTESIAN_POINT('',(9.597900410823,34.624793172583,0.));
#338 = CARTESIAN_POINT('',(9.229883312088,34.533836898642,0.));
#339 = CARTESIAN_POINT('',(8.87512083618,34.479936137305,0.));
#340 = CARTESIAN_POINT('',(8.539272728887,34.398209599118,0.));
#341 = CARTESIAN_POINT('',(8.22190058235,34.308444057038,0.));
#342 = CARTESIAN_POINT('',(7.919929944391,34.208057542946,0.));
#343 = CARTESIAN_POINT('',(7.628629252517,34.099064169748,0.));
#344 = CARTESIAN_POINT('',(7.340643494055,33.980854243626,0.));
#345 = CARTESIAN_POINT('',(7.045065836589,33.851731543416,0.));
#346 = CARTESIAN_POINT('',(6.726075481651,33.707852494117,0.));
#347 = CARTESIAN_POINT('',(6.360121178674,33.546315617101,0.));
#348 = CARTESIAN_POINT('',(5.916974000553,33.357342948679,0.));
#349 = CARTESIAN_POINT('',(5.328145940856,33.180991279778,0.));
#350 = CARTESIAN_POINT('',(4.633249451359,32.847301086559,0.));
#351 = CARTESIAN_POINT('',(3.71096486991,32.792232063556,0.));
#352 = CARTESIAN_POINT('',(2.719473846132,32.824661602234,0.));
#353 = CARTESIAN_POINT('',(1.759008718566,33.072880988949,0.));
#354 = CARTESIAN_POINT('',(0.889597879646,33.385556922851,0.));
#355 = CARTESIAN_POINT('',(0.316860971913,33.901505283335,0.));
#356 = CARTESIAN_POINT('',(-0.198431407451,34.23660550533,0.));
#357 = CARTESIAN_POINT('',(-0.570388258088,34.542772440435,0.));
#358 = CARTESIAN_POINT('',(-0.876008643073,34.800867180376,0.));
#359 = CARTESIAN_POINT('',(-1.141542234852,35.028788085533,0.));
#360 = CARTESIAN_POINT('',(-1.388768851871,35.235954258302,0.));
#361 = CARTESIAN_POINT('',(-1.631785578886,35.430510815893,0.));
#362 = CARTESIAN_POINT('',(-1.880579564238,35.617158080378,0.));
#363 = CARTESIAN_POINT('',(-2.14203612031,35.798553195218,0.));
#364 = CARTESIAN_POINT('',(-2.421262589247,35.974096668431,0.));
#365 = CARTESIAN_POINT('',(-2.720481461831,36.147132053557,0.));
#366 = CARTESIAN_POINT('',(-3.04568796546,36.298797594742,0.));
#367 = CARTESIAN_POINT('',(-3.373172442248,36.489751898682,0.));
#368 = CARTESIAN_POINT('',(-3.771996946935,36.464849085626,0.));
#369 = CARTESIAN_POINT('',(-4.143058411005,36.632909605817,0.));
#370 = CARTESIAN_POINT('',(-4.558042077655,36.723218092048,0.));
#371 = CARTESIAN_POINT('',(-4.987115773269,36.809416639366,0.));
#372 = CARTESIAN_POINT('',(-5.432712337365,36.8665111466,0.));
#373 = CARTESIAN_POINT('',(-5.889926345802,36.898841890457,0.));
#374 = CARTESIAN_POINT('',(-6.355420874414,36.903179072696,0.));
#375 = CARTESIAN_POINT('',(-6.825078374511,36.879090053302,0.));
#376 = CARTESIAN_POINT('',(-7.137959506203,36.843811021886,0.));
#377 = CARTESIAN_POINT('',(-7.294111983766,36.821357637971,0.));
#378 = VECTOR('',#379,1.);
#379 = DIRECTION('',(-0.,-0.,-1.));
#380 = ADVANCED_FACE('',(#381),#502,.F.);
#381 = FACE_BOUND('',#382,.F.);
#382 = EDGE_LOOP('',(#383,#384,#440,#448));
#383 = ORIENTED_EDGE('',*,*,#264,.T.);
#384 = ORIENTED_EDGE('',*,*,#385,.T.);
#385 = EDGE_CURVE('',#209,#386,#388,.T.);
#386 = VERTEX_POINT('',#387);
#387 = CARTESIAN_POINT('',(-26.36081930276,28.113884165978,5.));
#388 = B_SPLINE_CURVE_WITH_KNOTS('',3,(#389,#390,#391,#392,#393,#394,
    #395,#396,#397,#398,#399,#400,#401,#402,#403,#404,#405,#406,#407,
    #408,#409,#410,#411,#412,#413,#414,#415,#416,#417,#418,#419,#420,
    #421,#422,#423,#424,#425,#426,#427,#428,#429,#430,#431,#432,#433,
    #434,#435,#436,#437,#438,#439),.UNSPECIFIED.,.F.,.F.,(4,1,1,1,1,1,1,
    1,1,1,1,1,1,1,1,1,1,1,1,1,1,1,1,1,1,1,1,1,1,1,1,1,1,1,1,1,1,1,1,1,1,
    1,1,1,1,1,1,1,4),(0.,0.473206125628,0.943992429652,1.409973954886,
    1.868836789104,2.318377024136,2.756544271089,3.181492042951,
    3.591638155345,3.958628390048,4.336720798561,4.697643825895,
    5.041884944182,5.37090160957,5.687455278175,5.996091997334,
    6.303841257426,6.621230764788,6.963721635172,7.353570058326,
    7.821640417824,8.407110090534,9.197325542283,10.107526890421,
    11.137050913086,12.166574935752,13.07677628389,13.866991735638,
    14.452461408348,14.920531767847,15.310380191,15.652871061385,
    15.970260568747,16.278009828838,16.586646547997,16.903200216603,
    17.23221688199,17.576458000278,17.937381027612,18.315473436125,
    18.682463670827,19.092609783221,19.517557555084,19.955724802036,
    20.405265037068,20.864127871286,21.330109396521,21.800895700545,
    22.274101826172),.UNSPECIFIED.);
#389 = CARTESIAN_POINT('',(-7.294111983766,36.821357637971,5.));
#390 = CARTESIAN_POINT('',(-7.450265038061,36.798908265311,5.));
#391 = CARTESIAN_POINT('',(-7.760411537219,36.744609446851,5.));
#392 = CARTESIAN_POINT('',(-8.217831269593,36.635404883358,5.));
#393 = CARTESIAN_POINT('',(-8.663248073611,36.500098423734,5.));
#394 = CARTESIAN_POINT('',(-9.092833079014,36.34026523055,5.));
#395 = CARTESIAN_POINT('',(-9.504294469826,36.159944392704,5.));
#396 = CARTESIAN_POINT('',(-9.891702728798,35.956353462879,5.));
#397 = CARTESIAN_POINT('',(-10.26443380038,35.75278869543,5.));
#398 = CARTESIAN_POINT('',(-10.57311654787,35.486995712147,5.));
#399 = CARTESIAN_POINT('',(-10.96280179102,35.39852793886,5.));
#400 = CARTESIAN_POINT('',(-11.22322280118,35.123045586977,5.));
#401 = CARTESIAN_POINT('',(-11.49252703568,34.885902306102,5.));
#402 = CARTESIAN_POINT('',(-11.73087574002,34.635576371858,5.));
#403 = CARTESIAN_POINT('',(-11.94933526347,34.388476455716,5.));
#404 = CARTESIAN_POINT('',(-12.14909608243,34.140768293534,5.));
#405 = CARTESIAN_POINT('',(-12.3352275522,33.891588189095,5.));
#406 = CARTESIAN_POINT('',(-12.51358747782,33.636446815259,5.));
#407 = CARTESIAN_POINT('',(-12.69243422419,33.368020541185,5.));
#408 = CARTESIAN_POINT('',(-12.8829991004,33.074522576408,5.));
#409 = CARTESIAN_POINT('',(-13.10352602139,32.740779274422,5.));
#410 = CARTESIAN_POINT('',(-13.37415881262,32.342221896871,5.));
#411 = CARTESIAN_POINT('',(-13.77416958763,31.875520948852,5.));
#412 = CARTESIAN_POINT('',(-14.17834717554,31.219113488807,5.));
#413 = CARTESIAN_POINT('',(-14.92444977634,30.674161788614,5.));
#414 = CARTESIAN_POINT('',(-15.77607783517,30.165402735,5.));
#415 = CARTESIAN_POINT('',(-16.71827004904,29.854951519287,5.));
#416 = CARTESIAN_POINT('',(-17.61871036126,29.647952266655,5.));
#417 = CARTESIAN_POINT('',(-18.37947005165,29.772350697687,5.));
#418 = CARTESIAN_POINT('',(-18.99413044418,29.775666850084,5.));
#419 = CARTESIAN_POINT('',(-19.47256680091,29.832135810091,5.));
#420 = CARTESIAN_POINT('',(-19.86920758067,29.884028067103,5.));
#421 = CARTESIAN_POINT('',(-20.21581199732,29.932209035651,5.));
#422 = CARTESIAN_POINT('',(-20.53579475129,29.972827510053,5.));
#423 = CARTESIAN_POINT('',(-20.84541864777,30.005114139514,5.));
#424 = CARTESIAN_POINT('',(-21.15562659654,30.027623626536,5.));
#425 = CARTESIAN_POINT('',(-21.47364745119,30.03886882153,5.));
#426 = CARTESIAN_POINT('',(-21.8034536715,30.035584162114,5.));
#427 = CARTESIAN_POINT('',(-22.14872259721,30.019380855284,5.));
#428 = CARTESIAN_POINT('',(-22.50430029945,29.971150117651,5.));
#429 = CARTESIAN_POINT('',(-22.88303546348,29.954739625215,5.));
#430 = CARTESIAN_POINT('',(-23.20508450982,29.718169239519,5.));
#431 = CARTESIAN_POINT('',(-23.60810165438,29.658939772598,5.));
#432 = CARTESIAN_POINT('',(-24.00603258384,29.510554996916,5.));
#433 = CARTESIAN_POINT('',(-24.4135947992,29.351095075827,5.));
#434 = CARTESIAN_POINT('',(-24.81932210403,29.158218341075,5.));
#435 = CARTESIAN_POINT('',(-25.22143432368,28.93822813829,5.));
#436 = CARTESIAN_POINT('',(-25.61537809814,28.6902114657,5.));
#437 = CARTESIAN_POINT('',(-25.99745562218,28.416030478256,5.));
#438 = CARTESIAN_POINT('',(-26.24159469518,28.217195557639,5.));
#439 = CARTESIAN_POINT('',(-26.36081930276,28.113884165978,5.));
#440 = ORIENTED_EDGE('',*,*,#441,.F.);
#441 = EDGE_CURVE('',#442,#386,#444,.T.);
#442 = VERTEX_POINT('',#443);
#443 = CARTESIAN_POINT('',(-26.36081930276,28.113884165978,0.));
#444 = LINE('',#445,#446);
#445 = CARTESIAN_POINT('',(-26.36081930276,28.113884165978,0.));
#446 = VECTOR('',#447,1.);
#447 = DIRECTION('',(0.,0.,1.));
#448 = ORIENTED_EDGE('',*,*,#449,.F.);
#449 = EDGE_CURVE('',#265,#442,#450,.T.);
#450 = B_SPLINE_CURVE_WITH_KNOTS('',3,(#451,#452,#453,#454,#455,#456,
    #457,#458,#459,#460,#461,#462,#463,#464,#465,#466,#467,#468,#469,
    #470,#471,#472,#473,#474,#475,#476,#477,#478,#479,#480,#481,#482,
    #483,#484,#485,#486,#487,#488,#489,#490,#491,#492,#493,#494,#495,
    #496,#497,#498,#499,#500,#501),.UNSPECIFIED.,.F.,.F.,(4,1,1,1,1,1,1,
    1,1,1,1,1,1,1,1,1,1,1,1,1,1,1,1,1,1,1,1,1,1,1,1,1,1,1,1,1,1,1,1,1,1,
    1,1,1,1,1,1,1,4),(0.,0.473206125628,0.943992429652,1.409973954886,
    1.868836789104,2.318377024136,2.756544271089,3.181492042951,
    3.591638155345,3.958628390048,4.336720798561,4.697643825895,
    5.041884944182,5.37090160957,5.687455278175,5.996091997334,
    6.303841257426,6.621230764788,6.963721635172,7.353570058326,
    7.821640417824,8.407110090534,9.197325542283,10.107526890421,
    11.137050913086,12.166574935752,13.07677628389,13.866991735638,
    14.452461408348,14.920531767847,15.310380191,15.652871061385,
    15.970260568747,16.278009828838,16.586646547997,16.903200216603,
    17.23221688199,17.576458000278,17.937381027612,18.315473436125,
    18.682463670827,19.092609783221,19.517557555084,19.955724802036,
    20.405265037068,20.864127871286,21.330109396521,21.800895700545,
    22.274101826172),.UNSPECIFIED.);
#451 = CARTESIAN_POINT('',(-7.294111983766,36.821357637971,0.));
#452 = CARTESIAN_POINT('',(-7.450265038061,36.798908265311,0.));
#453 = CARTESIAN_POINT('',(-7.760411537219,36.744609446851,0.));
#454 = CARTESIAN_POINT('',(-8.217831269593,36.635404883358,0.));
#455 = CARTESIAN_POINT('',(-8.663248073611,36.500098423734,0.));
#456 = CARTESIAN_POINT('',(-9.092833079014,36.34026523055,0.));
#457 = CARTESIAN_POINT('',(-9.504294469826,36.159944392704,0.));
#458 = CARTESIAN_POINT('',(-9.891702728798,35.956353462879,0.));
#459 = CARTESIAN_POINT('',(-10.26443380038,35.75278869543,0.));
#460 = CARTESIAN_POINT('',(-10.57311654787,35.486995712147,0.));
#461 = CARTESIAN_POINT('',(-10.96280179102,35.39852793886,0.));
#462 = CARTESIAN_POINT('',(-11.22322280118,35.123045586977,0.));
#463 = CARTESIAN_POINT('',(-11.49252703568,34.885902306102,0.));
#464 = CARTESIAN_POINT('',(-11.73087574002,34.635576371858,0.));
#465 = CARTESIAN_POINT('',(-11.94933526347,34.388476455716,0.));
#466 = CARTESIAN_POINT('',(-12.14909608243,34.140768293534,0.));
#467 = CARTESIAN_POINT('',(-12.3352275522,33.891588189095,0.));
#468 = CARTESIAN_POINT('',(-12.51358747782,33.636446815259,0.));
#469 = CARTESIAN_POINT('',(-12.69243422419,33.368020541185,0.));
#470 = CARTESIAN_POINT('',(-12.8829991004,33.074522576408,0.));
#471 = CARTESIAN_POINT('',(-13.10352602139,32.740779274422,0.));
#472 = CARTESIAN_POINT('',(-13.37415881262,32.342221896871,0.));
#473 = CARTESIAN_POINT('',(-13.77416958763,31.875520948852,0.));
#474 = CARTESIAN_POINT('',(-14.17834717554,31.219113488807,0.));
#475 = CARTESIAN_POINT('',(-14.92444977634,30.674161788614,0.));
#476 = CARTESIAN_POINT('',(-15.77607783517,30.165402735,0.));
#477 = CARTESIAN_POINT('',(-16.71827004904,29.854951519287,0.));
#478 = CARTESIAN_POINT('',(-17.61871036126,29.647952266655,0.));
#479 = CARTESIAN_POINT('',(-18.37947005165,29.772350697687,0.));
#480 = CARTESIAN_POINT('',(-18.99413044418,29.775666850084,0.));
#481 = CARTESIAN_POINT('',(-19.47256680091,29.832135810091,0.));
#482 = CARTESIAN_POINT('',(-19.86920758067,29.884028067103,0.));
#483 = CARTESIAN_POINT('',(-20.21581199732,29.932209035651,0.));
#484 = CARTESIAN_POINT('',(-20.53579475129,29.972827510053,0.));
#485 = CARTESIAN_POINT('',(-20.84541864777,30.005114139514,0.));
#486 = CARTESIAN_POINT('',(-21.15562659654,30.027623626536,0.));
#487 = CARTESIAN_POINT('',(-21.47364745119,30.03886882153,0.));
#488 = CARTESIAN_POINT('',(-21.8034536715,30.035584162114,0.));
#489 = CARTESIAN_POINT('',(-22.14872259721,30.019380855284,0.));
#490 = CARTESIAN_POINT('',(-22.50430029945,29.971150117651,0.));
#491 = CARTESIAN_POINT('',(-22.88303546348,29.954739625215,0.));
#492 = CARTESIAN_POINT('',(-23.20508450982,29.718169239519,0.));
#493 = CARTESIAN_POINT('',(-23.60810165438,29.658939772598,0.));
#494 = CARTESIAN_POINT('',(-24.00603258384,29.510554996916,0.));
#495 = CARTESIAN_POINT('',(-24.4135947992,29.351095075827,0.));
#496 = CARTESIAN_POINT('',(-24.81932210403,29.158218341075,0.));
#497 = CARTESIAN_POINT('',(-25.22143432368,28.93822813829,0.));
#498 = CARTESIAN_POINT('',(-25.61537809814,28.6902114657,0.));
#499 = CARTESIAN_POINT('',(-25.99745562218,28.416030478256,0.));
#500 = CARTESIAN_POINT('',(-26.24159469518,28.217195557639,0.));
#501 = CARTESIAN_POINT('',(-26.36081930276,28.113884165978,0.));
#502 = SURFACE_OF_LINEAR_EXTRUSION('',#503,#555);
#503 = B_SPLINE_CURVE_WITH_KNOTS('',3,(#504,#505,#506,#507,#508,#509,
    #510,#511,#512,#513,#514,#515,#516,#517,#518,#519,#520,#521,#522,
    #523,#524,#525,#526,#527,#528,#529,#530,#531,#532,#533,#534,#535,
    #536,#537,#538,#539,#540,#541,#542,#543,#544,#545,#546,#547,#548,
    #549,#550,#551,#552,#553,#554),.UNSPECIFIED.,.F.,.F.,(4,1,1,1,1,1,1,
    1,1,1,1,1,1,1,1,1,1,1,1,1,1,1,1,1,1,1,1,1,1,1,1,1,1,1,1,1,1,1,1,1,1,
    1,1,1,1,1,1,1,4),(0.,0.473206125628,0.943992429652,1.409973954886,
    1.868836789104,2.318377024136,2.756544271089,3.181492042951,
    3.591638155345,3.958628390048,4.336720798561,4.697643825895,
    5.041884944182,5.37090160957,5.687455278175,5.996091997334,
    6.303841257426,6.621230764788,6.963721635172,7.353570058326,
    7.821640417824,8.407110090534,9.197325542283,10.107526890421,
    11.137050913086,12.166574935752,13.07677628389,13.866991735638,
    14.452461408348,14.920531767847,15.310380191,15.652871061385,
    15.970260568747,16.278009828838,16.586646547997,16.903200216603,
    17.23221688199,17.576458000278,17.937381027612,18.315473436125,
    18.682463670827,19.092609783221,19.517557555084,19.955724802036,
    20.405265037068,20.864127871286,21.330109396521,21.800895700545,
    22.274101826172),.UNSPECIFIED.);
#504 = CARTESIAN_POINT('',(-7.294111983766,36.821357637971,0.));
#505 = CARTESIAN_POINT('',(-7.450265038061,36.798908265311,0.));
#506 = CARTESIAN_POINT('',(-7.760411537219,36.744609446851,0.));
#507 = CARTESIAN_POINT('',(-8.217831269593,36.635404883358,0.));
#508 = CARTESIAN_POINT('',(-8.663248073611,36.500098423734,0.));
#509 = CARTESIAN_POINT('',(-9.092833079014,36.34026523055,0.));
#510 = CARTESIAN_POINT('',(-9.504294469826,36.159944392704,0.));
#511 = CARTESIAN_POINT('',(-9.891702728798,35.956353462879,0.));
#512 = CARTESIAN_POINT('',(-10.26443380038,35.75278869543,0.));
#513 = CARTESIAN_POINT('',(-10.57311654787,35.486995712147,0.));
#514 = CARTESIAN_POINT('',(-10.96280179102,35.39852793886,0.));
#515 = CARTESIAN_POINT('',(-11.22322280118,35.123045586977,0.));
#516 = CARTESIAN_POINT('',(-11.49252703568,34.885902306102,0.));
#517 = CARTESIAN_POINT('',(-11.73087574002,34.635576371858,0.));
#518 = CARTESIAN_POINT('',(-11.94933526347,34.388476455716,0.));
#519 = CARTESIAN_POINT('',(-12.14909608243,34.140768293534,0.));
#520 = CARTESIAN_POINT('',(-12.3352275522,33.891588189095,0.));
#521 = CARTESIAN_POINT('',(-12.51358747782,33.636446815259,0.));
#522 = CARTESIAN_POINT('',(-12.69243422419,33.368020541185,0.));
#523 = CARTESIAN_POINT('',(-12.8829991004,33.074522576408,0.));
#524 = CARTESIAN_POINT('',(-13.10352602139,32.740779274422,0.));
#525 = CARTESIAN_POINT('',(-13.37415881262,32.342221896871,0.));
#526 = CARTESIAN_POINT('',(-13.77416958763,31.875520948852,0.));
#527 = CARTESIAN_POINT('',(-14.17834717554,31.219113488807,0.));
#528 = CARTESIAN_POINT('',(-14.92444977634,30.674161788614,0.));
#529 = CARTESIAN_POINT('',(-15.77607783517,30.165402735,0.));
#530 = CARTESIAN_POINT('',(-16.71827004904,29.854951519287,0.));
#531 = CARTESIAN_POINT('',(-17.61871036126,29.647952266655,0.));
#532 = CARTESIAN_POINT('',(-18.37947005165,29.772350697687,0.));
#533 = CARTESIAN_POINT('',(-18.99413044418,29.775666850084,0.));
#534 = CARTESIAN_POINT('',(-19.47256680091,29.832135810091,0.));
#535 = CARTESIAN_POINT('',(-19.86920758067,29.884028067103,0.));
#536 = CARTESIAN_POINT('',(-20.21581199732,29.932209035651,0.));
#537 = CARTESIAN_POINT('',(-20.53579475129,29.972827510053,0.));
#538 = CARTESIAN_POINT('',(-20.84541864777,30.005114139514,0.));
#539 = CARTESIAN_POINT('',(-21.15562659654,30.027623626536,0.));
#540 = CARTESIAN_POINT('',(-21.47364745119,30.03886882153,0.));
#541 = CARTESIAN_POINT('',(-21.8034536715,30.035584162114,0.));
#542 = CARTESIAN_POINT('',(-22.14872259721,30.019380855284,0.));
#543 = CARTESIAN_POINT('',(-22.50430029945,29.971150117651,0.));
#544 = CARTESIAN_POINT('',(-22.88303546348,29.954739625215,0.));
#545 = CARTESIAN_POINT('',(-23.20508450982,29.718169239519,0.));
#546 = CARTESIAN_POINT('',(-23.60810165438,29.658939772598,0.));
#547 = CARTESIAN_POINT('',(-24.00603258384,29.510554996916,0.));
#548 = CARTESIAN_POINT('',(-24.4135947992,29.351095075827,0.));
#549 = CARTESIAN_POINT('',(-24.81932210403,29.158218341075,0.));
#550 = CARTESIAN_POINT('',(-25.22143432368,28.93822813829,0.));
#551 = CARTESIAN_POINT('',(-25.61537809814,28.6902114657,0.));
#552 = CARTESIAN_POINT('',(-25.99745562218,28.416030478256,0.));
#553 = CARTESIAN_POINT('',(-26.24159469518,28.217195557639,0.));
#554 = CARTESIAN_POINT('',(-26.36081930276,28.113884165978,0.));
#555 = VECTOR('',#556,1.);
#556 = DIRECTION('',(-0.,-0.,-1.));
#557 = ADVANCED_FACE('',(#558),#679,.F.);
#558 = FACE_BOUND('',#559,.F.);
#559 = EDGE_LOOP('',(#560,#561,#617,#625));
#560 = ORIENTED_EDGE('',*,*,#441,.T.);
#561 = ORIENTED_EDGE('',*,*,#562,.T.);
#562 = EDGE_CURVE('',#386,#563,#565,.T.);
#563 = VERTEX_POINT('',#564);
#564 = CARTESIAN_POINT('',(-37.69313861845,10.480451114501,5.));
#565 = B_SPLINE_CURVE_WITH_KNOTS('',3,(#566,#567,#568,#569,#570,#571,
    #572,#573,#574,#575,#576,#577,#578,#579,#580,#581,#582,#583,#584,
    #585,#586,#587,#588,#589,#590,#591,#592,#593,#594,#595,#596,#597,
    #598,#599,#600,#601,#602,#603,#604,#605,#606,#607,#608,#609,#610,
    #611,#612,#613,#614,#615,#616),.UNSPECIFIED.,.F.,.F.,(4,1,1,1,1,1,1,
    1,1,1,1,1,1,1,1,1,1,1,1,1,1,1,1,1,1,1,1,1,1,1,1,1,1,1,1,1,1,1,1,1,1,
    1,1,1,1,1,1,1,4),(0.,0.473206125628,0.943992429652,1.409973954886,
    1.868836789104,2.318377024136,2.756544271089,3.181492042951,
    3.591638155345,3.958628390048,4.336720798561,4.697643825895,
    5.041884944182,5.37090160957,5.687455278175,5.996091997334,
    6.303841257426,6.621230764788,6.963721635172,7.353570058326,
    7.821640417824,8.407110090534,9.197325542283,10.107526890421,
    11.137050913086,12.166574935752,13.07677628389,13.866991735638,
    14.452461408348,14.920531767847,15.310380191,15.652871061385,
    15.970260568747,16.278009828838,16.586646547997,16.903200216603,
    17.23221688199,17.576458000278,17.937381027612,18.315473436125,
    18.682463670827,19.092609783221,19.517557555084,19.955724802036,
    20.405265037068,20.864127871286,21.330109396521,21.800895700545,
    22.274101826172),.UNSPECIFIED.);
#566 = CARTESIAN_POINT('',(-26.36081930276,28.113884165978,5.));
#567 = CARTESIAN_POINT('',(-26.48004656416,28.010575836996,5.));
#568 = CARTESIAN_POINT('',(-26.71160224467,27.797218907302,5.));
#569 = CARTESIAN_POINT('',(-27.03736776604,27.458050404432,5.));
#570 = CARTESIAN_POINT('',(-27.33892403107,27.103412862225,5.));
#571 = CARTESIAN_POINT('',(-27.6139015863,26.736701435309,5.));
#572 = CARTESIAN_POINT('',(-27.86255612976,26.362553070747,5.));
#573 = CARTESIAN_POINT('',(-28.07839512954,25.98183276396,5.));
#574 = CARTESIAN_POINT('',(-28.28190103803,25.60906955295,5.));
#575 = CARTESIAN_POINT('',(-28.39788295413,25.218583773821,5.));
#576 = CARTESIAN_POINT('',(-28.67787775235,24.933480198596,5.));
#577 = CARTESIAN_POINT('',(-28.74802084325,24.560935469028,5.));
#578 = CARTESIAN_POINT('',(-28.84636464471,24.215840984719,5.));
#579 = CARTESIAN_POINT('',(-28.91153991656,23.876392369822,5.));
#580 = CARTESIAN_POINT('',(-28.96172746179,23.550410557067,5.));
#581 = CARTESIAN_POINT('',(-28.99585581316,23.234026338066,5.));
#582 = CARTESIAN_POINT('',(-29.01772263432,22.923772424924,5.));
#583 = CARTESIAN_POINT('',(-29.02982871095,22.612705186823,5.));
#584 = CARTESIAN_POINT('',(-29.03516196793,22.290198784294,5.));
#585 = CARTESIAN_POINT('',(-29.03679836367,21.940265434098,5.));
#586 = CARTESIAN_POINT('',(-29.04188216344,21.540276847406,5.));
#587 = CARTESIAN_POINT('',(-29.05407656875,21.058673912027,5.));
#588 = CARTESIAN_POINT('',(-29.13826946436,20.449797938334,5.));
#589 = CARTESIAN_POINT('',(-29.12340462229,19.679077942073,5.));
#590 = CARTESIAN_POINT('',(-29.45644293841,18.817261879058,5.));
#591 = CARTESIAN_POINT('',(-29.89782214092,17.928841637955,5.));
#592 = CARTESIAN_POINT('',(-30.5226020704,17.158285887258,5.));
#593 = CARTESIAN_POINT('',(-31.16818841901,16.497332248216,5.));
#594 = CARTESIAN_POINT('',(-31.87543506563,16.1906851269,5.));
#595 = CARTESIAN_POINT('',(-32.39431313968,15.861164354745,5.));
#596 = CARTESIAN_POINT('',(-32.82732883971,15.650006843842,5.));
#597 = CARTESIAN_POINT('',(-33.1890593692,15.479221192976,5.));
#598 = CARTESIAN_POINT('',(-33.50669015742,15.332365107832,5.));
#599 = CARTESIAN_POINT('',(-33.79783678485,15.193539805242,5.));
#600 = CARTESIAN_POINT('',(-34.07576445135,15.053305729844,5.));
#601 = CARTESIAN_POINT('',(-34.34889753163,14.904530836318,5.));
#602 = CARTESIAN_POINT('',(-34.62251331053,14.74205584151,5.));
#603 = CARTESIAN_POINT('',(-34.89818813757,14.560985905622,5.));
#604 = CARTESIAN_POINT('',(-35.17988667205,14.360688342268,5.));
#605 = CARTESIAN_POINT('',(-35.45294216484,14.127874244233,5.));
#606 = CARTESIAN_POINT('',(-35.76268227754,13.909309170819,5.));
#607 = CARTESIAN_POINT('',(-35.90570756881,13.536180638414,5.));
#608 = CARTESIAN_POINT('',(-36.21272529805,13.268466121633,5.));
#609 = CARTESIAN_POINT('',(-36.46726323185,12.928499201881,5.));
#610 = CARTESIAN_POINT('',(-36.72391584329,12.574008210641,5.));
#611 = CARTESIAN_POINT('',(-36.9609583363,12.192397234384,5.));
#612 = CARTESIAN_POINT('',(-37.1803009786,11.789931419965,5.));
#613 = CARTESIAN_POINT('',(-37.37761963399,11.368304433693,5.));
#614 = CARTESIAN_POINT('',(-37.55081026772,10.931082004441,5.));
#615 = CARTESIAN_POINT('',(-37.64869485137,10.631819877018,5.));
#616 = CARTESIAN_POINT('',(-37.69313861845,10.480451114501,5.));
#617 = ORIENTED_EDGE('',*,*,#618,.F.);
#618 = EDGE_CURVE('',#619,#563,#621,.T.);
#619 = VERTEX_POINT('',#620);
#620 = CARTESIAN_POINT('',(-37.69313861845,10.480451114501,0.));
#621 = LINE('',#622,#623);
#622 = CARTESIAN_POINT('',(-37.69313861845,10.480451114501,0.));
#623 = VECTOR('',#624,1.);
#624 = DIRECTION('',(0.,0.,1.));
#625 = ORIENTED_EDGE('',*,*,#626,.F.);
#626 = EDGE_CURVE('',#442,#619,#627,.T.);
#627 = B_SPLINE_CURVE_WITH_KNOTS('',3,(#628,#629,#630,#631,#632,#633,
    #634,#635,#636,#637,#638,#639,#640,#641,#642,#643,#644,#645,#646,
    #647,#648,#649,#650,#651,#652,#653,#654,#655,#656,#657,#658,#659,
    #660,#661,#662,#663,#664,#665,#666,#667,#668,#669,#670,#671,#672,
    #673,#674,#675,#676,#677,#678),.UNSPECIFIED.,.F.,.F.,(4,1,1,1,1,1,1,
    1,1,1,1,1,1,1,1,1,1,1,1,1,1,1,1,1,1,1,1,1,1,1,1,1,1,1,1,1,1,1,1,1,1,
    1,1,1,1,1,1,1,4),(0.,0.473206125628,0.943992429652,1.409973954886,
    1.868836789104,2.318377024136,2.756544271089,3.181492042951,
    3.591638155345,3.958628390048,4.336720798561,4.697643825895,
    5.041884944182,5.37090160957,5.687455278175,5.996091997334,
    6.303841257426,6.621230764788,6.963721635172,7.353570058326,
    7.821640417824,8.407110090534,9.197325542283,10.107526890421,
    11.137050913086,12.166574935752,13.07677628389,13.866991735638,
    14.452461408348,14.920531767847,15.310380191,15.652871061385,
    15.970260568747,16.278009828838,16.586646547997,16.903200216603,
    17.23221688199,17.576458000278,17.937381027612,18.315473436125,
    18.682463670827,19.092609783221,19.517557555084,19.955724802036,
    20.405265037068,20.864127871286,21.330109396521,21.800895700545,
    22.274101826172),.UNSPECIFIED.);
#628 = CARTESIAN_POINT('',(-26.36081930276,28.113884165978,0.));
#629 = CARTESIAN_POINT('',(-26.48004656416,28.010575836996,0.));
#630 = CARTESIAN_POINT('',(-26.71160224467,27.797218907302,0.));
#631 = CARTESIAN_POINT('',(-27.03736776604,27.458050404432,0.));
#632 = CARTESIAN_POINT('',(-27.33892403107,27.103412862225,0.));
#633 = CARTESIAN_POINT('',(-27.6139015863,26.736701435309,0.));
#634 = CARTESIAN_POINT('',(-27.86255612976,26.362553070747,0.));
#635 = CARTESIAN_POINT('',(-28.07839512954,25.98183276396,0.));
#636 = CARTESIAN_POINT('',(-28.28190103803,25.60906955295,0.));
#637 = CARTESIAN_POINT('',(-28.39788295413,25.218583773821,0.));
#638 = CARTESIAN_POINT('',(-28.67787775235,24.933480198596,0.));
#639 = CARTESIAN_POINT('',(-28.74802084325,24.560935469028,0.));
#640 = CARTESIAN_POINT('',(-28.84636464471,24.215840984719,0.));
#641 = CARTESIAN_POINT('',(-28.91153991656,23.876392369822,0.));
#642 = CARTESIAN_POINT('',(-28.96172746179,23.550410557067,0.));
#643 = CARTESIAN_POINT('',(-28.99585581316,23.234026338066,0.));
#644 = CARTESIAN_POINT('',(-29.01772263432,22.923772424924,0.));
#645 = CARTESIAN_POINT('',(-29.02982871095,22.612705186823,0.));
#646 = CARTESIAN_POINT('',(-29.03516196793,22.290198784294,0.));
#647 = CARTESIAN_POINT('',(-29.03679836367,21.940265434098,0.));
#648 = CARTESIAN_POINT('',(-29.04188216344,21.540276847406,0.));
#649 = CARTESIAN_POINT('',(-29.05407656875,21.058673912027,0.));
#650 = CARTESIAN_POINT('',(-29.13826946436,20.449797938334,0.));
#651 = CARTESIAN_POINT('',(-29.12340462229,19.679077942073,0.));
#652 = CARTESIAN_POINT('',(-29.45644293841,18.817261879058,0.));
#653 = CARTESIAN_POINT('',(-29.89782214092,17.928841637955,0.));
#654 = CARTESIAN_POINT('',(-30.5226020704,17.158285887258,0.));
#655 = CARTESIAN_POINT('',(-31.16818841901,16.497332248216,0.));
#656 = CARTESIAN_POINT('',(-31.87543506563,16.1906851269,0.));
#657 = CARTESIAN_POINT('',(-32.39431313968,15.861164354745,0.));
#658 = CARTESIAN_POINT('',(-32.82732883971,15.650006843842,0.));
#659 = CARTESIAN_POINT('',(-33.1890593692,15.479221192976,0.));
#660 = CARTESIAN_POINT('',(-33.50669015742,15.332365107832,0.));
#661 = CARTESIAN_POINT('',(-33.79783678485,15.193539805242,0.));
#662 = CARTESIAN_POINT('',(-34.07576445135,15.053305729844,0.));
#663 = CARTESIAN_POINT('',(-34.34889753163,14.904530836318,0.));
#664 = CARTESIAN_POINT('',(-34.62251331053,14.74205584151,0.));
#665 = CARTESIAN_POINT('',(-34.89818813757,14.560985905622,0.));
#666 = CARTESIAN_POINT('',(-35.17988667205,14.360688342268,0.));
#667 = CARTESIAN_POINT('',(-35.45294216484,14.127874244233,0.));
#668 = CARTESIAN_POINT('',(-35.76268227754,13.909309170819,0.));
#669 = CARTESIAN_POINT('',(-35.90570756881,13.536180638414,0.));
#670 = CARTESIAN_POINT('',(-36.21272529805,13.268466121633,0.));
#671 = CARTESIAN_POINT('',(-36.46726323185,12.928499201881,0.));
#672 = CARTESIAN_POINT('',(-36.72391584329,12.574008210641,0.));
#673 = CARTESIAN_POINT('',(-36.9609583363,12.192397234384,0.));
#674 = CARTESIAN_POINT('',(-37.1803009786,11.789931419965,0.));
#675 = CARTESIAN_POINT('',(-37.37761963399,11.368304433693,0.));
#676 = CARTESIAN_POINT('',(-37.55081026772,10.931082004441,0.));
#677 = CARTESIAN_POINT('',(-37.64869485137,10.631819877018,0.));
#678 = CARTESIAN_POINT('',(-37.69313861845,10.480451114501,0.));
#679 = SURFACE_OF_LINEAR_EXTRUSION('',#680,#732);
#680 = B_SPLINE_CURVE_WITH_KNOTS('',3,(#681,#682,#683,#684,#685,#686,
    #687,#688,#689,#690,#691,#692,#693,#694,#695,#696,#697,#698,#699,
    #700,#701,#702,#703,#704,#705,#706,#707,#708,#709,#710,#711,#712,
    #713,#714,#715,#716,#717,#718,#719,#720,#721,#722,#723,#724,#725,
    #726,#727,#728,#729,#730,#731),.UNSPECIFIED.,.F.,.F.,(4,1,1,1,1,1,1,
    1,1,1,1,1,1,1,1,1,1,1,1,1,1,1,1,1,1,1,1,1,1,1,1,1,1,1,1,1,1,1,1,1,1,
    1,1,1,1,1,1,1,4),(0.,0.473206125628,0.943992429652,1.409973954886,
    1.868836789104,2.318377024136,2.756544271089,3.181492042951,
    3.591638155345,3.958628390048,4.336720798561,4.697643825895,
    5.041884944182,5.37090160957,5.687455278175,5.996091997334,
    6.303841257426,6.621230764788,6.963721635172,7.353570058326,
    7.821640417824,8.407110090534,9.197325542283,10.107526890421,
    11.137050913086,12.166574935752,13.07677628389,13.866991735638,
    14.452461408348,14.920531767847,15.310380191,15.652871061385,
    15.970260568747,16.278009828838,16.586646547997,16.903200216603,
    17.23221688199,17.576458000278,17.937381027612,18.315473436125,
    18.682463670827,19.092609783221,19.517557555084,19.955724802036,
    20.405265037068,20.864127871286,21.330109396521,21.800895700545,
    22.274101826172),.UNSPECIFIED.);
#681 = CARTESIAN_POINT('',(-26.36081930276,28.113884165978,0.));
#682 = CARTESIAN_POINT('',(-26.48004656416,28.010575836996,0.));
#683 = CARTESIAN_POINT('',(-26.71160224467,27.797218907302,0.));
#684 = CARTESIAN_POINT('',(-27.03736776604,27.458050404432,0.));
#685 = CARTESIAN_POINT('',(-27.33892403107,27.103412862225,0.));
#686 = CARTESIAN_POINT('',(-27.6139015863,26.736701435309,0.));
#687 = CARTESIAN_POINT('',(-27.86255612976,26.362553070747,0.));
#688 = CARTESIAN_POINT('',(-28.07839512954,25.98183276396,0.));
#689 = CARTESIAN_POINT('',(-28.28190103803,25.60906955295,0.));
#690 = CARTESIAN_POINT('',(-28.39788295413,25.218583773821,0.));
#691 = CARTESIAN_POINT('',(-28.67787775235,24.933480198596,0.));
#692 = CARTESIAN_POINT('',(-28.74802084325,24.560935469028,0.));
#693 = CARTESIAN_POINT('',(-28.84636464471,24.215840984719,0.));
#694 = CARTESIAN_POINT('',(-28.91153991656,23.876392369822,0.));
#695 = CARTESIAN_POINT('',(-28.96172746179,23.550410557067,0.));
#696 = CARTESIAN_POINT('',(-28.99585581316,23.234026338066,0.));
#697 = CARTESIAN_POINT('',(-29.01772263432,22.923772424924,0.));
#698 = CARTESIAN_POINT('',(-29.02982871095,22.612705186823,0.));
#699 = CARTESIAN_POINT('',(-29.03516196793,22.290198784294,0.));
#700 = CARTESIAN_POINT('',(-29.03679836367,21.940265434098,0.));
#701 = CARTESIAN_POINT('',(-29.04188216344,21.540276847406,0.));
#702 = CARTESIAN_POINT('',(-29.05407656875,21.058673912027,0.));
#703 = CARTESIAN_POINT('',(-29.13826946436,20.449797938334,0.));
#704 = CARTESIAN_POINT('',(-29.12340462229,19.679077942073,0.));
#705 = CARTESIAN_POINT('',(-29.45644293841,18.817261879058,0.));
#706 = CARTESIAN_POINT('',(-29.89782214092,17.928841637955,0.));
#707 = CARTESIAN_POINT('',(-30.5226020704,17.158285887258,0.));
#708 = CARTESIAN_POINT('',(-31.16818841901,16.497332248216,0.));
#709 = CARTESIAN_POINT('',(-31.87543506563,16.1906851269,0.));
#710 = CARTESIAN_POINT('',(-32.39431313968,15.861164354745,0.));
#711 = CARTESIAN_POINT('',(-32.82732883971,15.650006843842,0.));
#712 = CARTESIAN_POINT('',(-33.1890593692,15.479221192976,0.));
#713 = CARTESIAN_POINT('',(-33.50669015742,15.332365107832,0.));
#714 = CARTESIAN_POINT('',(-33.79783678485,15.193539805242,0.));
#715 = CARTESIAN_POINT('',(-34.07576445135,15.053305729844,0.));
#716 = CARTESIAN_POINT('',(-34.34889753163,14.904530836318,0.));
#717 = CARTESIAN_POINT('',(-34.62251331053,14.74205584151,0.));
#718 = CARTESIAN_POINT('',(-34.89818813757,14.560985905622,0.));
#719 = CARTESIAN_POINT('',(-35.17988667205,14.360688342268,0.));
#720 = CARTESIAN_POINT('',(-35.45294216484,14.127874244233,0.));
#721 = CARTESIAN_POINT('',(-35.76268227754,13.909309170819,0.));
#722 = CARTESIAN_POINT('',(-35.90570756881,13.536180638414,0.));
#723 = CARTESIAN_POINT('',(-36.21272529805,13.268466121633,0.));
#724 = CARTESIAN_POINT('',(-36.46726323185,12.928499201881,0.));
#725 = CARTESIAN_POINT('',(-36.72391584329,12.574008210641,0.));
#726 = CARTESIAN_POINT('',(-36.9609583363,12.192397234384,0.));
#727 = CARTESIAN_POINT('',(-37.1803009786,11.789931419965,0.));
#728 = CARTESIAN_POINT('',(-37.37761963399,11.368304433693,0.));
#729 = CARTESIAN_POINT('',(-37.55081026772,10.931082004441,0.));
#730 = CARTESIAN_POINT('',(-37.64869485137,10.631819877018,0.));
#731 = CARTESIAN_POINT('',(-37.69313861845,10.480451114501,0.));
#732 = VECTOR('',#733,1.);
#733 = DIRECTION('',(-0.,-0.,-1.));
#734 = ADVANCED_FACE('',(#735),#856,.F.);
#735 = FACE_BOUND('',#736,.F.);
#736 = EDGE_LOOP('',(#737,#738,#794,#802));
#737 = ORIENTED_EDGE('',*,*,#618,.T.);
#738 = ORIENTED_EDGE('',*,*,#739,.T.);
#739 = EDGE_CURVE('',#563,#740,#742,.T.);
#740 = VERTEX_POINT('',#741);
#741 = CARTESIAN_POINT('',(-37.69313861845,-10.4804511145,5.));
#742 = B_SPLINE_CURVE_WITH_KNOTS('',3,(#743,#744,#745,#746,#747,#748,
    #749,#750,#751,#752,#753,#754,#755,#756,#757,#758,#759,#760,#761,
    #762,#763,#764,#765,#766,#767,#768,#769,#770,#771,#772,#773,#774,
    #775,#776,#777,#778,#779,#780,#781,#782,#783,#784,#785,#786,#787,
    #788,#789,#790,#791,#792,#793),.UNSPECIFIED.,.F.,.F.,(4,1,1,1,1,1,1,
    1,1,1,1,1,1,1,1,1,1,1,1,1,1,1,1,1,1,1,1,1,1,1,1,1,1,1,1,1,1,1,1,1,1,
    1,1,1,1,1,1,1,4),(0.,0.473206125628,0.943992429652,1.409973954886,
    1.868836789104,2.318377024136,2.756544271089,3.181492042951,
    3.591638155345,3.958628390048,4.336720798561,4.697643825895,
    5.041884944182,5.37090160957,5.687455278175,5.996091997334,
    6.303841257426,6.621230764788,6.963721635172,7.353570058326,
    7.821640417824,8.407110090534,9.197325542283,10.107526890421,
    11.137050913086,12.166574935752,13.07677628389,13.866991735638,
    14.452461408348,14.920531767847,15.310380191,15.652871061385,
    15.970260568747,16.278009828838,16.586646547997,16.903200216603,
    17.23221688199,17.576458000278,17.937381027612,18.315473436125,
    18.682463670827,19.092609783221,19.517557555084,19.955724802036,
    20.405265037068,20.864127871286,21.330109396521,21.800895700545,
    22.274101826172),.UNSPECIFIED.);
#743 = CARTESIAN_POINT('',(-37.69313861845,10.480451114501,5.));
#744 = CARTESIAN_POINT('',(-37.73758627389,10.329083493707,5.));
#745 = CARTESIAN_POINT('',(-37.81703384329,10.024407770449,5.));
#746 = CARTESIAN_POINT('',(-37.90771690237,9.562958931412,5.));
#747 = CARTESIAN_POINT('',(-37.96967064495,9.101585220525,5.));
#748 = CARTESIAN_POINT('',(-38.00273731911,8.644423846861,5.));
#749 = CARTESIAN_POINT('',(-38.00963895459,8.195237417727,5.));
#750 = CARTESIAN_POINT('',(-37.9853813378,7.758263741341,5.));
#751 = CARTESIAN_POINT('',(-37.95505039515,7.334651772448,5.));
#752 = CARTESIAN_POINT('',(-37.84150804098,6.943449673305,5.));
#753 = CARTESIAN_POINT('',(-37.92291602419,6.55222866683,5.));
#754 = CARTESIAN_POINT('',(-37.78051126008,6.20090187894,5.));
#755 = CARTESIAN_POINT('',(-37.67667116639,5.857421251643,5.));
#756 = CARTESIAN_POINT('',(-37.54798031745,5.536622492894,5.));
#757 = CARTESIAN_POINT('',(-37.41396169345,5.2352557058,5.));
#758 = CARTESIAN_POINT('',(-37.27162206682,4.950645184048,5.));
#759 = CARTESIAN_POINT('',(-37.12228167815,4.677820887475,5.));
#760 = CARTESIAN_POINT('',(-36.96429031199,4.409589435312,5.));
#761 = CARTESIAN_POINT('',(-36.79441680817,4.135396408409,5.));
#762 = CARTESIAN_POINT('',(-36.60660517936,3.84012903897,5.));
#763 = CARTESIAN_POINT('',(-36.3946317874,3.500888717662,5.));
#764 = CARTESIAN_POINT('',(-36.14451616928,3.089145753593,5.));
#765 = CARTESIAN_POINT('',(-35.886160536,2.531408573763,5.));
#766 = CARTESIAN_POINT('',(-35.45697274629,1.891074194452,5.));
#767 = CARTESIAN_POINT('',(-35.27120946548,0.98601427932,5.));
#768 = CARTESIAN_POINT('',(-35.16220503352,2.6645352591E-15,5.));
#769 = CARTESIAN_POINT('',(-35.27120946548,-0.98601427932,5.));
#770 = CARTESIAN_POINT('',(-35.45697274629,-1.891074194452,5.));
#771 = CARTESIAN_POINT('',(-35.886160536,-2.531408573763,5.));
#772 = CARTESIAN_POINT('',(-36.14451616928,-3.089145753593,5.));
#773 = CARTESIAN_POINT('',(-36.3946317874,-3.500888717662,5.));
#774 = CARTESIAN_POINT('',(-36.60660517936,-3.84012903897,5.));
#775 = CARTESIAN_POINT('',(-36.79441680817,-4.135396408409,5.));
#776 = CARTESIAN_POINT('',(-36.96429031199,-4.409589435312,5.));
#777 = CARTESIAN_POINT('',(-37.12228167815,-4.677820887475,5.));
#778 = CARTESIAN_POINT('',(-37.27162206682,-4.950645184048,5.));
#779 = CARTESIAN_POINT('',(-37.41396169345,-5.2352557058,5.));
#780 = CARTESIAN_POINT('',(-37.54798031745,-5.536622492894,5.));
#781 = CARTESIAN_POINT('',(-37.67667116639,-5.857421251643,5.));
#782 = CARTESIAN_POINT('',(-37.78051126008,-6.20090187894,5.));
#783 = CARTESIAN_POINT('',(-37.92291602419,-6.55222866683,5.));
#784 = CARTESIAN_POINT('',(-37.84150804098,-6.943449673305,5.));
#785 = CARTESIAN_POINT('',(-37.95505039515,-7.334651772448,5.));
#786 = CARTESIAN_POINT('',(-37.9853813378,-7.758263741341,5.));
#787 = CARTESIAN_POINT('',(-38.00963895459,-8.195237417727,5.));
#788 = CARTESIAN_POINT('',(-38.00273731911,-8.644423846861,5.));
#789 = CARTESIAN_POINT('',(-37.96967064495,-9.101585220524,5.));
#790 = CARTESIAN_POINT('',(-37.90771690237,-9.562958931412,5.));
#791 = CARTESIAN_POINT('',(-37.81703384329,-10.02440777044,5.));
#792 = CARTESIAN_POINT('',(-37.73758627389,-10.3290834937,5.));
#793 = CARTESIAN_POINT('',(-37.69313861845,-10.4804511145,5.));
#794 = ORIENTED_EDGE('',*,*,#795,.F.);
#795 = EDGE_CURVE('',#796,#740,#798,.T.);
#796 = VERTEX_POINT('',#797);
#797 = CARTESIAN_POINT('',(-37.69313861845,-10.4804511145,0.));
#798 = LINE('',#799,#800);
#799 = CARTESIAN_POINT('',(-37.69313861845,-10.4804511145,0.));
#800 = VECTOR('',#801,1.);
#801 = DIRECTION('',(0.,0.,1.));
#802 = ORIENTED_EDGE('',*,*,#803,.F.);
#803 = EDGE_CURVE('',#619,#796,#804,.T.);
#804 = B_SPLINE_CURVE_WITH_KNOTS('',3,(#805,#806,#807,#808,#809,#810,
    #811,#812,#813,#814,#815,#816,#817,#818,#819,#820,#821,#822,#823,
    #824,#825,#826,#827,#828,#829,#830,#831,#832,#833,#834,#835,#836,
    #837,#838,#839,#840,#841,#842,#843,#844,#845,#846,#847,#848,#849,
    #850,#851,#852,#853,#854,#855),.UNSPECIFIED.,.F.,.F.,(4,1,1,1,1,1,1,
    1,1,1,1,1,1,1,1,1,1,1,1,1,1,1,1,1,1,1,1,1,1,1,1,1,1,1,1,1,1,1,1,1,1,
    1,1,1,1,1,1,1,4),(0.,0.473206125628,0.943992429652,1.409973954886,
    1.868836789104,2.318377024136,2.756544271089,3.181492042951,
    3.591638155345,3.958628390048,4.336720798561,4.697643825895,
    5.041884944182,5.37090160957,5.687455278175,5.996091997334,
    6.303841257426,6.621230764788,6.963721635172,7.353570058326,
    7.821640417824,8.407110090534,9.197325542283,10.107526890421,
    11.137050913086,12.166574935752,13.07677628389,13.866991735638,
    14.452461408348,14.920531767847,15.310380191,15.652871061385,
    15.970260568747,16.278009828838,16.586646547997,16.903200216603,
    17.23221688199,17.576458000278,17.937381027612,18.315473436125,
    18.682463670827,19.092609783221,19.517557555084,19.955724802036,
    20.405265037068,20.864127871286,21.330109396521,21.800895700545,
    22.274101826172),.UNSPECIFIED.);
#805 = CARTESIAN_POINT('',(-37.69313861845,10.480451114501,0.));
#806 = CARTESIAN_POINT('',(-37.73758627389,10.329083493707,0.));
#807 = CARTESIAN_POINT('',(-37.81703384329,10.024407770449,0.));
#808 = CARTESIAN_POINT('',(-37.90771690237,9.562958931412,0.));
#809 = CARTESIAN_POINT('',(-37.96967064495,9.101585220525,0.));
#810 = CARTESIAN_POINT('',(-38.00273731911,8.644423846861,0.));
#811 = CARTESIAN_POINT('',(-38.00963895459,8.195237417727,0.));
#812 = CARTESIAN_POINT('',(-37.9853813378,7.758263741341,0.));
#813 = CARTESIAN_POINT('',(-37.95505039515,7.334651772448,0.));
#814 = CARTESIAN_POINT('',(-37.84150804098,6.943449673305,0.));
#815 = CARTESIAN_POINT('',(-37.92291602419,6.55222866683,0.));
#816 = CARTESIAN_POINT('',(-37.78051126008,6.20090187894,0.));
#817 = CARTESIAN_POINT('',(-37.67667116639,5.857421251643,0.));
#818 = CARTESIAN_POINT('',(-37.54798031745,5.536622492894,0.));
#819 = CARTESIAN_POINT('',(-37.41396169345,5.2352557058,0.));
#820 = CARTESIAN_POINT('',(-37.27162206682,4.950645184048,0.));
#821 = CARTESIAN_POINT('',(-37.12228167815,4.677820887475,0.));
#822 = CARTESIAN_POINT('',(-36.96429031199,4.409589435312,0.));
#823 = CARTESIAN_POINT('',(-36.79441680817,4.135396408409,0.));
#824 = CARTESIAN_POINT('',(-36.60660517936,3.84012903897,0.));
#825 = CARTESIAN_POINT('',(-36.3946317874,3.500888717662,0.));
#826 = CARTESIAN_POINT('',(-36.14451616928,3.089145753593,0.));
#827 = CARTESIAN_POINT('',(-35.886160536,2.531408573763,0.));
#828 = CARTESIAN_POINT('',(-35.45697274629,1.891074194452,0.));
#829 = CARTESIAN_POINT('',(-35.27120946548,0.98601427932,0.));
#830 = CARTESIAN_POINT('',(-35.16220503352,2.6645352591E-15,0.));
#831 = CARTESIAN_POINT('',(-35.27120946548,-0.98601427932,0.));
#832 = CARTESIAN_POINT('',(-35.45697274629,-1.891074194452,0.));
#833 = CARTESIAN_POINT('',(-35.886160536,-2.531408573763,0.));
#834 = CARTESIAN_POINT('',(-36.14451616928,-3.089145753593,0.));
#835 = CARTESIAN_POINT('',(-36.3946317874,-3.500888717662,0.));
#836 = CARTESIAN_POINT('',(-36.60660517936,-3.84012903897,0.));
#837 = CARTESIAN_POINT('',(-36.79441680817,-4.135396408409,0.));
#838 = CARTESIAN_POINT('',(-36.96429031199,-4.409589435312,0.));
#839 = CARTESIAN_POINT('',(-37.12228167815,-4.677820887475,0.));
#840 = CARTESIAN_POINT('',(-37.27162206682,-4.950645184048,0.));
#841 = CARTESIAN_POINT('',(-37.41396169345,-5.2352557058,0.));
#842 = CARTESIAN_POINT('',(-37.54798031745,-5.536622492894,0.));
#843 = CARTESIAN_POINT('',(-37.67667116639,-5.857421251643,0.));
#844 = CARTESIAN_POINT('',(-37.78051126008,-6.20090187894,0.));
#845 = CARTESIAN_POINT('',(-37.92291602419,-6.55222866683,0.));
#846 = CARTESIAN_POINT('',(-37.84150804098,-6.943449673305,0.));
#847 = CARTESIAN_POINT('',(-37.95505039515,-7.334651772448,0.));
#848 = CARTESIAN_POINT('',(-37.9853813378,-7.758263741341,0.));
#849 = CARTESIAN_POINT('',(-38.00963895459,-8.195237417727,0.));
#850 = CARTESIAN_POINT('',(-38.00273731911,-8.644423846861,0.));
#851 = CARTESIAN_POINT('',(-37.96967064495,-9.101585220524,0.));
#852 = CARTESIAN_POINT('',(-37.90771690237,-9.562958931412,0.));
#853 = CARTESIAN_POINT('',(-37.81703384329,-10.02440777044,0.));
#854 = CARTESIAN_POINT('',(-37.73758627389,-10.3290834937,0.));
#855 = CARTESIAN_POINT('',(-37.69313861845,-10.4804511145,0.));
#856 = SURFACE_OF_LINEAR_EXTRUSION('',#857,#909);
#857 = B_SPLINE_CURVE_WITH_KNOTS('',3,(#858,#859,#860,#861,#862,#863,
    #864,#865,#866,#867,#868,#869,#870,#871,#872,#873,#874,#875,#876,
    #877,#878,#879,#880,#881,#882,#883,#884,#885,#886,#887,#888,#889,
    #890,#891,#892,#893,#894,#895,#896,#897,#898,#899,#900,#901,#902,
    #903,#904,#905,#906,#907,#908),.UNSPECIFIED.,.F.,.F.,(4,1,1,1,1,1,1,
    1,1,1,1,1,1,1,1,1,1,1,1,1,1,1,1,1,1,1,1,1,1,1,1,1,1,1,1,1,1,1,1,1,1,
    1,1,1,1,1,1,1,4),(0.,0.473206125628,0.943992429652,1.409973954886,
    1.868836789104,2.318377024136,2.756544271089,3.181492042951,
    3.591638155345,3.958628390048,4.336720798561,4.697643825895,
    5.041884944182,5.37090160957,5.687455278175,5.996091997334,
    6.303841257426,6.621230764788,6.963721635172,7.353570058326,
    7.821640417824,8.407110090534,9.197325542283,10.107526890421,
    11.137050913086,12.166574935752,13.07677628389,13.866991735638,
    14.452461408348,14.920531767847,15.310380191,15.652871061385,
    15.970260568747,16.278009828838,16.586646547997,16.903200216603,
    17.23221688199,17.576458000278,17.937381027612,18.315473436125,
    18.682463670827,19.092609783221,19.517557555084,19.955724802036,
    20.405265037068,20.864127871286,21.330109396521,21.800895700545,
    22.274101826172),.UNSPECIFIED.);
#858 = CARTESIAN_POINT('',(-37.69313861845,10.480451114501,0.));
#859 = CARTESIAN_POINT('',(-37.73758627389,10.329083493707,0.));
#860 = CARTESIAN_POINT('',(-37.81703384329,10.024407770449,0.));
#861 = CARTESIAN_POINT('',(-37.90771690237,9.562958931412,0.));
#862 = CARTESIAN_POINT('',(-37.96967064495,9.101585220525,0.));
#863 = CARTESIAN_POINT('',(-38.00273731911,8.644423846861,0.));
#864 = CARTESIAN_POINT('',(-38.00963895459,8.195237417727,0.));
#865 = CARTESIAN_POINT('',(-37.9853813378,7.758263741341,0.));
#866 = CARTESIAN_POINT('',(-37.95505039515,7.334651772448,0.));
#867 = CARTESIAN_POINT('',(-37.84150804098,6.943449673305,0.));
#868 = CARTESIAN_POINT('',(-37.92291602419,6.55222866683,0.));
#869 = CARTESIAN_POINT('',(-37.78051126008,6.20090187894,0.));
#870 = CARTESIAN_POINT('',(-37.67667116639,5.857421251643,0.));
#871 = CARTESIAN_POINT('',(-37.54798031745,5.536622492894,0.));
#872 = CARTESIAN_POINT('',(-37.41396169345,5.2352557058,0.));
#873 = CARTESIAN_POINT('',(-37.27162206682,4.950645184048,0.));
#874 = CARTESIAN_POINT('',(-37.12228167815,4.677820887475,0.));
#875 = CARTESIAN_POINT('',(-36.96429031199,4.409589435312,0.));
#876 = CARTESIAN_POINT('',(-36.79441680817,4.135396408409,0.));
#877 = CARTESIAN_POINT('',(-36.60660517936,3.84012903897,0.));
#878 = CARTESIAN_POINT('',(-36.3946317874,3.500888717662,0.));
#879 = CARTESIAN_POINT('',(-36.14451616928,3.089145753593,0.));
#880 = CARTESIAN_POINT('',(-35.886160536,2.531408573763,0.));
#881 = CARTESIAN_POINT('',(-35.45697274629,1.891074194452,0.));
#882 = CARTESIAN_POINT('',(-35.27120946548,0.98601427932,0.));
#883 = CARTESIAN_POINT('',(-35.16220503352,2.6645352591E-15,0.));
#884 = CARTESIAN_POINT('',(-35.27120946548,-0.98601427932,0.));
#885 = CARTESIAN_POINT('',(-35.45697274629,-1.891074194452,0.));
#886 = CARTESIAN_POINT('',(-35.886160536,-2.531408573763,0.));
#887 = CARTESIAN_POINT('',(-36.14451616928,-3.089145753593,0.));
#888 = CARTESIAN_POINT('',(-36.3946317874,-3.500888717662,0.));
#889 = CARTESIAN_POINT('',(-36.60660517936,-3.84012903897,0.));
#890 = CARTESIAN_POINT('',(-36.79441680817,-4.135396408409,0.));
#891 = CARTESIAN_POINT('',(-36.96429031199,-4.409589435312,0.));
#892 = CARTESIAN_POINT('',(-37.12228167815,-4.677820887475,0.));
#893 = CARTESIAN_POINT('',(-37.27162206682,-4.950645184048,0.));
#894 = CARTESIAN_POINT('',(-37.41396169345,-5.2352557058,0.));
#895 = CARTESIAN_POINT('',(-37.54798031745,-5.536622492894,0.));
#896 = CARTESIAN_POINT('',(-37.67667116639,-5.857421251643,0.));
#897 = CARTESIAN_POINT('',(-37.78051126008,-6.20090187894,0.));
#898 = CARTESIAN_POINT('',(-37.92291602419,-6.55222866683,0.));
#899 = CARTESIAN_POINT('',(-37.84150804098,-6.943449673305,0.));
#900 = CARTESIAN_POINT('',(-37.95505039515,-7.334651772448,0.));
#901 = CARTESIAN_POINT('',(-37.9853813378,-7.758263741341,0.));
#902 = CARTESIAN_POINT('',(-38.00963895459,-8.195237417727,0.));
#903 = CARTESIAN_POINT('',(-38.00273731911,-8.644423846861,0.));
#904 = CARTESIAN_POINT('',(-37.96967064495,-9.101585220524,0.));
#905 = CARTESIAN_POINT('',(-37.90771690237,-9.562958931412,0.));
#906 = CARTESIAN_POINT('',(-37.81703384329,-10.02440777044,0.));
#907 = CARTESIAN_POINT('',(-37.73758627389,-10.3290834937,0.));
#908 = CARTESIAN_POINT('',(-37.69313861845,-10.4804511145,0.));
#909 = VECTOR('',#910,1.);
#910 = DIRECTION('',(-0.,-0.,-1.));
#911 = ADVANCED_FACE('',(#912),#1033,.F.);
#912 = FACE_BOUND('',#913,.F.);
#913 = EDGE_LOOP('',(#914,#915,#971,#979));
#914 = ORIENTED_EDGE('',*,*,#795,.T.);
#915 = ORIENTED_EDGE('',*,*,#916,.T.);
#916 = EDGE_CURVE('',#740,#917,#919,.T.);
#917 = VERTEX_POINT('',#918);
#918 = CARTESIAN_POINT('',(-26.36081930276,-28.11388416597,5.));
#919 = B_SPLINE_CURVE_WITH_KNOTS('',3,(#920,#921,#922,#923,#924,#925,
    #926,#927,#928,#929,#930,#931,#932,#933,#934,#935,#936,#937,#938,
    #939,#940,#941,#942,#943,#944,#945,#946,#947,#948,#949,#950,#951,
    #952,#953,#954,#955,#956,#957,#958,#959,#960,#961,#962,#963,#964,
    #965,#966,#967,#968,#969,#970),.UNSPECIFIED.,.F.,.F.,(4,1,1,1,1,1,1,
    1,1,1,1,1,1,1,1,1,1,1,1,1,1,1,1,1,1,1,1,1,1,1,1,1,1,1,1,1,1,1,1,1,1,
    1,1,1,1,1,1,1,4),(0.,0.473206125628,0.943992429652,1.409973954886,
    1.868836789104,2.318377024136,2.756544271089,3.181492042951,
    3.591638155345,3.958628390048,4.336720798561,4.697643825895,
    5.041884944182,5.37090160957,5.687455278175,5.996091997334,
    6.303841257426,6.621230764788,6.963721635172,7.353570058326,
    7.821640417824,8.407110090534,9.197325542283,10.107526890421,
    11.137050913086,12.166574935752,13.07677628389,13.866991735638,
    14.452461408348,14.920531767847,15.310380191,15.652871061385,
    15.970260568747,16.278009828838,16.586646547997,16.903200216603,
    17.23221688199,17.576458000278,17.937381027612,18.315473436125,
    18.682463670827,19.092609783221,19.517557555084,19.955724802036,
    20.405265037068,20.864127871286,21.330109396521,21.800895700545,
    22.274101826172),.UNSPECIFIED.);
#920 = CARTESIAN_POINT('',(-37.69313861845,-10.4804511145,5.));
#921 = CARTESIAN_POINT('',(-37.64869485137,-10.63181987701,5.));
#922 = CARTESIAN_POINT('',(-37.55081026772,-10.93108200444,5.));
#923 = CARTESIAN_POINT('',(-37.37761963399,-11.36830443369,5.));
#924 = CARTESIAN_POINT('',(-37.1803009786,-11.78993141996,5.));
#925 = CARTESIAN_POINT('',(-36.9609583363,-12.19239723438,5.));
#926 = CARTESIAN_POINT('',(-36.72391584329,-12.57400821064,5.));
#927 = CARTESIAN_POINT('',(-36.46726323185,-12.92849920188,5.));
#928 = CARTESIAN_POINT('',(-36.21272529805,-13.26846612163,5.));
#929 = CARTESIAN_POINT('',(-35.90570756881,-13.53618063841,5.));
#930 = CARTESIAN_POINT('',(-35.76268227754,-13.90930917081,5.));
#931 = CARTESIAN_POINT('',(-35.45294216484,-14.12787424423,5.));
#932 = CARTESIAN_POINT('',(-35.17988667205,-14.36068834226,5.));
#933 = CARTESIAN_POINT('',(-34.89818813757,-14.56098590562,5.));
#934 = CARTESIAN_POINT('',(-34.62251331053,-14.74205584151,5.));
#935 = CARTESIAN_POINT('',(-34.34889753163,-14.90453083631,5.));
#936 = CARTESIAN_POINT('',(-34.07576445135,-15.05330572984,5.));
#937 = CARTESIAN_POINT('',(-33.79783678485,-15.19353980524,5.));
#938 = CARTESIAN_POINT('',(-33.50669015742,-15.33236510783,5.));
#939 = CARTESIAN_POINT('',(-33.1890593692,-15.47922119297,5.));
#940 = CARTESIAN_POINT('',(-32.82732883971,-15.65000684384,5.));
#941 = CARTESIAN_POINT('',(-32.39431313968,-15.86116435474,5.));
#942 = CARTESIAN_POINT('',(-31.87543506563,-16.1906851269,5.));
#943 = CARTESIAN_POINT('',(-31.16818841901,-16.49733224821,5.));
#944 = CARTESIAN_POINT('',(-30.5226020704,-17.15828588725,5.));
#945 = CARTESIAN_POINT('',(-29.89782214092,-17.92884163795,5.));
#946 = CARTESIAN_POINT('',(-29.45644293841,-18.81726187905,5.));
#947 = CARTESIAN_POINT('',(-29.12340462229,-19.67907794207,5.));
#948 = CARTESIAN_POINT('',(-29.13826946436,-20.44979793833,5.));
#949 = CARTESIAN_POINT('',(-29.05407656875,-21.05867391202,5.));
#950 = CARTESIAN_POINT('',(-29.04188216344,-21.5402768474,5.));
#951 = CARTESIAN_POINT('',(-29.03679836367,-21.94026543409,5.));
#952 = CARTESIAN_POINT('',(-29.03516196793,-22.29019878429,5.));
#953 = CARTESIAN_POINT('',(-29.02982871095,-22.61270518682,5.));
#954 = CARTESIAN_POINT('',(-29.01772263432,-22.92377242492,5.));
#955 = CARTESIAN_POINT('',(-28.99585581316,-23.23402633806,5.));
#956 = CARTESIAN_POINT('',(-28.96172746179,-23.55041055706,5.));
#957 = CARTESIAN_POINT('',(-28.91153991656,-23.87639236982,5.));
#958 = CARTESIAN_POINT('',(-28.84636464471,-24.21584098471,5.));
#959 = CARTESIAN_POINT('',(-28.74802084325,-24.56093546902,5.));
#960 = CARTESIAN_POINT('',(-28.67787775235,-24.93348019859,5.));
#961 = CARTESIAN_POINT('',(-28.39788295413,-25.21858377382,5.));
#962 = CARTESIAN_POINT('',(-28.28190103803,-25.60906955295,5.));
#963 = CARTESIAN_POINT('',(-28.07839512954,-25.98183276396,5.));
#964 = CARTESIAN_POINT('',(-27.86255612976,-26.36255307074,5.));
#965 = CARTESIAN_POINT('',(-27.6139015863,-26.7367014353,5.));
#966 = CARTESIAN_POINT('',(-27.33892403107,-27.10341286222,5.));
#967 = CARTESIAN_POINT('',(-27.03736776604,-27.45805040443,5.));
#968 = CARTESIAN_POINT('',(-26.71160224467,-27.7972189073,5.));
#969 = CARTESIAN_POINT('',(-26.48004656416,-28.01057583699,5.));
#970 = CARTESIAN_POINT('',(-26.36081930276,-28.11388416597,5.));
#971 = ORIENTED_EDGE('',*,*,#972,.F.);
#972 = EDGE_CURVE('',#973,#917,#975,.T.);
#973 = VERTEX_POINT('',#974);
#974 = CARTESIAN_POINT('',(-26.36081930276,-28.11388416597,0.));
#975 = LINE('',#976,#977);
#976 = CARTESIAN_POINT('',(-26.36081930276,-28.11388416597,0.));
#977 = VECTOR('',#978,1.);
#978 = DIRECTION('',(0.,0.,1.));
#979 = ORIENTED_EDGE('',*,*,#980,.F.);
#980 = EDGE_CURVE('',#796,#973,#981,.T.);
#981 = B_SPLINE_CURVE_WITH_KNOTS('',3,(#982,#983,#984,#985,#986,#987,
    #988,#989,#990,#991,#992,#993,#994,#995,#996,#997,#998,#999,#1000,
    #1001,#1002,#1003,#1004,#1005,#1006,#1007,#1008,#1009,#1010,#1011,
    #1012,#1013,#1014,#1015,#1016,#1017,#1018,#1019,#1020,#1021,#1022,
    #1023,#1024,#1025,#1026,#1027,#1028,#1029,#1030,#1031,#1032),
  .UNSPECIFIED.,.F.,.F.,(4,1,1,1,1,1,1,1,1,1,1,1,1,1,1,1,1,1,1,1,1,1,1,1
    ,1,1,1,1,1,1,1,1,1,1,1,1,1,1,1,1,1,1,1,1,1,1,1,1,4),(0.,
    0.473206125628,0.943992429652,1.409973954886,1.868836789104,
    2.318377024136,2.756544271089,3.181492042951,3.591638155345,
    3.958628390048,4.336720798561,4.697643825895,5.041884944182,
    5.37090160957,5.687455278175,5.996091997334,6.303841257426,
    6.621230764788,6.963721635172,7.353570058326,7.821640417824,
    8.407110090534,9.197325542283,10.107526890421,11.137050913086,
    12.166574935752,13.07677628389,13.866991735638,14.452461408348,
    14.920531767847,15.310380191,15.652871061385,15.970260568747,
    16.278009828838,16.586646547997,16.903200216603,17.23221688199,
    17.576458000278,17.937381027612,18.315473436125,18.682463670827,
    19.092609783221,19.517557555084,19.955724802036,20.405265037068,
    20.864127871286,21.330109396521,21.800895700545,22.274101826172),
  .UNSPECIFIED.);
#982 = CARTESIAN_POINT('',(-37.69313861845,-10.4804511145,0.));
#983 = CARTESIAN_POINT('',(-37.64869485137,-10.63181987701,0.));
#984 = CARTESIAN_POINT('',(-37.55081026772,-10.93108200444,0.));
#985 = CARTESIAN_POINT('',(-37.37761963399,-11.36830443369,0.));
#986 = CARTESIAN_POINT('',(-37.1803009786,-11.78993141996,0.));
#987 = CARTESIAN_POINT('',(-36.9609583363,-12.19239723438,0.));
#988 = CARTESIAN_POINT('',(-36.72391584329,-12.57400821064,0.));
#989 = CARTESIAN_POINT('',(-36.46726323185,-12.92849920188,0.));
#990 = CARTESIAN_POINT('',(-36.21272529805,-13.26846612163,0.));
#991 = CARTESIAN_POINT('',(-35.90570756881,-13.53618063841,0.));
#992 = CARTESIAN_POINT('',(-35.76268227754,-13.90930917081,0.));
#993 = CARTESIAN_POINT('',(-35.45294216484,-14.12787424423,0.));
#994 = CARTESIAN_POINT('',(-35.17988667205,-14.36068834226,0.));
#995 = CARTESIAN_POINT('',(-34.89818813757,-14.56098590562,0.));
#996 = CARTESIAN_POINT('',(-34.62251331053,-14.74205584151,0.));
#997 = CARTESIAN_POINT('',(-34.34889753163,-14.90453083631,0.));
#998 = CARTESIAN_POINT('',(-34.07576445135,-15.05330572984,0.));
#999 = CARTESIAN_POINT('',(-33.79783678485,-15.19353980524,0.));
#1000 = CARTESIAN_POINT('',(-33.50669015742,-15.33236510783,0.));
#1001 = CARTESIAN_POINT('',(-33.1890593692,-15.47922119297,0.));
#1002 = CARTESIAN_POINT('',(-32.82732883971,-15.65000684384,0.));
#1003 = CARTESIAN_POINT('',(-32.39431313968,-15.86116435474,0.));
#1004 = CARTESIAN_POINT('',(-31.87543506563,-16.1906851269,0.));
#1005 = CARTESIAN_POINT('',(-31.16818841901,-16.49733224821,0.));
#1006 = CARTESIAN_POINT('',(-30.5226020704,-17.15828588725,0.));
#1007 = CARTESIAN_POINT('',(-29.89782214092,-17.92884163795,0.));
#1008 = CARTESIAN_POINT('',(-29.45644293841,-18.81726187905,0.));
#1009 = CARTESIAN_POINT('',(-29.12340462229,-19.67907794207,0.));
#1010 = CARTESIAN_POINT('',(-29.13826946436,-20.44979793833,0.));
#1011 = CARTESIAN_POINT('',(-29.05407656875,-21.05867391202,0.));
#1012 = CARTESIAN_POINT('',(-29.04188216344,-21.5402768474,0.));
#1013 = CARTESIAN_POINT('',(-29.03679836367,-21.94026543409,0.));
#1014 = CARTESIAN_POINT('',(-29.03516196793,-22.29019878429,0.));
#1015 = CARTESIAN_POINT('',(-29.02982871095,-22.61270518682,0.));
#1016 = CARTESIAN_POINT('',(-29.01772263432,-22.92377242492,0.));
#1017 = CARTESIAN_POINT('',(-28.99585581316,-23.23402633806,0.));
#1018 = CARTESIAN_POINT('',(-28.96172746179,-23.55041055706,0.));
#1019 = CARTESIAN_POINT('',(-28.91153991656,-23.87639236982,0.));
#1020 = CARTESIAN_POINT('',(-28.84636464471,-24.21584098471,0.));
#1021 = CARTESIAN_POINT('',(-28.74802084325,-24.56093546902,0.));
#1022 = CARTESIAN_POINT('',(-28.67787775235,-24.93348019859,0.));
#1023 = CARTESIAN_POINT('',(-28.39788295413,-25.21858377382,0.));
#1024 = CARTESIAN_POINT('',(-28.28190103803,-25.60906955295,0.));
#1025 = CARTESIAN_POINT('',(-28.07839512954,-25.98183276396,0.));
#1026 = CARTESIAN_POINT('',(-27.86255612976,-26.36255307074,0.));
#1027 = CARTESIAN_POINT('',(-27.6139015863,-26.7367014353,0.));
#1028 = CARTESIAN_POINT('',(-27.33892403107,-27.10341286222,0.));
#1029 = CARTESIAN_POINT('',(-27.03736776604,-27.45805040443,0.));
#1030 = CARTESIAN_POINT('',(-26.71160224467,-27.7972189073,0.));
#1031 = CARTESIAN_POINT('',(-26.48004656416,-28.01057583699,0.));
#1032 = CARTESIAN_POINT('',(-26.36081930276,-28.11388416597,0.));
#1033 = SURFACE_OF_LINEAR_EXTRUSION('',#1034,#1086);
#1034 = B_SPLINE_CURVE_WITH_KNOTS('',3,(#1035,#1036,#1037,#1038,#1039,
    #1040,#1041,#1042,#1043,#1044,#1045,#1046,#1047,#1048,#1049,#1050,
    #1051,#1052,#1053,#1054,#1055,#1056,#1057,#1058,#1059,#1060,#1061,
    #1062,#1063,#1064,#1065,#1066,#1067,#1068,#1069,#1070,#1071,#1072,
    #1073,#1074,#1075,#1076,#1077,#1078,#1079,#1080,#1081,#1082,#1083,
    #1084,#1085),.UNSPECIFIED.,.F.,.F.,(4,1,1,1,1,1,1,1,1,1,1,1,1,1,1,1,
    1,1,1,1,1,1,1,1,1,1,1,1,1,1,1,1,1,1,1,1,1,1,1,1,1,1,1,1,1,1,1,1,4),(
    0.,0.473206125628,0.943992429652,1.409973954886,1.868836789104,
    2.318377024136,2.756544271089,3.181492042951,3.591638155345,
    3.958628390048,4.336720798561,4.697643825895,5.041884944182,
    5.37090160957,5.687455278175,5.996091997334,6.303841257426,
    6.621230764788,6.963721635172,7.353570058326,7.821640417824,
    8.407110090534,9.197325542283,10.107526890421,11.137050913086,
    12.166574935752,13.07677628389,13.866991735638,14.452461408348,
    14.920531767847,15.310380191,15.652871061385,15.970260568747,
    16.278009828838,16.586646547997,16.903200216603,17.23221688199,
    17.576458000278,17.937381027612,18.315473436125,18.682463670827,
    19.092609783221,19.517557555084,19.955724802036,20.405265037068,
    20.864127871286,21.330109396521,21.800895700545,22.274101826172),
  .UNSPECIFIED.);
#1035 = CARTESIAN_POINT('',(-37.69313861845,-10.4804511145,0.));
#1036 = CARTESIAN_POINT('',(-37.64869485137,-10.63181987701,0.));
#1037 = CARTESIAN_POINT('',(-37.55081026772,-10.93108200444,0.));
#1038 = CARTESIAN_POINT('',(-37.37761963399,-11.36830443369,0.));
#1039 = CARTESIAN_POINT('',(-37.1803009786,-11.78993141996,0.));
#1040 = CARTESIAN_POINT('',(-36.9609583363,-12.19239723438,0.));
#1041 = CARTESIAN_POINT('',(-36.72391584329,-12.57400821064,0.));
#1042 = CARTESIAN_POINT('',(-36.46726323185,-12.92849920188,0.));
#1043 = CARTESIAN_POINT('',(-36.21272529805,-13.26846612163,0.));
#1044 = CARTESIAN_POINT('',(-35.90570756881,-13.53618063841,0.));
#1045 = CARTESIAN_POINT('',(-35.76268227754,-13.90930917081,0.));
#1046 = CARTESIAN_POINT('',(-35.45294216484,-14.12787424423,0.));
#1047 = CARTESIAN_POINT('',(-35.17988667205,-14.36068834226,0.));
#1048 = CARTESIAN_POINT('',(-34.89818813757,-14.56098590562,0.));
#1049 = CARTESIAN_POINT('',(-34.62251331053,-14.74205584151,0.));
#1050 = CARTESIAN_POINT('',(-34.34889753163,-14.90453083631,0.));
#1051 = CARTESIAN_POINT('',(-34.07576445135,-15.05330572984,0.));
#1052 = CARTESIAN_POINT('',(-33.79783678485,-15.19353980524,0.));
#1053 = CARTESIAN_POINT('',(-33.50669015742,-15.33236510783,0.));
#1054 = CARTESIAN_POINT('',(-33.1890593692,-15.47922119297,0.));
#1055 = CARTESIAN_POINT('',(-32.82732883971,-15.65000684384,0.));
#1056 = CARTESIAN_POINT('',(-32.39431313968,-15.86116435474,0.));
#1057 = CARTESIAN_POINT('',(-31.87543506563,-16.1906851269,0.));
#1058 = CARTESIAN_POINT('',(-31.16818841901,-16.49733224821,0.));
#1059 = CARTESIAN_POINT('',(-30.5226020704,-17.15828588725,0.));
#1060 = CARTESIAN_POINT('',(-29.89782214092,-17.92884163795,0.));
#1061 = CARTESIAN_POINT('',(-29.45644293841,-18.81726187905,0.));
#1062 = CARTESIAN_POINT('',(-29.12340462229,-19.67907794207,0.));
#1063 = CARTESIAN_POINT('',(-29.13826946436,-20.44979793833,0.));
#1064 = CARTESIAN_POINT('',(-29.05407656875,-21.05867391202,0.));
#1065 = CARTESIAN_POINT('',(-29.04188216344,-21.5402768474,0.));
#1066 = CARTESIAN_POINT('',(-29.03679836367,-21.94026543409,0.));
#1067 = CARTESIAN_POINT('',(-29.03516196793,-22.29019878429,0.));
#1068 = CARTESIAN_POINT('',(-29.02982871095,-22.61270518682,0.));
#1069 = CARTESIAN_POINT('',(-29.01772263432,-22.92377242492,0.));
#1070 = CARTESIAN_POINT('',(-28.99585581316,-23.23402633806,0.));
#1071 = CARTESIAN_POINT('',(-28.96172746179,-23.55041055706,0.));
#1072 = CARTESIAN_POINT('',(-28.91153991656,-23.87639236982,0.));
#1073 = CARTESIAN_POINT('',(-28.84636464471,-24.21584098471,0.));
#1074 = CARTESIAN_POINT('',(-28.74802084325,-24.56093546902,0.));
#1075 = CARTESIAN_POINT('',(-28.67787775235,-24.93348019859,0.));
#1076 = CARTESIAN_POINT('',(-28.39788295413,-25.21858377382,0.));
#1077 = CARTESIAN_POINT('',(-28.28190103803,-25.60906955295,0.));
#1078 = CARTESIAN_POINT('',(-28.07839512954,-25.98183276396,0.));
#1079 = CARTESIAN_POINT('',(-27.86255612976,-26.36255307074,0.));
#1080 = CARTESIAN_POINT('',(-27.6139015863,-26.7367014353,0.));
#1081 = CARTESIAN_POINT('',(-27.33892403107,-27.10341286222,0.));
#1082 = CARTESIAN_POINT('',(-27.03736776604,-27.45805040443,0.));
#1083 = CARTESIAN_POINT('',(-26.71160224467,-27.7972189073,0.));
#1084 = CARTESIAN_POINT('',(-26.48004656416,-28.01057583699,0.));
#1085 = CARTESIAN_POINT('',(-26.36081930276,-28.11388416597,0.));
#1086 = VECTOR('',#1087,1.);
#1087 = DIRECTION('',(-0.,-0.,-1.));
#1088 = ADVANCED_FACE('',(#1089),#1210,.F.);
#1089 = FACE_BOUND('',#1090,.F.);
#1090 = EDGE_LOOP('',(#1091,#1092,#1148,#1156));
#1091 = ORIENTED_EDGE('',*,*,#972,.T.);
#1092 = ORIENTED_EDGE('',*,*,#1093,.T.);
#1093 = EDGE_CURVE('',#917,#1094,#1096,.T.);
#1094 = VERTEX_POINT('',#1095);
#1095 = CARTESIAN_POINT('',(-7.294111983766,-36.82135763797,5.));
#1096 = B_SPLINE_CURVE_WITH_KNOTS('',3,(#1097,#1098,#1099,#1100,#1101,
    #1102,#1103,#1104,#1105,#1106,#1107,#1108,#1109,#1110,#1111,#1112,
    #1113,#1114,#1115,#1116,#1117,#1118,#1119,#1120,#1121,#1122,#1123,
    #1124,#1125,#1126,#1127,#1128,#1129,#1130,#1131,#1132,#1133,#1134,
    #1135,#1136,#1137,#1138,#1139,#1140,#1141,#1142,#1143,#1144,#1145,
    #1146,#1147),.UNSPECIFIED.,.F.,.F.,(4,1,1,1,1,1,1,1,1,1,1,1,1,1,1,1,
    1,1,1,1,1,1,1,1,1,1,1,1,1,1,1,1,1,1,1,1,1,1,1,1,1,1,1,1,1,1,1,1,4),(
    0.,0.473206125628,0.943992429652,1.409973954886,1.868836789104,
    2.318377024136,2.756544271089,3.181492042951,3.591638155345,
    3.958628390048,4.336720798561,4.697643825895,5.041884944182,
    5.37090160957,5.687455278175,5.996091997334,6.303841257426,
    6.621230764788,6.963721635172,7.353570058326,7.821640417824,
    8.407110090534,9.197325542283,10.107526890421,11.137050913086,
    12.166574935752,13.07677628389,13.866991735638,14.452461408348,
    14.920531767847,15.310380191,15.652871061385,15.970260568747,
    16.278009828838,16.586646547997,16.903200216603,17.23221688199,
    17.576458000278,17.937381027612,18.315473436125,18.682463670827,
    19.092609783221,19.517557555084,19.955724802036,20.405265037068,
    20.864127871286,21.330109396521,21.800895700545,22.274101826172),
  .UNSPECIFIED.);
#1097 = CARTESIAN_POINT('',(-26.36081930276,-28.11388416597,5.));
#1098 = CARTESIAN_POINT('',(-26.24159469518,-28.21719555763,5.));
#1099 = CARTESIAN_POINT('',(-25.99745562218,-28.41603047825,5.));
#1100 = CARTESIAN_POINT('',(-25.61537809814,-28.6902114657,5.));
#1101 = CARTESIAN_POINT('',(-25.22143432368,-28.93822813829,5.));
#1102 = CARTESIAN_POINT('',(-24.81932210403,-29.15821834107,5.));
#1103 = CARTESIAN_POINT('',(-24.4135947992,-29.35109507582,5.));
#1104 = CARTESIAN_POINT('',(-24.00603258384,-29.51055499691,5.));
#1105 = CARTESIAN_POINT('',(-23.60810165438,-29.65893977259,5.));
#1106 = CARTESIAN_POINT('',(-23.20508450982,-29.71816923951,5.));
#1107 = CARTESIAN_POINT('',(-22.88303546348,-29.95473962521,5.));
#1108 = CARTESIAN_POINT('',(-22.50430029945,-29.97115011765,5.));
#1109 = CARTESIAN_POINT('',(-22.14872259721,-30.01938085528,5.));
#1110 = CARTESIAN_POINT('',(-21.8034536715,-30.03558416211,5.));
#1111 = CARTESIAN_POINT('',(-21.47364745119,-30.03886882153,5.));
#1112 = CARTESIAN_POINT('',(-21.15562659654,-30.02762362653,5.));
#1113 = CARTESIAN_POINT('',(-20.84541864777,-30.00511413951,5.));
#1114 = CARTESIAN_POINT('',(-20.53579475129,-29.97282751005,5.));
#1115 = CARTESIAN_POINT('',(-20.21581199732,-29.93220903565,5.));
#1116 = CARTESIAN_POINT('',(-19.86920758067,-29.8840280671,5.));
#1117 = CARTESIAN_POINT('',(-19.47256680091,-29.83213581009,5.));
#1118 = CARTESIAN_POINT('',(-18.99413044418,-29.77566685008,5.));
#1119 = CARTESIAN_POINT('',(-18.37947005165,-29.77235069768,5.));
#1120 = CARTESIAN_POINT('',(-17.61871036126,-29.64795226665,5.));
#1121 = CARTESIAN_POINT('',(-16.71827004904,-29.85495151928,5.));
#1122 = CARTESIAN_POINT('',(-15.77607783517,-30.165402735,5.));
#1123 = CARTESIAN_POINT('',(-14.92444977634,-30.67416178861,5.));
#1124 = CARTESIAN_POINT('',(-14.17834717554,-31.2191134888,5.));
#1125 = CARTESIAN_POINT('',(-13.77416958763,-31.87552094885,5.));
#1126 = CARTESIAN_POINT('',(-13.37415881262,-32.34222189687,5.));
#1127 = CARTESIAN_POINT('',(-13.10352602139,-32.74077927442,5.));
#1128 = CARTESIAN_POINT('',(-12.8829991004,-33.0745225764,5.));
#1129 = CARTESIAN_POINT('',(-12.69243422419,-33.36802054118,5.));
#1130 = CARTESIAN_POINT('',(-12.51358747782,-33.63644681525,5.));
#1131 = CARTESIAN_POINT('',(-12.3352275522,-33.89158818909,5.));
#1132 = CARTESIAN_POINT('',(-12.14909608243,-34.14076829353,5.));
#1133 = CARTESIAN_POINT('',(-11.94933526347,-34.38847645571,5.));
#1134 = CARTESIAN_POINT('',(-11.73087574002,-34.63557637185,5.));
#1135 = CARTESIAN_POINT('',(-11.49252703568,-34.8859023061,5.));
#1136 = CARTESIAN_POINT('',(-11.22322280118,-35.12304558697,5.));
#1137 = CARTESIAN_POINT('',(-10.96280179102,-35.39852793886,5.));
#1138 = CARTESIAN_POINT('',(-10.57311654787,-35.48699571214,5.));
#1139 = CARTESIAN_POINT('',(-10.26443380038,-35.75278869543,5.));
#1140 = CARTESIAN_POINT('',(-9.891702728798,-35.95635346287,5.));
#1141 = CARTESIAN_POINT('',(-9.504294469826,-36.1599443927,5.));
#1142 = CARTESIAN_POINT('',(-9.092833079014,-36.34026523055,5.));
#1143 = CARTESIAN_POINT('',(-8.663248073611,-36.50009842373,5.));
#1144 = CARTESIAN_POINT('',(-8.217831269593,-36.63540488335,5.));
#1145 = CARTESIAN_POINT('',(-7.760411537219,-36.74460944685,5.));
#1146 = CARTESIAN_POINT('',(-7.450265038061,-36.79890826531,5.));
#1147 = CARTESIAN_POINT('',(-7.294111983766,-36.82135763797,5.));
#1148 = ORIENTED_EDGE('',*,*,#1149,.F.);
#1149 = EDGE_CURVE('',#1150,#1094,#1152,.T.);
#1150 = VERTEX_POINT('',#1151);
#1151 = CARTESIAN_POINT('',(-7.294111983766,-36.82135763797,0.));
#1152 = LINE('',#1153,#1154);
#1153 = CARTESIAN_POINT('',(-7.294111983766,-36.82135763797,0.));
#1154 = VECTOR('',#1155,1.);
#1155 = DIRECTION('',(0.,0.,1.));
#1156 = ORIENTED_EDGE('',*,*,#1157,.F.);
#1157 = EDGE_CURVE('',#973,#1150,#1158,.T.);
#1158 = B_SPLINE_CURVE_WITH_KNOTS('',3,(#1159,#1160,#1161,#1162,#1163,
    #1164,#1165,#1166,#1167,#1168,#1169,#1170,#1171,#1172,#1173,#1174,
    #1175,#1176,#1177,#1178,#1179,#1180,#1181,#1182,#1183,#1184,#1185,
    #1186,#1187,#1188,#1189,#1190,#1191,#1192,#1193,#1194,#1195,#1196,
    #1197,#1198,#1199,#1200,#1201,#1202,#1203,#1204,#1205,#1206,#1207,
    #1208,#1209),.UNSPECIFIED.,.F.,.F.,(4,1,1,1,1,1,1,1,1,1,1,1,1,1,1,1,
    1,1,1,1,1,1,1,1,1,1,1,1,1,1,1,1,1,1,1,1,1,1,1,1,1,1,1,1,1,1,1,1,4),(
    0.,0.473206125628,0.943992429652,1.409973954886,1.868836789104,
    2.318377024136,2.756544271089,3.181492042951,3.591638155345,
    3.958628390048,4.336720798561,4.697643825895,5.041884944182,
    5.37090160957,5.687455278175,5.996091997334,6.303841257426,
    6.621230764788,6.963721635172,7.353570058326,7.821640417824,
    8.407110090534,9.197325542283,10.107526890421,11.137050913086,
    12.166574935752,13.07677628389,13.866991735638,14.452461408348,
    14.920531767847,15.310380191,15.652871061385,15.970260568747,
    16.278009828838,16.586646547997,16.903200216603,17.23221688199,
    17.576458000278,17.937381027612,18.315473436125,18.682463670827,
    19.092609783221,19.517557555084,19.955724802036,20.405265037068,
    20.864127871286,21.330109396521,21.800895700545,22.274101826172),
  .UNSPECIFIED.);
#1159 = CARTESIAN_POINT('',(-26.36081930276,-28.11388416597,0.));
#1160 = CARTESIAN_POINT('',(-26.24159469518,-28.21719555763,0.));
#1161 = CARTESIAN_POINT('',(-25.99745562218,-28.41603047825,0.));
#1162 = CARTESIAN_POINT('',(-25.61537809814,-28.6902114657,0.));
#1163 = CARTESIAN_POINT('',(-25.22143432368,-28.93822813829,0.));
#1164 = CARTESIAN_POINT('',(-24.81932210403,-29.15821834107,0.));
#1165 = CARTESIAN_POINT('',(-24.4135947992,-29.35109507582,0.));
#1166 = CARTESIAN_POINT('',(-24.00603258384,-29.51055499691,0.));
#1167 = CARTESIAN_POINT('',(-23.60810165438,-29.65893977259,0.));
#1168 = CARTESIAN_POINT('',(-23.20508450982,-29.71816923951,0.));
#1169 = CARTESIAN_POINT('',(-22.88303546348,-29.95473962521,0.));
#1170 = CARTESIAN_POINT('',(-22.50430029945,-29.97115011765,0.));
#1171 = CARTESIAN_POINT('',(-22.14872259721,-30.01938085528,0.));
#1172 = CARTESIAN_POINT('',(-21.8034536715,-30.03558416211,0.));
#1173 = CARTESIAN_POINT('',(-21.47364745119,-30.03886882153,0.));
#1174 = CARTESIAN_POINT('',(-21.15562659654,-30.02762362653,0.));
#1175 = CARTESIAN_POINT('',(-20.84541864777,-30.00511413951,0.));
#1176 = CARTESIAN_POINT('',(-20.53579475129,-29.97282751005,0.));
#1177 = CARTESIAN_POINT('',(-20.21581199732,-29.93220903565,0.));
#1178 = CARTESIAN_POINT('',(-19.86920758067,-29.8840280671,0.));
#1179 = CARTESIAN_POINT('',(-19.47256680091,-29.83213581009,0.));
#1180 = CARTESIAN_POINT('',(-18.99413044418,-29.77566685008,0.));
#1181 = CARTESIAN_POINT('',(-18.37947005165,-29.77235069768,0.));
#1182 = CARTESIAN_POINT('',(-17.61871036126,-29.64795226665,0.));
#1183 = CARTESIAN_POINT('',(-16.71827004904,-29.85495151928,0.));
#1184 = CARTESIAN_POINT('',(-15.77607783517,-30.165402735,0.));
#1185 = CARTESIAN_POINT('',(-14.92444977634,-30.67416178861,0.));
#1186 = CARTESIAN_POINT('',(-14.17834717554,-31.2191134888,0.));
#1187 = CARTESIAN_POINT('',(-13.77416958763,-31.87552094885,0.));
#1188 = CARTESIAN_POINT('',(-13.37415881262,-32.34222189687,0.));
#1189 = CARTESIAN_POINT('',(-13.10352602139,-32.74077927442,0.));
#1190 = CARTESIAN_POINT('',(-12.8829991004,-33.0745225764,0.));
#1191 = CARTESIAN_POINT('',(-12.69243422419,-33.36802054118,0.));
#1192 = CARTESIAN_POINT('',(-12.51358747782,-33.63644681525,0.));
#1193 = CARTESIAN_POINT('',(-12.3352275522,-33.89158818909,0.));
#1194 = CARTESIAN_POINT('',(-12.14909608243,-34.14076829353,0.));
#1195 = CARTESIAN_POINT('',(-11.94933526347,-34.38847645571,0.));
#1196 = CARTESIAN_POINT('',(-11.73087574002,-34.63557637185,0.));
#1197 = CARTESIAN_POINT('',(-11.49252703568,-34.8859023061,0.));
#1198 = CARTESIAN_POINT('',(-11.22322280118,-35.12304558697,0.));
#1199 = CARTESIAN_POINT('',(-10.96280179102,-35.39852793886,0.));
#1200 = CARTESIAN_POINT('',(-10.57311654787,-35.48699571214,0.));
#1201 = CARTESIAN_POINT('',(-10.26443380038,-35.75278869543,0.));
#1202 = CARTESIAN_POINT('',(-9.891702728798,-35.95635346287,0.));
#1203 = CARTESIAN_POINT('',(-9.504294469826,-36.1599443927,0.));
#1204 = CARTESIAN_POINT('',(-9.092833079014,-36.34026523055,0.));
#1205 = CARTESIAN_POINT('',(-8.663248073611,-36.50009842373,0.));
#1206 = CARTESIAN_POINT('',(-8.217831269593,-36.63540488335,0.));
#1207 = CARTESIAN_POINT('',(-7.760411537219,-36.74460944685,0.));
#1208 = CARTESIAN_POINT('',(-7.450265038061,-36.79890826531,0.));
#1209 = CARTESIAN_POINT('',(-7.294111983766,-36.82135763797,0.));
#1210 = SURFACE_OF_LINEAR_EXTRUSION('',#1211,#1263);
#1211 = B_SPLINE_CURVE_WITH_KNOTS('',3,(#1212,#1213,#1214,#1215,#1216,
    #1217,#1218,#1219,#1220,#1221,#1222,#1223,#1224,#1225,#1226,#1227,
    #1228,#1229,#1230,#1231,#1232,#1233,#1234,#1235,#1236,#1237,#1238,
    #1239,#1240,#1241,#1242,#1243,#1244,#1245,#1246,#1247,#1248,#1249,
    #1250,#1251,#1252,#1253,#1254,#1255,#1256,#1257,#1258,#1259,#1260,
    #1261,#1262),.UNSPECIFIED.,.F.,.F.,(4,1,1,1,1,1,1,1,1,1,1,1,1,1,1,1,
    1,1,1,1,1,1,1,1,1,1,1,1,1,1,1,1,1,1,1,1,1,1,1,1,1,1,1,1,1,1,1,1,4),(
    0.,0.473206125628,0.943992429652,1.409973954886,1.868836789104,
    2.318377024136,2.756544271089,3.181492042951,3.591638155345,
    3.958628390048,4.336720798561,4.697643825895,5.041884944182,
    5.37090160957,5.687455278175,5.996091997334,6.303841257426,
    6.621230764788,6.963721635172,7.353570058326,7.821640417824,
    8.407110090534,9.197325542283,10.107526890421,11.137050913086,
    12.166574935752,13.07677628389,13.866991735638,14.452461408348,
    14.920531767847,15.310380191,15.652871061385,15.970260568747,
    16.278009828838,16.586646547997,16.903200216603,17.23221688199,
    17.576458000278,17.937381027612,18.315473436125,18.682463670827,
    19.092609783221,19.517557555084,19.955724802036,20.405265037068,
    20.864127871286,21.330109396521,21.800895700545,22.274101826172),
  .UNSPECIFIED.);
#1212 = CARTESIAN_POINT('',(-26.36081930276,-28.11388416597,0.));
#1213 = CARTESIAN_POINT('',(-26.24159469518,-28.21719555763,0.));
#1214 = CARTESIAN_POINT('',(-25.99745562218,-28.41603047825,0.));
#1215 = CARTESIAN_POINT('',(-25.61537809814,-28.6902114657,0.));
#1216 = CARTESIAN_POINT('',(-25.22143432368,-28.93822813829,0.));
#1217 = CARTESIAN_POINT('',(-24.81932210403,-29.15821834107,0.));
#1218 = CARTESIAN_POINT('',(-24.4135947992,-29.35109507582,0.));
#1219 = CARTESIAN_POINT('',(-24.00603258384,-29.51055499691,0.));
#1220 = CARTESIAN_POINT('',(-23.60810165438,-29.65893977259,0.));
#1221 = CARTESIAN_POINT('',(-23.20508450982,-29.71816923951,0.));
#1222 = CARTESIAN_POINT('',(-22.88303546348,-29.95473962521,0.));
#1223 = CARTESIAN_POINT('',(-22.50430029945,-29.97115011765,0.));
#1224 = CARTESIAN_POINT('',(-22.14872259721,-30.01938085528,0.));
#1225 = CARTESIAN_POINT('',(-21.8034536715,-30.03558416211,0.));
#1226 = CARTESIAN_POINT('',(-21.47364745119,-30.03886882153,0.));
#1227 = CARTESIAN_POINT('',(-21.15562659654,-30.02762362653,0.));
#1228 = CARTESIAN_POINT('',(-20.84541864777,-30.00511413951,0.));
#1229 = CARTESIAN_POINT('',(-20.53579475129,-29.97282751005,0.));
#1230 = CARTESIAN_POINT('',(-20.21581199732,-29.93220903565,0.));
#1231 = CARTESIAN_POINT('',(-19.86920758067,-29.8840280671,0.));
#1232 = CARTESIAN_POINT('',(-19.47256680091,-29.83213581009,0.));
#1233 = CARTESIAN_POINT('',(-18.99413044418,-29.77566685008,0.));
#1234 = CARTESIAN_POINT('',(-18.37947005165,-29.77235069768,0.));
#1235 = CARTESIAN_POINT('',(-17.61871036126,-29.64795226665,0.));
#1236 = CARTESIAN_POINT('',(-16.71827004904,-29.85495151928,0.));
#1237 = CARTESIAN_POINT('',(-15.77607783517,-30.165402735,0.));
#1238 = CARTESIAN_POINT('',(-14.92444977634,-30.67416178861,0.));
#1239 = CARTESIAN_POINT('',(-14.17834717554,-31.2191134888,0.));
#1240 = CARTESIAN_POINT('',(-13.77416958763,-31.87552094885,0.));
#1241 = CARTESIAN_POINT('',(-13.37415881262,-32.34222189687,0.));
#1242 = CARTESIAN_POINT('',(-13.10352602139,-32.74077927442,0.));
#1243 = CARTESIAN_POINT('',(-12.8829991004,-33.0745225764,0.));
#1244 = CARTESIAN_POINT('',(-12.69243422419,-33.36802054118,0.));
#1245 = CARTESIAN_POINT('',(-12.51358747782,-33.63644681525,0.));
#1246 = CARTESIAN_POINT('',(-12.3352275522,-33.89158818909,0.));
#1247 = CARTESIAN_POINT('',(-12.14909608243,-34.14076829353,0.));
#1248 = CARTESIAN_POINT('',(-11.94933526347,-34.38847645571,0.));
#1249 = CARTESIAN_POINT('',(-11.73087574002,-34.63557637185,0.));
#1250 = CARTESIAN_POINT('',(-11.49252703568,-34.8859023061,0.));
#1251 = CARTESIAN_POINT('',(-11.22322280118,-35.12304558697,0.));
#1252 = CARTESIAN_POINT('',(-10.96280179102,-35.39852793886,0.));
#1253 = CARTESIAN_POINT('',(-10.57311654787,-35.48699571214,0.));
#1254 = CARTESIAN_POINT('',(-10.26443380038,-35.75278869543,0.));
#1255 = CARTESIAN_POINT('',(-9.891702728798,-35.95635346287,0.));
#1256 = CARTESIAN_POINT('',(-9.504294469826,-36.1599443927,0.));
#1257 = CARTESIAN_POINT('',(-9.092833079014,-36.34026523055,0.));
#1258 = CARTESIAN_POINT('',(-8.663248073611,-36.50009842373,0.));
#1259 = CARTESIAN_POINT('',(-8.217831269593,-36.63540488335,0.));
#1260 = CARTESIAN_POINT('',(-7.760411537219,-36.74460944685,0.));
#1261 = CARTESIAN_POINT('',(-7.450265038061,-36.79890826531,0.));
#1262 = CARTESIAN_POINT('',(-7.294111983766,-36.82135763797,0.));
#1263 = VECTOR('',#1264,1.);
#1264 = DIRECTION('',(-0.,-0.,-1.));
#1265 = ADVANCED_FACE('',(#1266),#1387,.F.);
#1266 = FACE_BOUND('',#1267,.F.);
#1267 = EDGE_LOOP('',(#1268,#1269,#1325,#1333));
#1268 = ORIENTED_EDGE('',*,*,#1149,.T.);
#1269 = ORIENTED_EDGE('',*,*,#1270,.T.);
#1270 = EDGE_CURVE('',#1094,#1271,#1273,.T.);
#1271 = VERTEX_POINT('',#1272);
#1272 = CARTESIAN_POINT('',(13.45343848367,-33.83831022718,5.));
#1273 = B_SPLINE_CURVE_WITH_KNOTS('',3,(#1274,#1275,#1276,#1277,#1278,
    #1279,#1280,#1281,#1282,#1283,#1284,#1285,#1286,#1287,#1288,#1289,
    #1290,#1291,#1292,#1293,#1294,#1295,#1296,#1297,#1298,#1299,#1300,
    #1301,#1302,#1303,#1304,#1305,#1306,#1307,#1308,#1309,#1310,#1311,
    #1312,#1313,#1314,#1315,#1316,#1317,#1318,#1319,#1320,#1321,#1322,
    #1323,#1324),.UNSPECIFIED.,.F.,.F.,(4,1,1,1,1,1,1,1,1,1,1,1,1,1,1,1,
    1,1,1,1,1,1,1,1,1,1,1,1,1,1,1,1,1,1,1,1,1,1,1,1,1,1,1,1,1,1,1,1,4),(
    0.,0.473206125628,0.943992429652,1.409973954886,1.868836789104,
    2.318377024136,2.756544271089,3.181492042951,3.591638155345,
    3.958628390048,4.336720798561,4.697643825895,5.041884944182,
    5.37090160957,5.687455278175,5.996091997334,6.303841257426,
    6.621230764788,6.963721635172,7.353570058326,7.821640417824,
    8.407110090534,9.197325542283,10.107526890421,11.137050913086,
    12.166574935752,13.07677628389,13.866991735638,14.452461408348,
    14.920531767847,15.310380191,15.652871061385,15.970260568747,
    16.278009828838,16.586646547997,16.903200216603,17.23221688199,
    17.576458000278,17.937381027612,18.315473436125,18.682463670827,
    19.092609783221,19.517557555084,19.955724802036,20.405265037068,
    20.864127871286,21.330109396521,21.800895700545,22.274101826172),
  .UNSPECIFIED.);
#1274 = CARTESIAN_POINT('',(-7.294111983766,-36.82135763797,5.));
#1275 = CARTESIAN_POINT('',(-7.137959506203,-36.84381102188,5.));
#1276 = CARTESIAN_POINT('',(-6.825078374511,-36.8790900533,5.));
#1277 = CARTESIAN_POINT('',(-6.355420874414,-36.90317907269,5.));
#1278 = CARTESIAN_POINT('',(-5.889926345802,-36.89884189045,5.));
#1279 = CARTESIAN_POINT('',(-5.432712337365,-36.8665111466,5.));
#1280 = CARTESIAN_POINT('',(-4.987115773269,-36.80941663936,5.));
#1281 = CARTESIAN_POINT('',(-4.558042077655,-36.72321809204,5.));
#1282 = CARTESIAN_POINT('',(-4.143058411005,-36.63290960581,5.));
#1283 = CARTESIAN_POINT('',(-3.771996946936,-36.46484908562,5.));
#1284 = CARTESIAN_POINT('',(-3.373172442248,-36.48975189868,5.));
#1285 = CARTESIAN_POINT('',(-3.04568796546,-36.29879759474,5.));
#1286 = CARTESIAN_POINT('',(-2.720481461831,-36.14713205355,5.));
#1287 = CARTESIAN_POINT('',(-2.421262589247,-35.97409666843,5.));
#1288 = CARTESIAN_POINT('',(-2.14203612031,-35.79855319521,5.));
#1289 = CARTESIAN_POINT('',(-1.880579564238,-35.61715808037,5.));
#1290 = CARTESIAN_POINT('',(-1.631785578886,-35.43051081589,5.));
#1291 = CARTESIAN_POINT('',(-1.388768851871,-35.2359542583,5.));
#1292 = CARTESIAN_POINT('',(-1.141542234852,-35.02878808553,5.));
#1293 = CARTESIAN_POINT('',(-0.876008643073,-34.80086718037,5.));
#1294 = CARTESIAN_POINT('',(-0.570388258088,-34.54277244043,5.));
#1295 = CARTESIAN_POINT('',(-0.198431407451,-34.23660550533,5.));
#1296 = CARTESIAN_POINT('',(0.316860971913,-33.90150528333,5.));
#1297 = CARTESIAN_POINT('',(0.889597879646,-33.38555692285,5.));
#1298 = CARTESIAN_POINT('',(1.759008718566,-33.07288098894,5.));
#1299 = CARTESIAN_POINT('',(2.719473846132,-32.82466160223,5.));
#1300 = CARTESIAN_POINT('',(3.71096486991,-32.79223206355,5.));
#1301 = CARTESIAN_POINT('',(4.633249451359,-32.84730108655,5.));
#1302 = CARTESIAN_POINT('',(5.328145940855,-33.18099127977,5.));
#1303 = CARTESIAN_POINT('',(5.916974000553,-33.35734294867,5.));
#1304 = CARTESIAN_POINT('',(6.360121178674,-33.5463156171,5.));
#1305 = CARTESIAN_POINT('',(6.726075481651,-33.70785249411,5.));
#1306 = CARTESIAN_POINT('',(7.045065836589,-33.85173154341,5.));
#1307 = CARTESIAN_POINT('',(7.340643494055,-33.98085424362,5.));
#1308 = CARTESIAN_POINT('',(7.628629252517,-34.09906416974,5.));
#1309 = CARTESIAN_POINT('',(7.919929944391,-34.20805754294,5.));
#1310 = CARTESIAN_POINT('',(8.22190058235,-34.30844405703,5.));
#1311 = CARTESIAN_POINT('',(8.539272728887,-34.39820959911,5.));
#1312 = CARTESIAN_POINT('',(8.87512083618,-34.4799361373,5.));
#1313 = CARTESIAN_POINT('',(9.229883312088,-34.53383689864,5.));
#1314 = CARTESIAN_POINT('',(9.597900410823,-34.62479317258,5.));
#1315 = CARTESIAN_POINT('',(9.973553787581,-34.48853725099,5.));
#1316 = CARTESIAN_POINT('',(10.376932775193,-34.54525004424,5.));
#1317 = CARTESIAN_POINT('',(10.800549528239,-34.51498599278,5.));
#1318 = CARTESIAN_POINT('',(11.236527661474,-34.47680886393,5.));
#1319 = CARTESIAN_POINT('',(11.680159815296,-34.40605158313,5.));
#1320 = CARTESIAN_POINT('',(12.127962066961,-34.30826063307,5.));
#1321 = CARTESIAN_POINT('',(12.575822721862,-34.18127716522,5.));
#1322 = CARTESIAN_POINT('',(13.019669132185,-34.02584611202,5.));
#1323 = CARTESIAN_POINT('',(13.309937127896,-33.90384732805,5.));
#1324 = CARTESIAN_POINT('',(13.45343848367,-33.83831022718,5.));
#1325 = ORIENTED_EDGE('',*,*,#1326,.F.);
#1326 = EDGE_CURVE('',#1327,#1271,#1329,.T.);
#1327 = VERTEX_POINT('',#1328);
#1328 = CARTESIAN_POINT('',(13.45343848367,-33.83831022718,0.));
#1329 = LINE('',#1330,#1331);
#1330 = CARTESIAN_POINT('',(13.45343848367,-33.83831022718,0.));
#1331 = VECTOR('',#1332,1.);
#1332 = DIRECTION('',(0.,0.,1.));
#1333 = ORIENTED_EDGE('',*,*,#1334,.F.);
#1334 = EDGE_CURVE('',#1150,#1327,#1335,.T.);
#1335 = B_SPLINE_CURVE_WITH_KNOTS('',3,(#1336,#1337,#1338,#1339,#1340,
    #1341,#1342,#1343,#1344,#1345,#1346,#1347,#1348,#1349,#1350,#1351,
    #1352,#1353,#1354,#1355,#1356,#1357,#1358,#1359,#1360,#1361,#1362,
    #1363,#1364,#1365,#1366,#1367,#1368,#1369,#1370,#1371,#1372,#1373,
    #1374,#1375,#1376,#1377,#1378,#1379,#1380,#1381,#1382,#1383,#1384,
    #1385,#1386),.UNSPECIFIED.,.F.,.F.,(4,1,1,1,1,1,1,1,1,1,1,1,1,1,1,1,
    1,1,1,1,1,1,1,1,1,1,1,1,1,1,1,1,1,1,1,1,1,1,1,1,1,1,1,1,1,1,1,1,4),(
    0.,0.473206125628,0.943992429652,1.409973954886,1.868836789104,
    2.318377024136,2.756544271089,3.181492042951,3.591638155345,
    3.958628390048,4.336720798561,4.697643825895,5.041884944182,
    5.37090160957,5.687455278175,5.996091997334,6.303841257426,
    6.621230764788,6.963721635172,7.353570058326,7.821640417824,
    8.407110090534,9.197325542283,10.107526890421,11.137050913086,
    12.166574935752,13.07677628389,13.866991735638,14.452461408348,
    14.920531767847,15.310380191,15.652871061385,15.970260568747,
    16.278009828838,16.586646547997,16.903200216603,17.23221688199,
    17.576458000278,17.937381027612,18.315473436125,18.682463670827,
    19.092609783221,19.517557555084,19.955724802036,20.405265037068,
    20.864127871286,21.330109396521,21.800895700545,22.274101826172),
  .UNSPECIFIED.);
#1336 = CARTESIAN_POINT('',(-7.294111983766,-36.82135763797,0.));
#1337 = CARTESIAN_POINT('',(-7.137959506203,-36.84381102188,0.));
#1338 = CARTESIAN_POINT('',(-6.825078374511,-36.8790900533,0.));
#1339 = CARTESIAN_POINT('',(-6.355420874414,-36.90317907269,0.));
#1340 = CARTESIAN_POINT('',(-5.889926345802,-36.89884189045,0.));
#1341 = CARTESIAN_POINT('',(-5.432712337365,-36.8665111466,0.));
#1342 = CARTESIAN_POINT('',(-4.987115773269,-36.80941663936,0.));
#1343 = CARTESIAN_POINT('',(-4.558042077655,-36.72321809204,0.));
#1344 = CARTESIAN_POINT('',(-4.143058411005,-36.63290960581,0.));
#1345 = CARTESIAN_POINT('',(-3.771996946936,-36.46484908562,0.));
#1346 = CARTESIAN_POINT('',(-3.373172442248,-36.48975189868,0.));
#1347 = CARTESIAN_POINT('',(-3.04568796546,-36.29879759474,0.));
#1348 = CARTESIAN_POINT('',(-2.720481461831,-36.14713205355,0.));
#1349 = CARTESIAN_POINT('',(-2.421262589247,-35.97409666843,0.));
#1350 = CARTESIAN_POINT('',(-2.14203612031,-35.79855319521,0.));
#1351 = CARTESIAN_POINT('',(-1.880579564238,-35.61715808037,0.));
#1352 = CARTESIAN_POINT('',(-1.631785578886,-35.43051081589,0.));
#1353 = CARTESIAN_POINT('',(-1.388768851871,-35.2359542583,0.));
#1354 = CARTESIAN_POINT('',(-1.141542234852,-35.02878808553,0.));
#1355 = CARTESIAN_POINT('',(-0.876008643073,-34.80086718037,0.));
#1356 = CARTESIAN_POINT('',(-0.570388258088,-34.54277244043,0.));
#1357 = CARTESIAN_POINT('',(-0.198431407451,-34.23660550533,0.));
#1358 = CARTESIAN_POINT('',(0.316860971913,-33.90150528333,0.));
#1359 = CARTESIAN_POINT('',(0.889597879646,-33.38555692285,0.));
#1360 = CARTESIAN_POINT('',(1.759008718566,-33.07288098894,0.));
#1361 = CARTESIAN_POINT('',(2.719473846132,-32.82466160223,0.));
#1362 = CARTESIAN_POINT('',(3.71096486991,-32.79223206355,0.));
#1363 = CARTESIAN_POINT('',(4.633249451359,-32.84730108655,0.));
#1364 = CARTESIAN_POINT('',(5.328145940855,-33.18099127977,0.));
#1365 = CARTESIAN_POINT('',(5.916974000553,-33.35734294867,0.));
#1366 = CARTESIAN_POINT('',(6.360121178674,-33.5463156171,0.));
#1367 = CARTESIAN_POINT('',(6.726075481651,-33.70785249411,0.));
#1368 = CARTESIAN_POINT('',(7.045065836589,-33.85173154341,0.));
#1369 = CARTESIAN_POINT('',(7.340643494055,-33.98085424362,0.));
#1370 = CARTESIAN_POINT('',(7.628629252517,-34.09906416974,0.));
#1371 = CARTESIAN_POINT('',(7.919929944391,-34.20805754294,0.));
#1372 = CARTESIAN_POINT('',(8.22190058235,-34.30844405703,0.));
#1373 = CARTESIAN_POINT('',(8.539272728887,-34.39820959911,0.));
#1374 = CARTESIAN_POINT('',(8.87512083618,-34.4799361373,0.));
#1375 = CARTESIAN_POINT('',(9.229883312088,-34.53383689864,0.));
#1376 = CARTESIAN_POINT('',(9.597900410823,-34.62479317258,0.));
#1377 = CARTESIAN_POINT('',(9.973553787581,-34.48853725099,0.));
#1378 = CARTESIAN_POINT('',(10.376932775193,-34.54525004424,0.));
#1379 = CARTESIAN_POINT('',(10.800549528239,-34.51498599278,0.));
#1380 = CARTESIAN_POINT('',(11.236527661474,-34.47680886393,0.));
#1381 = CARTESIAN_POINT('',(11.680159815296,-34.40605158313,0.));
#1382 = CARTESIAN_POINT('',(12.127962066961,-34.30826063307,0.));
#1383 = CARTESIAN_POINT('',(12.575822721862,-34.18127716522,0.));
#1384 = CARTESIAN_POINT('',(13.019669132185,-34.02584611202,0.));
#1385 = CARTESIAN_POINT('',(13.309937127896,-33.90384732805,0.));
#1386 = CARTESIAN_POINT('',(13.45343848367,-33.83831022718,0.));
#1387 = SURFACE_OF_LINEAR_EXTRUSION('',#1388,#1440);
#1388 = B_SPLINE_CURVE_WITH_KNOTS('',3,(#1389,#1390,#1391,#1392,#1393,
    #1394,#1395,#1396,#1397,#1398,#1399,#1400,#1401,#1402,#1403,#1404,
    #1405,#1406,#1407,#1408,#1409,#1410,#1411,#1412,#1413,#1414,#1415,
    #1416,#1417,#1418,#1419,#1420,#1421,#1422,#1423,#1424,#1425,#1426,
    #1427,#1428,#1429,#1430,#1431,#1432,#1433,#1434,#1435,#1436,#1437,
    #1438,#1439),.UNSPECIFIED.,.F.,.F.,(4,1,1,1,1,1,1,1,1,1,1,1,1,1,1,1,
    1,1,1,1,1,1,1,1,1,1,1,1,1,1,1,1,1,1,1,1,1,1,1,1,1,1,1,1,1,1,1,1,4),(
    0.,0.473206125628,0.943992429652,1.409973954886,1.868836789104,
    2.318377024136,2.756544271089,3.181492042951,3.591638155345,
    3.958628390048,4.336720798561,4.697643825895,5.041884944182,
    5.37090160957,5.687455278175,5.996091997334,6.303841257426,
    6.621230764788,6.963721635172,7.353570058326,7.821640417824,
    8.407110090534,9.197325542283,10.107526890421,11.137050913086,
    12.166574935752,13.07677628389,13.866991735638,14.452461408348,
    14.920531767847,15.310380191,15.652871061385,15.970260568747,
    16.278009828838,16.586646547997,16.903200216603,17.23221688199,
    17.576458000278,17.937381027612,18.315473436125,18.682463670827,
    19.092609783221,19.517557555084,19.955724802036,20.405265037068,
    20.864127871286,21.330109396521,21.800895700545,22.274101826172),
  .UNSPECIFIED.);
#1389 = CARTESIAN_POINT('',(-7.294111983766,-36.82135763797,0.));
#1390 = CARTESIAN_POINT('',(-7.137959506203,-36.84381102188,0.));
#1391 = CARTESIAN_POINT('',(-6.825078374511,-36.8790900533,0.));
#1392 = CARTESIAN_POINT('',(-6.355420874414,-36.90317907269,0.));
#1393 = CARTESIAN_POINT('',(-5.889926345802,-36.89884189045,0.));
#1394 = CARTESIAN_POINT('',(-5.432712337365,-36.8665111466,0.));
#1395 = CARTESIAN_POINT('',(-4.987115773269,-36.80941663936,0.));
#1396 = CARTESIAN_POINT('',(-4.558042077655,-36.72321809204,0.));
#1397 = CARTESIAN_POINT('',(-4.143058411005,-36.63290960581,0.));
#1398 = CARTESIAN_POINT('',(-3.771996946936,-36.46484908562,0.));
#1399 = CARTESIAN_POINT('',(-3.373172442248,-36.48975189868,0.));
#1400 = CARTESIAN_POINT('',(-3.04568796546,-36.29879759474,0.));
#1401 = CARTESIAN_POINT('',(-2.720481461831,-36.14713205355,0.));
#1402 = CARTESIAN_POINT('',(-2.421262589247,-35.97409666843,0.));
#1403 = CARTESIAN_POINT('',(-2.14203612031,-35.79855319521,0.));
#1404 = CARTESIAN_POINT('',(-1.880579564238,-35.61715808037,0.));
#1405 = CARTESIAN_POINT('',(-1.631785578886,-35.43051081589,0.));
#1406 = CARTESIAN_POINT('',(-1.388768851871,-35.2359542583,0.));
#1407 = CARTESIAN_POINT('',(-1.141542234852,-35.02878808553,0.));
#1408 = CARTESIAN_POINT('',(-0.876008643073,-34.80086718037,0.));
#1409 = CARTESIAN_POINT('',(-0.570388258088,-34.54277244043,0.));
#1410 = CARTESIAN_POINT('',(-0.198431407451,-34.23660550533,0.));
#1411 = CARTESIAN_POINT('',(0.316860971913,-33.90150528333,0.));
#1412 = CARTESIAN_POINT('',(0.889597879646,-33.38555692285,0.));
#1413 = CARTESIAN_POINT('',(1.759008718566,-33.07288098894,0.));
#1414 = CARTESIAN_POINT('',(2.719473846132,-32.82466160223,0.));
#1415 = CARTESIAN_POINT('',(3.71096486991,-32.79223206355,0.));
#1416 = CARTESIAN_POINT('',(4.633249451359,-32.84730108655,0.));
#1417 = CARTESIAN_POINT('',(5.328145940855,-33.18099127977,0.));
#1418 = CARTESIAN_POINT('',(5.916974000553,-33.35734294867,0.));
#1419 = CARTESIAN_POINT('',(6.360121178674,-33.5463156171,0.));
#1420 = CARTESIAN_POINT('',(6.726075481651,-33.70785249411,0.));
#1421 = CARTESIAN_POINT('',(7.045065836589,-33.85173154341,0.));
#1422 = CARTESIAN_POINT('',(7.340643494055,-33.98085424362,0.));
#1423 = CARTESIAN_POINT('',(7.628629252517,-34.09906416974,0.));
#1424 = CARTESIAN_POINT('',(7.919929944391,-34.20805754294,0.));
#1425 = CARTESIAN_POINT('',(8.22190058235,-34.30844405703,0.));
#1426 = CARTESIAN_POINT('',(8.539272728887,-34.39820959911,0.));
#1427 = CARTESIAN_POINT('',(8.87512083618,-34.4799361373,0.));
#1428 = CARTESIAN_POINT('',(9.229883312088,-34.53383689864,0.));
#1429 = CARTESIAN_POINT('',(9.597900410823,-34.62479317258,0.));
#1430 = CARTESIAN_POINT('',(9.973553787581,-34.48853725099,0.));
#1431 = CARTESIAN_POINT('',(10.376932775193,-34.54525004424,0.));
#1432 = CARTESIAN_POINT('',(10.800549528239,-34.51498599278,0.));
#1433 = CARTESIAN_POINT('',(11.236527661474,-34.47680886393,0.));
#1434 = CARTESIAN_POINT('',(11.680159815296,-34.40605158313,0.));
#1435 = CARTESIAN_POINT('',(12.127962066961,-34.30826063307,0.));
#1436 = CARTESIAN_POINT('',(12.575822721862,-34.18127716522,0.));
#1437 = CARTESIAN_POINT('',(13.019669132185,-34.02584611202,0.));
#1438 = CARTESIAN_POINT('',(13.309937127896,-33.90384732805,0.));
#1439 = CARTESIAN_POINT('',(13.45343848367,-33.83831022718,0.));
#1440 = VECTOR('',#1441,1.);
#1441 = DIRECTION('',(-0.,-0.,-1.));
#1442 = ADVANCED_FACE('',(#1443),#1564,.F.);
#1443 = FACE_BOUND('',#1444,.F.);
#1444 = EDGE_LOOP('',(#1445,#1446,#1502,#1510));
#1445 = ORIENTED_EDGE('',*,*,#1326,.T.);
#1446 = ORIENTED_EDGE('',*,*,#1447,.T.);
#1447 = EDGE_CURVE('',#1271,#1448,#1450,.T.);
#1448 = VERTEX_POINT('',#1449);
#1449 = CARTESIAN_POINT('',(29.29463142132,-20.11183840934,5.));
#1450 = B_SPLINE_CURVE_WITH_KNOTS('',3,(#1451,#1452,#1453,#1454,#1455,
    #1456,#1457,#1458,#1459,#1460,#1461,#1462,#1463,#1464,#1465,#1466,
    #1467,#1468,#1469,#1470,#1471,#1472,#1473,#1474,#1475,#1476,#1477,
    #1478,#1479,#1480,#1481,#1482,#1483,#1484,#1485,#1486,#1487,#1488,
    #1489,#1490,#1491,#1492,#1493,#1494,#1495,#1496,#1497,#1498,#1499,
    #1500,#1501),.UNSPECIFIED.,.F.,.F.,(4,1,1,1,1,1,1,1,1,1,1,1,1,1,1,1,
    1,1,1,1,1,1,1,1,1,1,1,1,1,1,1,1,1,1,1,1,1,1,1,1,1,1,1,1,1,1,1,1,4),(
    0.,0.473206125628,0.943992429652,1.409973954886,1.868836789104,
    2.318377024136,2.756544271089,3.181492042951,3.591638155345,
    3.958628390048,4.336720798561,4.697643825895,5.041884944182,
    5.37090160957,5.687455278175,5.996091997334,6.303841257426,
    6.621230764788,6.963721635172,7.353570058326,7.821640417824,
    8.407110090534,9.197325542283,10.107526890421,11.137050913086,
    12.166574935752,13.07677628389,13.866991735638,14.452461408348,
    14.920531767847,15.310380191,15.652871061385,15.970260568747,
    16.278009828838,16.586646547997,16.903200216603,17.23221688199,
    17.576458000278,17.937381027612,18.315473436125,18.682463670827,
    19.092609783221,19.517557555084,19.955724802036,20.405265037068,
    20.864127871286,21.330109396521,21.800895700545,22.274101826172),
  .UNSPECIFIED.);
#1451 = CARTESIAN_POINT('',(13.45343848367,-33.83831022718,5.));
#1452 = CARTESIAN_POINT('',(13.596941522915,-33.77277681261,5.));
#1453 = CARTESIAN_POINT('',(13.879227164691,-33.63329911162,5.));
#1454 = CARTESIAN_POINT('',(14.287351703005,-33.39964806951,5.));
#1455 = CARTESIAN_POINT('',(14.676605761963,-33.14433405716,5.));
#1456 = CARTESIAN_POINT('',(15.043759342033,-32.8699471494,5.));
#1457 = CARTESIAN_POINT('',(15.387751404732,-32.58100850281,5.));
#1458 = CARTESIAN_POINT('',(15.702108713927,-32.27651891681,5.));
#1459 = CARTESIAN_POINT('',(16.002390735744,-31.97618947496,5.));
#1460 = CARTESIAN_POINT('',(16.223687126272,-31.63419699535,5.));
#1461 = CARTESIAN_POINT('',(16.572663127028,-31.43952576858,5.));
#1462 = CARTESIAN_POINT('',(16.744922909094,-31.10183331055,5.));
#1463 = CARTESIAN_POINT('',(16.936507447006,-30.79842422825,5.));
#1464 = CARTESIAN_POINT('',(17.094676388593,-30.49108766334,5.));
#1465 = CARTESIAN_POINT('',(17.23467067519,-30.19244986991,5.));
#1466 = CARTESIAN_POINT('',(17.356552323498,-29.89849650251,5.));
#1467 = CARTESIAN_POINT('',(17.464942012976,-29.60697064825,5.));
#1468 = CARTESIAN_POINT('',(17.564195476776,-29.31191449489,5.));
#1469 = CARTESIAN_POINT('',(17.660173252759,-29.00397441984,5.));
#1470 = CARTESIAN_POINT('',(17.760330980449,-28.66867685505,5.));
#1471 = CARTESIAN_POINT('',(17.87789865784,-28.2863228885,5.));
#1472 = CARTESIAN_POINT('',(18.025282330426,-27.82766381692,5.));
#1473 = CARTESIAN_POINT('',(18.277605007058,-27.26717147811,5.));
#1474 = CARTESIAN_POINT('',(18.480479210694,-26.52348314711,5.));
#1475 = CARTESIAN_POINT('',(19.042828777914,-25.79040442643,5.));
#1476 = CARTESIAN_POINT('',(19.716625927498,-25.06232233873,5.));
#1477 = CARTESIAN_POINT('',(20.533188521721,-24.49900035715,5.));
#1478 = CARTESIAN_POINT('',(21.338836245753,-24.04670267726,5.));
#1479 = CARTESIAN_POINT('',(22.103826911333,-23.95173132505,5.));
#1480 = CARTESIAN_POINT('',(22.694523507218,-23.781743306,5.));
#1481 = CARTESIAN_POINT('',(23.169488974309,-23.70113377829,5.));
#1482 = CARTESIAN_POINT('',(23.564682753783,-23.63917741324,5.));
#1483 = CARTESIAN_POINT('',(23.910821403641,-23.58775696551,5.));
#1484 = CARTESIAN_POINT('',(24.229286154404,-23.53658054688,5.));
#1485 = CARTESIAN_POINT('',(24.535464302205,-23.48032820898,5.));
#1486 = CARTESIAN_POINT('',(24.839448304743,-23.41453022505,5.));
#1487 = CARTESIAN_POINT('',(25.147755217778,-23.33572308213,5.));
#1488 = CARTESIAN_POINT('',(25.463276573323,-23.23965432479,5.));
#1489 = CARTESIAN_POINT('',(25.789994682492,-23.1268338685,5.));
#1490 = CARTESIAN_POINT('',(26.117580820336,-22.98037899942,5.));
#1491 = CARTESIAN_POINT('',(26.476351179085,-22.8579312211,5.));
#1492 = CARTESIAN_POINT('',(26.718705396573,-22.54021189701,5.));
#1493 = CARTESIAN_POINT('',(27.088710645873,-22.36983858908,5.));
#1494 = CARTESIAN_POINT('',(27.42871775442,-22.11535434122,5.));
#1495 = CARTESIAN_POINT('',(27.774845785091,-21.84753012235,5.));
#1496 = CARTESIAN_POINT('',(28.109798627639,-21.54815965962,5.));
#1497 = CARTESIAN_POINT('',(28.433644074683,-21.223792502,5.));
#1498 = CARTESIAN_POINT('',(28.741755986968,-20.87483546048,5.));
#1499 = CARTESIAN_POINT('',(29.031110976031,-20.50411705177,5.));
#1500 = CARTESIAN_POINT('',(29.209342430593,-20.24455441727,5.));
#1501 = CARTESIAN_POINT('',(29.29463142132,-20.11183840934,5.));
#1502 = ORIENTED_EDGE('',*,*,#1503,.F.);
#1503 = EDGE_CURVE('',#1504,#1448,#1506,.T.);
#1504 = VERTEX_POINT('',#1505);
#1505 = CARTESIAN_POINT('',(29.29463142132,-20.11183840934,0.));
#1506 = LINE('',#1507,#1508);
#1507 = CARTESIAN_POINT('',(29.29463142132,-20.11183840934,0.));
#1508 = VECTOR('',#1509,1.);
#1509 = DIRECTION('',(0.,0.,1.));
#1510 = ORIENTED_EDGE('',*,*,#1511,.F.);
#1511 = EDGE_CURVE('',#1327,#1504,#1512,.T.);
#1512 = B_SPLINE_CURVE_WITH_KNOTS('',3,(#1513,#1514,#1515,#1516,#1517,
    #1518,#1519,#1520,#1521,#1522,#1523,#1524,#1525,#1526,#1527,#1528,
    #1529,#1530,#1531,#1532,#1533,#1534,#1535,#1536,#1537,#1538,#1539,
    #1540,#1541,#1542,#1543,#1544,#1545,#1546,#1547,#1548,#1549,#1550,
    #1551,#1552,#1553,#1554,#1555,#1556,#1557,#1558,#1559,#1560,#1561,
    #1562,#1563),.UNSPECIFIED.,.F.,.F.,(4,1,1,1,1,1,1,1,1,1,1,1,1,1,1,1,
    1,1,1,1,1,1,1,1,1,1,1,1,1,1,1,1,1,1,1,1,1,1,1,1,1,1,1,1,1,1,1,1,4),(
    0.,0.473206125628,0.943992429652,1.409973954886,1.868836789104,
    2.318377024136,2.756544271089,3.181492042951,3.591638155345,
    3.958628390048,4.336720798561,4.697643825895,5.041884944182,
    5.37090160957,5.687455278175,5.996091997334,6.303841257426,
    6.621230764788,6.963721635172,7.353570058326,7.821640417824,
    8.407110090534,9.197325542283,10.107526890421,11.137050913086,
    12.166574935752,13.07677628389,13.866991735638,14.452461408348,
    14.920531767847,15.310380191,15.652871061385,15.970260568747,
    16.278009828838,16.586646547997,16.903200216603,17.23221688199,
    17.576458000278,17.937381027612,18.315473436125,18.682463670827,
    19.092609783221,19.517557555084,19.955724802036,20.405265037068,
    20.864127871286,21.330109396521,21.800895700545,22.274101826172),
  .UNSPECIFIED.);
#1513 = CARTESIAN_POINT('',(13.45343848367,-33.83831022718,0.));
#1514 = CARTESIAN_POINT('',(13.596941522915,-33.77277681261,0.));
#1515 = CARTESIAN_POINT('',(13.879227164691,-33.63329911162,0.));
#1516 = CARTESIAN_POINT('',(14.287351703005,-33.39964806951,0.));
#1517 = CARTESIAN_POINT('',(14.676605761963,-33.14433405716,0.));
#1518 = CARTESIAN_POINT('',(15.043759342033,-32.8699471494,0.));
#1519 = CARTESIAN_POINT('',(15.387751404732,-32.58100850281,0.));
#1520 = CARTESIAN_POINT('',(15.702108713927,-32.27651891681,0.));
#1521 = CARTESIAN_POINT('',(16.002390735744,-31.97618947496,0.));
#1522 = CARTESIAN_POINT('',(16.223687126272,-31.63419699535,0.));
#1523 = CARTESIAN_POINT('',(16.572663127028,-31.43952576858,0.));
#1524 = CARTESIAN_POINT('',(16.744922909094,-31.10183331055,0.));
#1525 = CARTESIAN_POINT('',(16.936507447006,-30.79842422825,0.));
#1526 = CARTESIAN_POINT('',(17.094676388593,-30.49108766334,0.));
#1527 = CARTESIAN_POINT('',(17.23467067519,-30.19244986991,0.));
#1528 = CARTESIAN_POINT('',(17.356552323498,-29.89849650251,0.));
#1529 = CARTESIAN_POINT('',(17.464942012976,-29.60697064825,0.));
#1530 = CARTESIAN_POINT('',(17.564195476776,-29.31191449489,0.));
#1531 = CARTESIAN_POINT('',(17.660173252759,-29.00397441984,0.));
#1532 = CARTESIAN_POINT('',(17.760330980449,-28.66867685505,0.));
#1533 = CARTESIAN_POINT('',(17.87789865784,-28.2863228885,0.));
#1534 = CARTESIAN_POINT('',(18.025282330426,-27.82766381692,0.));
#1535 = CARTESIAN_POINT('',(18.277605007058,-27.26717147811,0.));
#1536 = CARTESIAN_POINT('',(18.480479210694,-26.52348314711,0.));
#1537 = CARTESIAN_POINT('',(19.042828777914,-25.79040442643,0.));
#1538 = CARTESIAN_POINT('',(19.716625927498,-25.06232233873,0.));
#1539 = CARTESIAN_POINT('',(20.533188521721,-24.49900035715,0.));
#1540 = CARTESIAN_POINT('',(21.338836245753,-24.04670267726,0.));
#1541 = CARTESIAN_POINT('',(22.103826911333,-23.95173132505,0.));
#1542 = CARTESIAN_POINT('',(22.694523507218,-23.781743306,0.));
#1543 = CARTESIAN_POINT('',(23.169488974309,-23.70113377829,0.));
#1544 = CARTESIAN_POINT('',(23.564682753783,-23.63917741324,0.));
#1545 = CARTESIAN_POINT('',(23.910821403641,-23.58775696551,0.));
#1546 = CARTESIAN_POINT('',(24.229286154404,-23.53658054688,0.));
#1547 = CARTESIAN_POINT('',(24.535464302205,-23.48032820898,0.));
#1548 = CARTESIAN_POINT('',(24.839448304743,-23.41453022505,0.));
#1549 = CARTESIAN_POINT('',(25.147755217778,-23.33572308213,0.));
#1550 = CARTESIAN_POINT('',(25.463276573323,-23.23965432479,0.));
#1551 = CARTESIAN_POINT('',(25.789994682492,-23.1268338685,0.));
#1552 = CARTESIAN_POINT('',(26.117580820336,-22.98037899942,0.));
#1553 = CARTESIAN_POINT('',(26.476351179085,-22.8579312211,0.));
#1554 = CARTESIAN_POINT('',(26.718705396573,-22.54021189701,0.));
#1555 = CARTESIAN_POINT('',(27.088710645873,-22.36983858908,0.));
#1556 = CARTESIAN_POINT('',(27.42871775442,-22.11535434122,0.));
#1557 = CARTESIAN_POINT('',(27.774845785091,-21.84753012235,0.));
#1558 = CARTESIAN_POINT('',(28.109798627639,-21.54815965962,0.));
#1559 = CARTESIAN_POINT('',(28.433644074683,-21.223792502,0.));
#1560 = CARTESIAN_POINT('',(28.741755986968,-20.87483546048,0.));
#1561 = CARTESIAN_POINT('',(29.031110976031,-20.50411705177,0.));
#1562 = CARTESIAN_POINT('',(29.209342430593,-20.24455441727,0.));
#1563 = CARTESIAN_POINT('',(29.29463142132,-20.11183840934,0.));
#1564 = SURFACE_OF_LINEAR_EXTRUSION('',#1565,#1617);
#1565 = B_SPLINE_CURVE_WITH_KNOTS('',3,(#1566,#1567,#1568,#1569,#1570,
    #1571,#1572,#1573,#1574,#1575,#1576,#1577,#1578,#1579,#1580,#1581,
    #1582,#1583,#1584,#1585,#1586,#1587,#1588,#1589,#1590,#1591,#1592,
    #1593,#1594,#1595,#1596,#1597,#1598,#1599,#1600,#1601,#1602,#1603,
    #1604,#1605,#1606,#1607,#1608,#1609,#1610,#1611,#1612,#1613,#1614,
    #1615,#1616),.UNSPECIFIED.,.F.,.F.,(4,1,1,1,1,1,1,1,1,1,1,1,1,1,1,1,
    1,1,1,1,1,1,1,1,1,1,1,1,1,1,1,1,1,1,1,1,1,1,1,1,1,1,1,1,1,1,1,1,4),(
    0.,0.473206125628,0.943992429652,1.409973954886,1.868836789104,
    2.318377024136,2.756544271089,3.181492042951,3.591638155345,
    3.958628390048,4.336720798561,4.697643825895,5.041884944182,
    5.37090160957,5.687455278175,5.996091997334,6.303841257426,
    6.621230764788,6.963721635172,7.353570058326,7.821640417824,
    8.407110090534,9.197325542283,10.107526890421,11.137050913086,
    12.166574935752,13.07677628389,13.866991735638,14.452461408348,
    14.920531767847,15.310380191,15.652871061385,15.970260568747,
    16.278009828838,16.586646547997,16.903200216603,17.23221688199,
    17.576458000278,17.937381027612,18.315473436125,18.682463670827,
    19.092609783221,19.517557555084,19.955724802036,20.405265037068,
    20.864127871286,21.330109396521,21.800895700545,22.274101826172),
  .UNSPECIFIED.);
#1566 = CARTESIAN_POINT('',(13.45343848367,-33.83831022718,0.));
#1567 = CARTESIAN_POINT('',(13.596941522915,-33.77277681261,0.));
#1568 = CARTESIAN_POINT('',(13.879227164691,-33.63329911162,0.));
#1569 = CARTESIAN_POINT('',(14.287351703005,-33.39964806951,0.));
#1570 = CARTESIAN_POINT('',(14.676605761963,-33.14433405716,0.));
#1571 = CARTESIAN_POINT('',(15.043759342033,-32.8699471494,0.));
#1572 = CARTESIAN_POINT('',(15.387751404732,-32.58100850281,0.));
#1573 = CARTESIAN_POINT('',(15.702108713927,-32.27651891681,0.));
#1574 = CARTESIAN_POINT('',(16.002390735744,-31.97618947496,0.));
#1575 = CARTESIAN_POINT('',(16.223687126272,-31.63419699535,0.));
#1576 = CARTESIAN_POINT('',(16.572663127028,-31.43952576858,0.));
#1577 = CARTESIAN_POINT('',(16.744922909094,-31.10183331055,0.));
#1578 = CARTESIAN_POINT('',(16.936507447006,-30.79842422825,0.));
#1579 = CARTESIAN_POINT('',(17.094676388593,-30.49108766334,0.));
#1580 = CARTESIAN_POINT('',(17.23467067519,-30.19244986991,0.));
#1581 = CARTESIAN_POINT('',(17.356552323498,-29.89849650251,0.));
#1582 = CARTESIAN_POINT('',(17.464942012976,-29.60697064825,0.));
#1583 = CARTESIAN_POINT('',(17.564195476776,-29.31191449489,0.));
#1584 = CARTESIAN_POINT('',(17.660173252759,-29.00397441984,0.));
#1585 = CARTESIAN_POINT('',(17.760330980449,-28.66867685505,0.));
#1586 = CARTESIAN_POINT('',(17.87789865784,-28.2863228885,0.));
#1587 = CARTESIAN_POINT('',(18.025282330426,-27.82766381692,0.));
#1588 = CARTESIAN_POINT('',(18.277605007058,-27.26717147811,0.));
#1589 = CARTESIAN_POINT('',(18.480479210694,-26.52348314711,0.));
#1590 = CARTESIAN_POINT('',(19.042828777914,-25.79040442643,0.));
#1591 = CARTESIAN_POINT('',(19.716625927498,-25.06232233873,0.));
#1592 = CARTESIAN_POINT('',(20.533188521721,-24.49900035715,0.));
#1593 = CARTESIAN_POINT('',(21.338836245753,-24.04670267726,0.));
#1594 = CARTESIAN_POINT('',(22.103826911333,-23.95173132505,0.));
#1595 = CARTESIAN_POINT('',(22.694523507218,-23.781743306,0.));
#1596 = CARTESIAN_POINT('',(23.169488974309,-23.70113377829,0.));
#1597 = CARTESIAN_POINT('',(23.564682753783,-23.63917741324,0.));
#1598 = CARTESIAN_POINT('',(23.910821403641,-23.58775696551,0.));
#1599 = CARTESIAN_POINT('',(24.229286154404,-23.53658054688,0.));
#1600 = CARTESIAN_POINT('',(24.535464302205,-23.48032820898,0.));
#1601 = CARTESIAN_POINT('',(24.839448304743,-23.41453022505,0.));
#1602 = CARTESIAN_POINT('',(25.147755217778,-23.33572308213,0.));
#1603 = CARTESIAN_POINT('',(25.463276573323,-23.23965432479,0.));
#1604 = CARTESIAN_POINT('',(25.789994682492,-23.1268338685,0.));
#1605 = CARTESIAN_POINT('',(26.117580820336,-22.98037899942,0.));
#1606 = CARTESIAN_POINT('',(26.476351179085,-22.8579312211,0.));
#1607 = CARTESIAN_POINT('',(26.718705396573,-22.54021189701,0.));
#1608 = CARTESIAN_POINT('',(27.088710645873,-22.36983858908,0.));
#1609 = CARTESIAN_POINT('',(27.42871775442,-22.11535434122,0.));
#1610 = CARTESIAN_POINT('',(27.774845785091,-21.84753012235,0.));
#1611 = CARTESIAN_POINT('',(28.109798627639,-21.54815965962,0.));
#1612 = CARTESIAN_POINT('',(28.433644074683,-21.223792502,0.));
#1613 = CARTESIAN_POINT('',(28.741755986968,-20.87483546048,0.));
#1614 = CARTESIAN_POINT('',(29.031110976031,-20.50411705177,0.));
#1615 = CARTESIAN_POINT('',(29.209342430593,-20.24455441727,0.));
#1616 = CARTESIAN_POINT('',(29.29463142132,-20.11183840934,0.));
#1617 = VECTOR('',#1618,1.);
#1618 = DIRECTION('',(-0.,-0.,-1.));
#1619 = ADVANCED_FACE('',(#1620),#1741,.F.);
#1620 = FACE_BOUND('',#1621,.F.);
#1621 = EDGE_LOOP('',(#1622,#1623,#1679,#1687));
#1622 = ORIENTED_EDGE('',*,*,#1503,.T.);
#1623 = ORIENTED_EDGE('',*,*,#1624,.T.);
#1624 = EDGE_CURVE('',#1448,#1625,#1627,.T.);
#1625 = VERTEX_POINT('',#1626);
#1626 = CARTESIAN_POINT('',(35.2,-9.769962616701E-15,5.));
#1627 = B_SPLINE_CURVE_WITH_KNOTS('',3,(#1628,#1629,#1630,#1631,#1632,
    #1633,#1634,#1635,#1636,#1637,#1638,#1639,#1640,#1641,#1642,#1643,
    #1644,#1645,#1646,#1647,#1648,#1649,#1650,#1651,#1652,#1653,#1654,
    #1655,#1656,#1657,#1658,#1659,#1660,#1661,#1662,#1663,#1664,#1665,
    #1666,#1667,#1668,#1669,#1670,#1671,#1672,#1673,#1674,#1675,#1676,
    #1677,#1678),.UNSPECIFIED.,.F.,.F.,(4,1,1,1,1,1,1,1,1,1,1,1,1,1,1,1,
    1,1,1,1,1,1,1,1,1,1,1,1,1,1,1,1,1,1,1,1,1,1,1,1,1,1,1,1,1,1,1,1,4),(
    0.,0.473206125628,0.943992429652,1.409973954886,1.868836789104,
    2.318377024136,2.756544271089,3.181492042951,3.591638155345,
    3.958628390048,4.336720798561,4.697643825895,5.041884944182,
    5.37090160957,5.687455278175,5.996091997334,6.303841257426,
    6.621230764788,6.963721635172,7.353570058326,7.821640417824,
    8.407110090534,9.197325542283,10.107526890421,11.137050913086,
    12.166574935752,13.07677628389,13.866991735638,14.452461408348,
    14.920531767847,15.310380191,15.652871061385,15.970260568747,
    16.278009828838,16.586646547997,16.903200216603,17.23221688199,
    17.576458000278,17.937381027612,18.315473436125,18.682463670827,
    19.092609783221,19.517557555084,19.955724802036,20.405265037068,
    20.864127871286,21.330109396521,21.800895700545,22.274101826172),
  .UNSPECIFIED.);
#1628 = CARTESIAN_POINT('',(29.29463142132,-20.11183840934,5.));
#1629 = CARTESIAN_POINT('',(29.379923821231,-19.97912459237,5.));
#1630 = CARTESIAN_POINT('',(29.541990276361,-19.70917334353,5.));
#1631 = CARTESIAN_POINT('',(29.759005195648,-19.29196479489,5.));
#1632 = CARTESIAN_POINT('',(29.94843337157,-18.86673434739,5.));
#1633 = CARTESIAN_POINT('',(30.108957855783,-18.43740718021,5.));
#1634 = CARTESIAN_POINT('',(30.242130367711,-18.00836037302,5.));
#1635 = CARTESIAN_POINT('',(30.34196506596,-17.58225304047,5.));
#1636 = CARTESIAN_POINT('',(30.43220802271,-17.16725511876,5.));
#1637 = CARTESIAN_POINT('',(30.433479299309,-16.75991087562,5.));
#1638 = CARTESIAN_POINT('',(30.621809381639,-16.40747234803,5.));
#1639 = CARTESIAN_POINT('',(30.584153205307,-16.03025670531,5.));
#1640 = CARTESIAN_POINT('',(30.581289040386,-15.67143432175,5.));
#1641 = CARTESIAN_POINT('',(30.548190529592,-15.32737376487,5.));
#1642 = CARTESIAN_POINT('',(30.504505437006,-15.00045704057,5.));
#1643 = CARTESIAN_POINT('',(30.448115615386,-14.68727353778,5.));
#1644 = CARTESIAN_POINT('',(30.381688048425,-14.38342649265,5.));
#1645 = CARTESIAN_POINT('',(30.305665975546,-14.08154898745,5.));
#1646 = CARTESIAN_POINT('',(30.219922644765,-13.77060380815,5.));
#1647 = CARTESIAN_POINT('',(30.122905137505,-13.43438419145,5.));
#1648 = CARTESIAN_POINT('',(30.015093200424,-13.04916568108,5.));
#1649 = CARTESIAN_POINT('',(29.891110420276,-12.58363548752,5.));
#1650 = CARTESIAN_POINT('',(29.800352727173,-11.97570338922,5.));
#1651 = CARTESIAN_POINT('',(29.568953100498,-11.24039087814,5.));
#1652 = CARTESIAN_POINT('',(29.645699381798,-10.31965668481,5.));
#1653 = CARTESIAN_POINT('',(29.81890271923,-9.342872814595,5.));
#1654 = CARTESIAN_POINT('',(30.201284029788,-8.427509139028,5.));
#1655 = CARTESIAN_POINT('',(30.634507436458,-7.611446073826,5.));
#1656 = CARTESIAN_POINT('',(31.226713146966,-7.117965909475,5.));
#1657 = CARTESIAN_POINT('',(31.631736283507,-6.655608197442,5.));
#1658 = CARTESIAN_POINT('',(31.987721859712,-6.331009429081,5.));
#1659 = CARTESIAN_POINT('',(32.286683883005,-6.065230530121,5.));
#1660 = CARTESIAN_POINT('',(32.550074252153,-5.834836214195,5.));
#1661 = CARTESIAN_POINT('',(32.790315788009,-5.619608828039,5.));
#1662 = CARTESIAN_POINT('',(33.017476926575,-5.406753945932,5.));
#1663 = CARTESIAN_POINT('',(33.237631466819,-5.187054999879,5.));
#1664 = CARTESIAN_POINT('',(33.454389388433,-4.95407491099,5.));
#1665 = CARTESIAN_POINT('',(33.667884151969,-4.702673005896,5.));
#1666 = CARTESIAN_POINT('',(33.881741571832,-4.431125252847,5.));
#1667 = CARTESIAN_POINT('',(34.07814508746,-4.130813139481,5.));
#1668 = CARTESIAN_POINT('',(34.313761652271,-3.833837613356,5.));
#1669 = CARTESIAN_POINT('',(34.345870958829,-3.435528527256,5.));
#1670 = CARTESIAN_POINT('',(34.565028417496,-3.092161439615,5.));
#1671 = CARTESIAN_POINT('',(34.713476026957,-2.694253945948,5.));
#1672 = CARTESIAN_POINT('',(34.859860750949,-2.281814934203,5.));
#1673 = CARTESIAN_POINT('',(34.979789121378,-1.848879296196,5.));
#1674 = CARTESIAN_POINT('',(35.076859122547,-1.400920211699,5.));
#1675 = CARTESIAN_POINT('',(35.14739893708,-0.94078099159,5.));
#1676 = CARTESIAN_POINT('',(35.19039434034,-0.472475702754,5.));
#1677 = CARTESIAN_POINT('',(35.200002026252,-0.157758520195,5.));
#1678 = CARTESIAN_POINT('',(35.2,-9.769962616701E-15,5.));
#1679 = ORIENTED_EDGE('',*,*,#1680,.F.);
#1680 = EDGE_CURVE('',#1681,#1625,#1683,.T.);
#1681 = VERTEX_POINT('',#1682);
#1682 = CARTESIAN_POINT('',(35.2,-9.769962616701E-15,0.));
#1683 = LINE('',#1684,#1685);
#1684 = CARTESIAN_POINT('',(35.2,-9.769962616701E-15,0.));
#1685 = VECTOR('',#1686,1.);
#1686 = DIRECTION('',(0.,0.,1.));
#1687 = ORIENTED_EDGE('',*,*,#1688,.F.);
#1688 = EDGE_CURVE('',#1504,#1681,#1689,.T.);
#1689 = B_SPLINE_CURVE_WITH_KNOTS('',3,(#1690,#1691,#1692,#1693,#1694,
    #1695,#1696,#1697,#1698,#1699,#1700,#1701,#1702,#1703,#1704,#1705,
    #1706,#1707,#1708,#1709,#1710,#1711,#1712,#1713,#1714,#1715,#1716,
    #1717,#1718,#1719,#1720,#1721,#1722,#1723,#1724,#1725,#1726,#1727,
    #1728,#1729,#1730,#1731,#1732,#1733,#1734,#1735,#1736,#1737,#1738,
    #1739,#1740),.UNSPECIFIED.,.F.,.F.,(4,1,1,1,1,1,1,1,1,1,1,1,1,1,1,1,
    1,1,1,1,1,1,1,1,1,1,1,1,1,1,1,1,1,1,1,1,1,1,1,1,1,1,1,1,1,1,1,1,4),(
    0.,0.473206125628,0.943992429652,1.409973954886,1.868836789104,
    2.318377024136,2.756544271089,3.181492042951,3.591638155345,
    3.958628390048,4.336720798561,4.697643825895,5.041884944182,
    5.37090160957,5.687455278175,5.996091997334,6.303841257426,
    6.621230764788,6.963721635172,7.353570058326,7.821640417824,
    8.407110090534,9.197325542283,10.107526890421,11.137050913086,
    12.166574935752,13.07677628389,13.866991735638,14.452461408348,
    14.920531767847,15.310380191,15.652871061385,15.970260568747,
    16.278009828838,16.586646547997,16.903200216603,17.23221688199,
    17.576458000278,17.937381027612,18.315473436125,18.682463670827,
    19.092609783221,19.517557555084,19.955724802036,20.405265037068,
    20.864127871286,21.330109396521,21.800895700545,22.274101826172),
  .UNSPECIFIED.);
#1690 = CARTESIAN_POINT('',(29.29463142132,-20.11183840934,0.));
#1691 = CARTESIAN_POINT('',(29.379923821231,-19.97912459237,0.));
#1692 = CARTESIAN_POINT('',(29.541990276361,-19.70917334353,0.));
#1693 = CARTESIAN_POINT('',(29.759005195648,-19.29196479489,0.));
#1694 = CARTESIAN_POINT('',(29.94843337157,-18.86673434739,0.));
#1695 = CARTESIAN_POINT('',(30.108957855783,-18.43740718021,0.));
#1696 = CARTESIAN_POINT('',(30.242130367711,-18.00836037302,0.));
#1697 = CARTESIAN_POINT('',(30.34196506596,-17.58225304047,0.));
#1698 = CARTESIAN_POINT('',(30.43220802271,-17.16725511876,0.));
#1699 = CARTESIAN_POINT('',(30.433479299309,-16.75991087562,0.));
#1700 = CARTESIAN_POINT('',(30.621809381639,-16.40747234803,0.));
#1701 = CARTESIAN_POINT('',(30.584153205307,-16.03025670531,0.));
#1702 = CARTESIAN_POINT('',(30.581289040386,-15.67143432175,0.));
#1703 = CARTESIAN_POINT('',(30.548190529592,-15.32737376487,0.));
#1704 = CARTESIAN_POINT('',(30.504505437006,-15.00045704057,0.));
#1705 = CARTESIAN_POINT('',(30.448115615386,-14.68727353778,0.));
#1706 = CARTESIAN_POINT('',(30.381688048425,-14.38342649265,0.));
#1707 = CARTESIAN_POINT('',(30.305665975546,-14.08154898745,0.));
#1708 = CARTESIAN_POINT('',(30.219922644765,-13.77060380815,0.));
#1709 = CARTESIAN_POINT('',(30.122905137505,-13.43438419145,0.));
#1710 = CARTESIAN_POINT('',(30.015093200424,-13.04916568108,0.));
#1711 = CARTESIAN_POINT('',(29.891110420276,-12.58363548752,0.));
#1712 = CARTESIAN_POINT('',(29.800352727173,-11.97570338922,0.));
#1713 = CARTESIAN_POINT('',(29.568953100498,-11.24039087814,0.));
#1714 = CARTESIAN_POINT('',(29.645699381798,-10.31965668481,0.));
#1715 = CARTESIAN_POINT('',(29.81890271923,-9.342872814595,0.));
#1716 = CARTESIAN_POINT('',(30.201284029788,-8.427509139028,0.));
#1717 = CARTESIAN_POINT('',(30.634507436458,-7.611446073826,0.));
#1718 = CARTESIAN_POINT('',(31.226713146966,-7.117965909475,0.));
#1719 = CARTESIAN_POINT('',(31.631736283507,-6.655608197442,0.));
#1720 = CARTESIAN_POINT('',(31.987721859712,-6.331009429081,0.));
#1721 = CARTESIAN_POINT('',(32.286683883005,-6.065230530121,0.));
#1722 = CARTESIAN_POINT('',(32.550074252153,-5.834836214195,0.));
#1723 = CARTESIAN_POINT('',(32.790315788009,-5.619608828039,0.));
#1724 = CARTESIAN_POINT('',(33.017476926575,-5.406753945932,0.));
#1725 = CARTESIAN_POINT('',(33.237631466819,-5.187054999879,0.));
#1726 = CARTESIAN_POINT('',(33.454389388433,-4.95407491099,0.));
#1727 = CARTESIAN_POINT('',(33.667884151969,-4.702673005896,0.));
#1728 = CARTESIAN_POINT('',(33.881741571832,-4.431125252847,0.));
#1729 = CARTESIAN_POINT('',(34.07814508746,-4.130813139481,0.));
#1730 = CARTESIAN_POINT('',(34.313761652271,-3.833837613356,0.));
#1731 = CARTESIAN_POINT('',(34.345870958829,-3.435528527256,0.));
#1732 = CARTESIAN_POINT('',(34.565028417496,-3.092161439615,0.));
#1733 = CARTESIAN_POINT('',(34.713476026957,-2.694253945948,0.));
#1734 = CARTESIAN_POINT('',(34.859860750949,-2.281814934203,0.));
#1735 = CARTESIAN_POINT('',(34.979789121378,-1.848879296196,0.));
#1736 = CARTESIAN_POINT('',(35.076859122547,-1.400920211699,0.));
#1737 = CARTESIAN_POINT('',(35.14739893708,-0.94078099159,0.));
#1738 = CARTESIAN_POINT('',(35.19039434034,-0.472475702754,0.));
#1739 = CARTESIAN_POINT('',(35.200002026252,-0.157758520195,0.));
#1740 = CARTESIAN_POINT('',(35.2,-9.769962616701E-15,0.));
#1741 = SURFACE_OF_LINEAR_EXTRUSION('',#1742,#1794);
#1742 = B_SPLINE_CURVE_WITH_KNOTS('',3,(#1743,#1744,#1745,#1746,#1747,
    #1748,#1749,#1750,#1751,#1752,#1753,#1754,#1755,#1756,#1757,#1758,
    #1759,#1760,#1761,#1762,#1763,#1764,#1765,#1766,#1767,#1768,#1769,
    #1770,#1771,#1772,#1773,#1774,#1775,#1776,#1777,#1778,#1779,#1780,
    #1781,#1782,#1783,#1784,#1785,#1786,#1787,#1788,#1789,#1790,#1791,
    #1792,#1793),.UNSPECIFIED.,.F.,.F.,(4,1,1,1,1,1,1,1,1,1,1,1,1,1,1,1,
    1,1,1,1,1,1,1,1,1,1,1,1,1,1,1,1,1,1,1,1,1,1,1,1,1,1,1,1,1,1,1,1,4),(
    0.,0.473206125628,0.943992429652,1.409973954886,1.868836789104,
    2.318377024136,2.756544271089,3.181492042951,3.591638155345,
    3.958628390048,4.336720798561,4.697643825895,5.041884944182,
    5.37090160957,5.687455278175,5.996091997334,6.303841257426,
    6.621230764788,6.963721635172,7.353570058326,7.821640417824,
    8.407110090534,9.197325542283,10.107526890421,11.137050913086,
    12.166574935752,13.07677628389,13.866991735638,14.452461408348,
    14.920531767847,15.310380191,15.652871061385,15.970260568747,
    16.278009828838,16.586646547997,16.903200216603,17.23221688199,
    17.576458000278,17.937381027612,18.315473436125,18.682463670827,
    19.092609783221,19.517557555084,19.955724802036,20.405265037068,
    20.864127871286,21.330109396521,21.800895700545,22.274101826172),
  .UNSPECIFIED.);
#1743 = CARTESIAN_POINT('',(29.29463142132,-20.11183840934,0.));
#1744 = CARTESIAN_POINT('',(29.379923821231,-19.97912459237,0.));
#1745 = CARTESIAN_POINT('',(29.541990276361,-19.70917334353,0.));
#1746 = CARTESIAN_POINT('',(29.759005195648,-19.29196479489,0.));
#1747 = CARTESIAN_POINT('',(29.94843337157,-18.86673434739,0.));
#1748 = CARTESIAN_POINT('',(30.108957855783,-18.43740718021,0.));
#1749 = CARTESIAN_POINT('',(30.242130367711,-18.00836037302,0.));
#1750 = CARTESIAN_POINT('',(30.34196506596,-17.58225304047,0.));
#1751 = CARTESIAN_POINT('',(30.43220802271,-17.16725511876,0.));
#1752 = CARTESIAN_POINT('',(30.433479299309,-16.75991087562,0.));
#1753 = CARTESIAN_POINT('',(30.621809381639,-16.40747234803,0.));
#1754 = CARTESIAN_POINT('',(30.584153205307,-16.03025670531,0.));
#1755 = CARTESIAN_POINT('',(30.581289040386,-15.67143432175,0.));
#1756 = CARTESIAN_POINT('',(30.548190529592,-15.32737376487,0.));
#1757 = CARTESIAN_POINT('',(30.504505437006,-15.00045704057,0.));
#1758 = CARTESIAN_POINT('',(30.448115615386,-14.68727353778,0.));
#1759 = CARTESIAN_POINT('',(30.381688048425,-14.38342649265,0.));
#1760 = CARTESIAN_POINT('',(30.305665975546,-14.08154898745,0.));
#1761 = CARTESIAN_POINT('',(30.219922644765,-13.77060380815,0.));
#1762 = CARTESIAN_POINT('',(30.122905137505,-13.43438419145,0.));
#1763 = CARTESIAN_POINT('',(30.015093200424,-13.04916568108,0.));
#1764 = CARTESIAN_POINT('',(29.891110420276,-12.58363548752,0.));
#1765 = CARTESIAN_POINT('',(29.800352727173,-11.97570338922,0.));
#1766 = CARTESIAN_POINT('',(29.568953100498,-11.24039087814,0.));
#1767 = CARTESIAN_POINT('',(29.645699381798,-10.31965668481,0.));
#1768 = CARTESIAN_POINT('',(29.81890271923,-9.342872814595,0.));
#1769 = CARTESIAN_POINT('',(30.201284029788,-8.427509139028,0.));
#1770 = CARTESIAN_POINT('',(30.634507436458,-7.611446073826,0.));
#1771 = CARTESIAN_POINT('',(31.226713146966,-7.117965909475,0.));
#1772 = CARTESIAN_POINT('',(31.631736283507,-6.655608197442,0.));
#1773 = CARTESIAN_POINT('',(31.987721859712,-6.331009429081,0.));
#1774 = CARTESIAN_POINT('',(32.286683883005,-6.065230530121,0.));
#1775 = CARTESIAN_POINT('',(32.550074252153,-5.834836214195,0.));
#1776 = CARTESIAN_POINT('',(32.790315788009,-5.619608828039,0.));
#1777 = CARTESIAN_POINT('',(33.017476926575,-5.406753945932,0.));
#1778 = CARTESIAN_POINT('',(33.237631466819,-5.187054999879,0.));
#1779 = CARTESIAN_POINT('',(33.454389388433,-4.95407491099,0.));
#1780 = CARTESIAN_POINT('',(33.667884151969,-4.702673005896,0.));
#1781 = CARTESIAN_POINT('',(33.881741571832,-4.431125252847,0.));
#1782 = CARTESIAN_POINT('',(34.07814508746,-4.130813139481,0.));
#1783 = CARTESIAN_POINT('',(34.313761652271,-3.833837613356,0.));
#1784 = CARTESIAN_POINT('',(34.345870958829,-3.435528527256,0.));
#1785 = CARTESIAN_POINT('',(34.565028417496,-3.092161439615,0.));
#1786 = CARTESIAN_POINT('',(34.713476026957,-2.694253945948,0.));
#1787 = CARTESIAN_POINT('',(34.859860750949,-2.281814934203,0.));
#1788 = CARTESIAN_POINT('',(34.979789121378,-1.848879296196,0.));
#1789 = CARTESIAN_POINT('',(35.076859122547,-1.400920211699,0.));
#1790 = CARTESIAN_POINT('',(35.14739893708,-0.94078099159,0.));
#1791 = CARTESIAN_POINT('',(35.19039434034,-0.472475702754,0.));
#1792 = CARTESIAN_POINT('',(35.200002026252,-0.157758520195,0.));
#1793 = CARTESIAN_POINT('',(35.2,-9.769962616701E-15,0.));
#1794 = VECTOR('',#1795,1.);
#1795 = DIRECTION('',(-0.,-0.,-1.));
#1796 = ADVANCED_FACE('',(#1797),#1909,.F.);
#1797 = FACE_BOUND('',#1798,.F.);
#1798 = EDGE_LOOP('',(#1799,#1800,#1854,#1855));
#1799 = ORIENTED_EDGE('',*,*,#1680,.T.);
#1800 = ORIENTED_EDGE('',*,*,#1801,.T.);
#1801 = EDGE_CURVE('',#1625,#24,#1802,.T.);
#1802 = B_SPLINE_CURVE_WITH_KNOTS('',3,(#1803,#1804,#1805,#1806,#1807,
    #1808,#1809,#1810,#1811,#1812,#1813,#1814,#1815,#1816,#1817,#1818,
    #1819,#1820,#1821,#1822,#1823,#1824,#1825,#1826,#1827,#1828,#1829,
    #1830,#1831,#1832,#1833,#1834,#1835,#1836,#1837,#1838,#1839,#1840,
    #1841,#1842,#1843,#1844,#1845,#1846,#1847,#1848,#1849,#1850,#1851,
    #1852,#1853),.UNSPECIFIED.,.F.,.F.,(4,1,1,1,1,1,1,1,1,1,1,1,1,1,1,1,
    1,1,1,1,1,1,1,1,1,1,1,1,1,1,1,1,1,1,1,1,1,1,1,1,1,1,1,1,1,1,1,1,4),(
    0.,0.473206125628,0.943992429652,1.409973954886,1.868836789104,
    2.318377024136,2.756544271089,3.181492042951,3.591638155345,
    3.958628390048,4.336720798561,4.697643825895,5.041884944182,
    5.37090160957,5.687455278175,5.996091997334,6.303841257426,
    6.621230764788,6.963721635172,7.353570058326,7.821640417824,
    8.407110090534,9.197325542283,10.107526890421,11.137050913086,
    12.166574935752,13.07677628389,13.866991735638,14.452461408348,
    14.920531767847,15.310380191,15.652871061385,15.970260568747,
    16.278009828838,16.586646547997,16.903200216603,17.23221688199,
    17.576458000278,17.937381027612,18.315473436125,18.682463670827,
    19.092609783221,19.517557555084,19.955724802036,20.405265037068,
    20.864127871286,21.330109396521,21.800895700545,22.274101826172),
  .UNSPECIFIED.);
#1803 = CARTESIAN_POINT('',(35.2,-9.769962616701E-15,5.));
#1804 = CARTESIAN_POINT('',(35.200002026252,0.157758520195,5.));
#1805 = CARTESIAN_POINT('',(35.19039434034,0.472475702754,5.));
#1806 = CARTESIAN_POINT('',(35.14739893708,0.94078099159,5.));
#1807 = CARTESIAN_POINT('',(35.076859122547,1.400920211699,5.));
#1808 = CARTESIAN_POINT('',(34.979789121378,1.848879296196,5.));
#1809 = CARTESIAN_POINT('',(34.859860750949,2.281814934203,5.));
#1810 = CARTESIAN_POINT('',(34.713476026957,2.694253945948,5.));
#1811 = CARTESIAN_POINT('',(34.565028417496,3.092161439615,5.));
#1812 = CARTESIAN_POINT('',(34.345870958829,3.435528527256,5.));
#1813 = CARTESIAN_POINT('',(34.313761652271,3.833837613356,5.));
#1814 = CARTESIAN_POINT('',(34.07814508746,4.130813139481,5.));
#1815 = CARTESIAN_POINT('',(33.881741571832,4.431125252847,5.));
#1816 = CARTESIAN_POINT('',(33.667884151969,4.702673005896,5.));
#1817 = CARTESIAN_POINT('',(33.454389388433,4.95407491099,5.));
#1818 = CARTESIAN_POINT('',(33.237631466819,5.187054999879,5.));
#1819 = CARTESIAN_POINT('',(33.017476926575,5.406753945932,5.));
#1820 = CARTESIAN_POINT('',(32.790315788009,5.619608828039,5.));
#1821 = CARTESIAN_POINT('',(32.550074252153,5.834836214195,5.));
#1822 = CARTESIAN_POINT('',(32.286683883005,6.065230530121,5.));
#1823 = CARTESIAN_POINT('',(31.987721859712,6.331009429081,5.));
#1824 = CARTESIAN_POINT('',(31.631736283507,6.655608197441,5.));
#1825 = CARTESIAN_POINT('',(31.226713146966,7.117965909475,5.));
#1826 = CARTESIAN_POINT('',(30.634507436458,7.611446073826,5.));
#1827 = CARTESIAN_POINT('',(30.201284029788,8.427509139028,5.));
#1828 = CARTESIAN_POINT('',(29.81890271923,9.342872814594,5.));
#1829 = CARTESIAN_POINT('',(29.645699381798,10.31965668481,5.));
#1830 = CARTESIAN_POINT('',(29.568953100499,11.240390878147,5.));
#1831 = CARTESIAN_POINT('',(29.800352727173,11.97570338922,5.));
#1832 = CARTESIAN_POINT('',(29.891110420276,12.583635487529,5.));
#1833 = CARTESIAN_POINT('',(30.015093200424,13.049165681086,5.));
#1834 = CARTESIAN_POINT('',(30.122905137505,13.43438419145,5.));
#1835 = CARTESIAN_POINT('',(30.219922644765,13.770603808153,5.));
#1836 = CARTESIAN_POINT('',(30.305665975546,14.081548987451,5.));
#1837 = CARTESIAN_POINT('',(30.381688048425,14.383426492651,5.));
#1838 = CARTESIAN_POINT('',(30.448115615386,14.687273537783,5.));
#1839 = CARTESIAN_POINT('',(30.504505437006,15.000457040571,5.));
#1840 = CARTESIAN_POINT('',(30.548190529592,15.327373764872,5.));
#1841 = CARTESIAN_POINT('',(30.581289040386,15.671434321751,5.));
#1842 = CARTESIAN_POINT('',(30.584153205307,16.030256705312,5.));
#1843 = CARTESIAN_POINT('',(30.621809381639,16.407472348034,5.));
#1844 = CARTESIAN_POINT('',(30.433479299309,16.75991087562,5.));
#1845 = CARTESIAN_POINT('',(30.43220802271,17.167255118761,5.));
#1846 = CARTESIAN_POINT('',(30.34196506596,17.582253040478,5.));
#1847 = CARTESIAN_POINT('',(30.242130367711,18.008360373027,5.));
#1848 = CARTESIAN_POINT('',(30.108957855783,18.437407180214,5.));
#1849 = CARTESIAN_POINT('',(29.94843337157,18.866734347393,5.));
#1850 = CARTESIAN_POINT('',(29.759005195648,19.291964794897,5.));
#1851 = CARTESIAN_POINT('',(29.541990276361,19.709173343539,5.));
#1852 = CARTESIAN_POINT('',(29.379923821231,19.979124592374,5.));
#1853 = CARTESIAN_POINT('',(29.29463142132,20.111838409348,5.));
#1854 = ORIENTED_EDGE('',*,*,#21,.F.);
#1855 = ORIENTED_EDGE('',*,*,#1856,.F.);
#1856 = EDGE_CURVE('',#1681,#22,#1857,.T.);
#1857 = B_SPLINE_CURVE_WITH_KNOTS('',3,(#1858,#1859,#1860,#1861,#1862,
    #1863,#1864,#1865,#1866,#1867,#1868,#1869,#1870,#1871,#1872,#1873,
    #1874,#1875,#1876,#1877,#1878,#1879,#1880,#1881,#1882,#1883,#1884,
    #1885,#1886,#1887,#1888,#1889,#1890,#1891,#1892,#1893,#1894,#1895,
    #1896,#1897,#1898,#1899,#1900,#1901,#1902,#1903,#1904,#1905,#1906,
    #1907,#1908),.UNSPECIFIED.,.F.,.F.,(4,1,1,1,1,1,1,1,1,1,1,1,1,1,1,1,
    1,1,1,1,1,1,1,1,1,1,1,1,1,1,1,1,1,1,1,1,1,1,1,1,1,1,1,1,1,1,1,1,4),(
    0.,0.473206125628,0.943992429652,1.409973954886,1.868836789104,
    2.318377024136,2.756544271089,3.181492042951,3.591638155345,
    3.958628390048,4.336720798561,4.697643825895,5.041884944182,
    5.37090160957,5.687455278175,5.996091997334,6.303841257426,
    6.621230764788,6.963721635172,7.353570058326,7.821640417824,
    8.407110090534,9.197325542283,10.107526890421,11.137050913086,
    12.166574935752,13.07677628389,13.866991735638,14.452461408348,
    14.920531767847,15.310380191,15.652871061385,15.970260568747,
    16.278009828838,16.586646547997,16.903200216603,17.23221688199,
    17.576458000278,17.937381027612,18.315473436125,18.682463670827,
    19.092609783221,19.517557555084,19.955724802036,20.405265037068,
    20.864127871286,21.330109396521,21.800895700545,22.274101826172),
  .UNSPECIFIED.);
#1858 = CARTESIAN_POINT('',(35.2,-9.769962616701E-15,0.));
#1859 = CARTESIAN_POINT('',(35.200002026252,0.157758520195,0.));
#1860 = CARTESIAN_POINT('',(35.19039434034,0.472475702754,0.));
#1861 = CARTESIAN_POINT('',(35.14739893708,0.94078099159,0.));
#1862 = CARTESIAN_POINT('',(35.076859122547,1.400920211699,0.));
#1863 = CARTESIAN_POINT('',(34.979789121378,1.848879296196,0.));
#1864 = CARTESIAN_POINT('',(34.859860750949,2.281814934203,0.));
#1865 = CARTESIAN_POINT('',(34.713476026957,2.694253945948,0.));
#1866 = CARTESIAN_POINT('',(34.565028417496,3.092161439615,0.));
#1867 = CARTESIAN_POINT('',(34.345870958829,3.435528527256,0.));
#1868 = CARTESIAN_POINT('',(34.313761652271,3.833837613356,0.));
#1869 = CARTESIAN_POINT('',(34.07814508746,4.130813139481,0.));
#1870 = CARTESIAN_POINT('',(33.881741571832,4.431125252847,0.));
#1871 = CARTESIAN_POINT('',(33.667884151969,4.702673005896,0.));
#1872 = CARTESIAN_POINT('',(33.454389388433,4.95407491099,0.));
#1873 = CARTESIAN_POINT('',(33.237631466819,5.187054999879,0.));
#1874 = CARTESIAN_POINT('',(33.017476926575,5.406753945932,0.));
#1875 = CARTESIAN_POINT('',(32.790315788009,5.619608828039,0.));
#1876 = CARTESIAN_POINT('',(32.550074252153,5.834836214195,0.));
#1877 = CARTESIAN_POINT('',(32.286683883005,6.065230530121,0.));
#1878 = CARTESIAN_POINT('',(31.987721859712,6.331009429081,0.));
#1879 = CARTESIAN_POINT('',(31.631736283507,6.655608197441,0.));
#1880 = CARTESIAN_POINT('',(31.226713146966,7.117965909475,0.));
#1881 = CARTESIAN_POINT('',(30.634507436458,7.611446073826,0.));
#1882 = CARTESIAN_POINT('',(30.201284029788,8.427509139028,0.));
#1883 = CARTESIAN_POINT('',(29.81890271923,9.342872814594,0.));
#1884 = CARTESIAN_POINT('',(29.645699381798,10.31965668481,0.));
#1885 = CARTESIAN_POINT('',(29.568953100499,11.240390878147,0.));
#1886 = CARTESIAN_POINT('',(29.800352727173,11.97570338922,0.));
#1887 = CARTESIAN_POINT('',(29.891110420276,12.583635487529,0.));
#1888 = CARTESIAN_POINT('',(30.015093200424,13.049165681086,0.));
#1889 = CARTESIAN_POINT('',(30.122905137505,13.43438419145,0.));
#1890 = CARTESIAN_POINT('',(30.219922644765,13.770603808153,0.));
#1891 = CARTESIAN_POINT('',(30.305665975546,14.081548987451,0.));
#1892 = CARTESIAN_POINT('',(30.381688048425,14.383426492651,0.));
#1893 = CARTESIAN_POINT('',(30.448115615386,14.687273537783,0.));
#1894 = CARTESIAN_POINT('',(30.504505437006,15.000457040571,0.));
#1895 = CARTESIAN_POINT('',(30.548190529592,15.327373764872,0.));
#1896 = CARTESIAN_POINT('',(30.581289040386,15.671434321751,0.));
#1897 = CARTESIAN_POINT('',(30.584153205307,16.030256705312,0.));
#1898 = CARTESIAN_POINT('',(30.621809381639,16.407472348034,0.));
#1899 = CARTESIAN_POINT('',(30.433479299309,16.75991087562,0.));
#1900 = CARTESIAN_POINT('',(30.43220802271,17.167255118761,0.));
#1901 = CARTESIAN_POINT('',(30.34196506596,17.582253040478,0.));
#1902 = CARTESIAN_POINT('',(30.242130367711,18.008360373027,0.));
#1903 = CARTESIAN_POINT('',(30.108957855783,18.437407180214,0.));
#1904 = CARTESIAN_POINT('',(29.94843337157,18.866734347393,0.));
#1905 = CARTESIAN_POINT('',(29.759005195648,19.291964794897,0.));
#1906 = CARTESIAN_POINT('',(29.541990276361,19.709173343539,0.));
#1907 = CARTESIAN_POINT('',(29.379923821231,19.979124592374,0.));
#1908 = CARTESIAN_POINT('',(29.29463142132,20.111838409348,0.));
#1909 = SURFACE_OF_LINEAR_EXTRUSION('',#1910,#1962);
#1910 = B_SPLINE_CURVE_WITH_KNOTS('',3,(#1911,#1912,#1913,#1914,#1915,
    #1916,#1917,#1918,#1919,#1920,#1921,#1922,#1923,#1924,#1925,#1926,
    #1927,#1928,#1929,#1930,#1931,#1932,#1933,#1934,#1935,#1936,#1937,
    #1938,#1939,#1940,#1941,#1942,#1943,#1944,#1945,#1946,#1947,#1948,
    #1949,#1950,#1951,#1952,#1953,#1954,#1955,#1956,#1957,#1958,#1959,
    #1960,#1961),.UNSPECIFIED.,.F.,.F.,(4,1,1,1,1,1,1,1,1,1,1,1,1,1,1,1,
    1,1,1,1,1,1,1,1,1,1,1,1,1,1,1,1,1,1,1,1,1,1,1,1,1,1,1,1,1,1,1,1,4),(
    0.,0.473206125628,0.943992429652,1.409973954886,1.868836789104,
    2.318377024136,2.756544271089,3.181492042951,3.591638155345,
    3.958628390048,4.336720798561,4.697643825895,5.041884944182,
    5.37090160957,5.687455278175,5.996091997334,6.303841257426,
    6.621230764788,6.963721635172,7.353570058326,7.821640417824,
    8.407110090534,9.197325542283,10.107526890421,11.137050913086,
    12.166574935752,13.07677628389,13.866991735638,14.452461408348,
    14.920531767847,15.310380191,15.652871061385,15.970260568747,
    16.278009828838,16.586646547997,16.903200216603,17.23221688199,
    17.576458000278,17.937381027612,18.315473436125,18.682463670827,
    19.092609783221,19.517557555084,19.955724802036,20.405265037068,
    20.864127871286,21.330109396521,21.800895700545,22.274101826172),
  .UNSPECIFIED.);
#1911 = CARTESIAN_POINT('',(35.2,-9.769962616701E-15,0.));
#1912 = CARTESIAN_POINT('',(35.200002026252,0.157758520195,0.));
#1913 = CARTESIAN_POINT('',(35.19039434034,0.472475702754,0.));
#1914 = CARTESIAN_POINT('',(35.14739893708,0.94078099159,0.));
#1915 = CARTESIAN_POINT('',(35.076859122547,1.400920211699,0.));
#1916 = CARTESIAN_POINT('',(34.979789121378,1.848879296196,0.));
#1917 = CARTESIAN_POINT('',(34.859860750949,2.281814934203,0.));
#1918 = CARTESIAN_POINT('',(34.713476026957,2.694253945948,0.));
#1919 = CARTESIAN_POINT('',(34.565028417496,3.092161439615,0.));
#1920 = CARTESIAN_POINT('',(34.345870958829,3.435528527256,0.));
#1921 = CARTESIAN_POINT('',(34.313761652271,3.833837613356,0.));
#1922 = CARTESIAN_POINT('',(34.07814508746,4.130813139481,0.));
#1923 = CARTESIAN_POINT('',(33.881741571832,4.431125252847,0.));
#1924 = CARTESIAN_POINT('',(33.667884151969,4.702673005896,0.));
#1925 = CARTESIAN_POINT('',(33.454389388433,4.95407491099,0.));
#1926 = CARTESIAN_POINT('',(33.237631466819,5.187054999879,0.));
#1927 = CARTESIAN_POINT('',(33.017476926575,5.406753945932,0.));
#1928 = CARTESIAN_POINT('',(32.790315788009,5.619608828039,0.));
#1929 = CARTESIAN_POINT('',(32.550074252153,5.834836214195,0.));
#1930 = CARTESIAN_POINT('',(32.286683883005,6.065230530121,0.));
#1931 = CARTESIAN_POINT('',(31.987721859712,6.331009429081,0.));
#1932 = CARTESIAN_POINT('',(31.631736283507,6.655608197441,0.));
#1933 = CARTESIAN_POINT('',(31.226713146966,7.117965909475,0.));
#1934 = CARTESIAN_POINT('',(30.634507436458,7.611446073826,0.));
#1935 = CARTESIAN_POINT('',(30.201284029788,8.427509139028,0.));
#1936 = CARTESIAN_POINT('',(29.81890271923,9.342872814594,0.));
#1937 = CARTESIAN_POINT('',(29.645699381798,10.31965668481,0.));
#1938 = CARTESIAN_POINT('',(29.568953100499,11.240390878147,0.));
#1939 = CARTESIAN_POINT('',(29.800352727173,11.97570338922,0.));
#1940 = CARTESIAN_POINT('',(29.891110420276,12.583635487529,0.));
#1941 = CARTESIAN_POINT('',(30.015093200424,13.049165681086,0.));
#1942 = CARTESIAN_POINT('',(30.122905137505,13.43438419145,0.));
#1943 = CARTESIAN_POINT('',(30.219922644765,13.770603808153,0.));
#1944 = CARTESIAN_POINT('',(30.305665975546,14.081548987451,0.));
#1945 = CARTESIAN_POINT('',(30.381688048425,14.383426492651,0.));
#1946 = CARTESIAN_POINT('',(30.448115615386,14.687273537783,0.));
#1947 = CARTESIAN_POINT('',(30.504505437006,15.000457040571,0.));
#1948 = CARTESIAN_POINT('',(30.548190529592,15.327373764872,0.));
#1949 = CARTESIAN_POINT('',(30.581289040386,15.671434321751,0.));
#1950 = CARTESIAN_POINT('',(30.584153205307,16.030256705312,0.));
#1951 = CARTESIAN_POINT('',(30.621809381639,16.407472348034,0.));
#1952 = CARTESIAN_POINT('',(30.433479299309,16.75991087562,0.));
#1953 = CARTESIAN_POINT('',(30.43220802271,17.167255118761,0.));
#1954 = CARTESIAN_POINT('',(30.34196506596,17.582253040478,0.));
#1955 = CARTESIAN_POINT('',(30.242130367711,18.008360373027,0.));
#1956 = CARTESIAN_POINT('',(30.108957855783,18.437407180214,0.));
#1957 = CARTESIAN_POINT('',(29.94843337157,18.866734347393,0.));
#1958 = CARTESIAN_POINT('',(29.759005195648,19.291964794897,0.));
#1959 = CARTESIAN_POINT('',(29.541990276361,19.709173343539,0.));
#1960 = CARTESIAN_POINT('',(29.379923821231,19.979124592374,0.));
#1961 = CARTESIAN_POINT('',(29.29463142132,20.111838409348,0.));
#1962 = VECTOR('',#1963,1.);
#1963 = DIRECTION('',(-0.,-0.,-1.));
#1964 = ADVANCED_FACE('',(#1965),#1992,.F.);
#1965 = FACE_BOUND('',#1966,.T.);
#1966 = EDGE_LOOP('',(#1967,#1977,#1984,#1985));
#1967 = ORIENTED_EDGE('',*,*,#1968,.T.);
#1968 = EDGE_CURVE('',#1969,#1971,#1973,.T.);
#1969 = VERTEX_POINT('',#1970);
#1970 = CARTESIAN_POINT('',(-7.5,21.650635094611,0.));
#1971 = VERTEX_POINT('',#1972);
#1972 = CARTESIAN_POINT('',(-7.5,21.650635094611,5.));
#1973 = LINE('',#1974,#1975);
#1974 = CARTESIAN_POINT('',(-7.5,21.650635094611,0.));
#1975 = VECTOR('',#1976,1.);
#1976 = DIRECTION('',(0.,0.,1.));
#1977 = ORIENTED_EDGE('',*,*,#1978,.T.);
#1978 = EDGE_CURVE('',#1971,#1971,#1979,.T.);
#1979 = CIRCLE('',#1980,7.);
#1980 = AXIS2_PLACEMENT_3D('',#1981,#1982,#1983);
#1981 = CARTESIAN_POINT('',(-14.5,21.650635094611,5.));
#1982 = DIRECTION('',(0.,0.,1.));
#1983 = DIRECTION('',(1.,0.,0.));
#1984 = ORIENTED_EDGE('',*,*,#1968,.F.);
#1985 = ORIENTED_EDGE('',*,*,#1986,.F.);
#1986 = EDGE_CURVE('',#1969,#1969,#1987,.T.);
#1987 = CIRCLE('',#1988,7.);
#1988 = AXIS2_PLACEMENT_3D('',#1989,#1990,#1991);
#1989 = CARTESIAN_POINT('',(-14.5,21.650635094611,0.));
#1990 = DIRECTION('',(0.,0.,1.));
#1991 = DIRECTION('',(1.,0.,0.));
#1992 = CYLINDRICAL_SURFACE('',#1993,7.);
#1993 = AXIS2_PLACEMENT_3D('',#1994,#1995,#1996);
#1994 = CARTESIAN_POINT('',(-14.5,21.650635094611,0.));
#1995 = DIRECTION('',(-0.,-0.,-1.));
#1996 = DIRECTION('',(1.,0.,0.));
#1997 = ADVANCED_FACE('',(#1998),#2025,.F.);
#1998 = FACE_BOUND('',#1999,.T.);
#1999 = EDGE_LOOP('',(#2000,#2010,#2017,#2018));
#2000 = ORIENTED_EDGE('',*,*,#2001,.T.);
#2001 = EDGE_CURVE('',#2002,#2004,#2006,.T.);
#2002 = VERTEX_POINT('',#2003);
#2003 = CARTESIAN_POINT('',(17.5,21.650635094611,0.));
#2004 = VERTEX_POINT('',#2005);
#2005 = CARTESIAN_POINT('',(17.5,21.650635094611,5.));
#2006 = LINE('',#2007,#2008);
#2007 = CARTESIAN_POINT('',(17.5,21.650635094611,0.));
#2008 = VECTOR('',#2009,1.);
#2009 = DIRECTION('',(0.,0.,1.));
#2010 = ORIENTED_EDGE('',*,*,#2011,.T.);
#2011 = EDGE_CURVE('',#2004,#2004,#2012,.T.);
#2012 = CIRCLE('',#2013,7.);
#2013 = AXIS2_PLACEMENT_3D('',#2014,#2015,#2016);
#2014 = CARTESIAN_POINT('',(10.5,21.650635094611,5.));
#2015 = DIRECTION('',(0.,0.,1.));
#2016 = DIRECTION('',(1.,0.,0.));
#2017 = ORIENTED_EDGE('',*,*,#2001,.F.);
#2018 = ORIENTED_EDGE('',*,*,#2019,.F.);
#2019 = EDGE_CURVE('',#2002,#2002,#2020,.T.);
#2020 = CIRCLE('',#2021,7.);
#2021 = AXIS2_PLACEMENT_3D('',#2022,#2023,#2024);
#2022 = CARTESIAN_POINT('',(10.5,21.650635094611,0.));
#2023 = DIRECTION('',(0.,0.,1.));
#2024 = DIRECTION('',(1.,0.,0.));
#2025 = CYLINDRICAL_SURFACE('',#2026,7.);
#2026 = AXIS2_PLACEMENT_3D('',#2027,#2028,#2029);
#2027 = CARTESIAN_POINT('',(10.5,21.650635094611,0.));
#2028 = DIRECTION('',(-0.,-0.,-1.));
#2029 = DIRECTION('',(1.,0.,0.));
#2030 = ADVANCED_FACE('',(#2031),#2058,.F.);
#2031 = FACE_BOUND('',#2032,.T.);
#2032 = EDGE_LOOP('',(#2033,#2043,#2050,#2051));
#2033 = ORIENTED_EDGE('',*,*,#2034,.T.);
#2034 = EDGE_CURVE('',#2035,#2037,#2039,.T.);
#2035 = VERTEX_POINT('',#2036);
#2036 = CARTESIAN_POINT('',(30.,0.,0.));
#2037 = VERTEX_POINT('',#2038);
#2038 = CARTESIAN_POINT('',(30.,0.,5.));
#2039 = LINE('',#2040,#2041);
#2040 = CARTESIAN_POINT('',(30.,0.,0.));
#2041 = VECTOR('',#2042,1.);
#2042 = DIRECTION('',(0.,0.,1.));
#2043 = ORIENTED_EDGE('',*,*,#2044,.T.);
#2044 = EDGE_CURVE('',#2037,#2037,#2045,.T.);
#2045 = CIRCLE('',#2046,7.);
#2046 = AXIS2_PLACEMENT_3D('',#2047,#2048,#2049);
#2047 = CARTESIAN_POINT('',(23.,0.,5.));
#2048 = DIRECTION('',(0.,0.,1.));
#2049 = DIRECTION('',(1.,0.,0.));
#2050 = ORIENTED_EDGE('',*,*,#2034,.F.);
#2051 = ORIENTED_EDGE('',*,*,#2052,.F.);
#2052 = EDGE_CURVE('',#2035,#2035,#2053,.T.);
#2053 = CIRCLE('',#2054,7.);
#2054 = AXIS2_PLACEMENT_3D('',#2055,#2056,#2057);
#2055 = CARTESIAN_POINT('',(23.,0.,0.));
#2056 = DIRECTION('',(0.,0.,1.));
#2057 = DIRECTION('',(1.,0.,0.));
#2058 = CYLINDRICAL_SURFACE('',#2059,7.);
#2059 = AXIS2_PLACEMENT_3D('',#2060,#2061,#2062);
#2060 = CARTESIAN_POINT('',(23.,0.,0.));
#2061 = DIRECTION('',(-0.,-0.,-1.));
#2062 = DIRECTION('',(1.,0.,0.));
#2063 = ADVANCED_FACE('',(#2064),#2091,.F.);
#2064 = FACE_BOUND('',#2065,.T.);
#2065 = EDGE_LOOP('',(#2066,#2076,#2083,#2084));
#2066 = ORIENTED_EDGE('',*,*,#2067,.T.);
#2067 = EDGE_CURVE('',#2068,#2070,#2072,.T.);
#2068 = VERTEX_POINT('',#2069);
#2069 = CARTESIAN_POINT('',(-7.5,-21.65063509461,0.));
#2070 = VERTEX_POINT('',#2071);
#2071 = CARTESIAN_POINT('',(-7.5,-21.65063509461,5.));
#2072 = LINE('',#2073,#2074);
#2073 = CARTESIAN_POINT('',(-7.5,-21.65063509461,0.));
#2074 = VECTOR('',#2075,1.);
#2075 = DIRECTION('',(0.,0.,1.));
#2076 = ORIENTED_EDGE('',*,*,#2077,.T.);
#2077 = EDGE_CURVE('',#2070,#2070,#2078,.T.);
#2078 = CIRCLE('',#2079,7.);
#2079 = AXIS2_PLACEMENT_3D('',#2080,#2081,#2082);
#2080 = CARTESIAN_POINT('',(-14.5,-21.65063509461,5.));
#2081 = DIRECTION('',(0.,0.,1.));
#2082 = DIRECTION('',(1.,0.,0.));
#2083 = ORIENTED_EDGE('',*,*,#2067,.F.);
#2084 = ORIENTED_EDGE('',*,*,#2085,.F.);
#2085 = EDGE_CURVE('',#2068,#2068,#2086,.T.);
#2086 = CIRCLE('',#2087,7.);
#2087 = AXIS2_PLACEMENT_3D('',#2088,#2089,#2090);
#2088 = CARTESIAN_POINT('',(-14.5,-21.65063509461,0.));
#2089 = DIRECTION('',(0.,0.,1.));
#2090 = DIRECTION('',(1.,0.,0.));
#2091 = CYLINDRICAL_SURFACE('',#2092,7.);
#2092 = AXIS2_PLACEMENT_3D('',#2093,#2094,#2095);
#2093 = CARTESIAN_POINT('',(-14.5,-21.65063509461,0.));
#2094 = DIRECTION('',(-0.,-0.,-1.));
#2095 = DIRECTION('',(1.,0.,0.));
#2096 = ADVANCED_FACE('',(#2097),#2124,.F.);
#2097 = FACE_BOUND('',#2098,.T.);
#2098 = EDGE_LOOP('',(#2099,#2109,#2116,#2117));
#2099 = ORIENTED_EDGE('',*,*,#2100,.T.);
#2100 = EDGE_CURVE('',#2101,#2103,#2105,.T.);
#2101 = VERTEX_POINT('',#2102);
#2102 = CARTESIAN_POINT('',(-20.,0.,0.));
#2103 = VERTEX_POINT('',#2104);
#2104 = CARTESIAN_POINT('',(-20.,0.,5.));
#2105 = LINE('',#2106,#2107);
#2106 = CARTESIAN_POINT('',(-20.,0.,0.));
#2107 = VECTOR('',#2108,1.);
#2108 = DIRECTION('',(0.,0.,1.));
#2109 = ORIENTED_EDGE('',*,*,#2110,.T.);
#2110 = EDGE_CURVE('',#2103,#2103,#2111,.T.);
#2111 = CIRCLE('',#2112,7.);
#2112 = AXIS2_PLACEMENT_3D('',#2113,#2114,#2115);
#2113 = CARTESIAN_POINT('',(-27.,0.,5.));
#2114 = DIRECTION('',(0.,0.,1.));
#2115 = DIRECTION('',(1.,0.,0.));
#2116 = ORIENTED_EDGE('',*,*,#2100,.F.);
#2117 = ORIENTED_EDGE('',*,*,#2118,.F.);
#2118 = EDGE_CURVE('',#2101,#2101,#2119,.T.);
#2119 = CIRCLE('',#2120,7.);
#2120 = AXIS2_PLACEMENT_3D('',#2121,#2122,#2123);
#2121 = CARTESIAN_POINT('',(-27.,0.,0.));
#2122 = DIRECTION('',(0.,0.,1.));
#2123 = DIRECTION('',(1.,0.,0.));
#2124 = CYLINDRICAL_SURFACE('',#2125,7.);
#2125 = AXIS2_PLACEMENT_3D('',#2126,#2127,#2128);
#2126 = CARTESIAN_POINT('',(-27.,0.,0.));
#2127 = DIRECTION('',(-0.,-0.,-1.));
#2128 = DIRECTION('',(1.,0.,0.));
#2129 = ADVANCED_FACE('',(#2130),#2157,.F.);
#2130 = FACE_BOUND('',#2131,.T.);
#2131 = EDGE_LOOP('',(#2132,#2142,#2149,#2150));
#2132 = ORIENTED_EDGE('',*,*,#2133,.T.);
#2133 = EDGE_CURVE('',#2134,#2136,#2138,.T.);
#2134 = VERTEX_POINT('',#2135);
#2135 = CARTESIAN_POINT('',(17.5,-21.65063509461,0.));
#2136 = VERTEX_POINT('',#2137);
#2137 = CARTESIAN_POINT('',(17.5,-21.65063509461,5.));
#2138 = LINE('',#2139,#2140);
#2139 = CARTESIAN_POINT('',(17.5,-21.65063509461,0.));
#2140 = VECTOR('',#2141,1.);
#2141 = DIRECTION('',(0.,0.,1.));
#2142 = ORIENTED_EDGE('',*,*,#2143,.T.);
#2143 = EDGE_CURVE('',#2136,#2136,#2144,.T.);
#2144 = CIRCLE('',#2145,7.);
#2145 = AXIS2_PLACEMENT_3D('',#2146,#2147,#2148);
#2146 = CARTESIAN_POINT('',(10.5,-21.65063509461,5.));
#2147 = DIRECTION('',(0.,0.,1.));
#2148 = DIRECTION('',(1.,0.,0.));
#2149 = ORIENTED_EDGE('',*,*,#2133,.F.);
#2150 = ORIENTED_EDGE('',*,*,#2151,.F.);
#2151 = EDGE_CURVE('',#2134,#2134,#2152,.T.);
#2152 = CIRCLE('',#2153,7.);
#2153 = AXIS2_PLACEMENT_3D('',#2154,#2155,#2156);
#2154 = CARTESIAN_POINT('',(10.5,-21.65063509461,0.));
#2155 = DIRECTION('',(0.,0.,1.));
#2156 = DIRECTION('',(1.,0.,0.));
#2157 = CYLINDRICAL_SURFACE('',#2158,7.);
#2158 = AXIS2_PLACEMENT_3D('',#2159,#2160,#2161);
#2159 = CARTESIAN_POINT('',(10.5,-21.65063509461,0.));
#2160 = DIRECTION('',(-0.,-0.,-1.));
#2161 = DIRECTION('',(1.,0.,0.));
#2162 = ADVANCED_FACE('',(#2163),#2190,.F.);
#2163 = FACE_BOUND('',#2164,.T.);
#2164 = EDGE_LOOP('',(#2165,#2175,#2182,#2183));
#2165 = ORIENTED_EDGE('',*,*,#2166,.T.);
#2166 = EDGE_CURVE('',#2167,#2169,#2171,.T.);
#2167 = VERTEX_POINT('',#2168);
#2168 = CARTESIAN_POINT('',(4.8,0.,0.));
#2169 = VERTEX_POINT('',#2170);
#2170 = CARTESIAN_POINT('',(4.8,0.,5.));
#2171 = LINE('',#2172,#2173);
#2172 = CARTESIAN_POINT('',(4.8,0.,0.));
#2173 = VECTOR('',#2174,1.);
#2174 = DIRECTION('',(0.,0.,1.));
#2175 = ORIENTED_EDGE('',*,*,#2176,.T.);
#2176 = EDGE_CURVE('',#2169,#2169,#2177,.T.);
#2177 = CIRCLE('',#2178,6.8);
#2178 = AXIS2_PLACEMENT_3D('',#2179,#2180,#2181);
#2179 = CARTESIAN_POINT('',(-2.,0.,5.));
#2180 = DIRECTION('',(0.,0.,1.));
#2181 = DIRECTION('',(1.,0.,0.));
#2182 = ORIENTED_EDGE('',*,*,#2166,.F.);
#2183 = ORIENTED_EDGE('',*,*,#2184,.F.);
#2184 = EDGE_CURVE('',#2167,#2167,#2185,.T.);
#2185 = CIRCLE('',#2186,6.8);
#2186 = AXIS2_PLACEMENT_3D('',#2187,#2188,#2189);
#2187 = CARTESIAN_POINT('',(-2.,0.,0.));
#2188 = DIRECTION('',(0.,0.,1.));
#2189 = DIRECTION('',(1.,0.,0.));
#2190 = CYLINDRICAL_SURFACE('',#2191,6.8);
#2191 = AXIS2_PLACEMENT_3D('',#2192,#2193,#2194);
#2192 = CARTESIAN_POINT('',(-2.,0.,0.));
#2193 = DIRECTION('',(-0.,-0.,-1.));
#2194 = DIRECTION('',(1.,0.,0.));
#2195 = ADVANCED_FACE('',(#2196,#2209,#2212,#2215,#2218,#2221,#2224,
    #2227),#2230,.F.);
#2196 = FACE_BOUND('',#2197,.F.);
#2197 = EDGE_LOOP('',(#2198,#2199,#2200,#2201,#2202,#2203,#2204,#2205,
    #2206,#2207,#2208));
#2198 = ORIENTED_EDGE('',*,*,#95,.T.);
#2199 = ORIENTED_EDGE('',*,*,#272,.T.);
#2200 = ORIENTED_EDGE('',*,*,#449,.T.);
#2201 = ORIENTED_EDGE('',*,*,#626,.T.);
#2202 = ORIENTED_EDGE('',*,*,#803,.T.);
#2203 = ORIENTED_EDGE('',*,*,#980,.T.);
#2204 = ORIENTED_EDGE('',*,*,#1157,.T.);
#2205 = ORIENTED_EDGE('',*,*,#1334,.T.);
#2206 = ORIENTED_EDGE('',*,*,#1511,.T.);
#2207 = ORIENTED_EDGE('',*,*,#1688,.T.);
#2208 = ORIENTED_EDGE('',*,*,#1856,.T.);
#2209 = FACE_BOUND('',#2210,.T.);
#2210 = EDGE_LOOP('',(#2211));
#2211 = ORIENTED_EDGE('',*,*,#1986,.T.);
#2212 = FACE_BOUND('',#2213,.T.);
#2213 = EDGE_LOOP('',(#2214));
#2214 = ORIENTED_EDGE('',*,*,#2019,.T.);
#2215 = FACE_BOUND('',#2216,.T.);
#2216 = EDGE_LOOP('',(#2217));
#2217 = ORIENTED_EDGE('',*,*,#2052,.T.);
#2218 = FACE_BOUND('',#2219,.T.);
#2219 = EDGE_LOOP('',(#2220));
#2220 = ORIENTED_EDGE('',*,*,#2085,.T.);
#2221 = FACE_BOUND('',#2222,.T.);
#2222 = EDGE_LOOP('',(#2223));
#2223 = ORIENTED_EDGE('',*,*,#2118,.T.);
#2224 = FACE_BOUND('',#2225,.T.);
#2225 = EDGE_LOOP('',(#2226));
#2226 = ORIENTED_EDGE('',*,*,#2151,.T.);
#2227 = FACE_BOUND('',#2228,.T.);
#2228 = EDGE_LOOP('',(#2229));
#2229 = ORIENTED_EDGE('',*,*,#2184,.T.);
#2230 = PLANE('',#2231);
#2231 = AXIS2_PLACEMENT_3D('',#2232,#2233,#2234);
#2232 = CARTESIAN_POINT('',(-2.,-2.808119912652E-15,0.));
#2233 = DIRECTION('',(0.,0.,1.));
#2234 = DIRECTION('',(1.,0.,0.));
#2235 = ADVANCED_FACE('',(#2236,#2249,#2252,#2255,#2258,#2261,#2264,
    #2267),#2270,.T.);
#2236 = FACE_BOUND('',#2237,.T.);
#2237 = EDGE_LOOP('',(#2238,#2239,#2240,#2241,#2242,#2243,#2244,#2245,
    #2246,#2247,#2248));
#2238 = ORIENTED_EDGE('',*,*,#31,.T.);
#2239 = ORIENTED_EDGE('',*,*,#208,.T.);
#2240 = ORIENTED_EDGE('',*,*,#385,.T.);
#2241 = ORIENTED_EDGE('',*,*,#562,.T.);
#2242 = ORIENTED_EDGE('',*,*,#739,.T.);
#2243 = ORIENTED_EDGE('',*,*,#916,.T.);
#2244 = ORIENTED_EDGE('',*,*,#1093,.T.);
#2245 = ORIENTED_EDGE('',*,*,#1270,.T.);
#2246 = ORIENTED_EDGE('',*,*,#1447,.T.);
#2247 = ORIENTED_EDGE('',*,*,#1624,.T.);
#2248 = ORIENTED_EDGE('',*,*,#1801,.T.);
#2249 = FACE_BOUND('',#2250,.F.);
#2250 = EDGE_LOOP('',(#2251));
#2251 = ORIENTED_EDGE('',*,*,#1978,.T.);
#2252 = FACE_BOUND('',#2253,.F.);
#2253 = EDGE_LOOP('',(#2254));
#2254 = ORIENTED_EDGE('',*,*,#2011,.T.);
#2255 = FACE_BOUND('',#2256,.F.);
#2256 = EDGE_LOOP('',(#2257));
#2257 = ORIENTED_EDGE('',*,*,#2044,.T.);
#2258 = FACE_BOUND('',#2259,.F.);
#2259 = EDGE_LOOP('',(#2260));
#2260 = ORIENTED_EDGE('',*,*,#2077,.T.);
#2261 = FACE_BOUND('',#2262,.F.);
#2262 = EDGE_LOOP('',(#2263));
#2263 = ORIENTED_EDGE('',*,*,#2110,.T.);
#2264 = FACE_BOUND('',#2265,.F.);
#2265 = EDGE_LOOP('',(#2266));
#2266 = ORIENTED_EDGE('',*,*,#2143,.T.);
#2267 = FACE_BOUND('',#2268,.F.);
#2268 = EDGE_LOOP('',(#2269));
#2269 = ORIENTED_EDGE('',*,*,#2176,.T.);
#2270 = PLANE('',#2271);
#2271 = AXIS2_PLACEMENT_3D('',#2272,#2273,#2274);
#2272 = CARTESIAN_POINT('',(-2.,-2.808119912652E-15,5.));
#2273 = DIRECTION('',(0.,0.,1.));
#2274 = DIRECTION('',(1.,0.,0.));
#2275 = ( GEOMETRIC_REPRESENTATION_CONTEXT(3) 
GLOBAL_UNCERTAINTY_ASSIGNED_CONTEXT((#2279)) 
GLOBAL_UNIT_ASSIGNED_CONTEXT((#2276,#2277,#2278)) REPRESENTATION_CONTEXT
('Context #1','3D Context with UNIT and UNCERTAINTY') );
#2276 = ( LENGTH_UNIT() NAMED_UNIT(*) SI_UNIT(.MILLI.,.METRE.) );
#2277 = ( NAMED_UNIT(*) PLANE_ANGLE_UNIT() SI_UNIT($,.RADIAN.) );
#2278 = ( NAMED_UNIT(*) SI_UNIT($,.STERADIAN.) SOLID_ANGLE_UNIT() );
#2279 = UNCERTAINTY_MEASURE_WITH_UNIT(LENGTH_MEASURE(1.E-07),#2276,
  'distance_accuracy_value','confusion accuracy');
#2280 = PRODUCT_RELATED_PRODUCT_CATEGORY('part',$,(#7));
ENDSEC;
END-ISO-10303-21;
